job_name,zip_url,s3_uri,browse_url,product_request_time,processing_duration,high_confidence_alert_threshold,mgrs_tile_id,post_date_buffer_days,stride_for_norm_param_estimation,n_workers_for_norm_param_estimation,delta_lookback_days_mw,use_date_encoding,model_source,memory_strategy,batch_size_for_norm_param_estimation,model_context_length,post_date,track_number,low_confidence_alert_threshold,n_workers_for_despeckling,device,max_pre_imgs_per_burst_mw,model_compilation
brazzaville_flood_and_landslides_2023__2023-12-28__33MWR__transformer_v1_32-10mc,https://hyp3-tibet-jpl-test-contentbucket-hratibh1y9pa.s3.us-west-2.amazonaws.com/75556029-0ecc-4789-9d92-a0f147b075ed/OPERA_L3_DIST-ALERT-S1_T33MWR_20240211T043536Z_20251215T211147Z_S1A_30_v0.1.zip,s3://hyp3-tibet-jpl-test-contentbucket-hratibh1y9pa75556029-0ecc-4789-9d92-a0f147b075ed/OPERA_L3_DIST-ALERT-S1_T33MWR_20240211T043536Z_20251215T211147Z_S1A_30_v0.1,https://hyp3-tibet-jpl-test-contentbucket-hratibh1y9pa.s3.us-west-2.amazonaws.com/75556029-0ecc-4789-9d92-a0f147b075ed/OPERA_L3_DIST-ALERT-S1_T33MWR_20240211T043536Z_20251215T211147Z_S1A_30_v0.1.png,2025-12-15T20:44:45+00:00,947.558,4.5,33MWR,1,23,4,none,False,transformer_v1_32,high,32,10,2024-02-11,109,2.5,4,best,none,False
brazzaville_flood_and_landslides_2023__2023-12-28__33MWR__transformer_v1_32-10mc,https://hyp3-tibet-jpl-test-contentbucket-hratibh1y9pa.s3.us-west-2.amazonaws.com/a94448fb-d140-4892-8e64-f0f802b23600/OPERA_L3_DIST-ALERT-S1_T33MWR_20240118T043537Z_20251215T210829Z_S1A_30_v0.1.zip,s3://hyp3-tibet-jpl-test-contentbucket-hratibh1y9paa94448fb-d140-4892-8e64-f0f802b23600/OPERA_L3_DIST-ALERT-S1_T33MWR_20240118T043537Z_20251215T210829Z_S1A_30_v0.1,https://hyp3-tibet-jpl-test-contentbucket-hratibh1y9pa.s3.us-west-2.amazonaws.com/a94448fb-d140-4892-8e64-f0f802b23600/OPERA_L3_DIST-ALERT-S1_T33MWR_20240118T043537Z_20251215T210829Z_S1A_30_v0.1.png,2025-12-15T20:44:45+00:00,742.226,4.5,33MWR,1,23,4,none,False,transformer_v1_32,high,32,10,2024-01-18,109,2.5,4,best,none,False
monkey_creek_fire_2024__2024-07-18__10TGQ__transformer_v1_32-10mc,https://hyp3-tibet-jpl-test-contentbucket-hratibh1y9pa.s3.us-west-2.amazonaws.com/500f9068-037c-4e0b-afcc-4e175123fd2a/OPERA_L3_DIST-ALERT-S1_T10TGQ_20240828T140625Z_20251215T210647Z_S1A_30_v0.1.zip,s3://hyp3-tibet-jpl-test-contentbucket-hratibh1y9pa500f9068-037c-4e0b-afcc-4e175123fd2a/OPERA_L3_DIST-ALERT-S1_T10TGQ_20240828T140625Z_20251215T210647Z_S1A_30_v0.1,https://hyp3-tibet-jpl-test-contentbucket-hratibh1y9pa.s3.us-west-2.amazonaws.com/500f9068-037c-4e0b-afcc-4e175123fd2a/OPERA_L3_DIST-ALERT-S1_T10TGQ_20240828T140625Z_20251215T210647Z_S1A_30_v0.1.png,2025-12-15T20:44:45+00:00,710.178,4.5,10TGQ,1,23,4,none,False,transformer_v1_32,high,32,10,2024-08-28,42,2.5,4,best,none,False
monkey_creek_fire_2024__2024-07-18__10TGQ__transformer_v1_32-10mc,https://hyp3-tibet-jpl-test-contentbucket-hratibh1y9pa.s3.us-west-2.amazonaws.com/36299566-5d9e-4b04-99a1-71b3404d1bf2/OPERA_L3_DIST-ALERT-S1_T10TGQ_20240728T141429Z_20251215T210506Z_S1A_30_v0.1.zip,s3://hyp3-tibet-jpl-test-contentbucket-hratibh1y9pa36299566-5d9e-4b04-99a1-71b3404d1bf2/OPERA_L3_DIST-ALERT-S1_T10TGQ_20240728T141429Z_20251215T210506Z_S1A_30_v0.1,https://hyp3-tibet-jpl-test-contentbucket-hratibh1y9pa.s3.us-west-2.amazonaws.com/36299566-5d9e-4b04-99a1-71b3404d1bf2/OPERA_L3_DIST-ALERT-S1_T10TGQ_20240728T141429Z_20251215T210506Z_S1A_30_v0.1.png,2025-12-15T20:44:45+00:00,575.377,4.5,10TGQ,1,23,4,none,False,transformer_v1_32,high,32,10,2024-07-28,115,2.5,4,best,none,False
monkey_creek_fire_2024__2024-07-18__11TLK__transformer_v1_32-10mc,https://hyp3-tibet-jpl-test-contentbucket-hratibh1y9pa.s3.us-west-2.amazonaws.com/b0c9eead-9a56-4012-842c-f4258821fdac/OPERA_L3_DIST-ALERT-S1_T11TLK_20240725T015327Z_20251215T211222Z_S1A_30_v0.1.zip,s3://hyp3-tibet-jpl-test-contentbucket-hratibh1y9pab0c9eead-9a56-4012-842c-f4258821fdac/OPERA_L3_DIST-ALERT-S1_T11TLK_20240725T015327Z_20251215T211222Z_S1A_30_v0.1,https://hyp3-tibet-jpl-test-contentbucket-hratibh1y9pa.s3.us-west-2.amazonaws.com/b0c9eead-9a56-4012-842c-f4258821fdac/OPERA_L3_DIST-ALERT-S1_T11TLK_20240725T015327Z_20251215T211222Z_S1A_30_v0.1.png,2025-12-15T20:44:45+00:00,1046.205,4.5,11TLK,1,23,4,none,False,transformer_v1_32,high,32,10,2024-07-25,64,2.5,4,best,none,False
tlacotalpan_flood_2024__2024-10-29__14QRF__transformer_v1_32-10mc,https://hyp3-tibet-jpl-test-contentbucket-hratibh1y9pa.s3.us-west-2.amazonaws.com/152b1838-a78e-43ba-bae6-ce8f3d153737/OPERA_L3_DIST-ALERT-S1_T14QRF_20241008T003213Z_20251215T211339Z_S1A_30_v0.1.zip,s3://hyp3-tibet-jpl-test-contentbucket-hratibh1y9pa152b1838-a78e-43ba-bae6-ce8f3d153737/OPERA_L3_DIST-ALERT-S1_T14QRF_20241008T003213Z_20251215T211339Z_S1A_30_v0.1,https://hyp3-tibet-jpl-test-contentbucket-hratibh1y9pa.s3.us-west-2.amazonaws.com/152b1838-a78e-43ba-bae6-ce8f3d153737/OPERA_L3_DIST-ALERT-S1_T14QRF_20241008T003213Z_20251215T211339Z_S1A_30_v0.1.png,2025-12-15T20:44:45+00:00,1151.148,4.5,14QRF,1,23,4,none,False,transformer_v1_32,high,32,10,2024-10-08,107,2.5,4,best,none,False
monkey_creek_fire_2024__2024-07-18__10TGQ__transformer_v1_32-10mc,https://hyp3-tibet-jpl-test-contentbucket-hratibh1y9pa.s3.us-west-2.amazonaws.com/f823ab42-0db6-4348-afd4-641d850deb62/OPERA_L3_DIST-ALERT-S1_T10TGQ_20240909T140625Z_20251215T210601Z_S1A_30_v0.1.zip,s3://hyp3-tibet-jpl-test-contentbucket-hratibh1y9paf823ab42-0db6-4348-afd4-641d850deb62/OPERA_L3_DIST-ALERT-S1_T10TGQ_20240909T140625Z_20251215T210601Z_S1A_30_v0.1,https://hyp3-tibet-jpl-test-contentbucket-hratibh1y9pa.s3.us-west-2.amazonaws.com/f823ab42-0db6-4348-afd4-641d850deb62/OPERA_L3_DIST-ALERT-S1_T10TGQ_20240909T140625Z_20251215T210601Z_S1A_30_v0.1.png,2025-12-15T20:44:45+00:00,726.403,4.5,10TGQ,1,23,4,none,False,transformer_v1_32,high,32,10,2024-09-09,42,2.5,4,best,none,False
monkey_creek_fire_2024__2024-07-18__10TGQ__transformer_v1_32-10mc,https://hyp3-tibet-jpl-test-contentbucket-hratibh1y9pa.s3.us-west-2.amazonaws.com/8c86e851-5be4-4f5d-b446-a511fe42c3ab/OPERA_L3_DIST-ALERT-S1_T10TGQ_20240711T140625Z_20251215T210551Z_S1A_30_v0.1.zip,s3://hyp3-tibet-jpl-test-contentbucket-hratibh1y9pa8c86e851-5be4-4f5d-b446-a511fe42c3ab/OPERA_L3_DIST-ALERT-S1_T10TGQ_20240711T140625Z_20251215T210551Z_S1A_30_v0.1,https://hyp3-tibet-jpl-test-contentbucket-hratibh1y9pa.s3.us-west-2.amazonaws.com/8c86e851-5be4-4f5d-b446-a511fe42c3ab/OPERA_L3_DIST-ALERT-S1_T10TGQ_20240711T140625Z_20251215T210551Z_S1A_30_v0.1.png,2025-12-15T20:44:45+00:00,750.844,4.5,10TGQ,1,23,4,none,False,transformer_v1_32,high,32,10,2024-07-11,42,2.5,4,best,none,False
monkey_creek_fire_2024__2024-07-18__11TLK__transformer_v1_32-10mc,https://hyp3-tibet-jpl-test-contentbucket-hratibh1y9pa.s3.us-west-2.amazonaws.com/8d59bfa2-7ccb-40f6-8298-6c07da1323a7/OPERA_L3_DIST-ALERT-S1_T11TLK_20240711T140624Z_20251215T210348Z_S1A_30_v0.1.zip,s3://hyp3-tibet-jpl-test-contentbucket-hratibh1y9pa8d59bfa2-7ccb-40f6-8298-6c07da1323a7/OPERA_L3_DIST-ALERT-S1_T11TLK_20240711T140624Z_20251215T210348Z_S1A_30_v0.1,https://hyp3-tibet-jpl-test-contentbucket-hratibh1y9pa.s3.us-west-2.amazonaws.com/8d59bfa2-7ccb-40f6-8298-6c07da1323a7/OPERA_L3_DIST-ALERT-S1_T11TLK_20240711T140624Z_20251215T210348Z_S1A_30_v0.1.png,2025-12-15T20:44:45+00:00,622.988,4.5,11TLK,1,23,4,none,False,transformer_v1_32,high,32,10,2024-07-11,42,2.5,4,best,none,False
southwest_france_flood_2023__2023-12-14__30TXR__transformer_v1_32-10mc,https://hyp3-tibet-jpl-test-contentbucket-hratibh1y9pa.s3.us-west-2.amazonaws.com/f974c6dc-ddff-4ac2-a768-c4c8195e3d25/OPERA_L3_DIST-ALERT-S1_T30TXR_20231224T180445Z_20251215T210040Z_S1A_30_v0.1.zip,s3://hyp3-tibet-jpl-test-contentbucket-hratibh1y9paf974c6dc-ddff-4ac2-a768-c4c8195e3d25/OPERA_L3_DIST-ALERT-S1_T30TXR_20231224T180445Z_20251215T210040Z_S1A_30_v0.1,https://hyp3-tibet-jpl-test-contentbucket-hratibh1y9pa.s3.us-west-2.amazonaws.com/f974c6dc-ddff-4ac2-a768-c4c8195e3d25/OPERA_L3_DIST-ALERT-S1_T30TXR_20231224T180445Z_20251215T210040Z_S1A_30_v0.1.png,2025-12-15T20:44:45+00:00,425.111,4.5,30TXR,1,23,4,none,False,transformer_v1_32,high,32,10,2023-12-24,103,2.5,4,best,none,False
southwest_france_flood_2023__2023-12-14__30TYR__transformer_v1_32-10mc,https://hyp3-tibet-jpl-test-contentbucket-hratibh1y9pa.s3.us-west-2.amazonaws.com/d94e6b9a-7862-49b5-b018-9c3526fecb70/OPERA_L3_DIST-ALERT-S1_T30TYR_20231225T060042Z_20251215T205807Z_S1A_30_v0.1.zip,s3://hyp3-tibet-jpl-test-contentbucket-hratibh1y9pad94e6b9a-7862-49b5-b018-9c3526fecb70/OPERA_L3_DIST-ALERT-S1_T30TYR_20231225T060042Z_20251215T205807Z_S1A_30_v0.1,https://hyp3-tibet-jpl-test-contentbucket-hratibh1y9pa.s3.us-west-2.amazonaws.com/d94e6b9a-7862-49b5-b018-9c3526fecb70/OPERA_L3_DIST-ALERT-S1_T30TYR_20231225T060042Z_20251215T205807Z_S1A_30_v0.1.png,2025-12-15T20:44:45+00:00,369.584,4.5,30TYR,1,23,4,none,False,transformer_v1_32,high,32,10,2023-12-25,110,2.5,4,best,none,False
monkey_creek_fire_2024__2024-07-18__10TGQ__transformer_v1_32-10mc,https://hyp3-tibet-jpl-test-contentbucket-hratibh1y9pa.s3.us-west-2.amazonaws.com/42fa32b8-9395-41f3-847a-367b039dd6d2/OPERA_L3_DIST-ALERT-S1_T10TGQ_20240804T140624Z_20251215T210527Z_S1A_30_v0.1.zip,s3://hyp3-tibet-jpl-test-contentbucket-hratibh1y9pa42fa32b8-9395-41f3-847a-367b039dd6d2/OPERA_L3_DIST-ALERT-S1_T10TGQ_20240804T140624Z_20251215T210527Z_S1A_30_v0.1,https://hyp3-tibet-jpl-test-contentbucket-hratibh1y9pa.s3.us-west-2.amazonaws.com/42fa32b8-9395-41f3-847a-367b039dd6d2/OPERA_L3_DIST-ALERT-S1_T10TGQ_20240804T140624Z_20251215T210527Z_S1A_30_v0.1.png,2025-12-15T20:44:45+00:00,688.896,4.5,10TGQ,1,23,4,none,False,transformer_v1_32,high,32,10,2024-08-04,42,2.5,4,best,none,False
southwest_france_flood_2023__2023-12-14__30TYR__transformer_v1_32-10mc,https://hyp3-tibet-jpl-test-contentbucket-hratibh1y9pa.s3.us-west-2.amazonaws.com/ff977a57-66e5-4605-b484-910b917e0591/OPERA_L3_DIST-ALERT-S1_T30TYR_20231230T060850Z_20251215T210604Z_S1A_30_v0.1.zip,s3://hyp3-tibet-jpl-test-contentbucket-hratibh1y9paff977a57-66e5-4605-b484-910b917e0591/OPERA_L3_DIST-ALERT-S1_T30TYR_20231230T060850Z_20251215T210604Z_S1A_30_v0.1,https://hyp3-tibet-jpl-test-contentbucket-hratibh1y9pa.s3.us-west-2.amazonaws.com/ff977a57-66e5-4605-b484-910b917e0591/OPERA_L3_DIST-ALERT-S1_T30TYR_20231230T060850Z_20251215T210604Z_S1A_30_v0.1.png,2025-12-15T20:44:45+00:00,850.996,4.5,30TYR,1,23,4,none,False,transformer_v1_32,high,32,10,2023-12-30,8,2.5,4,best,none,False
smokehouse_creek_fire_2024__2024-02-26__14SLE__transformer_v1_32-10mc,https://hyp3-tibet-jpl-test-contentbucket-hratibh1y9pa.s3.us-west-2.amazonaws.com/41c5f4f2-8233-4e10-9093-8319b561772f/OPERA_L3_DIST-ALERT-S1_T14SLE_20240211T003703Z_20251215T210120Z_S1A_30_v0.1.zip,s3://hyp3-tibet-jpl-test-contentbucket-hratibh1y9pa41c5f4f2-8233-4e10-9093-8319b561772f/OPERA_L3_DIST-ALERT-S1_T14SLE_20240211T003703Z_20251215T210120Z_S1A_30_v0.1,https://hyp3-tibet-jpl-test-contentbucket-hratibh1y9pa.s3.us-west-2.amazonaws.com/41c5f4f2-8233-4e10-9093-8319b561772f/OPERA_L3_DIST-ALERT-S1_T14SLE_20240211T003703Z_20251215T210120Z_S1A_30_v0.1.png,2025-12-15T20:44:45+00:00,430.635,4.5,14SLE,1,23,4,none,False,transformer_v1_32,high,32,10,2024-02-11,107,2.5,4,best,none,False
monkey_creek_fire_2024__2024-07-18__11TLK__transformer_v1_32-10mc,https://hyp3-tibet-jpl-test-contentbucket-hratibh1y9pa.s3.us-west-2.amazonaws.com/ae57f314-106a-4782-b928-2009427a7659/OPERA_L3_DIST-ALERT-S1_T11TLK_20240828T140624Z_20251215T210226Z_S1A_30_v0.1.zip,s3://hyp3-tibet-jpl-test-contentbucket-hratibh1y9paae57f314-106a-4782-b928-2009427a7659/OPERA_L3_DIST-ALERT-S1_T11TLK_20240828T140624Z_20251215T210226Z_S1A_30_v0.1,https://hyp3-tibet-jpl-test-contentbucket-hratibh1y9pa.s3.us-west-2.amazonaws.com/ae57f314-106a-4782-b928-2009427a7659/OPERA_L3_DIST-ALERT-S1_T11TLK_20240828T140624Z_20251215T210226Z_S1A_30_v0.1.png,2025-12-15T20:44:45+00:00,503.358,4.5,11TLK,1,23,4,none,False,transformer_v1_32,high,32,10,2024-08-28,42,2.5,4,best,none,False
smokehouse_creek_fire_2024__2024-02-26__14SKE__transformer_v1_32-10mc,https://hyp3-tibet-jpl-test-contentbucket-hratibh1y9pa.s3.us-west-2.amazonaws.com/a7e9ed63-20e2-494d-a18a-d038a5e36cf9/OPERA_L3_DIST-ALERT-S1_T14SKE_20240316T005324Z_20251215T205954Z_S1A_30_v0.1.zip,s3://hyp3-tibet-jpl-test-contentbucket-hratibh1y9paa7e9ed63-20e2-494d-a18a-d038a5e36cf9/OPERA_L3_DIST-ALERT-S1_T14SKE_20240316T005324Z_20251215T205954Z_S1A_30_v0.1,https://hyp3-tibet-jpl-test-contentbucket-hratibh1y9pa.s3.us-west-2.amazonaws.com/a7e9ed63-20e2-494d-a18a-d038a5e36cf9/OPERA_L3_DIST-ALERT-S1_T14SKE_20240316T005324Z_20251215T205954Z_S1A_30_v0.1.png,2025-12-15T20:44:45+00:00,336.724,4.5,14SKE,1,23,4,none,False,transformer_v1_32,high,32,10,2024-03-16,78,2.5,4,best,none,False
smokehouse_creek_fire_2024__2024-02-26__14SME__transformer_v1_32-10mc,https://hyp3-tibet-jpl-test-contentbucket-hratibh1y9pa.s3.us-west-2.amazonaws.com/4e60812a-b17b-49dc-8e02-51cede406298/OPERA_L3_DIST-ALERT-S1_T14SME_20240404T124631Z_20251215T205815Z_S1A_30_v0.1.zip,s3://hyp3-tibet-jpl-test-contentbucket-hratibh1y9pa4e60812a-b17b-49dc-8e02-51cede406298/OPERA_L3_DIST-ALERT-S1_T14SME_20240404T124631Z_20251215T205815Z_S1A_30_v0.1,https://hyp3-tibet-jpl-test-contentbucket-hratibh1y9pa.s3.us-west-2.amazonaws.com/4e60812a-b17b-49dc-8e02-51cede406298/OPERA_L3_DIST-ALERT-S1_T14SME_20240404T124631Z_20251215T205815Z_S1A_30_v0.1.png,2025-12-15T20:44:45+00:00,241.664,4.5,14SME,1,23,4,none,False,transformer_v1_32,high,32,10,2024-04-04,12,2.5,4,best,none,False
southwest_france_flood_2023__2023-12-14__30TYR__transformer_v1_32-10mc,https://hyp3-tibet-jpl-test-contentbucket-hratibh1y9pa.s3.us-west-2.amazonaws.com/9e8ae153-c521-433e-bb08-5296153bdde9/OPERA_L3_DIST-ALERT-S1_T30TYR_20231124T060851Z_20251215T210836Z_S1A_30_v0.1.zip,s3://hyp3-tibet-jpl-test-contentbucket-hratibh1y9pa9e8ae153-c521-433e-bb08-5296153bdde9/OPERA_L3_DIST-ALERT-S1_T30TYR_20231124T060851Z_20251215T210836Z_S1A_30_v0.1,https://hyp3-tibet-jpl-test-contentbucket-hratibh1y9pa.s3.us-west-2.amazonaws.com/9e8ae153-c521-433e-bb08-5296153bdde9/OPERA_L3_DIST-ALERT-S1_T30TYR_20231124T060851Z_20251215T210836Z_S1A_30_v0.1.png,2025-12-15T20:44:45+00:00,864.046,4.5,30TYR,1,23,4,none,False,transformer_v1_32,high,32,10,2023-11-24,8,2.5,4,best,none,False
smokehouse_creek_fire_2024__2024-02-26__14SME__transformer_v1_32-10mc,https://hyp3-tibet-jpl-test-contentbucket-hratibh1y9pa.s3.us-west-2.amazonaws.com/84c81f62-6fc1-4893-a265-9e5528160240/OPERA_L3_DIST-ALERT-S1_T14SME_20240323T124630Z_20251215T205853Z_S1A_30_v0.1.zip,s3://hyp3-tibet-jpl-test-contentbucket-hratibh1y9pa84c81f62-6fc1-4893-a265-9e5528160240/OPERA_L3_DIST-ALERT-S1_T14SME_20240323T124630Z_20251215T205853Z_S1A_30_v0.1,https://hyp3-tibet-jpl-test-contentbucket-hratibh1y9pa.s3.us-west-2.amazonaws.com/84c81f62-6fc1-4893-a265-9e5528160240/OPERA_L3_DIST-ALERT-S1_T14SME_20240323T124630Z_20251215T205853Z_S1A_30_v0.1.png,2025-12-15T20:44:45+00:00,277.686,4.5,14SME,1,23,4,none,False,transformer_v1_32,high,32,10,2024-03-23,12,2.5,4,best,none,False
southwest_france_flood_2023__2023-12-14__30TYR__transformer_v1_32-10mc,https://hyp3-tibet-jpl-test-contentbucket-hratibh1y9pa.s3.us-west-2.amazonaws.com/045f87d1-ca63-4f20-9fcc-c166ae175231/OPERA_L3_DIST-ALERT-S1_T30TYR_20240111T060849Z_20251215T210932Z_S1A_30_v0.1.zip,s3://hyp3-tibet-jpl-test-contentbucket-hratibh1y9pa045f87d1-ca63-4f20-9fcc-c166ae175231/OPERA_L3_DIST-ALERT-S1_T30TYR_20240111T060849Z_20251215T210932Z_S1A_30_v0.1,https://hyp3-tibet-jpl-test-contentbucket-hratibh1y9pa.s3.us-west-2.amazonaws.com/045f87d1-ca63-4f20-9fcc-c166ae175231/OPERA_L3_DIST-ALERT-S1_T30TYR_20240111T060849Z_20251215T210932Z_S1A_30_v0.1.png,2025-12-15T20:44:45+00:00,922.22,4.5,30TYR,1,23,4,none,False,transformer_v1_32,high,32,10,2024-01-11,8,2.5,4,best,none,False
brazzaville_flood_and_landslides_2024__2024-02-08__33MWR__transformer_v1_32-10mc,https://hyp3-tibet-jpl-test-contentbucket-hratibh1y9pa.s3.us-west-2.amazonaws.com/57b5a953-e4c8-4786-ac70-95360ce97008/OPERA_L3_DIST-ALERT-S1_T33MWR_20240330T043537Z_20251215T210649Z_S1A_30_v0.1.zip,s3://hyp3-tibet-jpl-test-contentbucket-hratibh1y9pa57b5a953-e4c8-4786-ac70-95360ce97008/OPERA_L3_DIST-ALERT-S1_T33MWR_20240330T043537Z_20251215T210649Z_S1A_30_v0.1,https://hyp3-tibet-jpl-test-contentbucket-hratibh1y9pa.s3.us-west-2.amazonaws.com/57b5a953-e4c8-4786-ac70-95360ce97008/OPERA_L3_DIST-ALERT-S1_T33MWR_20240330T043537Z_20251215T210649Z_S1A_30_v0.1.png,2025-12-15T20:44:45+00:00,758.041,4.5,33MWR,1,23,4,none,False,transformer_v1_32,high,32,10,2024-03-30,109,2.5,4,best,none,False
monkey_creek_fire_2024__2024-07-18__10TGQ__transformer_v1_32-10mc,https://hyp3-tibet-jpl-test-contentbucket-hratibh1y9pa.s3.us-west-2.amazonaws.com/25069d27-a77f-4e2b-a6c8-f5c34a468d1d/OPERA_L3_DIST-ALERT-S1_T10TGQ_20240725T015329Z_20251215T210934Z_S1A_30_v0.1.zip,s3://hyp3-tibet-jpl-test-contentbucket-hratibh1y9pa25069d27-a77f-4e2b-a6c8-f5c34a468d1d/OPERA_L3_DIST-ALERT-S1_T10TGQ_20240725T015329Z_20251215T210934Z_S1A_30_v0.1,https://hyp3-tibet-jpl-test-contentbucket-hratibh1y9pa.s3.us-west-2.amazonaws.com/25069d27-a77f-4e2b-a6c8-f5c34a468d1d/OPERA_L3_DIST-ALERT-S1_T10TGQ_20240725T015329Z_20251215T210934Z_S1A_30_v0.1.png,2025-12-15T20:44:45+00:00,928.944,4.5,10TGQ,1,23,4,none,False,transformer_v1_32,high,32,10,2024-07-25,64,2.5,4,best,none,False
brazzaville_flood_and_landslides_2023__2023-12-28__33MWR__transformer_v1_32-10mc,https://hyp3-tibet-jpl-test-contentbucket-hratibh1y9pa.s3.us-west-2.amazonaws.com/e33d106c-7b52-4564-b781-ddf2ea5791aa/OPERA_L3_DIST-ALERT-S1_T33MWR_20231213T043539Z_20251215T210631Z_S1A_30_v0.1.zip,s3://hyp3-tibet-jpl-test-contentbucket-hratibh1y9pae33d106c-7b52-4564-b781-ddf2ea5791aa/OPERA_L3_DIST-ALERT-S1_T33MWR_20231213T043539Z_20251215T210631Z_S1A_30_v0.1,https://hyp3-tibet-jpl-test-contentbucket-hratibh1y9pa.s3.us-west-2.amazonaws.com/e33d106c-7b52-4564-b781-ddf2ea5791aa/OPERA_L3_DIST-ALERT-S1_T33MWR_20231213T043539Z_20251215T210631Z_S1A_30_v0.1.png,2025-12-15T20:44:45+00:00,735.075,4.5,33MWR,1,23,4,none,False,transformer_v1_32,high,32,10,2023-12-13,109,2.5,4,best,none,False
monkey_creek_fire_2024__2024-07-18__10TGQ__transformer_v1_32-10mc,https://hyp3-tibet-jpl-test-contentbucket-hratibh1y9pa.s3.us-west-2.amazonaws.com/4cbc81f7-964c-4e1c-aa26-6930288c15fb/OPERA_L3_DIST-ALERT-S1_T10TGQ_20240619T015331Z_20251215T211121Z_S1A_30_v0.1.zip,s3://hyp3-tibet-jpl-test-contentbucket-hratibh1y9pa4cbc81f7-964c-4e1c-aa26-6930288c15fb/OPERA_L3_DIST-ALERT-S1_T10TGQ_20240619T015331Z_20251215T211121Z_S1A_30_v0.1,https://hyp3-tibet-jpl-test-contentbucket-hratibh1y9pa.s3.us-west-2.amazonaws.com/4cbc81f7-964c-4e1c-aa26-6930288c15fb/OPERA_L3_DIST-ALERT-S1_T10TGQ_20240619T015331Z_20251215T211121Z_S1A_30_v0.1.png,2025-12-15T20:44:45+00:00,1030.111,4.5,10TGQ,1,23,4,none,False,transformer_v1_32,high,32,10,2024-06-19,64,2.5,4,best,none,False
smokehouse_creek_fire_2024__2024-02-26__14SKE__transformer_v1_32-10mc,https://hyp3-tibet-jpl-test-contentbucket-hratibh1y9pa.s3.us-west-2.amazonaws.com/d5f99e67-c7c4-4e4a-81e3-ae55b61107eb/OPERA_L3_DIST-ALERT-S1_T14SKE_20240328T125445Z_20251215T210034Z_S1A_30_v0.1.zip,s3://hyp3-tibet-jpl-test-contentbucket-hratibh1y9pad5f99e67-c7c4-4e4a-81e3-ae55b61107eb/OPERA_L3_DIST-ALERT-S1_T14SKE_20240328T125445Z_20251215T210034Z_S1A_30_v0.1,https://hyp3-tibet-jpl-test-contentbucket-hratibh1y9pa.s3.us-west-2.amazonaws.com/d5f99e67-c7c4-4e4a-81e3-ae55b61107eb/OPERA_L3_DIST-ALERT-S1_T14SKE_20240328T125445Z_20251215T210034Z_S1A_30_v0.1.png,2025-12-15T20:44:45+00:00,379.869,4.5,14SKE,1,23,4,none,False,transformer_v1_32,high,32,10,2024-03-28,85,2.5,4,best,none,False
smokehouse_creek_fire_2024__2024-02-26__14SLE__transformer_v1_32-10mc,https://hyp3-tibet-jpl-test-contentbucket-hratibh1y9pa.s3.us-west-2.amazonaws.com/0a7c84f3-a6ad-45bc-8285-bcfcc0bcfaaf/OPERA_L3_DIST-ALERT-S1_T14SLE_20240130T003703Z_20251215T210000Z_S1A_30_v0.1.zip,s3://hyp3-tibet-jpl-test-contentbucket-hratibh1y9pa0a7c84f3-a6ad-45bc-8285-bcfcc0bcfaaf/OPERA_L3_DIST-ALERT-S1_T14SLE_20240130T003703Z_20251215T210000Z_S1A_30_v0.1,https://hyp3-tibet-jpl-test-contentbucket-hratibh1y9pa.s3.us-west-2.amazonaws.com/0a7c84f3-a6ad-45bc-8285-bcfcc0bcfaaf/OPERA_L3_DIST-ALERT-S1_T14SLE_20240130T003703Z_20251215T210000Z_S1A_30_v0.1.png,2025-12-15T20:44:45+00:00,348.844,4.5,14SLE,1,23,4,none,False,transformer_v1_32,high,32,10,2024-01-30,107,2.5,4,best,none,False
monkey_creek_fire_2024__2024-07-18__10TGQ__transformer_v1_32-10mc,https://hyp3-tibet-jpl-test-contentbucket-hratibh1y9pa.s3.us-west-2.amazonaws.com/d35d2e62-d647-4bc5-a405-718caefd296f/OPERA_L3_DIST-ALERT-S1_T10TGQ_20240716T141430Z_20251215T210102Z_S1A_30_v0.1.zip,s3://hyp3-tibet-jpl-test-contentbucket-hratibh1y9pad35d2e62-d647-4bc5-a405-718caefd296f/OPERA_L3_DIST-ALERT-S1_T10TGQ_20240716T141430Z_20251215T210102Z_S1A_30_v0.1,https://hyp3-tibet-jpl-test-contentbucket-hratibh1y9pa.s3.us-west-2.amazonaws.com/d35d2e62-d647-4bc5-a405-718caefd296f/OPERA_L3_DIST-ALERT-S1_T10TGQ_20240716T141430Z_20251215T210102Z_S1A_30_v0.1.png,2025-12-15T20:44:45+00:00,403.937,4.5,10TGQ,1,23,4,none,False,transformer_v1_32,high,32,10,2024-07-16,115,2.5,4,best,none,False
smokehouse_creek_fire_2024__2024-02-26__14SLE__transformer_v1_32-10mc,https://hyp3-tibet-jpl-test-contentbucket-hratibh1y9pa.s3.us-west-2.amazonaws.com/9b92bdb5-e5c2-4149-b4af-3df935fc5578/OPERA_L3_DIST-ALERT-S1_T14SLE_20240311T124630Z_20251215T210227Z_S1A_30_v0.1.zip,s3://hyp3-tibet-jpl-test-contentbucket-hratibh1y9pa9b92bdb5-e5c2-4149-b4af-3df935fc5578/OPERA_L3_DIST-ALERT-S1_T14SLE_20240311T124630Z_20251215T210227Z_S1A_30_v0.1,https://hyp3-tibet-jpl-test-contentbucket-hratibh1y9pa.s3.us-west-2.amazonaws.com/9b92bdb5-e5c2-4149-b4af-3df935fc5578/OPERA_L3_DIST-ALERT-S1_T14SLE_20240311T124630Z_20251215T210227Z_S1A_30_v0.1.png,2025-12-15T20:44:45+00:00,497.294,4.5,14SLE,1,23,4,none,False,transformer_v1_32,high,32,10,2024-03-11,12,2.5,4,best,none,False
smokehouse_creek_fire_2024__2024-02-26__14SME__transformer_v1_32-10mc,https://hyp3-tibet-jpl-test-contentbucket-hratibh1y9pa.s3.us-west-2.amazonaws.com/0a36d9ac-eb9a-4ba7-ac75-aa6165a2a49a/OPERA_L3_DIST-ALERT-S1_T14SME_20240323T004509Z_20251215T210048Z_S1A_30_v0.1.zip,s3://hyp3-tibet-jpl-test-contentbucket-hratibh1y9pa0a36d9ac-eb9a-4ba7-ac75-aa6165a2a49a/OPERA_L3_DIST-ALERT-S1_T14SME_20240323T004509Z_20251215T210048Z_S1A_30_v0.1,https://hyp3-tibet-jpl-test-contentbucket-hratibh1y9pa.s3.us-west-2.amazonaws.com/0a36d9ac-eb9a-4ba7-ac75-aa6165a2a49a/OPERA_L3_DIST-ALERT-S1_T14SME_20240323T004509Z_20251215T210048Z_S1A_30_v0.1.png,2025-12-15T20:44:45+00:00,389.387,4.5,14SME,1,23,4,none,False,transformer_v1_32,high,32,10,2024-03-23,5,2.5,4,best,none,False
monkey_creek_fire_2024__2024-07-18__11TLK__transformer_v1_32-10mc,https://hyp3-tibet-jpl-test-contentbucket-hratibh1y9pa.s3.us-west-2.amazonaws.com/faef3fd7-ea10-4c7d-add0-d87016849c2d/OPERA_L3_DIST-ALERT-S1_T11TLK_20240818T015328Z_20251215T210914Z_S1A_30_v0.1.zip,s3://hyp3-tibet-jpl-test-contentbucket-hratibh1y9pafaef3fd7-ea10-4c7d-add0-d87016849c2d/OPERA_L3_DIST-ALERT-S1_T11TLK_20240818T015328Z_20251215T210914Z_S1A_30_v0.1,https://hyp3-tibet-jpl-test-contentbucket-hratibh1y9pa.s3.us-west-2.amazonaws.com/faef3fd7-ea10-4c7d-add0-d87016849c2d/OPERA_L3_DIST-ALERT-S1_T11TLK_20240818T015328Z_20251215T210914Z_S1A_30_v0.1.png,2025-12-15T20:44:45+00:00,914.839,4.5,11TLK,1,23,4,none,False,transformer_v1_32,high,32,10,2024-08-18,64,2.5,4,best,none,False
smokehouse_creek_fire_2024__2024-02-26__14SME__transformer_v1_32-10mc,https://hyp3-tibet-jpl-test-contentbucket-hratibh1y9pa.s3.us-west-2.amazonaws.com/f1595e45-f164-4d1a-814b-0ba690186fa0/OPERA_L3_DIST-ALERT-S1_T14SME_20240216T004509Z_20251215T210140Z_S1A_30_v0.1.zip,s3://hyp3-tibet-jpl-test-contentbucket-hratibh1y9paf1595e45-f164-4d1a-814b-0ba690186fa0/OPERA_L3_DIST-ALERT-S1_T14SME_20240216T004509Z_20251215T210140Z_S1A_30_v0.1,https://hyp3-tibet-jpl-test-contentbucket-hratibh1y9pa.s3.us-west-2.amazonaws.com/f1595e45-f164-4d1a-814b-0ba690186fa0/OPERA_L3_DIST-ALERT-S1_T14SME_20240216T004509Z_20251215T210140Z_S1A_30_v0.1.png,2025-12-15T20:44:45+00:00,450.519,4.5,14SME,1,23,4,none,False,transformer_v1_32,high,32,10,2024-02-16,5,2.5,4,best,none,False
southwest_france_flood_2023__2023-12-14__30TXR__transformer_v1_32-10mc,https://hyp3-tibet-jpl-test-contentbucket-hratibh1y9pa.s3.us-west-2.amazonaws.com/8cdc074f-4c98-4292-8845-0eeb530c1451/OPERA_L3_DIST-ALERT-S1_T30TXR_20240119T174828Z_20251215T205832Z_S1A_30_v0.1.zip,s3://hyp3-tibet-jpl-test-contentbucket-hratibh1y9pa8cdc074f-4c98-4292-8845-0eeb530c1451/OPERA_L3_DIST-ALERT-S1_T30TXR_20240119T174828Z_20251215T205832Z_S1A_30_v0.1,https://hyp3-tibet-jpl-test-contentbucket-hratibh1y9pa.s3.us-west-2.amazonaws.com/8cdc074f-4c98-4292-8845-0eeb530c1451/OPERA_L3_DIST-ALERT-S1_T30TXR_20240119T174828Z_20251215T205832Z_S1A_30_v0.1.png,2025-12-15T20:44:45+00:00,256.274,4.5,30TXR,1,23,4,none,False,transformer_v1_32,high,32,10,2024-01-19,132,2.5,4,best,none,False
tlacotalpan_flood_2024__2024-10-29__14QRF__transformer_v1_32-10mc,https://hyp3-tibet-jpl-test-contentbucket-hratibh1y9pa.s3.us-west-2.amazonaws.com/3f0ac695-1322-465e-81d1-acc63dbcc241/OPERA_L3_DIST-ALERT-S1_T14QRF_20241219T003209Z_20251215T210844Z_S1A_30_v0.1.zip,s3://hyp3-tibet-jpl-test-contentbucket-hratibh1y9pa3f0ac695-1322-465e-81d1-acc63dbcc241/OPERA_L3_DIST-ALERT-S1_T14QRF_20241219T003209Z_20251215T210844Z_S1A_30_v0.1,https://hyp3-tibet-jpl-test-contentbucket-hratibh1y9pa.s3.us-west-2.amazonaws.com/3f0ac695-1322-465e-81d1-acc63dbcc241/OPERA_L3_DIST-ALERT-S1_T14QRF_20241219T003209Z_20251215T210844Z_S1A_30_v0.1.png,2025-12-15T20:44:45+00:00,873.994,4.5,14QRF,1,23,4,none,False,transformer_v1_32,high,32,10,2024-12-19,107,2.5,4,best,none,False
monkey_creek_fire_2024__2024-07-18__10TGQ__transformer_v1_32-10mc,https://hyp3-tibet-jpl-test-contentbucket-hratibh1y9pa.s3.us-west-2.amazonaws.com/d7cba360-b4ce-4bf5-8e2e-ddbb06c67dcf/OPERA_L3_DIST-ALERT-S1_T10TGQ_20240718T020142Z_20251215T210027Z_S1A_30_v0.1.zip,s3://hyp3-tibet-jpl-test-contentbucket-hratibh1y9pad7cba360-b4ce-4bf5-8e2e-ddbb06c67dcf/OPERA_L3_DIST-ALERT-S1_T10TGQ_20240718T020142Z_20251215T210027Z_S1A_30_v0.1,https://hyp3-tibet-jpl-test-contentbucket-hratibh1y9pa.s3.us-west-2.amazonaws.com/d7cba360-b4ce-4bf5-8e2e-ddbb06c67dcf/OPERA_L3_DIST-ALERT-S1_T10TGQ_20240718T020142Z_20251215T210027Z_S1A_30_v0.1.png,2025-12-15T20:44:45+00:00,372.953,4.5,10TGQ,1,23,4,none,False,transformer_v1_32,high,32,10,2024-07-18,137,2.5,4,best,none,False
brazzaville_flood_and_landslides_2023__2023-12-28__33MWR__transformer_v1_32-10mc,https://hyp3-tibet-jpl-test-contentbucket-hratibh1y9pa.s3.us-west-2.amazonaws.com/43a4b1ef-d973-4c7c-8ed6-754e27941ea7/OPERA_L3_DIST-ALERT-S1_T33MWR_20240106T043538Z_20251215T210812Z_S1A_30_v0.1.zip,s3://hyp3-tibet-jpl-test-contentbucket-hratibh1y9pa43a4b1ef-d973-4c7c-8ed6-754e27941ea7/OPERA_L3_DIST-ALERT-S1_T33MWR_20240106T043538Z_20251215T210812Z_S1A_30_v0.1,https://hyp3-tibet-jpl-test-contentbucket-hratibh1y9pa.s3.us-west-2.amazonaws.com/43a4b1ef-d973-4c7c-8ed6-754e27941ea7/OPERA_L3_DIST-ALERT-S1_T33MWR_20240106T043538Z_20251215T210812Z_S1A_30_v0.1.png,2025-12-15T20:44:45+00:00,854.671,4.5,33MWR,1,23,4,none,False,transformer_v1_32,high,32,10,2024-01-06,109,2.5,4,best,none,False
monkey_creek_fire_2024__2024-07-18__10TGQ__transformer_v1_32-10mc,https://hyp3-tibet-jpl-test-contentbucket-hratibh1y9pa.s3.us-west-2.amazonaws.com/7c9b20a6-7aca-458d-95d6-bf2ab8880211/OPERA_L3_DIST-ALERT-S1_T10TGQ_20240629T140625Z_20251215T210339Z_S1A_30_v0.1.zip,s3://hyp3-tibet-jpl-test-contentbucket-hratibh1y9pa7c9b20a6-7aca-458d-95d6-bf2ab8880211/OPERA_L3_DIST-ALERT-S1_T10TGQ_20240629T140625Z_20251215T210339Z_S1A_30_v0.1,https://hyp3-tibet-jpl-test-contentbucket-hratibh1y9pa.s3.us-west-2.amazonaws.com/7c9b20a6-7aca-458d-95d6-bf2ab8880211/OPERA_L3_DIST-ALERT-S1_T10TGQ_20240629T140625Z_20251215T210339Z_S1A_30_v0.1.png,2025-12-15T20:44:45+00:00,578.202,4.5,10TGQ,1,23,4,none,False,transformer_v1_32,high,32,10,2024-06-29,42,2.5,4,best,none,False
monkey_creek_fire_2024__2024-07-18__11TLK__transformer_v1_32-10mc,https://hyp3-tibet-jpl-test-contentbucket-hratibh1y9pa.s3.us-west-2.amazonaws.com/c82ae3b9-94aa-4391-81fb-0b3cbf70a1ca/OPERA_L3_DIST-ALERT-S1_T11TLK_20240619T015329Z_20251215T210706Z_S1A_30_v0.1.zip,s3://hyp3-tibet-jpl-test-contentbucket-hratibh1y9pac82ae3b9-94aa-4391-81fb-0b3cbf70a1ca/OPERA_L3_DIST-ALERT-S1_T11TLK_20240619T015329Z_20251215T210706Z_S1A_30_v0.1,https://hyp3-tibet-jpl-test-contentbucket-hratibh1y9pa.s3.us-west-2.amazonaws.com/c82ae3b9-94aa-4391-81fb-0b3cbf70a1ca/OPERA_L3_DIST-ALERT-S1_T11TLK_20240619T015329Z_20251215T210706Z_S1A_30_v0.1.png,2025-12-15T20:44:45+00:00,784.113,4.5,11TLK,1,23,4,none,False,transformer_v1_32,high,32,10,2024-06-19,64,2.5,4,best,none,False
monkey_creek_fire_2024__2024-07-18__10TGQ__transformer_v1_32-10mc,https://hyp3-tibet-jpl-test-contentbucket-hratibh1y9pa.s3.us-west-2.amazonaws.com/76b44f36-8fa7-4c6a-bffc-3f6d0a5dc69d/OPERA_L3_DIST-ALERT-S1_T10TGQ_20240809T141429Z_20251215T210158Z_S1A_30_v0.1.zip,s3://hyp3-tibet-jpl-test-contentbucket-hratibh1y9pa76b44f36-8fa7-4c6a-bffc-3f6d0a5dc69d/OPERA_L3_DIST-ALERT-S1_T10TGQ_20240809T141429Z_20251215T210158Z_S1A_30_v0.1,https://hyp3-tibet-jpl-test-contentbucket-hratibh1y9pa.s3.us-west-2.amazonaws.com/76b44f36-8fa7-4c6a-bffc-3f6d0a5dc69d/OPERA_L3_DIST-ALERT-S1_T10TGQ_20240809T141429Z_20251215T210158Z_S1A_30_v0.1.png,2025-12-15T20:44:45+00:00,471.039,4.5,10TGQ,1,23,4,none,False,transformer_v1_32,high,32,10,2024-08-09,115,2.5,4,best,none,False
southwest_france_flood_2023__2023-12-14__30TXR__transformer_v1_32-10mc,https://hyp3-tibet-jpl-test-contentbucket-hratibh1y9pa.s3.us-west-2.amazonaws.com/f2435515-cb70-4106-9ea2-fdb37d856807/OPERA_L3_DIST-ALERT-S1_T30TXR_20240129T180443Z_20251215T210120Z_S1A_30_v0.1.zip,s3://hyp3-tibet-jpl-test-contentbucket-hratibh1y9paf2435515-cb70-4106-9ea2-fdb37d856807/OPERA_L3_DIST-ALERT-S1_T30TXR_20240129T180443Z_20251215T210120Z_S1A_30_v0.1,https://hyp3-tibet-jpl-test-contentbucket-hratibh1y9pa.s3.us-west-2.amazonaws.com/f2435515-cb70-4106-9ea2-fdb37d856807/OPERA_L3_DIST-ALERT-S1_T30TXR_20240129T180443Z_20251215T210120Z_S1A_30_v0.1.png,2025-12-15T20:44:45+00:00,427.842,4.5,30TXR,1,23,4,none,False,transformer_v1_32,high,32,10,2024-01-29,103,2.5,4,best,none,False
southwest_france_flood_2023__2023-12-14__30TXR__transformer_v1_32-10mc,https://hyp3-tibet-jpl-test-contentbucket-hratibh1y9pa.s3.us-west-2.amazonaws.com/be3e657a-1bde-4762-9550-e3960ab03ad0/OPERA_L3_DIST-ALERT-S1_T30TXR_20231207T175633Z_20251215T210558Z_S1A_30_v0.1.zip,s3://hyp3-tibet-jpl-test-contentbucket-hratibh1y9pabe3e657a-1bde-4762-9550-e3960ab03ad0/OPERA_L3_DIST-ALERT-S1_T30TXR_20231207T175633Z_20251215T210558Z_S1A_30_v0.1,https://hyp3-tibet-jpl-test-contentbucket-hratibh1y9pa.s3.us-west-2.amazonaws.com/be3e657a-1bde-4762-9550-e3960ab03ad0/OPERA_L3_DIST-ALERT-S1_T30TXR_20231207T175633Z_20251215T210558Z_S1A_30_v0.1.png,2025-12-15T20:44:45+00:00,712.056,4.5,30TXR,1,23,4,none,False,transformer_v1_32,high,32,10,2023-12-07,30,2.5,4,best,none,False
monkey_creek_fire_2024__2024-07-18__10TGQ__transformer_v1_32-10mc,https://hyp3-tibet-jpl-test-contentbucket-hratibh1y9pa.s3.us-west-2.amazonaws.com/ed083a19-9619-43a2-bc7f-b1718dc9f073/OPERA_L3_DIST-ALERT-S1_T10TGQ_20240723T140624Z_20251215T210527Z_S1A_30_v0.1.zip,s3://hyp3-tibet-jpl-test-contentbucket-hratibh1y9paed083a19-9619-43a2-bc7f-b1718dc9f073/OPERA_L3_DIST-ALERT-S1_T10TGQ_20240723T140624Z_20251215T210527Z_S1A_30_v0.1,https://hyp3-tibet-jpl-test-contentbucket-hratibh1y9pa.s3.us-west-2.amazonaws.com/ed083a19-9619-43a2-bc7f-b1718dc9f073/OPERA_L3_DIST-ALERT-S1_T10TGQ_20240723T140624Z_20251215T210527Z_S1A_30_v0.1.png,2025-12-15T20:44:45+00:00,687.929,4.5,10TGQ,1,23,4,none,False,transformer_v1_32,high,32,10,2024-07-23,42,2.5,4,best,none,False
monkey_creek_fire_2024__2024-07-18__10TGQ__transformer_v1_32-10mc,https://hyp3-tibet-jpl-test-contentbucket-hratibh1y9pa.s3.us-west-2.amazonaws.com/5f52838f-5966-498b-99f8-80001f711a1d/OPERA_L3_DIST-ALERT-S1_T10TGQ_20240706T020143Z_20251215T210129Z_S1A_30_v0.1.zip,s3://hyp3-tibet-jpl-test-contentbucket-hratibh1y9pa5f52838f-5966-498b-99f8-80001f711a1d/OPERA_L3_DIST-ALERT-S1_T10TGQ_20240706T020143Z_20251215T210129Z_S1A_30_v0.1,https://hyp3-tibet-jpl-test-contentbucket-hratibh1y9pa.s3.us-west-2.amazonaws.com/5f52838f-5966-498b-99f8-80001f711a1d/OPERA_L3_DIST-ALERT-S1_T10TGQ_20240706T020143Z_20251215T210129Z_S1A_30_v0.1.png,2025-12-15T20:44:45+00:00,437.318,4.5,10TGQ,1,23,4,none,False,transformer_v1_32,high,32,10,2024-07-06,137,2.5,4,best,none,False
smokehouse_creek_fire_2024__2024-02-26__14SLE__transformer_v1_32-10mc,https://hyp3-tibet-jpl-test-contentbucket-hratibh1y9pa.s3.us-west-2.amazonaws.com/9ec1efb0-a027-4c0b-8924-cb12b81af992/OPERA_L3_DIST-ALERT-S1_T14SLE_20240311T004509Z_20251215T210834Z_S1A_30_v0.1.zip,s3://hyp3-tibet-jpl-test-contentbucket-hratibh1y9pa9ec1efb0-a027-4c0b-8924-cb12b81af992/OPERA_L3_DIST-ALERT-S1_T14SLE_20240311T004509Z_20251215T210834Z_S1A_30_v0.1,https://hyp3-tibet-jpl-test-contentbucket-hratibh1y9pa.s3.us-west-2.amazonaws.com/9ec1efb0-a027-4c0b-8924-cb12b81af992/OPERA_L3_DIST-ALERT-S1_T14SLE_20240311T004509Z_20251215T210834Z_S1A_30_v0.1.png,2025-12-15T20:44:45+00:00,870.422,4.5,14SLE,1,23,4,none,False,transformer_v1_32,high,32,10,2024-03-11,5,2.5,4,best,none,False
monkey_creek_fire_2024__2024-07-18__10TGQ__transformer_v1_32-10mc,https://hyp3-tibet-jpl-test-contentbucket-hratibh1y9pa.s3.us-west-2.amazonaws.com/ee840957-1557-4ca4-9183-1ffdd8608743/OPERA_L3_DIST-ALERT-S1_T10TGQ_20240821T141430Z_20251215T210131Z_S1A_30_v0.1.zip,s3://hyp3-tibet-jpl-test-contentbucket-hratibh1y9paee840957-1557-4ca4-9183-1ffdd8608743/OPERA_L3_DIST-ALERT-S1_T10TGQ_20240821T141430Z_20251215T210131Z_S1A_30_v0.1,https://hyp3-tibet-jpl-test-contentbucket-hratibh1y9pa.s3.us-west-2.amazonaws.com/ee840957-1557-4ca4-9183-1ffdd8608743/OPERA_L3_DIST-ALERT-S1_T10TGQ_20240821T141430Z_20251215T210131Z_S1A_30_v0.1.png,2025-12-15T20:44:45+00:00,445.153,4.5,10TGQ,1,23,4,none,False,transformer_v1_32,high,32,10,2024-08-21,115,2.5,4,best,none,False
southwest_france_flood_2023__2023-12-14__30TYR__transformer_v1_32-10mc,https://hyp3-tibet-jpl-test-contentbucket-hratibh1y9pa.s3.us-west-2.amazonaws.com/93968856-4561-48a8-83f5-881e94e004f2/OPERA_L3_DIST-ALERT-S1_T30TYR_20240131T174818Z_20251215T210834Z_S1A_30_v0.1.zip,s3://hyp3-tibet-jpl-test-contentbucket-hratibh1y9pa93968856-4561-48a8-83f5-881e94e004f2/OPERA_L3_DIST-ALERT-S1_T30TYR_20240131T174818Z_20251215T210834Z_S1A_30_v0.1,https://hyp3-tibet-jpl-test-contentbucket-hratibh1y9pa.s3.us-west-2.amazonaws.com/93968856-4561-48a8-83f5-881e94e004f2/OPERA_L3_DIST-ALERT-S1_T30TYR_20240131T174818Z_20251215T210834Z_S1A_30_v0.1.png,2025-12-15T20:44:45+00:00,868.816,4.5,30TYR,1,23,4,none,False,transformer_v1_32,high,32,10,2024-01-31,132,2.5,4,best,none,False
monkey_creek_fire_2024__2024-07-18__11TLK__transformer_v1_32-10mc,https://hyp3-tibet-jpl-test-contentbucket-hratibh1y9pa.s3.us-west-2.amazonaws.com/bc44f974-c203-412e-ac0a-1aa7a4ab4dcd/OPERA_L3_DIST-ALERT-S1_T11TLK_20240624T135808Z_20251215T210201Z_S1A_30_v0.1.zip,s3://hyp3-tibet-jpl-test-contentbucket-hratibh1y9pabc44f974-c203-412e-ac0a-1aa7a4ab4dcd/OPERA_L3_DIST-ALERT-S1_T11TLK_20240624T135808Z_20251215T210201Z_S1A_30_v0.1,https://hyp3-tibet-jpl-test-contentbucket-hratibh1y9pa.s3.us-west-2.amazonaws.com/bc44f974-c203-412e-ac0a-1aa7a4ab4dcd/OPERA_L3_DIST-ALERT-S1_T11TLK_20240624T135808Z_20251215T210201Z_S1A_30_v0.1.png,2025-12-15T20:44:45+00:00,472.151,4.5,11TLK,1,23,4,none,False,transformer_v1_32,high,32,10,2024-06-24,144,2.5,4,best,none,False
monkey_creek_fire_2024__2024-07-18__11TLK__transformer_v1_32-10mc,https://hyp3-tibet-jpl-test-contentbucket-hratibh1y9pa.s3.us-west-2.amazonaws.com/7db0720d-7ab9-4156-b0a7-891d55bdcaf8/OPERA_L3_DIST-ALERT-S1_T11TLK_20240730T135807Z_20251215T210233Z_S1A_30_v0.1.zip,s3://hyp3-tibet-jpl-test-contentbucket-hratibh1y9pa7db0720d-7ab9-4156-b0a7-891d55bdcaf8/OPERA_L3_DIST-ALERT-S1_T11TLK_20240730T135807Z_20251215T210233Z_S1A_30_v0.1,https://hyp3-tibet-jpl-test-contentbucket-hratibh1y9pa.s3.us-west-2.amazonaws.com/7db0720d-7ab9-4156-b0a7-891d55bdcaf8/OPERA_L3_DIST-ALERT-S1_T11TLK_20240730T135807Z_20251215T210233Z_S1A_30_v0.1.png,2025-12-15T20:44:45+00:00,505.27,4.5,11TLK,1,23,4,none,False,transformer_v1_32,high,32,10,2024-07-30,144,2.5,4,best,none,False
tlacotalpan_flood_2024__2024-10-29__14QRF__transformer_v1_32-10mc,https://hyp3-tibet-jpl-test-contentbucket-hratibh1y9pa.s3.us-west-2.amazonaws.com/bfe008a6-3d23-41cb-a949-8f27eb6e9762/OPERA_L3_DIST-ALERT-S1_T14QRF_20241005T121821Z_20251215T210849Z_S1A_30_v0.1.zip,s3://hyp3-tibet-jpl-test-contentbucket-hratibh1y9pabfe008a6-3d23-41cb-a949-8f27eb6e9762/OPERA_L3_DIST-ALERT-S1_T14QRF_20241005T121821Z_20251215T210849Z_S1A_30_v0.1,https://hyp3-tibet-jpl-test-contentbucket-hratibh1y9pa.s3.us-west-2.amazonaws.com/bfe008a6-3d23-41cb-a949-8f27eb6e9762/OPERA_L3_DIST-ALERT-S1_T14QRF_20241005T121821Z_20251215T210849Z_S1A_30_v0.1.png,2025-12-15T20:44:45+00:00,883.702,4.5,14QRF,1,23,4,none,False,transformer_v1_32,high,32,10,2024-10-05,70,2.5,4,best,none,False
southwest_france_flood_2023__2023-12-14__30TYR__transformer_v1_32-10mc,https://hyp3-tibet-jpl-test-contentbucket-hratibh1y9pa.s3.us-west-2.amazonaws.com/5028247c-33a6-4a8e-86c3-1f9d35ffbbed/OPERA_L3_DIST-ALERT-S1_T30TYR_20231213T060043Z_20251215T210043Z_S1A_30_v0.1.zip,s3://hyp3-tibet-jpl-test-contentbucket-hratibh1y9pa5028247c-33a6-4a8e-86c3-1f9d35ffbbed/OPERA_L3_DIST-ALERT-S1_T30TYR_20231213T060043Z_20251215T210043Z_S1A_30_v0.1,https://hyp3-tibet-jpl-test-contentbucket-hratibh1y9pa.s3.us-west-2.amazonaws.com/5028247c-33a6-4a8e-86c3-1f9d35ffbbed/OPERA_L3_DIST-ALERT-S1_T30TYR_20231213T060043Z_20251215T210043Z_S1A_30_v0.1.png,2025-12-15T20:44:45+00:00,394.377,4.5,30TYR,1,23,4,none,False,transformer_v1_32,high,32,10,2023-12-13,110,2.5,4,best,none,False
southwest_france_flood_2023__2023-12-14__30TYR__transformer_v1_32-10mc,https://hyp3-tibet-jpl-test-contentbucket-hratibh1y9pa.s3.us-west-2.amazonaws.com/9e3fae89-d6aa-4086-818f-8abd8285c708/OPERA_L3_DIST-ALERT-S1_T30TYR_20231219T175630Z_20251215T210748Z_S1A_30_v0.1.zip,s3://hyp3-tibet-jpl-test-contentbucket-hratibh1y9pa9e3fae89-d6aa-4086-818f-8abd8285c708/OPERA_L3_DIST-ALERT-S1_T30TYR_20231219T175630Z_20251215T210748Z_S1A_30_v0.1,https://hyp3-tibet-jpl-test-contentbucket-hratibh1y9pa.s3.us-west-2.amazonaws.com/9e3fae89-d6aa-4086-818f-8abd8285c708/OPERA_L3_DIST-ALERT-S1_T30TYR_20231219T175630Z_20251215T210748Z_S1A_30_v0.1.png,2025-12-15T20:44:45+00:00,818.591,4.5,30TYR,1,23,4,none,False,transformer_v1_32,high,32,10,2023-12-19,30,2.5,4,best,none,False
smokehouse_creek_fire_2024__2024-02-26__14SKE__transformer_v1_32-10mc,https://hyp3-tibet-jpl-test-contentbucket-hratibh1y9pa.s3.us-west-2.amazonaws.com/1d7bafc2-bbf6-46a4-b680-22112a8604d8/OPERA_L3_DIST-ALERT-S1_T14SKE_20240404T004514Z_20251215T210830Z_S1A_30_v0.1.zip,s3://hyp3-tibet-jpl-test-contentbucket-hratibh1y9pa1d7bafc2-bbf6-46a4-b680-22112a8604d8/OPERA_L3_DIST-ALERT-S1_T14SKE_20240404T004514Z_20251215T210830Z_S1A_30_v0.1,https://hyp3-tibet-jpl-test-contentbucket-hratibh1y9pa.s3.us-west-2.amazonaws.com/1d7bafc2-bbf6-46a4-b680-22112a8604d8/OPERA_L3_DIST-ALERT-S1_T14SKE_20240404T004514Z_20251215T210830Z_S1A_30_v0.1.png,2025-12-15T20:44:45+00:00,866.195,4.5,14SKE,1,23,4,none,False,transformer_v1_32,high,32,10,2024-04-04,5,2.5,4,best,none,False
smokehouse_creek_fire_2024__2024-02-26__14SME__transformer_v1_32-10mc,https://hyp3-tibet-jpl-test-contentbucket-hratibh1y9pa.s3.us-west-2.amazonaws.com/15d66ca5-c43b-40e3-91ae-a537a526fcc3/OPERA_L3_DIST-ALERT-S1_T14SME_20240416T004510Z_20251215T210034Z_S1A_30_v0.1.zip,s3://hyp3-tibet-jpl-test-contentbucket-hratibh1y9pa15d66ca5-c43b-40e3-91ae-a537a526fcc3/OPERA_L3_DIST-ALERT-S1_T14SME_20240416T004510Z_20251215T210034Z_S1A_30_v0.1,https://hyp3-tibet-jpl-test-contentbucket-hratibh1y9pa.s3.us-west-2.amazonaws.com/15d66ca5-c43b-40e3-91ae-a537a526fcc3/OPERA_L3_DIST-ALERT-S1_T14SME_20240416T004510Z_20251215T210034Z_S1A_30_v0.1.png,2025-12-15T20:44:45+00:00,381.239,4.5,14SME,1,23,4,none,False,transformer_v1_32,high,32,10,2024-04-16,5,2.5,4,best,none,False
southwest_france_flood_2023__2023-12-14__30TXR__transformer_v1_32-10mc,https://hyp3-tibet-jpl-test-contentbucket-hratibh1y9pa.s3.us-west-2.amazonaws.com/d162fd44-3bf8-4202-ad63-2b2be411bfad/OPERA_L3_DIST-ALERT-S1_T30TXR_20231219T175632Z_20251215T210659Z_S1A_30_v0.1.zip,s3://hyp3-tibet-jpl-test-contentbucket-hratibh1y9pad162fd44-3bf8-4202-ad63-2b2be411bfad/OPERA_L3_DIST-ALERT-S1_T30TXR_20231219T175632Z_20251215T210659Z_S1A_30_v0.1,https://hyp3-tibet-jpl-test-contentbucket-hratibh1y9pa.s3.us-west-2.amazonaws.com/d162fd44-3bf8-4202-ad63-2b2be411bfad/OPERA_L3_DIST-ALERT-S1_T30TXR_20231219T175632Z_20251215T210659Z_S1A_30_v0.1.png,2025-12-15T20:44:45+00:00,776.178,4.5,30TXR,1,23,4,none,False,transformer_v1_32,high,32,10,2023-12-19,30,2.5,4,best,none,False
southwest_france_flood_2023__2023-12-14__30TXR__transformer_v1_32-10mc,https://hyp3-tibet-jpl-test-contentbucket-hratibh1y9pa.s3.us-west-2.amazonaws.com/89829672-fe07-4013-be75-d25de64e9b5e/OPERA_L3_DIST-ALERT-S1_T30TXR_20231206T060853Z_20251215T210846Z_S1A_30_v0.1.zip,s3://hyp3-tibet-jpl-test-contentbucket-hratibh1y9pa89829672-fe07-4013-be75-d25de64e9b5e/OPERA_L3_DIST-ALERT-S1_T30TXR_20231206T060853Z_20251215T210846Z_S1A_30_v0.1,https://hyp3-tibet-jpl-test-contentbucket-hratibh1y9pa.s3.us-west-2.amazonaws.com/89829672-fe07-4013-be75-d25de64e9b5e/OPERA_L3_DIST-ALERT-S1_T30TXR_20231206T060853Z_20251215T210846Z_S1A_30_v0.1.png,2025-12-15T20:44:45+00:00,877.285,4.5,30TXR,1,23,4,none,False,transformer_v1_32,high,32,10,2023-12-06,8,2.5,4,best,none,False
southwest_france_flood_2023__2023-12-14__30TXR__transformer_v1_32-10mc,https://hyp3-tibet-jpl-test-contentbucket-hratibh1y9pa.s3.us-west-2.amazonaws.com/1598c811-f3bd-4712-a99a-fdde9ff68e8c/OPERA_L3_DIST-ALERT-S1_T30TXR_20231125T175633Z_20251215T210627Z_S1A_30_v0.1.zip,s3://hyp3-tibet-jpl-test-contentbucket-hratibh1y9pa1598c811-f3bd-4712-a99a-fdde9ff68e8c/OPERA_L3_DIST-ALERT-S1_T30TXR_20231125T175633Z_20251215T210627Z_S1A_30_v0.1,https://hyp3-tibet-jpl-test-contentbucket-hratibh1y9pa.s3.us-west-2.amazonaws.com/1598c811-f3bd-4712-a99a-fdde9ff68e8c/OPERA_L3_DIST-ALERT-S1_T30TXR_20231125T175633Z_20251215T210627Z_S1A_30_v0.1.png,2025-12-15T20:44:45+00:00,744.361,4.5,30TXR,1,23,4,none,False,transformer_v1_32,high,32,10,2023-11-25,30,2.5,4,best,none,False
brazzaville_flood_and_landslides_2024__2024-02-08__33MWR__transformer_v1_32-10mc,https://hyp3-tibet-jpl-test-contentbucket-hratibh1y9pa.s3.us-west-2.amazonaws.com/40f52890-8b7d-427a-90e9-3e47afd2bca5/OPERA_L3_DIST-ALERT-S1_T33MWR_20240118T043537Z_20251215T210921Z_S1A_30_v0.1.zip,s3://hyp3-tibet-jpl-test-contentbucket-hratibh1y9pa40f52890-8b7d-427a-90e9-3e47afd2bca5/OPERA_L3_DIST-ALERT-S1_T33MWR_20240118T043537Z_20251215T210921Z_S1A_30_v0.1,https://hyp3-tibet-jpl-test-contentbucket-hratibh1y9pa.s3.us-west-2.amazonaws.com/40f52890-8b7d-427a-90e9-3e47afd2bca5/OPERA_L3_DIST-ALERT-S1_T33MWR_20240118T043537Z_20251215T210921Z_S1A_30_v0.1.png,2025-12-15T20:44:45+00:00,915.116,4.5,33MWR,1,23,4,none,False,transformer_v1_32,high,32,10,2024-01-18,109,2.5,4,best,none,False
southwest_france_flood_2023__2023-12-14__30TYR__transformer_v1_32-10mc,https://hyp3-tibet-jpl-test-contentbucket-hratibh1y9pa.s3.us-west-2.amazonaws.com/2e89123d-41ce-4c4c-a38f-a6d39201e595/OPERA_L3_DIST-ALERT-S1_T30TYR_20231223T061702Z_20251215T210024Z_S1A_30_v0.1.zip,s3://hyp3-tibet-jpl-test-contentbucket-hratibh1y9pa2e89123d-41ce-4c4c-a38f-a6d39201e595/OPERA_L3_DIST-ALERT-S1_T30TYR_20231223T061702Z_20251215T210024Z_S1A_30_v0.1,https://hyp3-tibet-jpl-test-contentbucket-hratibh1y9pa.s3.us-west-2.amazonaws.com/2e89123d-41ce-4c4c-a38f-a6d39201e595/OPERA_L3_DIST-ALERT-S1_T30TYR_20231223T061702Z_20251215T210024Z_S1A_30_v0.1.png,2025-12-15T20:44:45+00:00,369.201,4.5,30TYR,1,23,4,none,False,transformer_v1_32,high,32,10,2023-12-23,81,2.5,4,best,none,False
southwest_france_flood_2023__2023-12-14__30TXR__transformer_v1_32-10mc,https://hyp3-tibet-jpl-test-contentbucket-hratibh1y9pa.s3.us-west-2.amazonaws.com/4fabc70d-0329-40e0-a48a-9424b214ff7c/OPERA_L3_DIST-ALERT-S1_T30TXR_20231118T180447Z_20251215T210052Z_S1A_30_v0.1.zip,s3://hyp3-tibet-jpl-test-contentbucket-hratibh1y9pa4fabc70d-0329-40e0-a48a-9424b214ff7c/OPERA_L3_DIST-ALERT-S1_T30TXR_20231118T180447Z_20251215T210052Z_S1A_30_v0.1,https://hyp3-tibet-jpl-test-contentbucket-hratibh1y9pa.s3.us-west-2.amazonaws.com/4fabc70d-0329-40e0-a48a-9424b214ff7c/OPERA_L3_DIST-ALERT-S1_T30TXR_20231118T180447Z_20251215T210052Z_S1A_30_v0.1.png,2025-12-15T20:44:45+00:00,399.53,4.5,30TXR,1,23,4,none,False,transformer_v1_32,high,32,10,2023-11-18,103,2.5,4,best,none,False
monkey_creek_fire_2024__2024-07-18__10TGQ__transformer_v1_32-10mc,https://hyp3-tibet-jpl-test-contentbucket-hratibh1y9pa.s3.us-west-2.amazonaws.com/cc9da411-3dc2-4b35-9920-4e32628f59a9/OPERA_L3_DIST-ALERT-S1_T10TGQ_20240701T015330Z_20251215T211326Z_S1A_30_v0.1.zip,s3://hyp3-tibet-jpl-test-contentbucket-hratibh1y9pacc9da411-3dc2-4b35-9920-4e32628f59a9/OPERA_L3_DIST-ALERT-S1_T10TGQ_20240701T015330Z_20251215T211326Z_S1A_30_v0.1,https://hyp3-tibet-jpl-test-contentbucket-hratibh1y9pa.s3.us-west-2.amazonaws.com/cc9da411-3dc2-4b35-9920-4e32628f59a9/OPERA_L3_DIST-ALERT-S1_T10TGQ_20240701T015330Z_20251215T211326Z_S1A_30_v0.1.png,2025-12-15T20:44:45+00:00,1163.678,4.5,10TGQ,1,23,4,none,False,transformer_v1_32,high,32,10,2024-07-01,64,2.5,4,best,none,False
smokehouse_creek_fire_2024__2024-02-26__14SKE__transformer_v1_32-10mc,https://hyp3-tibet-jpl-test-contentbucket-hratibh1y9pa.s3.us-west-2.amazonaws.com/977c1950-c311-4664-9f49-4d49d79f7b8a/OPERA_L3_DIST-ALERT-S1_T14SKE_20240228T004512Z_20251215T210901Z_S1A_30_v0.1.zip,s3://hyp3-tibet-jpl-test-contentbucket-hratibh1y9pa977c1950-c311-4664-9f49-4d49d79f7b8a/OPERA_L3_DIST-ALERT-S1_T14SKE_20240228T004512Z_20251215T210901Z_S1A_30_v0.1,https://hyp3-tibet-jpl-test-contentbucket-hratibh1y9pa.s3.us-west-2.amazonaws.com/977c1950-c311-4664-9f49-4d49d79f7b8a/OPERA_L3_DIST-ALERT-S1_T14SKE_20240228T004512Z_20251215T210901Z_S1A_30_v0.1.png,2025-12-15T20:44:45+00:00,898.18,4.5,14SKE,1,23,4,none,False,transformer_v1_32,high,32,10,2024-02-28,5,2.5,4,best,none,False
southwest_france_flood_2023__2023-12-14__30TXR__transformer_v1_32-10mc,https://hyp3-tibet-jpl-test-contentbucket-hratibh1y9pa.s3.us-west-2.amazonaws.com/cbd1fd35-1e10-49c7-b451-556cbe45cd67/OPERA_L3_DIST-ALERT-S1_T30TXR_20240107T174829Z_20251215T205855Z_S1A_30_v0.1.zip,s3://hyp3-tibet-jpl-test-contentbucket-hratibh1y9pacbd1fd35-1e10-49c7-b451-556cbe45cd67/OPERA_L3_DIST-ALERT-S1_T30TXR_20240107T174829Z_20251215T205855Z_S1A_30_v0.1,https://hyp3-tibet-jpl-test-contentbucket-hratibh1y9pa.s3.us-west-2.amazonaws.com/cbd1fd35-1e10-49c7-b451-556cbe45cd67/OPERA_L3_DIST-ALERT-S1_T30TXR_20240107T174829Z_20251215T205855Z_S1A_30_v0.1.png,2025-12-15T20:44:45+00:00,280.388,4.5,30TXR,1,23,4,none,False,transformer_v1_32,high,32,10,2024-01-07,132,2.5,4,best,none,False
tlacotalpan_flood_2024__2024-10-29__14QRF__transformer_v1_32-10mc,https://hyp3-tibet-jpl-test-contentbucket-hratibh1y9pa.s3.us-west-2.amazonaws.com/5f4b3da2-78fb-4750-9c0f-11dfc44bcc5d/OPERA_L3_DIST-ALERT-S1_T14QRF_20241122T121820Z_20251215T211032Z_S1A_30_v0.1.zip,s3://hyp3-tibet-jpl-test-contentbucket-hratibh1y9pa5f4b3da2-78fb-4750-9c0f-11dfc44bcc5d/OPERA_L3_DIST-ALERT-S1_T14QRF_20241122T121820Z_20251215T211032Z_S1A_30_v0.1,https://hyp3-tibet-jpl-test-contentbucket-hratibh1y9pa.s3.us-west-2.amazonaws.com/5f4b3da2-78fb-4750-9c0f-11dfc44bcc5d/OPERA_L3_DIST-ALERT-S1_T14QRF_20241122T121820Z_20251215T211032Z_S1A_30_v0.1.png,2025-12-15T20:44:45+00:00,995.102,4.5,14QRF,1,23,4,none,False,transformer_v1_32,high,32,10,2024-11-22,70,2.5,4,best,none,False
smokehouse_creek_fire_2024__2024-02-26__14SLE__transformer_v1_32-10mc,https://hyp3-tibet-jpl-test-contentbucket-hratibh1y9pa.s3.us-west-2.amazonaws.com/c320794d-c502-44f0-8734-bfaa73365eda/OPERA_L3_DIST-ALERT-S1_T14SLE_20240204T004509Z_20251215T210909Z_S1A_30_v0.1.zip,s3://hyp3-tibet-jpl-test-contentbucket-hratibh1y9pac320794d-c502-44f0-8734-bfaa73365eda/OPERA_L3_DIST-ALERT-S1_T14SLE_20240204T004509Z_20251215T210909Z_S1A_30_v0.1,https://hyp3-tibet-jpl-test-contentbucket-hratibh1y9pa.s3.us-west-2.amazonaws.com/c320794d-c502-44f0-8734-bfaa73365eda/OPERA_L3_DIST-ALERT-S1_T14SLE_20240204T004509Z_20251215T210909Z_S1A_30_v0.1.png,2025-12-15T20:44:45+00:00,906.579,4.5,14SLE,1,23,4,none,False,transformer_v1_32,high,32,10,2024-02-04,5,2.5,4,best,none,False
smokehouse_creek_fire_2024__2024-02-26__14SME__transformer_v1_32-10mc,https://hyp3-tibet-jpl-test-contentbucket-hratibh1y9pa.s3.us-west-2.amazonaws.com/bfb01f84-786e-4cc0-ba61-b59cc7d60304/OPERA_L3_DIST-ALERT-S1_T14SME_20240130T003659Z_20251215T211009Z_S1A_30_v0.1.zip,s3://hyp3-tibet-jpl-test-contentbucket-hratibh1y9pabfb01f84-786e-4cc0-ba61-b59cc7d60304/OPERA_L3_DIST-ALERT-S1_T14SME_20240130T003659Z_20251215T211009Z_S1A_30_v0.1,https://hyp3-tibet-jpl-test-contentbucket-hratibh1y9pa.s3.us-west-2.amazonaws.com/bfb01f84-786e-4cc0-ba61-b59cc7d60304/OPERA_L3_DIST-ALERT-S1_T14SME_20240130T003659Z_20251215T211009Z_S1A_30_v0.1.png,2025-12-15T20:44:45+00:00,968.423,4.5,14SME,1,23,4,none,False,transformer_v1_32,high,32,10,2024-01-30,107,2.5,4,best,none,False
monkey_creek_fire_2024__2024-07-18__11TLK__transformer_v1_32-10mc,https://hyp3-tibet-jpl-test-contentbucket-hratibh1y9pa.s3.us-west-2.amazonaws.com/bd867afb-ecc8-4410-8179-5f5ea7856dc5/OPERA_L3_DIST-ALERT-S1_T11TLK_20240629T140624Z_20251215T210212Z_S1A_30_v0.1.zip,s3://hyp3-tibet-jpl-test-contentbucket-hratibh1y9pabd867afb-ecc8-4410-8179-5f5ea7856dc5/OPERA_L3_DIST-ALERT-S1_T11TLK_20240629T140624Z_20251215T210212Z_S1A_30_v0.1,https://hyp3-tibet-jpl-test-contentbucket-hratibh1y9pa.s3.us-west-2.amazonaws.com/bd867afb-ecc8-4410-8179-5f5ea7856dc5/OPERA_L3_DIST-ALERT-S1_T11TLK_20240629T140624Z_20251215T210212Z_S1A_30_v0.1.png,2025-12-15T20:44:45+00:00,485.707,4.5,11TLK,1,23,4,none,False,transformer_v1_32,high,32,10,2024-06-29,42,2.5,4,best,none,False
brazzaville_flood_and_landslides_2023__2023-12-28__33MWR__transformer_v1_32-10mc,https://hyp3-tibet-jpl-test-contentbucket-hratibh1y9pa.s3.us-west-2.amazonaws.com/1b66d21b-dd53-404e-b710-493907ab2826/OPERA_L3_DIST-ALERT-S1_T33MWR_20231201T043539Z_20251215T210926Z_S1A_30_v0.1.zip,s3://hyp3-tibet-jpl-test-contentbucket-hratibh1y9pa1b66d21b-dd53-404e-b710-493907ab2826/OPERA_L3_DIST-ALERT-S1_T33MWR_20231201T043539Z_20251215T210926Z_S1A_30_v0.1,https://hyp3-tibet-jpl-test-contentbucket-hratibh1y9pa.s3.us-west-2.amazonaws.com/1b66d21b-dd53-404e-b710-493907ab2826/OPERA_L3_DIST-ALERT-S1_T33MWR_20231201T043539Z_20251215T210926Z_S1A_30_v0.1.png,2025-12-15T20:44:45+00:00,928.962,4.5,33MWR,1,23,4,none,False,transformer_v1_32,high,32,10,2023-12-01,109,2.5,4,best,none,False
southwest_france_flood_2023__2023-12-14__30TYR__transformer_v1_32-10mc,https://hyp3-tibet-jpl-test-contentbucket-hratibh1y9pa.s3.us-west-2.amazonaws.com/bbb452c7-e200-4160-bd1c-d34a2a7e0d4e/OPERA_L3_DIST-ALERT-S1_T30TYR_20231226T174819Z_20251215T211118Z_S1A_30_v0.1.zip,s3://hyp3-tibet-jpl-test-contentbucket-hratibh1y9pabbb452c7-e200-4160-bd1c-d34a2a7e0d4e/OPERA_L3_DIST-ALERT-S1_T30TYR_20231226T174819Z_20251215T211118Z_S1A_30_v0.1,https://hyp3-tibet-jpl-test-contentbucket-hratibh1y9pa.s3.us-west-2.amazonaws.com/bbb452c7-e200-4160-bd1c-d34a2a7e0d4e/OPERA_L3_DIST-ALERT-S1_T30TYR_20231226T174819Z_20251215T211118Z_S1A_30_v0.1.png,2025-12-15T20:44:45+00:00,1041.481,4.5,30TYR,1,23,4,none,False,transformer_v1_32,high,32,10,2023-12-26,132,2.5,4,best,none,False
smokehouse_creek_fire_2024__2024-02-26__14SKE__transformer_v1_32-10mc,https://hyp3-tibet-jpl-test-contentbucket-hratibh1y9pa.s3.us-west-2.amazonaws.com/e68e14d1-725c-45aa-9f63-983900d29f47/OPERA_L3_DIST-ALERT-S1_T14SKE_20240209T005324Z_20251215T210033Z_S1A_30_v0.1.zip,s3://hyp3-tibet-jpl-test-contentbucket-hratibh1y9pae68e14d1-725c-45aa-9f63-983900d29f47/OPERA_L3_DIST-ALERT-S1_T14SKE_20240209T005324Z_20251215T210033Z_S1A_30_v0.1,https://hyp3-tibet-jpl-test-contentbucket-hratibh1y9pa.s3.us-west-2.amazonaws.com/e68e14d1-725c-45aa-9f63-983900d29f47/OPERA_L3_DIST-ALERT-S1_T14SKE_20240209T005324Z_20251215T210033Z_S1A_30_v0.1.png,2025-12-15T20:44:45+00:00,382.536,4.5,14SKE,1,23,4,none,False,transformer_v1_32,high,32,10,2024-02-09,78,2.5,4,best,none,False
brazzaville_flood_and_landslides_2023__2023-12-28__33MWR__transformer_v1_32-10mc,https://hyp3-tibet-jpl-test-contentbucket-hratibh1y9pa.s3.us-west-2.amazonaws.com/33606a9f-d6da-4bb9-9a3b-98268eaa0c7d/OPERA_L3_DIST-ALERT-S1_T33MWR_20240123T044346Z_20251215T210215Z_S1A_30_v0.1.zip,s3://hyp3-tibet-jpl-test-contentbucket-hratibh1y9pa33606a9f-d6da-4bb9-9a3b-98268eaa0c7d/OPERA_L3_DIST-ALERT-S1_T33MWR_20240123T044346Z_20251215T210215Z_S1A_30_v0.1,https://hyp3-tibet-jpl-test-contentbucket-hratibh1y9pa.s3.us-west-2.amazonaws.com/33606a9f-d6da-4bb9-9a3b-98268eaa0c7d/OPERA_L3_DIST-ALERT-S1_T33MWR_20240123T044346Z_20251215T210215Z_S1A_30_v0.1.png,2025-12-15T20:44:45+00:00,491.436,4.5,33MWR,1,23,4,none,False,transformer_v1_32,high,32,10,2024-01-23,7,2.5,4,best,none,False
brazzaville_flood_and_landslides_2023__2023-12-28__33MWR__transformer_v1_32-10mc,https://hyp3-tibet-jpl-test-contentbucket-hratibh1y9pa.s3.us-west-2.amazonaws.com/d3d23b23-a7a6-4059-b3df-454342da6fec/OPERA_L3_DIST-ALERT-S1_T33MWR_20240204T044346Z_20251215T210019Z_S1A_30_v0.1.zip,s3://hyp3-tibet-jpl-test-contentbucket-hratibh1y9pad3d23b23-a7a6-4059-b3df-454342da6fec/OPERA_L3_DIST-ALERT-S1_T33MWR_20240204T044346Z_20251215T210019Z_S1A_30_v0.1,https://hyp3-tibet-jpl-test-contentbucket-hratibh1y9pa.s3.us-west-2.amazonaws.com/d3d23b23-a7a6-4059-b3df-454342da6fec/OPERA_L3_DIST-ALERT-S1_T33MWR_20240204T044346Z_20251215T210019Z_S1A_30_v0.1.png,2025-12-15T20:44:45+00:00,370.759,4.5,33MWR,1,23,4,none,False,transformer_v1_32,high,32,10,2024-02-04,7,2.5,4,best,none,False
monkey_creek_fire_2024__2024-07-18__11TLK__transformer_v1_32-10mc,https://hyp3-tibet-jpl-test-contentbucket-hratibh1y9pa.s3.us-west-2.amazonaws.com/b9f762a7-62bc-455b-a28c-7378f236c7db/OPERA_L3_DIST-ALERT-S1_T11TLK_20240816T140623Z_20251215T210430Z_S1A_30_v0.1.zip,s3://hyp3-tibet-jpl-test-contentbucket-hratibh1y9pab9f762a7-62bc-455b-a28c-7378f236c7db/OPERA_L3_DIST-ALERT-S1_T11TLK_20240816T140623Z_20251215T210430Z_S1A_30_v0.1,https://hyp3-tibet-jpl-test-contentbucket-hratibh1y9pa.s3.us-west-2.amazonaws.com/b9f762a7-62bc-455b-a28c-7378f236c7db/OPERA_L3_DIST-ALERT-S1_T11TLK_20240816T140623Z_20251215T210430Z_S1A_30_v0.1.png,2025-12-15T20:44:45+00:00,631.659,4.5,11TLK,1,23,4,none,False,transformer_v1_32,high,32,10,2024-08-16,42,2.5,4,best,none,False
smokehouse_creek_fire_2024__2024-02-26__14SME__transformer_v1_32-10mc,https://hyp3-tibet-jpl-test-contentbucket-hratibh1y9pa.s3.us-west-2.amazonaws.com/43bd42e7-ec46-465f-8819-0442ace481e0/OPERA_L3_DIST-ALERT-S1_T14SME_20240404T004510Z_20251215T210122Z_S1A_30_v0.1.zip,s3://hyp3-tibet-jpl-test-contentbucket-hratibh1y9pa43bd42e7-ec46-465f-8819-0442ace481e0/OPERA_L3_DIST-ALERT-S1_T14SME_20240404T004510Z_20251215T210122Z_S1A_30_v0.1,https://hyp3-tibet-jpl-test-contentbucket-hratibh1y9pa.s3.us-west-2.amazonaws.com/43bd42e7-ec46-465f-8819-0442ace481e0/OPERA_L3_DIST-ALERT-S1_T14SME_20240404T004510Z_20251215T210122Z_S1A_30_v0.1.png,2025-12-15T20:44:45+00:00,432.462,4.5,14SME,1,23,4,none,False,transformer_v1_32,high,32,10,2024-04-04,5,2.5,4,best,none,False
southwest_france_flood_2023__2023-12-14__30TYR__transformer_v1_32-10mc,https://hyp3-tibet-jpl-test-contentbucket-hratibh1y9pa.s3.us-west-2.amazonaws.com/9e541e98-0666-41cb-ab2b-394900fbe498/OPERA_L3_DIST-ALERT-S1_T30TYR_20240107T174819Z_20251215T211019Z_S1A_30_v0.1.zip,s3://hyp3-tibet-jpl-test-contentbucket-hratibh1y9pa9e541e98-0666-41cb-ab2b-394900fbe498/OPERA_L3_DIST-ALERT-S1_T30TYR_20240107T174819Z_20251215T211019Z_S1A_30_v0.1,https://hyp3-tibet-jpl-test-contentbucket-hratibh1y9pa.s3.us-west-2.amazonaws.com/9e541e98-0666-41cb-ab2b-394900fbe498/OPERA_L3_DIST-ALERT-S1_T30TYR_20240107T174819Z_20251215T211019Z_S1A_30_v0.1.png,2025-12-15T20:44:45+00:00,987.547,4.5,30TYR,1,23,4,none,False,transformer_v1_32,high,32,10,2024-01-07,132,2.5,4,best,none,False
monkey_creek_fire_2024__2024-07-18__10TGQ__transformer_v1_32-10mc,https://hyp3-tibet-jpl-test-contentbucket-hratibh1y9pa.s3.us-west-2.amazonaws.com/d07c1e23-5e62-48dc-978a-1ad64a1392df/OPERA_L3_DIST-ALERT-S1_T10TGQ_20240713T015330Z_20251215T211613Z_S1A_30_v0.1.zip,s3://hyp3-tibet-jpl-test-contentbucket-hratibh1y9pad07c1e23-5e62-48dc-978a-1ad64a1392df/OPERA_L3_DIST-ALERT-S1_T10TGQ_20240713T015330Z_20251215T211613Z_S1A_30_v0.1,https://hyp3-tibet-jpl-test-contentbucket-hratibh1y9pa.s3.us-west-2.amazonaws.com/d07c1e23-5e62-48dc-978a-1ad64a1392df/OPERA_L3_DIST-ALERT-S1_T10TGQ_20240713T015330Z_20251215T211613Z_S1A_30_v0.1.png,2025-12-15T20:44:45+00:00,1339.218,4.5,10TGQ,1,23,4,none,False,transformer_v1_32,high,32,10,2024-07-13,64,2.5,4,best,none,False
monkey_creek_fire_2024__2024-07-18__11TLK__transformer_v1_32-10mc,https://hyp3-tibet-jpl-test-contentbucket-hratibh1y9pa.s3.us-west-2.amazonaws.com/54e8dd76-1913-464c-80ac-704f40dfa005/OPERA_L3_DIST-ALERT-S1_T11TLK_20240804T140623Z_20251215T210516Z_S1A_30_v0.1.zip,s3://hyp3-tibet-jpl-test-contentbucket-hratibh1y9pa54e8dd76-1913-464c-80ac-704f40dfa005/OPERA_L3_DIST-ALERT-S1_T11TLK_20240804T140623Z_20251215T210516Z_S1A_30_v0.1,https://hyp3-tibet-jpl-test-contentbucket-hratibh1y9pa.s3.us-west-2.amazonaws.com/54e8dd76-1913-464c-80ac-704f40dfa005/OPERA_L3_DIST-ALERT-S1_T11TLK_20240804T140623Z_20251215T210516Z_S1A_30_v0.1.png,2025-12-15T20:44:45+00:00,669.409,4.5,11TLK,1,23,4,none,False,transformer_v1_32,high,32,10,2024-08-04,42,2.5,4,best,none,False
smokehouse_creek_fire_2024__2024-02-26__14SME__transformer_v1_32-10mc,https://hyp3-tibet-jpl-test-contentbucket-hratibh1y9pa.s3.us-west-2.amazonaws.com/d6fee78e-3226-4e58-8947-00702246f942/OPERA_L3_DIST-ALERT-S1_T14SME_20240416T124631Z_20251215T205901Z_S1A_30_v0.1.zip,s3://hyp3-tibet-jpl-test-contentbucket-hratibh1y9pad6fee78e-3226-4e58-8947-00702246f942/OPERA_L3_DIST-ALERT-S1_T14SME_20240416T124631Z_20251215T205901Z_S1A_30_v0.1,https://hyp3-tibet-jpl-test-contentbucket-hratibh1y9pa.s3.us-west-2.amazonaws.com/d6fee78e-3226-4e58-8947-00702246f942/OPERA_L3_DIST-ALERT-S1_T14SME_20240416T124631Z_20251215T205901Z_S1A_30_v0.1.png,2025-12-15T20:44:45+00:00,297.045,4.5,14SME,1,23,4,none,False,transformer_v1_32,high,32,10,2024-04-16,12,2.5,4,best,none,False
southwest_france_flood_2023__2023-12-14__30TXR__transformer_v1_32-10mc,https://hyp3-tibet-jpl-test-contentbucket-hratibh1y9pa.s3.us-west-2.amazonaws.com/52219023-2f94-4ca1-8c4e-07357039a600/OPERA_L3_DIST-ALERT-S1_T30TXR_20231120T174831Z_20251215T205946Z_S1A_30_v0.1.zip,s3://hyp3-tibet-jpl-test-contentbucket-hratibh1y9pa52219023-2f94-4ca1-8c4e-07357039a600/OPERA_L3_DIST-ALERT-S1_T30TXR_20231120T174831Z_20251215T205946Z_S1A_30_v0.1,https://hyp3-tibet-jpl-test-contentbucket-hratibh1y9pa.s3.us-west-2.amazonaws.com/52219023-2f94-4ca1-8c4e-07357039a600/OPERA_L3_DIST-ALERT-S1_T30TXR_20231120T174831Z_20251215T205946Z_S1A_30_v0.1.png,2025-12-15T20:44:45+00:00,329.926,4.5,30TXR,1,23,4,none,False,transformer_v1_32,high,32,10,2023-11-20,132,2.5,4,best,none,False
southwest_france_flood_2023__2023-12-14__30TXR__transformer_v1_32-10mc,https://hyp3-tibet-jpl-test-contentbucket-hratibh1y9pa.s3.us-west-2.amazonaws.com/d4281a1f-9341-45f5-8863-e8f5047b4397/OPERA_L3_DIST-ALERT-S1_T30TXR_20231129T061703Z_20251215T210213Z_S1A_30_v0.1.zip,s3://hyp3-tibet-jpl-test-contentbucket-hratibh1y9pad4281a1f-9341-45f5-8863-e8f5047b4397/OPERA_L3_DIST-ALERT-S1_T30TXR_20231129T061703Z_20251215T210213Z_S1A_30_v0.1,https://hyp3-tibet-jpl-test-contentbucket-hratibh1y9pa.s3.us-west-2.amazonaws.com/d4281a1f-9341-45f5-8863-e8f5047b4397/OPERA_L3_DIST-ALERT-S1_T30TXR_20231129T061703Z_20251215T210213Z_S1A_30_v0.1.png,2025-12-15T20:44:45+00:00,484.11,4.5,30TXR,1,23,4,none,False,transformer_v1_32,high,32,10,2023-11-29,81,2.5,4,best,none,False
southwest_france_flood_2023__2023-12-14__30TYR__transformer_v1_32-10mc,https://hyp3-tibet-jpl-test-contentbucket-hratibh1y9pa.s3.us-west-2.amazonaws.com/9dd0fa5f-060d-4be3-ab71-1d6534e84693/OPERA_L3_DIST-ALERT-S1_T30TYR_20240119T174818Z_20251215T211027Z_S1A_30_v0.1.zip,s3://hyp3-tibet-jpl-test-contentbucket-hratibh1y9pa9dd0fa5f-060d-4be3-ab71-1d6534e84693/OPERA_L3_DIST-ALERT-S1_T30TYR_20240119T174818Z_20251215T211027Z_S1A_30_v0.1,https://hyp3-tibet-jpl-test-contentbucket-hratibh1y9pa.s3.us-west-2.amazonaws.com/9dd0fa5f-060d-4be3-ab71-1d6534e84693/OPERA_L3_DIST-ALERT-S1_T30TYR_20240119T174818Z_20251215T211027Z_S1A_30_v0.1.png,2025-12-15T20:44:45+00:00,989.295,4.5,30TYR,1,23,4,none,False,transformer_v1_32,high,32,10,2024-01-19,132,2.5,4,best,none,False
southwest_france_flood_2023__2023-12-14__30TXR__transformer_v1_32-10mc,https://hyp3-tibet-jpl-test-contentbucket-hratibh1y9pa.s3.us-west-2.amazonaws.com/cfb87c93-8f2c-49f3-b7b3-2d5e55632bcb/OPERA_L3_DIST-ALERT-S1_T30TXR_20240105T180444Z_20251215T210010Z_S1A_30_v0.1.zip,s3://hyp3-tibet-jpl-test-contentbucket-hratibh1y9pacfb87c93-8f2c-49f3-b7b3-2d5e55632bcb/OPERA_L3_DIST-ALERT-S1_T30TXR_20240105T180444Z_20251215T210010Z_S1A_30_v0.1,https://hyp3-tibet-jpl-test-contentbucket-hratibh1y9pa.s3.us-west-2.amazonaws.com/cfb87c93-8f2c-49f3-b7b3-2d5e55632bcb/OPERA_L3_DIST-ALERT-S1_T30TXR_20240105T180444Z_20251215T210010Z_S1A_30_v0.1.png,2025-12-15T20:44:45+00:00,356.468,4.5,30TXR,1,23,4,none,False,transformer_v1_32,high,32,10,2024-01-05,103,2.5,4,best,none,False
smokehouse_creek_fire_2024__2024-02-26__14SME__transformer_v1_32-10mc,https://hyp3-tibet-jpl-test-contentbucket-hratibh1y9pa.s3.us-west-2.amazonaws.com/101cd2d2-b1b3-47d2-bc13-829b875fefd8/OPERA_L3_DIST-ALERT-S1_T14SME_20240204T124630Z_20251215T205703Z_S1A_30_v0.1.zip,s3://hyp3-tibet-jpl-test-contentbucket-hratibh1y9pa101cd2d2-b1b3-47d2-bc13-829b875fefd8/OPERA_L3_DIST-ALERT-S1_T14SME_20240204T124630Z_20251215T205703Z_S1A_30_v0.1,https://hyp3-tibet-jpl-test-contentbucket-hratibh1y9pa.s3.us-west-2.amazonaws.com/101cd2d2-b1b3-47d2-bc13-829b875fefd8/OPERA_L3_DIST-ALERT-S1_T14SME_20240204T124630Z_20251215T205703Z_S1A_30_v0.1.png,2025-12-15T20:44:45+00:00,173.337,4.5,14SME,1,23,4,none,False,transformer_v1_32,high,32,10,2024-02-04,12,2.5,4,best,none,False
smokehouse_creek_fire_2024__2024-02-26__14SKE__transformer_v1_32-10mc,https://hyp3-tibet-jpl-test-contentbucket-hratibh1y9pa.s3.us-west-2.amazonaws.com/5798ca98-b8f2-4b57-a42a-9c04f65f5976/OPERA_L3_DIST-ALERT-S1_T14SKE_20240304T005324Z_20251215T205951Z_S1A_30_v0.1.zip,s3://hyp3-tibet-jpl-test-contentbucket-hratibh1y9pa5798ca98-b8f2-4b57-a42a-9c04f65f5976/OPERA_L3_DIST-ALERT-S1_T14SKE_20240304T005324Z_20251215T205951Z_S1A_30_v0.1,https://hyp3-tibet-jpl-test-contentbucket-hratibh1y9pa.s3.us-west-2.amazonaws.com/5798ca98-b8f2-4b57-a42a-9c04f65f5976/OPERA_L3_DIST-ALERT-S1_T14SKE_20240304T005324Z_20251215T205951Z_S1A_30_v0.1.png,2025-12-15T20:44:45+00:00,338.897,4.5,14SKE,1,23,4,none,False,transformer_v1_32,high,32,10,2024-03-04,78,2.5,4,best,none,False
brazzaville_flood_and_landslides_2023__2023-12-28__33MWR__transformer_v1_32-10mc,https://hyp3-tibet-jpl-test-contentbucket-hratibh1y9pa.s3.us-west-2.amazonaws.com/d98513d8-bb4e-4ebb-b96f-dc61c09cf7bc/OPERA_L3_DIST-ALERT-S1_T33MWR_20240223T043536Z_20251215T210716Z_S1A_30_v0.1.zip,s3://hyp3-tibet-jpl-test-contentbucket-hratibh1y9pad98513d8-bb4e-4ebb-b96f-dc61c09cf7bc/OPERA_L3_DIST-ALERT-S1_T33MWR_20240223T043536Z_20251215T210716Z_S1A_30_v0.1,https://hyp3-tibet-jpl-test-contentbucket-hratibh1y9pa.s3.us-west-2.amazonaws.com/d98513d8-bb4e-4ebb-b96f-dc61c09cf7bc/OPERA_L3_DIST-ALERT-S1_T33MWR_20240223T043536Z_20251215T210716Z_S1A_30_v0.1.png,2025-12-15T20:44:45+00:00,785.432,4.5,33MWR,1,23,4,none,False,transformer_v1_32,high,32,10,2024-02-23,109,2.5,4,best,none,False
southwest_france_flood_2023__2023-12-14__30TYR__transformer_v1_32-10mc,https://hyp3-tibet-jpl-test-contentbucket-hratibh1y9pa.s3.us-west-2.amazonaws.com/8f070ee6-d6a8-43fa-8971-50c3986ae62f/OPERA_L3_DIST-ALERT-S1_T30TYR_20231211T061703Z_20251215T210200Z_S1A_30_v0.1.zip,s3://hyp3-tibet-jpl-test-contentbucket-hratibh1y9pa8f070ee6-d6a8-43fa-8971-50c3986ae62f/OPERA_L3_DIST-ALERT-S1_T30TYR_20231211T061703Z_20251215T210200Z_S1A_30_v0.1,https://hyp3-tibet-jpl-test-contentbucket-hratibh1y9pa.s3.us-west-2.amazonaws.com/8f070ee6-d6a8-43fa-8971-50c3986ae62f/OPERA_L3_DIST-ALERT-S1_T30TYR_20231211T061703Z_20251215T210200Z_S1A_30_v0.1.png,2025-12-15T20:44:45+00:00,468.498,4.5,30TYR,1,23,4,none,False,transformer_v1_32,high,32,10,2023-12-11,81,2.5,4,best,none,False
southwest_france_flood_2023__2023-12-14__30TXR__transformer_v1_32-10mc,https://hyp3-tibet-jpl-test-contentbucket-hratibh1y9pa.s3.us-west-2.amazonaws.com/4358547f-2b4a-4563-b602-71ae4afd9932/OPERA_L3_DIST-ALERT-S1_T30TXR_20240205T175630Z_20251215T210604Z_S1A_30_v0.1.zip,s3://hyp3-tibet-jpl-test-contentbucket-hratibh1y9pa4358547f-2b4a-4563-b602-71ae4afd9932/OPERA_L3_DIST-ALERT-S1_T30TXR_20240205T175630Z_20251215T210604Z_S1A_30_v0.1,https://hyp3-tibet-jpl-test-contentbucket-hratibh1y9pa.s3.us-west-2.amazonaws.com/4358547f-2b4a-4563-b602-71ae4afd9932/OPERA_L3_DIST-ALERT-S1_T30TXR_20240205T175630Z_20251215T210604Z_S1A_30_v0.1.png,2025-12-15T20:44:45+00:00,714.218,4.5,30TXR,1,23,4,none,False,transformer_v1_32,high,32,10,2024-02-05,30,2.5,4,best,none,False
southwest_france_flood_2023__2023-12-14__30TYR__transformer_v1_32-10mc,https://hyp3-tibet-jpl-test-contentbucket-hratibh1y9pa.s3.us-west-2.amazonaws.com/799ca3cc-a582-43d7-a16a-d7f32788d8d4/OPERA_L3_DIST-ALERT-S1_T30TYR_20240130T060041Z_20251215T210041Z_S1A_30_v0.1.zip,s3://hyp3-tibet-jpl-test-contentbucket-hratibh1y9pa799ca3cc-a582-43d7-a16a-d7f32788d8d4/OPERA_L3_DIST-ALERT-S1_T30TYR_20240130T060041Z_20251215T210041Z_S1A_30_v0.1,https://hyp3-tibet-jpl-test-contentbucket-hratibh1y9pa.s3.us-west-2.amazonaws.com/799ca3cc-a582-43d7-a16a-d7f32788d8d4/OPERA_L3_DIST-ALERT-S1_T30TYR_20240130T060041Z_20251215T210041Z_S1A_30_v0.1.png,2025-12-15T20:44:45+00:00,384.072,4.5,30TYR,1,23,4,none,False,transformer_v1_32,high,32,10,2024-01-30,110,2.5,4,best,none,False
southwest_france_flood_2023__2023-12-14__30TXR__transformer_v1_32-10mc,https://hyp3-tibet-jpl-test-contentbucket-hratibh1y9pa.s3.us-west-2.amazonaws.com/538b1deb-5587-4cdb-9d16-8f459b324167/OPERA_L3_DIST-ALERT-S1_T30TXR_20231130T180446Z_20251215T210026Z_S1A_30_v0.1.zip,s3://hyp3-tibet-jpl-test-contentbucket-hratibh1y9pa538b1deb-5587-4cdb-9d16-8f459b324167/OPERA_L3_DIST-ALERT-S1_T30TXR_20231130T180446Z_20251215T210026Z_S1A_30_v0.1,https://hyp3-tibet-jpl-test-contentbucket-hratibh1y9pa.s3.us-west-2.amazonaws.com/538b1deb-5587-4cdb-9d16-8f459b324167/OPERA_L3_DIST-ALERT-S1_T30TXR_20231130T180446Z_20251215T210026Z_S1A_30_v0.1.png,2025-12-15T20:44:45+00:00,364.517,4.5,30TXR,1,23,4,none,False,transformer_v1_32,high,32,10,2023-11-30,103,2.5,4,best,none,False
monkey_creek_fire_2024__2024-07-18__11TLK__transformer_v1_32-10mc,https://hyp3-tibet-jpl-test-contentbucket-hratibh1y9pa.s3.us-west-2.amazonaws.com/830bedf7-e79c-4b0c-9907-2ff7ae72958c/OPERA_L3_DIST-ALERT-S1_T11TLK_20240909T140624Z_20251215T210318Z_S1A_30_v0.1.zip,s3://hyp3-tibet-jpl-test-contentbucket-hratibh1y9pa830bedf7-e79c-4b0c-9907-2ff7ae72958c/OPERA_L3_DIST-ALERT-S1_T11TLK_20240909T140624Z_20251215T210318Z_S1A_30_v0.1,https://hyp3-tibet-jpl-test-contentbucket-hratibh1y9pa.s3.us-west-2.amazonaws.com/830bedf7-e79c-4b0c-9907-2ff7ae72958c/OPERA_L3_DIST-ALERT-S1_T11TLK_20240909T140624Z_20251215T210318Z_S1A_30_v0.1.png,2025-12-15T20:44:45+00:00,546.747,4.5,11TLK,1,23,4,none,False,transformer_v1_32,high,32,10,2024-09-09,42,2.5,4,best,none,False
smokehouse_creek_fire_2024__2024-02-26__14SKE__transformer_v1_32-10mc,https://hyp3-tibet-jpl-test-contentbucket-hratibh1y9pa.s3.us-west-2.amazonaws.com/b9925f81-9002-4514-83d6-1cc39e23a414/OPERA_L3_DIST-ALERT-S1_T14SKE_20240128T005324Z_20251215T210010Z_S1A_30_v0.1.zip,s3://hyp3-tibet-jpl-test-contentbucket-hratibh1y9pab9925f81-9002-4514-83d6-1cc39e23a414/OPERA_L3_DIST-ALERT-S1_T14SKE_20240128T005324Z_20251215T210010Z_S1A_30_v0.1,https://hyp3-tibet-jpl-test-contentbucket-hratibh1y9pa.s3.us-west-2.amazonaws.com/b9925f81-9002-4514-83d6-1cc39e23a414/OPERA_L3_DIST-ALERT-S1_T14SKE_20240128T005324Z_20251215T210010Z_S1A_30_v0.1.png,2025-12-15T20:44:45+00:00,352.832,4.5,14SKE,1,23,4,none,False,transformer_v1_32,high,32,10,2024-01-28,78,2.5,4,best,none,False
monkey_creek_fire_2024__2024-07-18__10TGQ__transformer_v1_32-10mc,https://hyp3-tibet-jpl-test-contentbucket-hratibh1y9pa.s3.us-west-2.amazonaws.com/c84577e5-8183-4ac3-b873-f0f9f40df5b9/OPERA_L3_DIST-ALERT-S1_T10TGQ_20240904T020142Z_20251215T210008Z_S1A_30_v0.1.zip,s3://hyp3-tibet-jpl-test-contentbucket-hratibh1y9pac84577e5-8183-4ac3-b873-f0f9f40df5b9/OPERA_L3_DIST-ALERT-S1_T10TGQ_20240904T020142Z_20251215T210008Z_S1A_30_v0.1,https://hyp3-tibet-jpl-test-contentbucket-hratibh1y9pa.s3.us-west-2.amazonaws.com/c84577e5-8183-4ac3-b873-f0f9f40df5b9/OPERA_L3_DIST-ALERT-S1_T10TGQ_20240904T020142Z_20251215T210008Z_S1A_30_v0.1.png,2025-12-15T20:44:45+00:00,350.494,4.5,10TGQ,1,23,4,none,False,transformer_v1_32,high,32,10,2024-09-04,137,2.5,4,best,none,False
smokehouse_creek_fire_2024__2024-02-26__14SKE__transformer_v1_32-10mc,https://hyp3-tibet-jpl-test-contentbucket-hratibh1y9pa.s3.us-west-2.amazonaws.com/a0a8fdaf-00ea-428d-b902-20685aed956f/OPERA_L3_DIST-ALERT-S1_T14SKE_20240323T124634Z_20251215T210244Z_S1A_30_v0.1.zip,s3://hyp3-tibet-jpl-test-contentbucket-hratibh1y9paa0a8fdaf-00ea-428d-b902-20685aed956f/OPERA_L3_DIST-ALERT-S1_T14SKE_20240323T124634Z_20251215T210244Z_S1A_30_v0.1,https://hyp3-tibet-jpl-test-contentbucket-hratibh1y9pa.s3.us-west-2.amazonaws.com/a0a8fdaf-00ea-428d-b902-20685aed956f/OPERA_L3_DIST-ALERT-S1_T14SKE_20240323T124634Z_20251215T210244Z_S1A_30_v0.1.png,2025-12-15T20:44:45+00:00,514.466,4.5,14SKE,1,23,4,none,False,transformer_v1_32,high,32,10,2024-03-23,12,2.5,4,best,none,False
smokehouse_creek_fire_2024__2024-02-26__14SKE__transformer_v1_32-10mc,https://hyp3-tibet-jpl-test-contentbucket-hratibh1y9pa.s3.us-west-2.amazonaws.com/8f48a490-91a1-48cf-9686-39cdd5f393b3/OPERA_L3_DIST-ALERT-S1_T14SKE_20240304T125445Z_20251215T210046Z_S1A_30_v0.1.zip,s3://hyp3-tibet-jpl-test-contentbucket-hratibh1y9pa8f48a490-91a1-48cf-9686-39cdd5f393b3/OPERA_L3_DIST-ALERT-S1_T14SKE_20240304T125445Z_20251215T210046Z_S1A_30_v0.1,https://hyp3-tibet-jpl-test-contentbucket-hratibh1y9pa.s3.us-west-2.amazonaws.com/8f48a490-91a1-48cf-9686-39cdd5f393b3/OPERA_L3_DIST-ALERT-S1_T14SKE_20240304T125445Z_20251215T210046Z_S1A_30_v0.1.png,2025-12-15T20:44:45+00:00,391.159,4.5,14SKE,1,23,4,none,False,transformer_v1_32,high,32,10,2024-03-04,85,2.5,4,best,none,False
southwest_france_flood_2023__2023-12-14__30TYR__transformer_v1_32-10mc,https://hyp3-tibet-jpl-test-contentbucket-hratibh1y9pa.s3.us-west-2.amazonaws.com/3fa35673-683b-47cb-a385-768ecfc12100/OPERA_L3_DIST-ALERT-S1_T30TYR_20240204T060848Z_20251215T211002Z_S1A_30_v0.1.zip,s3://hyp3-tibet-jpl-test-contentbucket-hratibh1y9pa3fa35673-683b-47cb-a385-768ecfc12100/OPERA_L3_DIST-ALERT-S1_T30TYR_20240204T060848Z_20251215T211002Z_S1A_30_v0.1,https://hyp3-tibet-jpl-test-contentbucket-hratibh1y9pa.s3.us-west-2.amazonaws.com/3fa35673-683b-47cb-a385-768ecfc12100/OPERA_L3_DIST-ALERT-S1_T30TYR_20240204T060848Z_20251215T211002Z_S1A_30_v0.1.png,2025-12-15T20:44:45+00:00,952.138,4.5,30TYR,1,23,4,none,False,transformer_v1_32,high,32,10,2024-02-04,8,2.5,4,best,none,False
brazzaville_flood_and_landslides_2023__2023-12-28__33MWR__transformer_v1_32-10mc,https://hyp3-tibet-jpl-test-contentbucket-hratibh1y9pa.s3.us-west-2.amazonaws.com/d3685ab7-7a1a-4ae9-a34a-a2f0739730c1/OPERA_L3_DIST-ALERT-S1_T33MWR_20240216T044345Z_20251215T210055Z_S1A_30_v0.1.zip,s3://hyp3-tibet-jpl-test-contentbucket-hratibh1y9pad3685ab7-7a1a-4ae9-a34a-a2f0739730c1/OPERA_L3_DIST-ALERT-S1_T33MWR_20240216T044345Z_20251215T210055Z_S1A_30_v0.1,https://hyp3-tibet-jpl-test-contentbucket-hratibh1y9pa.s3.us-west-2.amazonaws.com/d3685ab7-7a1a-4ae9-a34a-a2f0739730c1/OPERA_L3_DIST-ALERT-S1_T33MWR_20240216T044345Z_20251215T210055Z_S1A_30_v0.1.png,2025-12-15T20:44:45+00:00,398.352,4.5,33MWR,1,23,4,none,False,transformer_v1_32,high,32,10,2024-02-16,7,2.5,4,best,none,False
brazzaville_flood_and_landslides_2023__2023-12-28__33MWR__transformer_v1_32-10mc,https://hyp3-tibet-jpl-test-contentbucket-hratibh1y9pa.s3.us-west-2.amazonaws.com/884d7821-faed-4283-a99d-e5e3cca54924/OPERA_L3_DIST-ALERT-S1_T33MWR_20231225T043538Z_20251215T210724Z_S1A_30_v0.1.zip,s3://hyp3-tibet-jpl-test-contentbucket-hratibh1y9pa884d7821-faed-4283-a99d-e5e3cca54924/OPERA_L3_DIST-ALERT-S1_T33MWR_20231225T043538Z_20251215T210724Z_S1A_30_v0.1,https://hyp3-tibet-jpl-test-contentbucket-hratibh1y9pa.s3.us-west-2.amazonaws.com/884d7821-faed-4283-a99d-e5e3cca54924/OPERA_L3_DIST-ALERT-S1_T33MWR_20231225T043538Z_20251215T210724Z_S1A_30_v0.1.png,2025-12-15T20:44:45+00:00,792.176,4.5,33MWR,1,23,4,none,False,transformer_v1_32,high,32,10,2023-12-25,109,2.5,4,best,none,False
smokehouse_creek_fire_2024__2024-02-26__14SME__transformer_v1_32-10mc,https://hyp3-tibet-jpl-test-contentbucket-hratibh1y9pa.s3.us-west-2.amazonaws.com/87db00be-d51e-4e63-8cab-cf2002d434d0/OPERA_L3_DIST-ALERT-S1_T14SME_20240223T003658Z_20251215T210804Z_S1A_30_v0.1.zip,s3://hyp3-tibet-jpl-test-contentbucket-hratibh1y9pa87db00be-d51e-4e63-8cab-cf2002d434d0/OPERA_L3_DIST-ALERT-S1_T14SME_20240223T003658Z_20251215T210804Z_S1A_30_v0.1,https://hyp3-tibet-jpl-test-contentbucket-hratibh1y9pa.s3.us-west-2.amazonaws.com/87db00be-d51e-4e63-8cab-cf2002d434d0/OPERA_L3_DIST-ALERT-S1_T14SME_20240223T003658Z_20251215T210804Z_S1A_30_v0.1.png,2025-12-15T20:44:45+00:00,838.424,4.5,14SME,1,23,4,none,False,transformer_v1_32,high,32,10,2024-02-23,107,2.5,4,best,none,False
chile_fire_2024__2024-02-04__19HBD__transformer_v1_32-10mc,https://hyp3-tibet-jpl-test-contentbucket-hratibh1y9pa.s3.us-west-2.amazonaws.com/4289269e-b30b-45bc-bfa7-9790913906e4/OPERA_L3_DIST-ALERT-S1_T19HBD_20240323T232836Z_20251215T210802Z_S1A_30_v0.1.zip,s3://hyp3-tibet-jpl-test-contentbucket-hratibh1y9pa4289269e-b30b-45bc-bfa7-9790913906e4/OPERA_L3_DIST-ALERT-S1_T19HBD_20240323T232836Z_20251215T210802Z_S1A_30_v0.1,https://hyp3-tibet-jpl-test-contentbucket-hratibh1y9pa.s3.us-west-2.amazonaws.com/4289269e-b30b-45bc-bfa7-9790913906e4/OPERA_L3_DIST-ALERT-S1_T19HBD_20240323T232836Z_20251215T210802Z_S1A_30_v0.1.png,2025-12-15T20:44:45+00:00,827.004,4.5,19HBD,1,23,4,none,False,transformer_v1_32,high,32,10,2024-03-23,18,2.5,4,best,none,False
smokehouse_creek_fire_2024__2024-02-26__14SKE__transformer_v1_32-10mc,https://hyp3-tibet-jpl-test-contentbucket-hratibh1y9pa.s3.us-west-2.amazonaws.com/def80c63-f92f-4520-9d2f-e3774320fff9/OPERA_L3_DIST-ALERT-S1_T14SKE_20240404T124635Z_20251215T210233Z_S1A_30_v0.1.zip,s3://hyp3-tibet-jpl-test-contentbucket-hratibh1y9padef80c63-f92f-4520-9d2f-e3774320fff9/OPERA_L3_DIST-ALERT-S1_T14SKE_20240404T124635Z_20251215T210233Z_S1A_30_v0.1,https://hyp3-tibet-jpl-test-contentbucket-hratibh1y9pa.s3.us-west-2.amazonaws.com/def80c63-f92f-4520-9d2f-e3774320fff9/OPERA_L3_DIST-ALERT-S1_T14SKE_20240404T124635Z_20251215T210233Z_S1A_30_v0.1.png,2025-12-15T20:44:45+00:00,502.807,4.5,14SKE,1,23,4,none,False,transformer_v1_32,high,32,10,2024-04-04,12,2.5,4,best,none,False
tlacotalpan_flood_2024__2024-10-29__14QRF__transformer_v1_32-10mc,https://hyp3-tibet-jpl-test-contentbucket-hratibh1y9pa.s3.us-west-2.amazonaws.com/cc49331a-bab6-4d07-ad22-af3dcfff7d2c/OPERA_L3_DIST-ALERT-S1_T14QRF_20241029T121821Z_20251215T210655Z_S1A_30_v0.1.zip,s3://hyp3-tibet-jpl-test-contentbucket-hratibh1y9pacc49331a-bab6-4d07-ad22-af3dcfff7d2c/OPERA_L3_DIST-ALERT-S1_T14QRF_20241029T121821Z_20251215T210655Z_S1A_30_v0.1,https://hyp3-tibet-jpl-test-contentbucket-hratibh1y9pa.s3.us-west-2.amazonaws.com/cc49331a-bab6-4d07-ad22-af3dcfff7d2c/OPERA_L3_DIST-ALERT-S1_T14QRF_20241029T121821Z_20251215T210655Z_S1A_30_v0.1.png,2025-12-15T20:44:45+00:00,766.99,4.5,14QRF,1,23,4,none,False,transformer_v1_32,high,32,10,2024-10-29,70,2.5,4,best,none,False
monkey_creek_fire_2024__2024-07-18__10TGQ__transformer_v1_32-10mc,https://hyp3-tibet-jpl-test-contentbucket-hratibh1y9pa.s3.us-west-2.amazonaws.com/ec13f5c7-2948-48db-bdd5-98d5e4b1ae8f/OPERA_L3_DIST-ALERT-S1_T10TGQ_20240622T141431Z_20251215T210041Z_S1A_30_v0.1.zip,s3://hyp3-tibet-jpl-test-contentbucket-hratibh1y9paec13f5c7-2948-48db-bdd5-98d5e4b1ae8f/OPERA_L3_DIST-ALERT-S1_T10TGQ_20240622T141431Z_20251215T210041Z_S1A_30_v0.1,https://hyp3-tibet-jpl-test-contentbucket-hratibh1y9pa.s3.us-west-2.amazonaws.com/ec13f5c7-2948-48db-bdd5-98d5e4b1ae8f/OPERA_L3_DIST-ALERT-S1_T10TGQ_20240622T141431Z_20251215T210041Z_S1A_30_v0.1.png,2025-12-15T20:44:45+00:00,383.417,4.5,10TGQ,1,23,4,none,False,transformer_v1_32,high,32,10,2024-06-22,115,2.5,4,best,none,False
southwest_france_flood_2023__2023-12-14__30TYR__transformer_v1_32-10mc,https://hyp3-tibet-jpl-test-contentbucket-hratibh1y9pa.s3.us-west-2.amazonaws.com/829edab9-d2d6-448c-9ef2-352e3564b977/OPERA_L3_DIST-ALERT-S1_T30TYR_20240209T061700Z_20251215T210011Z_S1A_30_v0.1.zip,s3://hyp3-tibet-jpl-test-contentbucket-hratibh1y9pa829edab9-d2d6-448c-9ef2-352e3564b977/OPERA_L3_DIST-ALERT-S1_T30TYR_20240209T061700Z_20251215T210011Z_S1A_30_v0.1,https://hyp3-tibet-jpl-test-contentbucket-hratibh1y9pa.s3.us-west-2.amazonaws.com/829edab9-d2d6-448c-9ef2-352e3564b977/OPERA_L3_DIST-ALERT-S1_T30TYR_20240209T061700Z_20251215T210011Z_S1A_30_v0.1.png,2025-12-15T20:44:45+00:00,355.021,4.5,30TYR,1,23,4,none,False,transformer_v1_32,high,32,10,2024-02-09,81,2.5,4,best,none,False
southwest_france_flood_2023__2023-12-14__30TYR__transformer_v1_32-10mc,https://hyp3-tibet-jpl-test-contentbucket-hratibh1y9pa.s3.us-west-2.amazonaws.com/971f4923-3c9d-43ea-96d2-de8adf3eb4ae/OPERA_L3_DIST-ALERT-S1_T30TYR_20231214T174820Z_20251215T210806Z_S1A_30_v0.1.zip,s3://hyp3-tibet-jpl-test-contentbucket-hratibh1y9pa971f4923-3c9d-43ea-96d2-de8adf3eb4ae/OPERA_L3_DIST-ALERT-S1_T30TYR_20231214T174820Z_20251215T210806Z_S1A_30_v0.1,https://hyp3-tibet-jpl-test-contentbucket-hratibh1y9pa.s3.us-west-2.amazonaws.com/971f4923-3c9d-43ea-96d2-de8adf3eb4ae/OPERA_L3_DIST-ALERT-S1_T30TYR_20231214T174820Z_20251215T210806Z_S1A_30_v0.1.png,2025-12-15T20:44:45+00:00,846.689,4.5,30TYR,1,23,4,none,False,transformer_v1_32,high,32,10,2023-12-14,132,2.5,4,best,none,False
smokehouse_creek_fire_2024__2024-02-26__14SKE__transformer_v1_32-10mc,https://hyp3-tibet-jpl-test-contentbucket-hratibh1y9pa.s3.us-west-2.amazonaws.com/d00df886-5a35-48e5-8ad1-2f047cb06379/OPERA_L3_DIST-ALERT-S1_T14SKE_20240421T005325Z_20251215T210007Z_S1A_30_v0.1.zip,s3://hyp3-tibet-jpl-test-contentbucket-hratibh1y9pad00df886-5a35-48e5-8ad1-2f047cb06379/OPERA_L3_DIST-ALERT-S1_T14SKE_20240421T005325Z_20251215T210007Z_S1A_30_v0.1,https://hyp3-tibet-jpl-test-contentbucket-hratibh1y9pa.s3.us-west-2.amazonaws.com/d00df886-5a35-48e5-8ad1-2f047cb06379/OPERA_L3_DIST-ALERT-S1_T14SKE_20240421T005325Z_20251215T210007Z_S1A_30_v0.1.png,2025-12-15T20:44:45+00:00,351.286,4.5,14SKE,1,23,4,none,False,transformer_v1_32,high,32,10,2024-04-21,78,2.5,4,best,none,False
brazzaville_flood_and_landslides_2023__2023-12-28__33MWR__transformer_v1_32-10mc,https://hyp3-tibet-jpl-test-contentbucket-hratibh1y9pa.s3.us-west-2.amazonaws.com/966af4af-eadc-458c-bf0f-772b48821928/OPERA_L3_DIST-ALERT-S1_T33MWR_20231230T044347Z_20251215T210025Z_S1A_30_v0.1.zip,s3://hyp3-tibet-jpl-test-contentbucket-hratibh1y9pa966af4af-eadc-458c-bf0f-772b48821928/OPERA_L3_DIST-ALERT-S1_T33MWR_20231230T044347Z_20251215T210025Z_S1A_30_v0.1,https://hyp3-tibet-jpl-test-contentbucket-hratibh1y9pa.s3.us-west-2.amazonaws.com/966af4af-eadc-458c-bf0f-772b48821928/OPERA_L3_DIST-ALERT-S1_T33MWR_20231230T044347Z_20251215T210025Z_S1A_30_v0.1.png,2025-12-15T20:44:45+00:00,367.651,4.5,33MWR,1,23,4,none,False,transformer_v1_32,high,32,10,2023-12-30,7,2.5,4,best,none,False
smokehouse_creek_fire_2024__2024-02-26__14SLE__transformer_v1_32-10mc,https://hyp3-tibet-jpl-test-contentbucket-hratibh1y9pa.s3.us-west-2.amazonaws.com/fb82fb5f-ca69-4b98-bfe1-4786e1bdffdf/OPERA_L3_DIST-ALERT-S1_T14SLE_20240323T124630Z_20251215T210307Z_S1A_30_v0.1.zip,s3://hyp3-tibet-jpl-test-contentbucket-hratibh1y9pafb82fb5f-ca69-4b98-bfe1-4786e1bdffdf/OPERA_L3_DIST-ALERT-S1_T14SLE_20240323T124630Z_20251215T210307Z_S1A_30_v0.1,https://hyp3-tibet-jpl-test-contentbucket-hratibh1y9pa.s3.us-west-2.amazonaws.com/fb82fb5f-ca69-4b98-bfe1-4786e1bdffdf/OPERA_L3_DIST-ALERT-S1_T14SLE_20240323T124630Z_20251215T210307Z_S1A_30_v0.1.png,2025-12-15T20:44:45+00:00,548.684,4.5,14SLE,1,23,4,none,False,transformer_v1_32,high,32,10,2024-03-23,12,2.5,4,best,none,False
monkey_creek_fire_2024__2024-07-18__10TGQ__transformer_v1_32-10mc,https://hyp3-tibet-jpl-test-contentbucket-hratibh1y9pa.s3.us-west-2.amazonaws.com/8959711c-efa2-4055-b5c4-9243d34c9c14/OPERA_L3_DIST-ALERT-S1_T10TGQ_20240730T020142Z_20251215T210019Z_S1A_30_v0.1.zip,s3://hyp3-tibet-jpl-test-contentbucket-hratibh1y9pa8959711c-efa2-4055-b5c4-9243d34c9c14/OPERA_L3_DIST-ALERT-S1_T10TGQ_20240730T020142Z_20251215T210019Z_S1A_30_v0.1,https://hyp3-tibet-jpl-test-contentbucket-hratibh1y9pa.s3.us-west-2.amazonaws.com/8959711c-efa2-4055-b5c4-9243d34c9c14/OPERA_L3_DIST-ALERT-S1_T10TGQ_20240730T020142Z_20251215T210019Z_S1A_30_v0.1.png,2025-12-15T20:44:45+00:00,359.159,4.5,10TGQ,1,23,4,none,False,transformer_v1_32,high,32,10,2024-07-30,137,2.5,4,best,none,False
southwest_france_flood_2023__2023-12-14__30TYR__transformer_v1_32-10mc,https://hyp3-tibet-jpl-test-contentbucket-hratibh1y9pa.s3.us-west-2.amazonaws.com/3908c410-db4c-4cd0-86b7-dba5cfb581c3/OPERA_L3_DIST-ALERT-S1_T30TYR_20231218T060850Z_20251215T211008Z_S1A_30_v0.1.zip,s3://hyp3-tibet-jpl-test-contentbucket-hratibh1y9pa3908c410-db4c-4cd0-86b7-dba5cfb581c3/OPERA_L3_DIST-ALERT-S1_T30TYR_20231218T060850Z_20251215T211008Z_S1A_30_v0.1,https://hyp3-tibet-jpl-test-contentbucket-hratibh1y9pa.s3.us-west-2.amazonaws.com/3908c410-db4c-4cd0-86b7-dba5cfb581c3/OPERA_L3_DIST-ALERT-S1_T30TYR_20231218T060850Z_20251215T211008Z_S1A_30_v0.1.png,2025-12-15T20:44:45+00:00,956.048,4.5,30TYR,1,23,4,none,False,transformer_v1_32,high,32,10,2023-12-18,8,2.5,4,best,none,False
smokehouse_creek_fire_2024__2024-02-26__14SKE__transformer_v1_32-10mc,https://hyp3-tibet-jpl-test-contentbucket-hratibh1y9pa.s3.us-west-2.amazonaws.com/a501b990-bf31-4828-9fbd-ba9cfe95de18/OPERA_L3_DIST-ALERT-S1_T14SKE_20240204T124634Z_20251215T210042Z_S1A_30_v0.1.zip,s3://hyp3-tibet-jpl-test-contentbucket-hratibh1y9paa501b990-bf31-4828-9fbd-ba9cfe95de18/OPERA_L3_DIST-ALERT-S1_T14SKE_20240204T124634Z_20251215T210042Z_S1A_30_v0.1,https://hyp3-tibet-jpl-test-contentbucket-hratibh1y9pa.s3.us-west-2.amazonaws.com/a501b990-bf31-4828-9fbd-ba9cfe95de18/OPERA_L3_DIST-ALERT-S1_T14SKE_20240204T124634Z_20251215T210042Z_S1A_30_v0.1.png,2025-12-15T20:44:45+00:00,394.096,4.5,14SKE,1,23,4,none,False,transformer_v1_32,high,32,10,2024-02-04,12,2.5,4,best,none,False
smokehouse_creek_fire_2024__2024-02-26__14SLE__transformer_v1_32-10mc,https://hyp3-tibet-jpl-test-contentbucket-hratibh1y9pa.s3.us-west-2.amazonaws.com/8be9b5eb-e8f0-479d-967b-aa9757aaab26/OPERA_L3_DIST-ALERT-S1_T14SLE_20240330T003703Z_20251215T210041Z_S1A_30_v0.1.zip,s3://hyp3-tibet-jpl-test-contentbucket-hratibh1y9pa8be9b5eb-e8f0-479d-967b-aa9757aaab26/OPERA_L3_DIST-ALERT-S1_T14SLE_20240330T003703Z_20251215T210041Z_S1A_30_v0.1,https://hyp3-tibet-jpl-test-contentbucket-hratibh1y9pa.s3.us-west-2.amazonaws.com/8be9b5eb-e8f0-479d-967b-aa9757aaab26/OPERA_L3_DIST-ALERT-S1_T14SLE_20240330T003703Z_20251215T210041Z_S1A_30_v0.1.png,2025-12-15T20:44:45+00:00,391.7,4.5,14SLE,1,23,4,none,False,transformer_v1_32,high,32,10,2024-03-30,107,2.5,4,best,none,False
southwest_france_flood_2023__2023-12-14__30TYR__transformer_v1_32-10mc,https://hyp3-tibet-jpl-test-contentbucket-hratibh1y9pa.s3.us-west-2.amazonaws.com/f0444834-9c46-47af-b468-5e848be4e812/OPERA_L3_DIST-ALERT-S1_T30TYR_20231117T061704Z_20251215T210043Z_S1A_30_v0.1.zip,s3://hyp3-tibet-jpl-test-contentbucket-hratibh1y9paf0444834-9c46-47af-b468-5e848be4e812/OPERA_L3_DIST-ALERT-S1_T30TYR_20231117T061704Z_20251215T210043Z_S1A_30_v0.1,https://hyp3-tibet-jpl-test-contentbucket-hratibh1y9pa.s3.us-west-2.amazonaws.com/f0444834-9c46-47af-b468-5e848be4e812/OPERA_L3_DIST-ALERT-S1_T30TYR_20231117T061704Z_20251215T210043Z_S1A_30_v0.1.png,2025-12-15T20:44:45+00:00,388.996,4.5,30TYR,1,23,4,none,False,transformer_v1_32,high,32,10,2023-11-17,81,2.5,4,best,none,False
southwest_france_flood_2023__2023-12-14__30TYR__transformer_v1_32-10mc,https://hyp3-tibet-jpl-test-contentbucket-hratibh1y9pa.s3.us-west-2.amazonaws.com/cbaa7f25-5848-45f0-a991-87087daa3a7f/OPERA_L3_DIST-ALERT-S1_T30TYR_20240104T061701Z_20251215T210022Z_S1A_30_v0.1.zip,s3://hyp3-tibet-jpl-test-contentbucket-hratibh1y9pacbaa7f25-5848-45f0-a991-87087daa3a7f/OPERA_L3_DIST-ALERT-S1_T30TYR_20240104T061701Z_20251215T210022Z_S1A_30_v0.1,https://hyp3-tibet-jpl-test-contentbucket-hratibh1y9pa.s3.us-west-2.amazonaws.com/cbaa7f25-5848-45f0-a991-87087daa3a7f/OPERA_L3_DIST-ALERT-S1_T30TYR_20240104T061701Z_20251215T210022Z_S1A_30_v0.1.png,2025-12-15T20:44:45+00:00,361.923,4.5,30TYR,1,23,4,none,False,transformer_v1_32,high,32,10,2024-01-04,81,2.5,4,best,none,False
smokehouse_creek_fire_2024__2024-02-26__14SKE__transformer_v1_32-10mc,https://hyp3-tibet-jpl-test-contentbucket-hratibh1y9pa.s3.us-west-2.amazonaws.com/11dc8084-1414-4c30-8da6-f58d42cb330f/OPERA_L3_DIST-ALERT-S1_T14SKE_20240221T005323Z_20251215T210008Z_S1A_30_v0.1.zip,s3://hyp3-tibet-jpl-test-contentbucket-hratibh1y9pa11dc8084-1414-4c30-8da6-f58d42cb330f/OPERA_L3_DIST-ALERT-S1_T14SKE_20240221T005323Z_20251215T210008Z_S1A_30_v0.1,https://hyp3-tibet-jpl-test-contentbucket-hratibh1y9pa.s3.us-west-2.amazonaws.com/11dc8084-1414-4c30-8da6-f58d42cb330f/OPERA_L3_DIST-ALERT-S1_T14SKE_20240221T005323Z_20251215T210008Z_S1A_30_v0.1.png,2025-12-15T20:44:45+00:00,349.188,4.5,14SKE,1,23,4,none,False,transformer_v1_32,high,32,10,2024-02-21,78,2.5,4,best,none,False
southwest_france_flood_2023__2023-12-14__30TYR__transformer_v1_32-10mc,https://hyp3-tibet-jpl-test-contentbucket-hratibh1y9pa.s3.us-west-2.amazonaws.com/bc2f94f6-9ddd-41cf-8152-bc2e4cfe4d03/OPERA_L3_DIST-ALERT-S1_T30TYR_20231125T175631Z_20251215T210830Z_S1A_30_v0.1.zip,s3://hyp3-tibet-jpl-test-contentbucket-hratibh1y9pabc2f94f6-9ddd-41cf-8152-bc2e4cfe4d03/OPERA_L3_DIST-ALERT-S1_T30TYR_20231125T175631Z_20251215T210830Z_S1A_30_v0.1,https://hyp3-tibet-jpl-test-contentbucket-hratibh1y9pa.s3.us-west-2.amazonaws.com/bc2f94f6-9ddd-41cf-8152-bc2e4cfe4d03/OPERA_L3_DIST-ALERT-S1_T30TYR_20231125T175631Z_20251215T210830Z_S1A_30_v0.1.png,2025-12-15T20:44:45+00:00,862.206,4.5,30TYR,1,23,4,none,False,transformer_v1_32,high,32,10,2023-11-25,30,2.5,4,best,none,False
smokehouse_creek_fire_2024__2024-02-26__14SKE__transformer_v1_32-10mc,https://hyp3-tibet-jpl-test-contentbucket-hratibh1y9pa.s3.us-west-2.amazonaws.com/b3d273c5-c33a-4990-beb5-af1f08fdb893/OPERA_L3_DIST-ALERT-S1_T14SKE_20240328T005324Z_20251215T205947Z_S1A_30_v0.1.zip,s3://hyp3-tibet-jpl-test-contentbucket-hratibh1y9pab3d273c5-c33a-4990-beb5-af1f08fdb893/OPERA_L3_DIST-ALERT-S1_T14SKE_20240328T005324Z_20251215T205947Z_S1A_30_v0.1,https://hyp3-tibet-jpl-test-contentbucket-hratibh1y9pa.s3.us-west-2.amazonaws.com/b3d273c5-c33a-4990-beb5-af1f08fdb893/OPERA_L3_DIST-ALERT-S1_T14SKE_20240328T005324Z_20251215T205947Z_S1A_30_v0.1.png,2025-12-15T20:44:45+00:00,332.78,4.5,14SKE,1,23,4,none,False,transformer_v1_32,high,32,10,2024-03-28,78,2.5,4,best,none,False
smokehouse_creek_fire_2024__2024-02-26__14SLE__transformer_v1_32-10mc,https://hyp3-tibet-jpl-test-contentbucket-hratibh1y9pa.s3.us-west-2.amazonaws.com/06fc6b98-9560-48be-8ef9-f0d2014c121b/OPERA_L3_DIST-ALERT-S1_T14SLE_20240423T003704Z_20251215T210028Z_S1A_30_v0.1.zip,s3://hyp3-tibet-jpl-test-contentbucket-hratibh1y9pa06fc6b98-9560-48be-8ef9-f0d2014c121b/OPERA_L3_DIST-ALERT-S1_T14SLE_20240423T003704Z_20251215T210028Z_S1A_30_v0.1,https://hyp3-tibet-jpl-test-contentbucket-hratibh1y9pa.s3.us-west-2.amazonaws.com/06fc6b98-9560-48be-8ef9-f0d2014c121b/OPERA_L3_DIST-ALERT-S1_T14SLE_20240423T003704Z_20251215T210028Z_S1A_30_v0.1.png,2025-12-15T20:44:45+00:00,377.218,4.5,14SLE,1,23,4,none,False,transformer_v1_32,high,32,10,2024-04-23,107,2.5,4,best,none,False
tlacotalpan_flood_2024__2024-10-29__14QRF__transformer_v1_32-10mc,https://hyp3-tibet-jpl-test-contentbucket-hratibh1y9pa.s3.us-west-2.amazonaws.com/a9d0993e-130c-41a3-8d42-50d3a5c7492b/OPERA_L3_DIST-ALERT-S1_T14QRF_20241204T121819Z_20251215T210746Z_S1A_30_v0.1.zip,s3://hyp3-tibet-jpl-test-contentbucket-hratibh1y9paa9d0993e-130c-41a3-8d42-50d3a5c7492b/OPERA_L3_DIST-ALERT-S1_T14QRF_20241204T121819Z_20251215T210746Z_S1A_30_v0.1,https://hyp3-tibet-jpl-test-contentbucket-hratibh1y9pa.s3.us-west-2.amazonaws.com/a9d0993e-130c-41a3-8d42-50d3a5c7492b/OPERA_L3_DIST-ALERT-S1_T14QRF_20241204T121819Z_20251215T210746Z_S1A_30_v0.1.png,2025-12-15T20:44:45+00:00,817.628,4.5,14QRF,1,23,4,none,False,transformer_v1_32,high,32,10,2024-12-04,70,2.5,4,best,none,False
southwest_france_flood_2023__2023-12-14__30TYR__transformer_v1_32-10mc,https://hyp3-tibet-jpl-test-contentbucket-hratibh1y9pa.s3.us-west-2.amazonaws.com/bfbf6f38-d79c-4d15-ad10-0a0833eb14ee/OPERA_L3_DIST-ALERT-S1_T30TYR_20231231T175630Z_20251215T210837Z_S1A_30_v0.1.zip,s3://hyp3-tibet-jpl-test-contentbucket-hratibh1y9pabfbf6f38-d79c-4d15-ad10-0a0833eb14ee/OPERA_L3_DIST-ALERT-S1_T30TYR_20231231T175630Z_20251215T210837Z_S1A_30_v0.1,https://hyp3-tibet-jpl-test-contentbucket-hratibh1y9pa.s3.us-west-2.amazonaws.com/bfbf6f38-d79c-4d15-ad10-0a0833eb14ee/OPERA_L3_DIST-ALERT-S1_T30TYR_20231231T175630Z_20251215T210837Z_S1A_30_v0.1.png,2025-12-15T20:44:45+00:00,864.109,4.5,30TYR,1,23,4,none,False,transformer_v1_32,high,32,10,2023-12-31,30,2.5,4,best,none,False
southwest_france_flood_2023__2023-12-14__30TXR__transformer_v1_32-10mc,https://hyp3-tibet-jpl-test-contentbucket-hratibh1y9pa.s3.us-west-2.amazonaws.com/6d5522f2-3495-4c48-8ec5-e0d3cfefe4f8/OPERA_L3_DIST-ALERT-S1_T30TXR_20231230T060852Z_20251215T210747Z_S1A_30_v0.1.zip,s3://hyp3-tibet-jpl-test-contentbucket-hratibh1y9pa6d5522f2-3495-4c48-8ec5-e0d3cfefe4f8/OPERA_L3_DIST-ALERT-S1_T30TXR_20231230T060852Z_20251215T210747Z_S1A_30_v0.1,https://hyp3-tibet-jpl-test-contentbucket-hratibh1y9pa.s3.us-west-2.amazonaws.com/6d5522f2-3495-4c48-8ec5-e0d3cfefe4f8/OPERA_L3_DIST-ALERT-S1_T30TXR_20231230T060852Z_20251215T210747Z_S1A_30_v0.1.png,2025-12-15T20:44:45+00:00,818.305,4.5,30TXR,1,23,4,none,False,transformer_v1_32,high,32,10,2023-12-30,8,2.5,4,best,none,False
tlacotalpan_flood_2024__2024-10-29__14QRF__transformer_v1_32-10mc,https://hyp3-tibet-jpl-test-contentbucket-hratibh1y9pa.s3.us-west-2.amazonaws.com/e86816d7-047b-444f-954c-a476283cdccd/OPERA_L3_DIST-ALERT-S1_T14QRF_20241012T121015Z_20251215T205911Z_S1A_30_v0.1.zip,s3://hyp3-tibet-jpl-test-contentbucket-hratibh1y9pae86816d7-047b-444f-954c-a476283cdccd/OPERA_L3_DIST-ALERT-S1_T14QRF_20241012T121015Z_20251215T205911Z_S1A_30_v0.1,https://hyp3-tibet-jpl-test-contentbucket-hratibh1y9pa.s3.us-west-2.amazonaws.com/e86816d7-047b-444f-954c-a476283cdccd/OPERA_L3_DIST-ALERT-S1_T14QRF_20241012T121015Z_20251215T205911Z_S1A_30_v0.1.png,2025-12-15T20:44:45+00:00,297.321,4.5,14QRF,1,23,4,none,False,transformer_v1_32,high,32,10,2024-10-12,172,2.5,4,best,none,False
brazzaville_flood_and_landslides_2024__2024-02-08__33MWR__transformer_v1_32-10mc,https://hyp3-tibet-jpl-test-contentbucket-hratibh1y9pa.s3.us-west-2.amazonaws.com/c163fdac-7700-4abf-b8f0-cae16e27cc6a/OPERA_L3_DIST-ALERT-S1_T33MWR_20240318T043537Z_20251215T210736Z_S1A_30_v0.1.zip,s3://hyp3-tibet-jpl-test-contentbucket-hratibh1y9pac163fdac-7700-4abf-b8f0-cae16e27cc6a/OPERA_L3_DIST-ALERT-S1_T33MWR_20240318T043537Z_20251215T210736Z_S1A_30_v0.1,https://hyp3-tibet-jpl-test-contentbucket-hratibh1y9pa.s3.us-west-2.amazonaws.com/c163fdac-7700-4abf-b8f0-cae16e27cc6a/OPERA_L3_DIST-ALERT-S1_T33MWR_20240318T043537Z_20251215T210736Z_S1A_30_v0.1.png,2025-12-15T20:44:45+00:00,805.938,4.5,33MWR,1,23,4,none,False,transformer_v1_32,high,32,10,2024-03-18,109,2.5,4,best,none,False
brazzaville_flood_and_landslides_2024__2024-02-08__33MWR__transformer_v1_32-10mc,https://hyp3-tibet-jpl-test-contentbucket-hratibh1y9pa.s3.us-west-2.amazonaws.com/9e9965e4-c3d7-4dea-808f-561addcdc436/OPERA_L3_DIST-ALERT-S1_T33MWR_20240211T043536Z_20251215T210813Z_S1A_30_v0.1.zip,s3://hyp3-tibet-jpl-test-contentbucket-hratibh1y9pa9e9965e4-c3d7-4dea-808f-561addcdc436/OPERA_L3_DIST-ALERT-S1_T33MWR_20240211T043536Z_20251215T210813Z_S1A_30_v0.1,https://hyp3-tibet-jpl-test-contentbucket-hratibh1y9pa.s3.us-west-2.amazonaws.com/9e9965e4-c3d7-4dea-808f-561addcdc436/OPERA_L3_DIST-ALERT-S1_T33MWR_20240211T043536Z_20251215T210813Z_S1A_30_v0.1.png,2025-12-15T20:44:45+00:00,847.358,4.5,33MWR,1,23,4,none,False,transformer_v1_32,high,32,10,2024-02-11,109,2.5,4,best,none,False
southwest_france_flood_2023__2023-12-14__30TYR__transformer_v1_32-10mc,https://hyp3-tibet-jpl-test-contentbucket-hratibh1y9pa.s3.us-west-2.amazonaws.com/321a0f08-2100-4d1c-b0c5-d12c283ea1e6/OPERA_L3_DIST-ALERT-S1_T30TYR_20240211T060040Z_20251215T210000Z_S1A_30_v0.1.zip,s3://hyp3-tibet-jpl-test-contentbucket-hratibh1y9pa321a0f08-2100-4d1c-b0c5-d12c283ea1e6/OPERA_L3_DIST-ALERT-S1_T30TYR_20240211T060040Z_20251215T210000Z_S1A_30_v0.1,https://hyp3-tibet-jpl-test-contentbucket-hratibh1y9pa.s3.us-west-2.amazonaws.com/321a0f08-2100-4d1c-b0c5-d12c283ea1e6/OPERA_L3_DIST-ALERT-S1_T30TYR_20240211T060040Z_20251215T210000Z_S1A_30_v0.1.png,2025-12-15T20:44:45+00:00,344.991,4.5,30TYR,1,23,4,none,False,transformer_v1_32,high,32,10,2024-02-11,110,2.5,4,best,none,False
smokehouse_creek_fire_2024__2024-02-26__14SKE__transformer_v1_32-10mc,https://hyp3-tibet-jpl-test-contentbucket-hratibh1y9pa.s3.us-west-2.amazonaws.com/1cca6ab2-9202-40db-93c1-9f6bccad922b/OPERA_L3_DIST-ALERT-S1_T14SKE_20240316T125445Z_20251215T210027Z_S1A_30_v0.1.zip,s3://hyp3-tibet-jpl-test-contentbucket-hratibh1y9pa1cca6ab2-9202-40db-93c1-9f6bccad922b/OPERA_L3_DIST-ALERT-S1_T14SKE_20240316T125445Z_20251215T210027Z_S1A_30_v0.1,https://hyp3-tibet-jpl-test-contentbucket-hratibh1y9pa.s3.us-west-2.amazonaws.com/1cca6ab2-9202-40db-93c1-9f6bccad922b/OPERA_L3_DIST-ALERT-S1_T14SKE_20240316T125445Z_20251215T210027Z_S1A_30_v0.1.png,2025-12-15T20:44:45+00:00,372.845,4.5,14SKE,1,23,4,none,False,transformer_v1_32,high,32,10,2024-03-16,85,2.5,4,best,none,False
southwest_france_flood_2023__2023-12-14__30TXR__transformer_v1_32-10mc,https://hyp3-tibet-jpl-test-contentbucket-hratibh1y9pa.s3.us-west-2.amazonaws.com/38281a47-0a11-465c-91a1-79a4fa8186bf/OPERA_L3_DIST-ALERT-S1_T30TXR_20240124T175631Z_20251215T210545Z_S1A_30_v0.1.zip,s3://hyp3-tibet-jpl-test-contentbucket-hratibh1y9pa38281a47-0a11-465c-91a1-79a4fa8186bf/OPERA_L3_DIST-ALERT-S1_T30TXR_20240124T175631Z_20251215T210545Z_S1A_30_v0.1,https://hyp3-tibet-jpl-test-contentbucket-hratibh1y9pa.s3.us-west-2.amazonaws.com/38281a47-0a11-465c-91a1-79a4fa8186bf/OPERA_L3_DIST-ALERT-S1_T30TXR_20240124T175631Z_20251215T210545Z_S1A_30_v0.1.png,2025-12-15T20:44:45+00:00,690.972,4.5,30TXR,1,23,4,none,False,transformer_v1_32,high,32,10,2024-01-24,30,2.5,4,best,none,False
tlacotalpan_flood_2024__2024-10-29__14QRF__transformer_v1_32-10mc,https://hyp3-tibet-jpl-test-contentbucket-hratibh1y9pa.s3.us-west-2.amazonaws.com/43da8cfa-3899-4840-87d3-f37b6852c91d/OPERA_L3_DIST-ALERT-S1_T14QRF_20241105T121015Z_20251215T205945Z_S1A_30_v0.1.zip,s3://hyp3-tibet-jpl-test-contentbucket-hratibh1y9pa43da8cfa-3899-4840-87d3-f37b6852c91d/OPERA_L3_DIST-ALERT-S1_T14QRF_20241105T121015Z_20251215T205945Z_S1A_30_v0.1,https://hyp3-tibet-jpl-test-contentbucket-hratibh1y9pa.s3.us-west-2.amazonaws.com/43da8cfa-3899-4840-87d3-f37b6852c91d/OPERA_L3_DIST-ALERT-S1_T14QRF_20241105T121015Z_20251215T205945Z_S1A_30_v0.1.png,2025-12-15T20:44:45+00:00,325.931,4.5,14QRF,1,23,4,none,False,transformer_v1_32,high,32,10,2024-11-05,172,2.5,4,best,none,False
monkey_creek_fire_2024__2024-07-18__10TGQ__transformer_v1_32-10mc,https://hyp3-tibet-jpl-test-contentbucket-hratibh1y9pa.s3.us-west-2.amazonaws.com/ec11e2b8-9967-402d-87e2-e57a3169ae39/OPERA_L3_DIST-ALERT-S1_T10TGQ_20240818T015329Z_20251215T211239Z_S1A_30_v0.1.zip,s3://hyp3-tibet-jpl-test-contentbucket-hratibh1y9paec11e2b8-9967-402d-87e2-e57a3169ae39/OPERA_L3_DIST-ALERT-S1_T10TGQ_20240818T015329Z_20251215T211239Z_S1A_30_v0.1,https://hyp3-tibet-jpl-test-contentbucket-hratibh1y9pa.s3.us-west-2.amazonaws.com/ec11e2b8-9967-402d-87e2-e57a3169ae39/OPERA_L3_DIST-ALERT-S1_T10TGQ_20240818T015329Z_20251215T211239Z_S1A_30_v0.1.png,2025-12-15T20:44:45+00:00,1107.007,4.5,10TGQ,1,23,4,none,False,transformer_v1_32,high,32,10,2024-08-18,64,2.5,4,best,none,False
chile_fire_2024__2024-02-04__19HBD__transformer_v1_32-10mc,https://hyp3-tibet-jpl-test-contentbucket-hratibh1y9pa.s3.us-west-2.amazonaws.com/0795ca88-0965-41aa-95b9-50dd4b0c1955/OPERA_L3_DIST-ALERT-S1_T19HBD_20240316T233646Z_20251215T205602Z_S1A_30_v0.1.zip,s3://hyp3-tibet-jpl-test-contentbucket-hratibh1y9pa0795ca88-0965-41aa-95b9-50dd4b0c1955/OPERA_L3_DIST-ALERT-S1_T19HBD_20240316T233646Z_20251215T205602Z_S1A_30_v0.1,https://hyp3-tibet-jpl-test-contentbucket-hratibh1y9pa.s3.us-west-2.amazonaws.com/0795ca88-0965-41aa-95b9-50dd4b0c1955/OPERA_L3_DIST-ALERT-S1_T19HBD_20240316T233646Z_20251215T205602Z_S1A_30_v0.1.png,2025-12-15T20:44:45+00:00,100.75,4.5,19HBD,1,23,4,none,False,transformer_v1_32,high,32,10,2024-03-16,91,2.5,4,best,none,False
monkey_creek_fire_2024__2024-07-18__10TGQ__transformer_v1_32-10mc,https://hyp3-tibet-jpl-test-contentbucket-hratibh1y9pa.s3.us-west-2.amazonaws.com/f63d14c8-015d-42ed-9512-9952425ed596/OPERA_L3_DIST-ALERT-S1_T10TGQ_20240811T020142Z_20251215T210019Z_S1A_30_v0.1.zip,s3://hyp3-tibet-jpl-test-contentbucket-hratibh1y9paf63d14c8-015d-42ed-9512-9952425ed596/OPERA_L3_DIST-ALERT-S1_T10TGQ_20240811T020142Z_20251215T210019Z_S1A_30_v0.1,https://hyp3-tibet-jpl-test-contentbucket-hratibh1y9pa.s3.us-west-2.amazonaws.com/f63d14c8-015d-42ed-9512-9952425ed596/OPERA_L3_DIST-ALERT-S1_T10TGQ_20240811T020142Z_20251215T210019Z_S1A_30_v0.1.png,2025-12-15T20:44:45+00:00,359.689,4.5,10TGQ,1,23,4,none,False,transformer_v1_32,high,32,10,2024-08-11,137,2.5,4,best,none,False
monkey_creek_fire_2024__2024-07-18__11TLK__transformer_v1_32-10mc,https://hyp3-tibet-jpl-test-contentbucket-hratibh1y9pa.s3.us-west-2.amazonaws.com/1d6c0df4-edeb-451a-ac9a-7c3015896a26/OPERA_L3_DIST-ALERT-S1_T11TLK_20240823T135807Z_20251215T210105Z_S1A_30_v0.1.zip,s3://hyp3-tibet-jpl-test-contentbucket-hratibh1y9pa1d6c0df4-edeb-451a-ac9a-7c3015896a26/OPERA_L3_DIST-ALERT-S1_T11TLK_20240823T135807Z_20251215T210105Z_S1A_30_v0.1,https://hyp3-tibet-jpl-test-contentbucket-hratibh1y9pa.s3.us-west-2.amazonaws.com/1d6c0df4-edeb-451a-ac9a-7c3015896a26/OPERA_L3_DIST-ALERT-S1_T11TLK_20240823T135807Z_20251215T210105Z_S1A_30_v0.1.png,2025-12-15T20:44:45+00:00,411.34,4.5,11TLK,1,23,4,none,False,transformer_v1_32,high,32,10,2024-08-23,144,2.5,4,best,none,False
brazzaville_flood_and_landslides_2024__2024-02-08__33MWR__transformer_v1_32-10mc,https://hyp3-tibet-jpl-test-contentbucket-hratibh1y9pa.s3.us-west-2.amazonaws.com/84b5a112-d484-4d44-b906-142eda17947d/OPERA_L3_DIST-ALERT-S1_T33MWR_20240111T044346Z_20251215T210033Z_S1A_30_v0.1.zip,s3://hyp3-tibet-jpl-test-contentbucket-hratibh1y9pa84b5a112-d484-4d44-b906-142eda17947d/OPERA_L3_DIST-ALERT-S1_T33MWR_20240111T044346Z_20251215T210033Z_S1A_30_v0.1,https://hyp3-tibet-jpl-test-contentbucket-hratibh1y9pa.s3.us-west-2.amazonaws.com/84b5a112-d484-4d44-b906-142eda17947d/OPERA_L3_DIST-ALERT-S1_T33MWR_20240111T044346Z_20251215T210033Z_S1A_30_v0.1.png,2025-12-15T20:44:45+00:00,377.278,4.5,33MWR,1,23,4,none,False,transformer_v1_32,high,32,10,2024-01-11,7,2.5,4,best,none,False
southwest_france_flood_2023__2023-12-14__30TYR__transformer_v1_32-10mc,https://hyp3-tibet-jpl-test-contentbucket-hratibh1y9pa.s3.us-west-2.amazonaws.com/b7424fd0-2a64-4bbd-abf7-f4912b441598/OPERA_L3_DIST-ALERT-S1_T30TYR_20231129T061703Z_20251215T210024Z_S1A_30_v0.1.zip,s3://hyp3-tibet-jpl-test-contentbucket-hratibh1y9pab7424fd0-2a64-4bbd-abf7-f4912b441598/OPERA_L3_DIST-ALERT-S1_T30TYR_20231129T061703Z_20251215T210024Z_S1A_30_v0.1,https://hyp3-tibet-jpl-test-contentbucket-hratibh1y9pa.s3.us-west-2.amazonaws.com/b7424fd0-2a64-4bbd-abf7-f4912b441598/OPERA_L3_DIST-ALERT-S1_T30TYR_20231129T061703Z_20251215T210024Z_S1A_30_v0.1.png,2025-12-15T20:44:45+00:00,366.267,4.5,30TYR,1,23,4,none,False,transformer_v1_32,high,32,10,2023-11-29,81,2.5,4,best,none,False
southwest_france_flood_2023__2023-12-14__30TXR__transformer_v1_32-10mc,https://hyp3-tibet-jpl-test-contentbucket-hratibh1y9pa.s3.us-west-2.amazonaws.com/2e33cbcb-6700-41fe-8a1b-6bddf63adad0/OPERA_L3_DIST-ALERT-S1_T30TXR_20231231T175632Z_20251215T210520Z_S1A_30_v0.1.zip,s3://hyp3-tibet-jpl-test-contentbucket-hratibh1y9pa2e33cbcb-6700-41fe-8a1b-6bddf63adad0/OPERA_L3_DIST-ALERT-S1_T30TXR_20231231T175632Z_20251215T210520Z_S1A_30_v0.1,https://hyp3-tibet-jpl-test-contentbucket-hratibh1y9pa.s3.us-west-2.amazonaws.com/2e33cbcb-6700-41fe-8a1b-6bddf63adad0/OPERA_L3_DIST-ALERT-S1_T30TXR_20231231T175632Z_20251215T210520Z_S1A_30_v0.1.png,2025-12-15T20:44:45+00:00,672.323,4.5,30TXR,1,23,4,none,False,transformer_v1_32,high,32,10,2023-12-31,30,2.5,4,best,none,False
tlacotalpan_flood_2024__2024-10-29__14QRF__transformer_v1_32-10mc,https://hyp3-tibet-jpl-test-contentbucket-hratibh1y9pa.s3.us-west-2.amazonaws.com/6dadafd6-5801-4a98-80f7-e070f99fae07/OPERA_L3_DIST-ALERT-S1_T14QRF_20241117T121014Z_20251215T205941Z_S1A_30_v0.1.zip,s3://hyp3-tibet-jpl-test-contentbucket-hratibh1y9pa6dadafd6-5801-4a98-80f7-e070f99fae07/OPERA_L3_DIST-ALERT-S1_T14QRF_20241117T121014Z_20251215T205941Z_S1A_30_v0.1,https://hyp3-tibet-jpl-test-contentbucket-hratibh1y9pa.s3.us-west-2.amazonaws.com/6dadafd6-5801-4a98-80f7-e070f99fae07/OPERA_L3_DIST-ALERT-S1_T14QRF_20241117T121014Z_20251215T205941Z_S1A_30_v0.1.png,2025-12-15T20:44:45+00:00,322.315,4.5,14QRF,1,23,4,none,False,transformer_v1_32,high,32,10,2024-11-17,172,2.5,4,best,none,False
southwest_france_flood_2023__2023-12-14__30TXR__transformer_v1_32-10mc,https://hyp3-tibet-jpl-test-contentbucket-hratibh1y9pa.s3.us-west-2.amazonaws.com/ecfb5723-a4c8-4a63-b4fb-a89c46f9d697/OPERA_L3_DIST-ALERT-S1_T30TXR_20240128T061700Z_20251215T210257Z_S1A_30_v0.1.zip,s3://hyp3-tibet-jpl-test-contentbucket-hratibh1y9paecfb5723-a4c8-4a63-b4fb-a89c46f9d697/OPERA_L3_DIST-ALERT-S1_T30TXR_20240128T061700Z_20251215T210257Z_S1A_30_v0.1,https://hyp3-tibet-jpl-test-contentbucket-hratibh1y9pa.s3.us-west-2.amazonaws.com/ecfb5723-a4c8-4a63-b4fb-a89c46f9d697/OPERA_L3_DIST-ALERT-S1_T30TXR_20240128T061700Z_20251215T210257Z_S1A_30_v0.1.png,2025-12-15T20:44:45+00:00,522.953,4.5,30TXR,1,23,4,none,False,transformer_v1_32,high,32,10,2024-01-28,81,2.5,4,best,none,False
brazzaville_flood_and_landslides_2024__2024-02-08__33MWR__transformer_v1_32-10mc,https://hyp3-tibet-jpl-test-contentbucket-hratibh1y9pa.s3.us-west-2.amazonaws.com/9de1043e-ce43-47da-a7d4-46f3abe1e3c6/OPERA_L3_DIST-ALERT-S1_T33MWR_20240123T044346Z_20251215T210035Z_S1A_30_v0.1.zip,s3://hyp3-tibet-jpl-test-contentbucket-hratibh1y9pa9de1043e-ce43-47da-a7d4-46f3abe1e3c6/OPERA_L3_DIST-ALERT-S1_T33MWR_20240123T044346Z_20251215T210035Z_S1A_30_v0.1,https://hyp3-tibet-jpl-test-contentbucket-hratibh1y9pa.s3.us-west-2.amazonaws.com/9de1043e-ce43-47da-a7d4-46f3abe1e3c6/OPERA_L3_DIST-ALERT-S1_T33MWR_20240123T044346Z_20251215T210035Z_S1A_30_v0.1.png,2025-12-15T20:44:45+00:00,384.596,4.5,33MWR,1,23,4,none,False,transformer_v1_32,high,32,10,2024-01-23,7,2.5,4,best,none,False
monkey_creek_fire_2024__2024-07-18__10TGQ__transformer_v1_32-10mc,https://hyp3-tibet-jpl-test-contentbucket-hratibh1y9pa.s3.us-west-2.amazonaws.com/ec5828bc-cb06-43a9-98ac-d86121600f64/OPERA_L3_DIST-ALERT-S1_T10TGQ_20240704T141430Z_20251215T210056Z_S1A_30_v0.1.zip,s3://hyp3-tibet-jpl-test-contentbucket-hratibh1y9paec5828bc-cb06-43a9-98ac-d86121600f64/OPERA_L3_DIST-ALERT-S1_T10TGQ_20240704T141430Z_20251215T210056Z_S1A_30_v0.1,https://hyp3-tibet-jpl-test-contentbucket-hratibh1y9pa.s3.us-west-2.amazonaws.com/ec5828bc-cb06-43a9-98ac-d86121600f64/OPERA_L3_DIST-ALERT-S1_T10TGQ_20240704T141430Z_20251215T210056Z_S1A_30_v0.1.png,2025-12-15T20:44:45+00:00,399.334,4.5,10TGQ,1,23,4,none,False,transformer_v1_32,high,32,10,2024-07-04,115,2.5,4,best,none,False
smokehouse_creek_fire_2024__2024-02-26__14SME__transformer_v1_32-10mc,https://hyp3-tibet-jpl-test-contentbucket-hratibh1y9pa.s3.us-west-2.amazonaws.com/03a0a31d-15b4-4eb1-90e8-f9894134d9d2/OPERA_L3_DIST-ALERT-S1_T14SME_20240330T003659Z_20251215T210949Z_S1A_30_v0.1.zip,s3://hyp3-tibet-jpl-test-contentbucket-hratibh1y9pa03a0a31d-15b4-4eb1-90e8-f9894134d9d2/OPERA_L3_DIST-ALERT-S1_T14SME_20240330T003659Z_20251215T210949Z_S1A_30_v0.1,https://hyp3-tibet-jpl-test-contentbucket-hratibh1y9pa.s3.us-west-2.amazonaws.com/03a0a31d-15b4-4eb1-90e8-f9894134d9d2/OPERA_L3_DIST-ALERT-S1_T14SME_20240330T003659Z_20251215T210949Z_S1A_30_v0.1.png,2025-12-15T20:44:45+00:00,942.931,4.5,14SME,1,23,4,none,False,transformer_v1_32,high,32,10,2024-03-30,107,2.5,4,best,none,False
brazzaville_flood_and_landslides_2024__2024-02-08__33MWR__transformer_v1_32-10mc,https://hyp3-tibet-jpl-test-contentbucket-hratibh1y9pa.s3.us-west-2.amazonaws.com/d3895bf2-a77f-4675-9efe-2224efdf2f41/OPERA_L3_DIST-ALERT-S1_T33MWR_20240404T044346Z_20251215T210057Z_S1A_30_v0.1.zip,s3://hyp3-tibet-jpl-test-contentbucket-hratibh1y9pad3895bf2-a77f-4675-9efe-2224efdf2f41/OPERA_L3_DIST-ALERT-S1_T33MWR_20240404T044346Z_20251215T210057Z_S1A_30_v0.1,https://hyp3-tibet-jpl-test-contentbucket-hratibh1y9pa.s3.us-west-2.amazonaws.com/d3895bf2-a77f-4675-9efe-2224efdf2f41/OPERA_L3_DIST-ALERT-S1_T33MWR_20240404T044346Z_20251215T210057Z_S1A_30_v0.1.png,2025-12-15T20:44:45+00:00,401.648,4.5,33MWR,1,23,4,none,False,transformer_v1_32,high,32,10,2024-04-04,7,2.5,4,best,none,False
southwest_france_flood_2023__2023-12-14__30TXR__transformer_v1_32-10mc,https://hyp3-tibet-jpl-test-contentbucket-hratibh1y9pa.s3.us-west-2.amazonaws.com/f0f38e33-b093-4e1e-8c3e-ebaba5469580/OPERA_L3_DIST-ALERT-S1_T30TXR_20231214T174830Z_20251215T205848Z_S1A_30_v0.1.zip,s3://hyp3-tibet-jpl-test-contentbucket-hratibh1y9paf0f38e33-b093-4e1e-8c3e-ebaba5469580/OPERA_L3_DIST-ALERT-S1_T30TXR_20231214T174830Z_20251215T205848Z_S1A_30_v0.1,https://hyp3-tibet-jpl-test-contentbucket-hratibh1y9pa.s3.us-west-2.amazonaws.com/f0f38e33-b093-4e1e-8c3e-ebaba5469580/OPERA_L3_DIST-ALERT-S1_T30TXR_20231214T174830Z_20251215T205848Z_S1A_30_v0.1.png,2025-12-15T20:44:45+00:00,266.905,4.5,30TXR,1,23,4,none,False,transformer_v1_32,high,32,10,2023-12-14,132,2.5,4,best,none,False
southwest_france_flood_2023__2023-12-14__30TYR__transformer_v1_32-10mc,https://hyp3-tibet-jpl-test-contentbucket-hratibh1y9pa.s3.us-west-2.amazonaws.com/0eb09126-0e66-4bd7-9815-472233780700/OPERA_L3_DIST-ALERT-S1_T30TYR_20240118T060041Z_20251215T210015Z_S1A_30_v0.1.zip,s3://hyp3-tibet-jpl-test-contentbucket-hratibh1y9pa0eb09126-0e66-4bd7-9815-472233780700/OPERA_L3_DIST-ALERT-S1_T30TYR_20240118T060041Z_20251215T210015Z_S1A_30_v0.1,https://hyp3-tibet-jpl-test-contentbucket-hratibh1y9pa.s3.us-west-2.amazonaws.com/0eb09126-0e66-4bd7-9815-472233780700/OPERA_L3_DIST-ALERT-S1_T30TYR_20240118T060041Z_20251215T210015Z_S1A_30_v0.1.png,2025-12-15T20:44:45+00:00,358.63,4.5,30TYR,1,23,4,none,False,transformer_v1_32,high,32,10,2024-01-18,110,2.5,4,best,none,False
tlacotalpan_flood_2024__2024-10-29__14QRF__transformer_v1_32-10mc,https://hyp3-tibet-jpl-test-contentbucket-hratibh1y9pa.s3.us-west-2.amazonaws.com/ebaa2d99-d683-459f-9f8b-ad969871b31f/OPERA_L3_DIST-ALERT-S1_T14QRF_20241020T003213Z_20251215T211002Z_S1A_30_v0.1.zip,s3://hyp3-tibet-jpl-test-contentbucket-hratibh1y9paebaa2d99-d683-459f-9f8b-ad969871b31f/OPERA_L3_DIST-ALERT-S1_T14QRF_20241020T003213Z_20251215T211002Z_S1A_30_v0.1,https://hyp3-tibet-jpl-test-contentbucket-hratibh1y9pa.s3.us-west-2.amazonaws.com/ebaa2d99-d683-459f-9f8b-ad969871b31f/OPERA_L3_DIST-ALERT-S1_T14QRF_20241020T003213Z_20251215T211002Z_S1A_30_v0.1.png,2025-12-15T20:44:45+00:00,951.575,4.5,14QRF,1,23,4,none,False,transformer_v1_32,high,32,10,2024-10-20,107,2.5,4,best,none,False
smokehouse_creek_fire_2024__2024-02-26__14SKE__transformer_v1_32-10mc,https://hyp3-tibet-jpl-test-contentbucket-hratibh1y9pa.s3.us-west-2.amazonaws.com/527fc82c-a211-4a89-ac9c-3e88d28fb238/OPERA_L3_DIST-ALERT-S1_T14SKE_20240216T004513Z_20251215T210708Z_S1A_30_v0.1.zip,s3://hyp3-tibet-jpl-test-contentbucket-hratibh1y9pa527fc82c-a211-4a89-ac9c-3e88d28fb238/OPERA_L3_DIST-ALERT-S1_T14SKE_20240216T004513Z_20251215T210708Z_S1A_30_v0.1,https://hyp3-tibet-jpl-test-contentbucket-hratibh1y9pa.s3.us-west-2.amazonaws.com/527fc82c-a211-4a89-ac9c-3e88d28fb238/OPERA_L3_DIST-ALERT-S1_T14SKE_20240216T004513Z_20251215T210708Z_S1A_30_v0.1.png,2025-12-15T20:44:45+00:00,778.148,4.5,14SKE,1,23,4,none,False,transformer_v1_32,high,32,10,2024-02-16,5,2.5,4,best,none,False
tlacotalpan_flood_2024__2024-10-29__14QRF__transformer_v1_32-10mc,https://hyp3-tibet-jpl-test-contentbucket-hratibh1y9pa.s3.us-west-2.amazonaws.com/57fb46b8-3426-40cb-92fd-95e1de7e4f06/OPERA_L3_DIST-ALERT-S1_T14QRF_20241110T121821Z_20251215T210631Z_S1A_30_v0.1.zip,s3://hyp3-tibet-jpl-test-contentbucket-hratibh1y9pa57fb46b8-3426-40cb-92fd-95e1de7e4f06/OPERA_L3_DIST-ALERT-S1_T14QRF_20241110T121821Z_20251215T210631Z_S1A_30_v0.1,https://hyp3-tibet-jpl-test-contentbucket-hratibh1y9pa.s3.us-west-2.amazonaws.com/57fb46b8-3426-40cb-92fd-95e1de7e4f06/OPERA_L3_DIST-ALERT-S1_T14QRF_20241110T121821Z_20251215T210631Z_S1A_30_v0.1.png,2025-12-15T20:44:45+00:00,743.161,4.5,14QRF,1,23,4,none,False,transformer_v1_32,high,32,10,2024-11-10,70,2.5,4,best,none,False
smokehouse_creek_fire_2024__2024-02-26__14SME__transformer_v1_32-10mc,https://hyp3-tibet-jpl-test-contentbucket-hratibh1y9pa.s3.us-west-2.amazonaws.com/fdf9606d-1dea-4c0e-88e1-b098aa9862e5/OPERA_L3_DIST-ALERT-S1_T14SME_20240423T003659Z_20251215T210900Z_S1A_30_v0.1.zip,s3://hyp3-tibet-jpl-test-contentbucket-hratibh1y9pafdf9606d-1dea-4c0e-88e1-b098aa9862e5/OPERA_L3_DIST-ALERT-S1_T14SME_20240423T003659Z_20251215T210900Z_S1A_30_v0.1,https://hyp3-tibet-jpl-test-contentbucket-hratibh1y9pa.s3.us-west-2.amazonaws.com/fdf9606d-1dea-4c0e-88e1-b098aa9862e5/OPERA_L3_DIST-ALERT-S1_T14SME_20240423T003659Z_20251215T210900Z_S1A_30_v0.1.png,2025-12-15T20:44:45+00:00,889.937,4.5,14SME,1,23,4,none,False,transformer_v1_32,high,32,10,2024-04-23,107,2.5,4,best,none,False
smokehouse_creek_fire_2024__2024-02-26__14SME__transformer_v1_32-10mc,https://hyp3-tibet-jpl-test-contentbucket-hratibh1y9pa.s3.us-west-2.amazonaws.com/afd4a1f5-a81e-41e6-8e86-1dc241ac2b39/OPERA_L3_DIST-ALERT-S1_T14SME_20240411T003658Z_20251215T210958Z_S1A_30_v0.1.zip,s3://hyp3-tibet-jpl-test-contentbucket-hratibh1y9paafd4a1f5-a81e-41e6-8e86-1dc241ac2b39/OPERA_L3_DIST-ALERT-S1_T14SME_20240411T003658Z_20251215T210958Z_S1A_30_v0.1,https://hyp3-tibet-jpl-test-contentbucket-hratibh1y9pa.s3.us-west-2.amazonaws.com/afd4a1f5-a81e-41e6-8e86-1dc241ac2b39/OPERA_L3_DIST-ALERT-S1_T14SME_20240411T003658Z_20251215T210958Z_S1A_30_v0.1.png,2025-12-15T20:44:45+00:00,950.122,4.5,14SME,1,23,4,none,False,transformer_v1_32,high,32,10,2024-04-11,107,2.5,4,best,none,False
smokehouse_creek_fire_2024__2024-02-26__14SME__transformer_v1_32-10mc,https://hyp3-tibet-jpl-test-contentbucket-hratibh1y9pa.s3.us-west-2.amazonaws.com/c714fed8-9923-4e4c-86ba-98abafe5d771/OPERA_L3_DIST-ALERT-S1_T14SME_20240228T004509Z_20251215T210059Z_S1A_30_v0.1.zip,s3://hyp3-tibet-jpl-test-contentbucket-hratibh1y9pac714fed8-9923-4e4c-86ba-98abafe5d771/OPERA_L3_DIST-ALERT-S1_T14SME_20240228T004509Z_20251215T210059Z_S1A_30_v0.1,https://hyp3-tibet-jpl-test-contentbucket-hratibh1y9pa.s3.us-west-2.amazonaws.com/c714fed8-9923-4e4c-86ba-98abafe5d771/OPERA_L3_DIST-ALERT-S1_T14SME_20240228T004509Z_20251215T210059Z_S1A_30_v0.1.png,2025-12-15T20:44:45+00:00,403.891,4.5,14SME,1,23,4,none,False,transformer_v1_32,high,32,10,2024-02-28,5,2.5,4,best,none,False
smokehouse_creek_fire_2024__2024-02-26__14SLE__transformer_v1_32-10mc,https://hyp3-tibet-jpl-test-contentbucket-hratibh1y9pa.s3.us-west-2.amazonaws.com/3dad6e4d-5a1f-42ff-99db-04ac57329d5a/OPERA_L3_DIST-ALERT-S1_T14SLE_20240216T124630Z_20251215T210059Z_S1A_30_v0.1.zip,s3://hyp3-tibet-jpl-test-contentbucket-hratibh1y9pa3dad6e4d-5a1f-42ff-99db-04ac57329d5a/OPERA_L3_DIST-ALERT-S1_T14SLE_20240216T124630Z_20251215T210059Z_S1A_30_v0.1,https://hyp3-tibet-jpl-test-contentbucket-hratibh1y9pa.s3.us-west-2.amazonaws.com/3dad6e4d-5a1f-42ff-99db-04ac57329d5a/OPERA_L3_DIST-ALERT-S1_T14SLE_20240216T124630Z_20251215T210059Z_S1A_30_v0.1.png,2025-12-15T20:44:45+00:00,410.722,4.5,14SLE,1,23,4,none,False,transformer_v1_32,high,32,10,2024-02-16,12,2.5,4,best,none,False
chile_fire_2024__2024-02-04__19HBD__transformer_v1_32-10mc,https://hyp3-tibet-jpl-test-contentbucket-hratibh1y9pa.s3.us-west-2.amazonaws.com/b7bccfb8-b7c1-4ebd-a603-a386ae784461/OPERA_L3_DIST-ALERT-S1_T19HBD_20240328T233646Z_20251215T205550Z_S1A_30_v0.1.zip,s3://hyp3-tibet-jpl-test-contentbucket-hratibh1y9pab7bccfb8-b7c1-4ebd-a603-a386ae784461/OPERA_L3_DIST-ALERT-S1_T19HBD_20240328T233646Z_20251215T205550Z_S1A_30_v0.1,https://hyp3-tibet-jpl-test-contentbucket-hratibh1y9pa.s3.us-west-2.amazonaws.com/b7bccfb8-b7c1-4ebd-a603-a386ae784461/OPERA_L3_DIST-ALERT-S1_T19HBD_20240328T233646Z_20251215T205550Z_S1A_30_v0.1.png,2025-12-15T20:44:45+00:00,88.958,4.5,19HBD,1,23,4,none,False,transformer_v1_32,high,32,10,2024-03-28,91,2.5,4,best,none,False
monkey_creek_fire_2024__2024-07-18__10TGQ__transformer_v1_32-10mc,https://hyp3-tibet-jpl-test-contentbucket-hratibh1y9pa.s3.us-west-2.amazonaws.com/2cc6d55c-eb0d-4422-9e2e-76a9c5509094/OPERA_L3_DIST-ALERT-S1_T10TGQ_20240806T015329Z_20251215T211059Z_S1A_30_v0.1.zip,s3://hyp3-tibet-jpl-test-contentbucket-hratibh1y9pa2cc6d55c-eb0d-4422-9e2e-76a9c5509094/OPERA_L3_DIST-ALERT-S1_T10TGQ_20240806T015329Z_20251215T211059Z_S1A_30_v0.1,https://hyp3-tibet-jpl-test-contentbucket-hratibh1y9pa.s3.us-west-2.amazonaws.com/2cc6d55c-eb0d-4422-9e2e-76a9c5509094/OPERA_L3_DIST-ALERT-S1_T10TGQ_20240806T015329Z_20251215T211059Z_S1A_30_v0.1.png,2025-12-15T20:44:45+00:00,1009.55,4.5,10TGQ,1,23,4,none,False,transformer_v1_32,high,32,10,2024-08-06,64,2.5,4,best,none,False
southwest_france_flood_2023__2023-12-14__30TXR__transformer_v1_32-10mc,https://hyp3-tibet-jpl-test-contentbucket-hratibh1y9pa.s3.us-west-2.amazonaws.com/752576de-25bb-415e-a69f-2d1cfe809be3/OPERA_L3_DIST-ALERT-S1_T30TXR_20240123T060851Z_20251215T210628Z_S1A_30_v0.1.zip,s3://hyp3-tibet-jpl-test-contentbucket-hratibh1y9pa752576de-25bb-415e-a69f-2d1cfe809be3/OPERA_L3_DIST-ALERT-S1_T30TXR_20240123T060851Z_20251215T210628Z_S1A_30_v0.1,https://hyp3-tibet-jpl-test-contentbucket-hratibh1y9pa.s3.us-west-2.amazonaws.com/752576de-25bb-415e-a69f-2d1cfe809be3/OPERA_L3_DIST-ALERT-S1_T30TXR_20240123T060851Z_20251215T210628Z_S1A_30_v0.1.png,2025-12-15T20:44:45+00:00,733.864,4.5,30TXR,1,23,4,none,False,transformer_v1_32,high,32,10,2024-01-23,8,2.5,4,best,none,False
tlacotalpan_flood_2024__2024-10-29__14QRF__transformer_v1_32-10mc,https://hyp3-tibet-jpl-test-contentbucket-hratibh1y9pa.s3.us-west-2.amazonaws.com/e1863c17-ffe5-41f8-a939-76e11654288f/OPERA_L3_DIST-ALERT-S1_T14QRF_20241113T003212Z_20251215T210928Z_S1A_30_v0.1.zip,s3://hyp3-tibet-jpl-test-contentbucket-hratibh1y9pae1863c17-ffe5-41f8-a939-76e11654288f/OPERA_L3_DIST-ALERT-S1_T14QRF_20241113T003212Z_20251215T210928Z_S1A_30_v0.1,https://hyp3-tibet-jpl-test-contentbucket-hratibh1y9pa.s3.us-west-2.amazonaws.com/e1863c17-ffe5-41f8-a939-76e11654288f/OPERA_L3_DIST-ALERT-S1_T14QRF_20241113T003212Z_20251215T210928Z_S1A_30_v0.1.png,2025-12-15T20:44:45+00:00,917.783,4.5,14QRF,1,23,4,none,False,transformer_v1_32,high,32,10,2024-11-13,107,2.5,4,best,none,False
monkey_creek_fire_2024__2024-07-18__11TLK__transformer_v1_32-10mc,https://hyp3-tibet-jpl-test-contentbucket-hratibh1y9pa.s3.us-west-2.amazonaws.com/ff0a5934-f0d7-4e39-95e1-ce6984b29f8c/OPERA_L3_DIST-ALERT-S1_T11TLK_20240706T135808Z_20251215T210158Z_S1A_30_v0.1.zip,s3://hyp3-tibet-jpl-test-contentbucket-hratibh1y9paff0a5934-f0d7-4e39-95e1-ce6984b29f8c/OPERA_L3_DIST-ALERT-S1_T11TLK_20240706T135808Z_20251215T210158Z_S1A_30_v0.1,https://hyp3-tibet-jpl-test-contentbucket-hratibh1y9pa.s3.us-west-2.amazonaws.com/ff0a5934-f0d7-4e39-95e1-ce6984b29f8c/OPERA_L3_DIST-ALERT-S1_T11TLK_20240706T135808Z_20251215T210158Z_S1A_30_v0.1.png,2025-12-15T20:44:45+00:00,462.996,4.5,11TLK,1,23,4,none,False,transformer_v1_32,high,32,10,2024-07-06,144,2.5,4,best,none,False
smokehouse_creek_fire_2024__2024-02-26__14SKE__transformer_v1_32-10mc,https://hyp3-tibet-jpl-test-contentbucket-hratibh1y9pa.s3.us-west-2.amazonaws.com/3410d36c-eb8e-4e2d-919d-be02f5947dfb/OPERA_L3_DIST-ALERT-S1_T14SKE_20240311T124634Z_20251215T210212Z_S1A_30_v0.1.zip,s3://hyp3-tibet-jpl-test-contentbucket-hratibh1y9pa3410d36c-eb8e-4e2d-919d-be02f5947dfb/OPERA_L3_DIST-ALERT-S1_T14SKE_20240311T124634Z_20251215T210212Z_S1A_30_v0.1,https://hyp3-tibet-jpl-test-contentbucket-hratibh1y9pa.s3.us-west-2.amazonaws.com/3410d36c-eb8e-4e2d-919d-be02f5947dfb/OPERA_L3_DIST-ALERT-S1_T14SKE_20240311T124634Z_20251215T210212Z_S1A_30_v0.1.png,2025-12-15T20:44:45+00:00,483.467,4.5,14SKE,1,23,4,none,False,transformer_v1_32,high,32,10,2024-03-11,12,2.5,4,best,none,False
southwest_france_flood_2023__2023-12-14__30TYR__transformer_v1_32-10mc,https://hyp3-tibet-jpl-test-contentbucket-hratibh1y9pa.s3.us-west-2.amazonaws.com/73c78501-b227-4c53-8e40-8f749eef681a/OPERA_L3_DIST-ALERT-S1_T30TYR_20231206T060851Z_20251215T210921Z_S1A_30_v0.1.zip,s3://hyp3-tibet-jpl-test-contentbucket-hratibh1y9pa73c78501-b227-4c53-8e40-8f749eef681a/OPERA_L3_DIST-ALERT-S1_T30TYR_20231206T060851Z_20251215T210921Z_S1A_30_v0.1,https://hyp3-tibet-jpl-test-contentbucket-hratibh1y9pa.s3.us-west-2.amazonaws.com/73c78501-b227-4c53-8e40-8f749eef681a/OPERA_L3_DIST-ALERT-S1_T30TYR_20231206T060851Z_20251215T210921Z_S1A_30_v0.1.png,2025-12-15T20:44:45+00:00,912.402,4.5,30TYR,1,23,4,none,False,transformer_v1_32,high,32,10,2023-12-06,8,2.5,4,best,none,False
smokehouse_creek_fire_2024__2024-02-26__14SLE__transformer_v1_32-10mc,https://hyp3-tibet-jpl-test-contentbucket-hratibh1y9pa.s3.us-west-2.amazonaws.com/2ea72146-d2db-4dad-8842-65712879403a/OPERA_L3_DIST-ALERT-S1_T14SLE_20240228T124630Z_20251215T210059Z_S1A_30_v0.1.zip,s3://hyp3-tibet-jpl-test-contentbucket-hratibh1y9pa2ea72146-d2db-4dad-8842-65712879403a/OPERA_L3_DIST-ALERT-S1_T14SLE_20240228T124630Z_20251215T210059Z_S1A_30_v0.1,https://hyp3-tibet-jpl-test-contentbucket-hratibh1y9pa.s3.us-west-2.amazonaws.com/2ea72146-d2db-4dad-8842-65712879403a/OPERA_L3_DIST-ALERT-S1_T14SLE_20240228T124630Z_20251215T210059Z_S1A_30_v0.1.png,2025-12-15T20:44:45+00:00,409.6,4.5,14SLE,1,23,4,none,False,transformer_v1_32,high,32,10,2024-02-28,12,2.5,4,best,none,False
smokehouse_creek_fire_2024__2024-02-26__14SME__transformer_v1_32-10mc,https://hyp3-tibet-jpl-test-contentbucket-hratibh1y9pa.s3.us-west-2.amazonaws.com/5d49c23a-d943-4ca3-b4d6-dc5f7c0b7e4b/OPERA_L3_DIST-ALERT-S1_T14SME_20240228T124630Z_20251215T205728Z_S1A_30_v0.1.zip,s3://hyp3-tibet-jpl-test-contentbucket-hratibh1y9pa5d49c23a-d943-4ca3-b4d6-dc5f7c0b7e4b/OPERA_L3_DIST-ALERT-S1_T14SME_20240228T124630Z_20251215T205728Z_S1A_30_v0.1,https://hyp3-tibet-jpl-test-contentbucket-hratibh1y9pa.s3.us-west-2.amazonaws.com/5d49c23a-d943-4ca3-b4d6-dc5f7c0b7e4b/OPERA_L3_DIST-ALERT-S1_T14SME_20240228T124630Z_20251215T205728Z_S1A_30_v0.1.png,2025-12-15T20:44:45+00:00,192.116,4.5,14SME,1,23,4,none,False,transformer_v1_32,high,32,10,2024-02-28,12,2.5,4,best,none,False
southwest_france_flood_2023__2023-12-14__30TXR__transformer_v1_32-10mc,https://hyp3-tibet-jpl-test-contentbucket-hratibh1y9pa.s3.us-west-2.amazonaws.com/b6a26dd5-2921-4bb5-b63f-68fef6bd9111/OPERA_L3_DIST-ALERT-S1_T30TXR_20240204T060850Z_20251215T210909Z_S1A_30_v0.1.zip,s3://hyp3-tibet-jpl-test-contentbucket-hratibh1y9pab6a26dd5-2921-4bb5-b63f-68fef6bd9111/OPERA_L3_DIST-ALERT-S1_T30TXR_20240204T060850Z_20251215T210909Z_S1A_30_v0.1,https://hyp3-tibet-jpl-test-contentbucket-hratibh1y9pa.s3.us-west-2.amazonaws.com/b6a26dd5-2921-4bb5-b63f-68fef6bd9111/OPERA_L3_DIST-ALERT-S1_T30TXR_20240204T060850Z_20251215T210909Z_S1A_30_v0.1.png,2025-12-15T20:44:45+00:00,892.225,4.5,30TXR,1,23,4,none,False,transformer_v1_32,high,32,10,2024-02-04,8,2.5,4,best,none,False
southwest_france_flood_2023__2023-12-14__30TYR__transformer_v1_32-10mc,https://hyp3-tibet-jpl-test-contentbucket-hratibh1y9pa.s3.us-west-2.amazonaws.com/da2814ff-8570-400b-886f-d7a5807a58a9/OPERA_L3_DIST-ALERT-S1_T30TYR_20231202T174821Z_20251215T210721Z_S1A_30_v0.1.zip,s3://hyp3-tibet-jpl-test-contentbucket-hratibh1y9pada2814ff-8570-400b-886f-d7a5807a58a9/OPERA_L3_DIST-ALERT-S1_T30TYR_20231202T174821Z_20251215T210721Z_S1A_30_v0.1,https://hyp3-tibet-jpl-test-contentbucket-hratibh1y9pa.s3.us-west-2.amazonaws.com/da2814ff-8570-400b-886f-d7a5807a58a9/OPERA_L3_DIST-ALERT-S1_T30TYR_20231202T174821Z_20251215T210721Z_S1A_30_v0.1.png,2025-12-15T20:44:45+00:00,791.356,4.5,30TYR,1,23,4,none,False,transformer_v1_32,high,32,10,2023-12-02,132,2.5,4,best,none,False
smokehouse_creek_fire_2024__2024-02-26__14SLE__transformer_v1_32-10mc,https://hyp3-tibet-jpl-test-contentbucket-hratibh1y9pa.s3.us-west-2.amazonaws.com/a20abcc8-cbb3-4b07-a589-b267c0435f62/OPERA_L3_DIST-ALERT-S1_T14SLE_20240411T003703Z_20251215T210022Z_S1A_30_v0.1.zip,s3://hyp3-tibet-jpl-test-contentbucket-hratibh1y9paa20abcc8-cbb3-4b07-a589-b267c0435f62/OPERA_L3_DIST-ALERT-S1_T14SLE_20240411T003703Z_20251215T210022Z_S1A_30_v0.1,https://hyp3-tibet-jpl-test-contentbucket-hratibh1y9pa.s3.us-west-2.amazonaws.com/a20abcc8-cbb3-4b07-a589-b267c0435f62/OPERA_L3_DIST-ALERT-S1_T14SLE_20240411T003703Z_20251215T210022Z_S1A_30_v0.1.png,2025-12-15T20:44:45+00:00,368.571,4.5,14SLE,1,23,4,none,False,transformer_v1_32,high,32,10,2024-04-11,107,2.5,4,best,none,False
southwest_france_flood_2023__2023-12-14__30TYR__transformer_v1_32-10mc,https://hyp3-tibet-jpl-test-contentbucket-hratibh1y9pa.s3.us-west-2.amazonaws.com/382479cf-0ebc-480c-b8f6-cacfe3f1dadc/OPERA_L3_DIST-ALERT-S1_T30TYR_20231119T060044Z_20251215T205944Z_S1A_30_v0.1.zip,s3://hyp3-tibet-jpl-test-contentbucket-hratibh1y9pa382479cf-0ebc-480c-b8f6-cacfe3f1dadc/OPERA_L3_DIST-ALERT-S1_T30TYR_20231119T060044Z_20251215T205944Z_S1A_30_v0.1,https://hyp3-tibet-jpl-test-contentbucket-hratibh1y9pa.s3.us-west-2.amazonaws.com/382479cf-0ebc-480c-b8f6-cacfe3f1dadc/OPERA_L3_DIST-ALERT-S1_T30TYR_20231119T060044Z_20251215T205944Z_S1A_30_v0.1.png,2025-12-15T20:44:45+00:00,325.49,4.5,30TYR,1,23,4,none,False,transformer_v1_32,high,32,10,2023-11-19,110,2.5,4,best,none,False
southwest_france_flood_2023__2023-12-14__30TXR__transformer_v1_32-10mc,https://hyp3-tibet-jpl-test-contentbucket-hratibh1y9pa.s3.us-west-2.amazonaws.com/173f0a00-e99a-4105-81f9-7c0d75c865d7/OPERA_L3_DIST-ALERT-S1_T30TXR_20240210T180443Z_20251215T210026Z_S1A_30_v0.1.zip,s3://hyp3-tibet-jpl-test-contentbucket-hratibh1y9pa173f0a00-e99a-4105-81f9-7c0d75c865d7/OPERA_L3_DIST-ALERT-S1_T30TXR_20240210T180443Z_20251215T210026Z_S1A_30_v0.1,https://hyp3-tibet-jpl-test-contentbucket-hratibh1y9pa.s3.us-west-2.amazonaws.com/173f0a00-e99a-4105-81f9-7c0d75c865d7/OPERA_L3_DIST-ALERT-S1_T30TXR_20240210T180443Z_20251215T210026Z_S1A_30_v0.1.png,2025-12-15T20:44:45+00:00,365.289,4.5,30TXR,1,23,4,none,False,transformer_v1_32,high,32,10,2024-02-10,103,2.5,4,best,none,False
tlacotalpan_flood_2024__2024-10-29__14QRF__transformer_v1_32-10mc,https://hyp3-tibet-jpl-test-contentbucket-hratibh1y9pa.s3.us-west-2.amazonaws.com/27308c4d-b902-49ae-b146-37363ca72c05/OPERA_L3_DIST-ALERT-S1_T14QRF_20241017T121821Z_20251215T210717Z_S1A_30_v0.1.zip,s3://hyp3-tibet-jpl-test-contentbucket-hratibh1y9pa27308c4d-b902-49ae-b146-37363ca72c05/OPERA_L3_DIST-ALERT-S1_T14QRF_20241017T121821Z_20251215T210717Z_S1A_30_v0.1,https://hyp3-tibet-jpl-test-contentbucket-hratibh1y9pa.s3.us-west-2.amazonaws.com/27308c4d-b902-49ae-b146-37363ca72c05/OPERA_L3_DIST-ALERT-S1_T14QRF_20241017T121821Z_20251215T210717Z_S1A_30_v0.1.png,2025-12-15T20:44:45+00:00,788.614,4.5,14QRF,1,23,4,none,False,transformer_v1_32,high,32,10,2024-10-17,70,2.5,4,best,none,False
monkey_creek_fire_2024__2024-07-18__11TLK__transformer_v1_32-10mc,https://hyp3-tibet-jpl-test-contentbucket-hratibh1y9pa.s3.us-west-2.amazonaws.com/268502d6-a798-418c-aad5-ddf5febcd280/OPERA_L3_DIST-ALERT-S1_T11TLK_20240911T015328Z_20251215T210541Z_S1A_30_v0.1.zip,s3://hyp3-tibet-jpl-test-contentbucket-hratibh1y9pa268502d6-a798-418c-aad5-ddf5febcd280/OPERA_L3_DIST-ALERT-S1_T11TLK_20240911T015328Z_20251215T210541Z_S1A_30_v0.1,https://hyp3-tibet-jpl-test-contentbucket-hratibh1y9pa.s3.us-west-2.amazonaws.com/268502d6-a798-418c-aad5-ddf5febcd280/OPERA_L3_DIST-ALERT-S1_T11TLK_20240911T015328Z_20251215T210541Z_S1A_30_v0.1.png,2025-12-15T20:44:45+00:00,688.642,4.5,11TLK,1,23,4,none,False,transformer_v1_32,high,32,10,2024-09-11,64,2.5,4,best,none,False
smokehouse_creek_fire_2024__2024-02-26__14SLE__transformer_v1_32-10mc,https://hyp3-tibet-jpl-test-contentbucket-hratibh1y9pa.s3.us-west-2.amazonaws.com/02b97100-af07-4ccb-a364-b42677ff726e/OPERA_L3_DIST-ALERT-S1_T14SLE_20240323T004509Z_20251215T210643Z_S1A_30_v0.1.zip,s3://hyp3-tibet-jpl-test-contentbucket-hratibh1y9pa02b97100-af07-4ccb-a364-b42677ff726e/OPERA_L3_DIST-ALERT-S1_T14SLE_20240323T004509Z_20251215T210643Z_S1A_30_v0.1,https://hyp3-tibet-jpl-test-contentbucket-hratibh1y9pa.s3.us-west-2.amazonaws.com/02b97100-af07-4ccb-a364-b42677ff726e/OPERA_L3_DIST-ALERT-S1_T14SLE_20240323T004509Z_20251215T210643Z_S1A_30_v0.1.png,2025-12-15T20:44:45+00:00,754.209,4.5,14SLE,1,23,4,none,False,transformer_v1_32,high,32,10,2024-03-23,5,2.5,4,best,none,False
smokehouse_creek_fire_2024__2024-02-26__14SKE__transformer_v1_32-10mc,https://hyp3-tibet-jpl-test-contentbucket-hratibh1y9pa.s3.us-west-2.amazonaws.com/c2c7785c-eb9c-4e93-ba78-3add0d0bf722/OPERA_L3_DIST-ALERT-S1_T14SKE_20240128T125445Z_20251215T210039Z_S1A_30_v0.1.zip,s3://hyp3-tibet-jpl-test-contentbucket-hratibh1y9pac2c7785c-eb9c-4e93-ba78-3add0d0bf722/OPERA_L3_DIST-ALERT-S1_T14SKE_20240128T125445Z_20251215T210039Z_S1A_30_v0.1,https://hyp3-tibet-jpl-test-contentbucket-hratibh1y9pa.s3.us-west-2.amazonaws.com/c2c7785c-eb9c-4e93-ba78-3add0d0bf722/OPERA_L3_DIST-ALERT-S1_T14SKE_20240128T125445Z_20251215T210039Z_S1A_30_v0.1.png,2025-12-15T20:44:45+00:00,386.372,4.5,14SKE,1,23,4,none,False,transformer_v1_32,high,32,10,2024-01-28,85,2.5,4,best,none,False
smokehouse_creek_fire_2024__2024-02-26__14SKE__transformer_v1_32-10mc,https://hyp3-tibet-jpl-test-contentbucket-hratibh1y9pa.s3.us-west-2.amazonaws.com/9e6e391c-2039-44b8-bbf3-072093ef95b8/OPERA_L3_DIST-ALERT-S1_T14SKE_20240221T125444Z_20251215T210036Z_S1A_30_v0.1.zip,s3://hyp3-tibet-jpl-test-contentbucket-hratibh1y9pa9e6e391c-2039-44b8-bbf3-072093ef95b8/OPERA_L3_DIST-ALERT-S1_T14SKE_20240221T125444Z_20251215T210036Z_S1A_30_v0.1,https://hyp3-tibet-jpl-test-contentbucket-hratibh1y9pa.s3.us-west-2.amazonaws.com/9e6e391c-2039-44b8-bbf3-072093ef95b8/OPERA_L3_DIST-ALERT-S1_T14SKE_20240221T125444Z_20251215T210036Z_S1A_30_v0.1.png,2025-12-15T20:44:45+00:00,380.006,4.5,14SKE,1,23,4,none,False,transformer_v1_32,high,32,10,2024-02-21,85,2.5,4,best,none,False
monkey_creek_fire_2024__2024-07-18__10TGQ__transformer_v1_32-10mc,https://hyp3-tibet-jpl-test-contentbucket-hratibh1y9pa.s3.us-west-2.amazonaws.com/4a40051a-c950-4a50-948a-bb2763fbea83/OPERA_L3_DIST-ALERT-S1_T10TGQ_20240902T141430Z_20251215T210053Z_S1A_30_v0.1.zip,s3://hyp3-tibet-jpl-test-contentbucket-hratibh1y9pa4a40051a-c950-4a50-948a-bb2763fbea83/OPERA_L3_DIST-ALERT-S1_T10TGQ_20240902T141430Z_20251215T210053Z_S1A_30_v0.1,https://hyp3-tibet-jpl-test-contentbucket-hratibh1y9pa.s3.us-west-2.amazonaws.com/4a40051a-c950-4a50-948a-bb2763fbea83/OPERA_L3_DIST-ALERT-S1_T10TGQ_20240902T141430Z_20251215T210053Z_S1A_30_v0.1.png,2025-12-15T20:44:45+00:00,396.727,4.5,10TGQ,1,23,4,none,False,transformer_v1_32,high,32,10,2024-09-02,115,2.5,4,best,none,False
smokehouse_creek_fire_2024__2024-02-26__14SME__transformer_v1_32-10mc,https://hyp3-tibet-jpl-test-contentbucket-hratibh1y9pa.s3.us-west-2.amazonaws.com/50cc8819-b9f6-4874-ac20-f176fc17623c/OPERA_L3_DIST-ALERT-S1_T14SME_20240306T003658Z_20251215T210800Z_S1A_30_v0.1.zip,s3://hyp3-tibet-jpl-test-contentbucket-hratibh1y9pa50cc8819-b9f6-4874-ac20-f176fc17623c/OPERA_L3_DIST-ALERT-S1_T14SME_20240306T003658Z_20251215T210800Z_S1A_30_v0.1,https://hyp3-tibet-jpl-test-contentbucket-hratibh1y9pa.s3.us-west-2.amazonaws.com/50cc8819-b9f6-4874-ac20-f176fc17623c/OPERA_L3_DIST-ALERT-S1_T14SME_20240306T003658Z_20251215T210800Z_S1A_30_v0.1.png,2025-12-15T20:44:45+00:00,830.845,4.5,14SME,1,23,4,none,False,transformer_v1_32,high,32,10,2024-03-06,107,2.5,4,best,none,False
southwest_france_flood_2023__2023-12-14__30TYR__transformer_v1_32-10mc,https://hyp3-tibet-jpl-test-contentbucket-hratibh1y9pa.s3.us-west-2.amazonaws.com/5d3276ef-9157-4d01-be10-d0d182259c86/OPERA_L3_DIST-ALERT-S1_T30TYR_20240116T061700Z_20251215T210050Z_S1A_30_v0.1.zip,s3://hyp3-tibet-jpl-test-contentbucket-hratibh1y9pa5d3276ef-9157-4d01-be10-d0d182259c86/OPERA_L3_DIST-ALERT-S1_T30TYR_20240116T061700Z_20251215T210050Z_S1A_30_v0.1,https://hyp3-tibet-jpl-test-contentbucket-hratibh1y9pa.s3.us-west-2.amazonaws.com/5d3276ef-9157-4d01-be10-d0d182259c86/OPERA_L3_DIST-ALERT-S1_T30TYR_20240116T061700Z_20251215T210050Z_S1A_30_v0.1.png,2025-12-15T20:44:45+00:00,387.385,4.5,30TYR,1,23,4,none,False,transformer_v1_32,high,32,10,2024-01-16,81,2.5,4,best,none,False
smokehouse_creek_fire_2024__2024-02-26__14SLE__transformer_v1_32-10mc,https://hyp3-tibet-jpl-test-contentbucket-hratibh1y9pa.s3.us-west-2.amazonaws.com/471b255c-0d1d-407a-b01f-28ceae2b8241/OPERA_L3_DIST-ALERT-S1_T14SLE_20240228T004509Z_20251215T210653Z_S1A_30_v0.1.zip,s3://hyp3-tibet-jpl-test-contentbucket-hratibh1y9pa471b255c-0d1d-407a-b01f-28ceae2b8241/OPERA_L3_DIST-ALERT-S1_T14SLE_20240228T004509Z_20251215T210653Z_S1A_30_v0.1,https://hyp3-tibet-jpl-test-contentbucket-hratibh1y9pa.s3.us-west-2.amazonaws.com/471b255c-0d1d-407a-b01f-28ceae2b8241/OPERA_L3_DIST-ALERT-S1_T14SLE_20240228T004509Z_20251215T210653Z_S1A_30_v0.1.png,2025-12-15T20:44:45+00:00,766.31,4.5,14SLE,1,23,4,none,False,transformer_v1_32,high,32,10,2024-02-28,5,2.5,4,best,none,False
southwest_france_flood_2023__2023-12-14__30TXR__transformer_v1_32-10mc,https://hyp3-tibet-jpl-test-contentbucket-hratibh1y9pa.s3.us-west-2.amazonaws.com/1305b7ce-9df5-42e4-8775-de760062e834/OPERA_L3_DIST-ALERT-S1_T30TXR_20231117T061704Z_20251215T210200Z_S1A_30_v0.1.zip,s3://hyp3-tibet-jpl-test-contentbucket-hratibh1y9pa1305b7ce-9df5-42e4-8775-de760062e834/OPERA_L3_DIST-ALERT-S1_T30TXR_20231117T061704Z_20251215T210200Z_S1A_30_v0.1,https://hyp3-tibet-jpl-test-contentbucket-hratibh1y9pa.s3.us-west-2.amazonaws.com/1305b7ce-9df5-42e4-8775-de760062e834/OPERA_L3_DIST-ALERT-S1_T30TXR_20231117T061704Z_20251215T210200Z_S1A_30_v0.1.png,2025-12-15T20:44:45+00:00,466.243,4.5,30TXR,1,23,4,none,False,transformer_v1_32,high,32,10,2023-11-17,81,2.5,4,best,none,False
smokehouse_creek_fire_2024__2024-02-26__14SME__transformer_v1_32-10mc,https://hyp3-tibet-jpl-test-contentbucket-hratibh1y9pa.s3.us-west-2.amazonaws.com/d4cd1b23-0dd8-4b28-866a-f39f047b06ff/OPERA_L3_DIST-ALERT-S1_T14SME_20240216T124630Z_20251215T205725Z_S1A_30_v0.1.zip,s3://hyp3-tibet-jpl-test-contentbucket-hratibh1y9pad4cd1b23-0dd8-4b28-866a-f39f047b06ff/OPERA_L3_DIST-ALERT-S1_T14SME_20240216T124630Z_20251215T205725Z_S1A_30_v0.1,https://hyp3-tibet-jpl-test-contentbucket-hratibh1y9pa.s3.us-west-2.amazonaws.com/d4cd1b23-0dd8-4b28-866a-f39f047b06ff/OPERA_L3_DIST-ALERT-S1_T14SME_20240216T124630Z_20251215T205725Z_S1A_30_v0.1.png,2025-12-15T20:44:45+00:00,188.042,4.5,14SME,1,23,4,none,False,transformer_v1_32,high,32,10,2024-02-16,12,2.5,4,best,none,False
smokehouse_creek_fire_2024__2024-02-26__14SME__transformer_v1_32-10mc,https://hyp3-tibet-jpl-test-contentbucket-hratibh1y9pa.s3.us-west-2.amazonaws.com/57af06f3-ff4f-485a-bab8-5f0945190825/OPERA_L3_DIST-ALERT-S1_T14SME_20240311T004509Z_20251215T210038Z_S1A_30_v0.1.zip,s3://hyp3-tibet-jpl-test-contentbucket-hratibh1y9pa57af06f3-ff4f-485a-bab8-5f0945190825/OPERA_L3_DIST-ALERT-S1_T14SME_20240311T004509Z_20251215T210038Z_S1A_30_v0.1,https://hyp3-tibet-jpl-test-contentbucket-hratibh1y9pa.s3.us-west-2.amazonaws.com/57af06f3-ff4f-485a-bab8-5f0945190825/OPERA_L3_DIST-ALERT-S1_T14SME_20240311T004509Z_20251215T210038Z_S1A_30_v0.1.png,2025-12-15T20:44:45+00:00,379.014,4.5,14SME,1,23,4,none,False,transformer_v1_32,high,32,10,2024-03-11,5,2.5,4,best,none,False
tlacotalpan_flood_2024__2024-10-29__14QRF__transformer_v1_32-10mc,https://hyp3-tibet-jpl-test-contentbucket-hratibh1y9pa.s3.us-west-2.amazonaws.com/5f52c355-28e9-4fd1-b842-58fe3ac290b2/OPERA_L3_DIST-ALERT-S1_T14QRF_20241101T003213Z_20251215T210905Z_S1A_30_v0.1.zip,s3://hyp3-tibet-jpl-test-contentbucket-hratibh1y9pa5f52c355-28e9-4fd1-b842-58fe3ac290b2/OPERA_L3_DIST-ALERT-S1_T14QRF_20241101T003213Z_20251215T210905Z_S1A_30_v0.1,https://hyp3-tibet-jpl-test-contentbucket-hratibh1y9pa.s3.us-west-2.amazonaws.com/5f52c355-28e9-4fd1-b842-58fe3ac290b2/OPERA_L3_DIST-ALERT-S1_T14QRF_20241101T003213Z_20251215T210905Z_S1A_30_v0.1.png,2025-12-15T20:44:45+00:00,895.279,4.5,14QRF,1,23,4,none,False,transformer_v1_32,high,32,10,2024-11-01,107,2.5,4,best,none,False
chile_fire_2024__2024-02-04__19HBD__transformer_v1_32-10mc,https://hyp3-tibet-jpl-test-contentbucket-hratibh1y9pa.s3.us-west-2.amazonaws.com/f5d1df0a-7f3c-4299-92fa-c9fe87329ccd/OPERA_L3_DIST-ALERT-S1_T19HBD_20240311T232836Z_20251215T210712Z_S1A_30_v0.1.zip,s3://hyp3-tibet-jpl-test-contentbucket-hratibh1y9paf5d1df0a-7f3c-4299-92fa-c9fe87329ccd/OPERA_L3_DIST-ALERT-S1_T19HBD_20240311T232836Z_20251215T210712Z_S1A_30_v0.1,https://hyp3-tibet-jpl-test-contentbucket-hratibh1y9pa.s3.us-west-2.amazonaws.com/f5d1df0a-7f3c-4299-92fa-c9fe87329ccd/OPERA_L3_DIST-ALERT-S1_T19HBD_20240311T232836Z_20251215T210712Z_S1A_30_v0.1.png,2025-12-15T20:44:45+00:00,776.462,4.5,19HBD,1,23,4,none,False,transformer_v1_32,high,32,10,2024-03-11,18,2.5,4,best,none,False
smokehouse_creek_fire_2024__2024-02-26__14SLE__transformer_v1_32-10mc,https://hyp3-tibet-jpl-test-contentbucket-hratibh1y9pa.s3.us-west-2.amazonaws.com/0e5e74b5-63d8-455a-b626-f310853a40a7/OPERA_L3_DIST-ALERT-S1_T14SLE_20240204T124630Z_20251215T210108Z_S1A_30_v0.1.zip,s3://hyp3-tibet-jpl-test-contentbucket-hratibh1y9pa0e5e74b5-63d8-455a-b626-f310853a40a7/OPERA_L3_DIST-ALERT-S1_T14SLE_20240204T124630Z_20251215T210108Z_S1A_30_v0.1,https://hyp3-tibet-jpl-test-contentbucket-hratibh1y9pa.s3.us-west-2.amazonaws.com/0e5e74b5-63d8-455a-b626-f310853a40a7/OPERA_L3_DIST-ALERT-S1_T14SLE_20240204T124630Z_20251215T210108Z_S1A_30_v0.1.png,2025-12-15T20:44:45+00:00,422.129,4.5,14SLE,1,23,4,none,False,transformer_v1_32,high,32,10,2024-02-04,12,2.5,4,best,none,False
southwest_france_flood_2023__2023-12-14__30TXR__transformer_v1_32-10mc,https://hyp3-tibet-jpl-test-contentbucket-hratibh1y9pa.s3.us-west-2.amazonaws.com/c663d02a-cef0-4bba-aff2-39d53e56d667/OPERA_L3_DIST-ALERT-S1_T30TXR_20240131T174828Z_20251215T205856Z_S1A_30_v0.1.zip,s3://hyp3-tibet-jpl-test-contentbucket-hratibh1y9pac663d02a-cef0-4bba-aff2-39d53e56d667/OPERA_L3_DIST-ALERT-S1_T30TXR_20240131T174828Z_20251215T205856Z_S1A_30_v0.1,https://hyp3-tibet-jpl-test-contentbucket-hratibh1y9pa.s3.us-west-2.amazonaws.com/c663d02a-cef0-4bba-aff2-39d53e56d667/OPERA_L3_DIST-ALERT-S1_T30TXR_20240131T174828Z_20251215T205856Z_S1A_30_v0.1.png,2025-12-15T20:44:45+00:00,275.269,4.5,30TXR,1,23,4,none,False,transformer_v1_32,high,32,10,2024-01-31,132,2.5,4,best,none,False
smokehouse_creek_fire_2024__2024-02-26__14SKE__transformer_v1_32-10mc,https://hyp3-tibet-jpl-test-contentbucket-hratibh1y9pa.s3.us-west-2.amazonaws.com/17d033cd-60e8-4b74-a8e5-5990e8b50e81/OPERA_L3_DIST-ALERT-S1_T14SKE_20240409T005325Z_20251215T210002Z_S1A_30_v0.1.zip,s3://hyp3-tibet-jpl-test-contentbucket-hratibh1y9pa17d033cd-60e8-4b74-a8e5-5990e8b50e81/OPERA_L3_DIST-ALERT-S1_T14SKE_20240409T005325Z_20251215T210002Z_S1A_30_v0.1,https://hyp3-tibet-jpl-test-contentbucket-hratibh1y9pa.s3.us-west-2.amazonaws.com/17d033cd-60e8-4b74-a8e5-5990e8b50e81/OPERA_L3_DIST-ALERT-S1_T14SKE_20240409T005325Z_20251215T210002Z_S1A_30_v0.1.png,2025-12-15T20:44:45+00:00,344.086,4.5,14SKE,1,23,4,none,False,transformer_v1_32,high,32,10,2024-04-09,78,2.5,4,best,none,False
smokehouse_creek_fire_2024__2024-02-26__14SKE__transformer_v1_32-10mc,https://hyp3-tibet-jpl-test-contentbucket-hratibh1y9pa.s3.us-west-2.amazonaws.com/abcd1cd7-9c8e-417f-88e3-b65884d37c49/OPERA_L3_DIST-ALERT-S1_T14SKE_20240421T125446Z_20251215T210025Z_S1A_30_v0.1.zip,s3://hyp3-tibet-jpl-test-contentbucket-hratibh1y9paabcd1cd7-9c8e-417f-88e3-b65884d37c49/OPERA_L3_DIST-ALERT-S1_T14SKE_20240421T125446Z_20251215T210025Z_S1A_30_v0.1,https://hyp3-tibet-jpl-test-contentbucket-hratibh1y9pa.s3.us-west-2.amazonaws.com/abcd1cd7-9c8e-417f-88e3-b65884d37c49/OPERA_L3_DIST-ALERT-S1_T14SKE_20240421T125446Z_20251215T210025Z_S1A_30_v0.1.png,2025-12-15T20:44:45+00:00,370.203,4.5,14SKE,1,23,4,none,False,transformer_v1_32,high,32,10,2024-04-21,85,2.5,4,best,none,False
brazzaville_flood_and_landslides_2024__2024-02-08__33MWR__transformer_v1_32-10mc,https://hyp3-tibet-jpl-test-contentbucket-hratibh1y9pa.s3.us-west-2.amazonaws.com/6d99f6ac-55f7-4138-9278-1edff79fa6b7/OPERA_L3_DIST-ALERT-S1_T33MWR_20240306T043536Z_20251215T210502Z_S1A_30_v0.1.zip,s3://hyp3-tibet-jpl-test-contentbucket-hratibh1y9pa6d99f6ac-55f7-4138-9278-1edff79fa6b7/OPERA_L3_DIST-ALERT-S1_T33MWR_20240306T043536Z_20251215T210502Z_S1A_30_v0.1,https://hyp3-tibet-jpl-test-contentbucket-hratibh1y9pa.s3.us-west-2.amazonaws.com/6d99f6ac-55f7-4138-9278-1edff79fa6b7/OPERA_L3_DIST-ALERT-S1_T33MWR_20240306T043536Z_20251215T210502Z_S1A_30_v0.1.png,2025-12-15T20:44:45+00:00,920.508,4.5,33MWR,1,23,4,none,False,transformer_v1_32,high,32,10,2024-03-06,109,2.5,4,best,none,False
smokehouse_creek_fire_2024__2024-02-26__14SLE__transformer_v1_32-10mc,https://hyp3-tibet-jpl-test-contentbucket-hratibh1y9pa.s3.us-west-2.amazonaws.com/20acf5cb-7a50-43ae-a8d7-85499d1af97c/OPERA_L3_DIST-ALERT-S1_T14SLE_20240223T003703Z_20251215T205634Z_S1A_30_v0.1.zip,s3://hyp3-tibet-jpl-test-contentbucket-hratibh1y9pa20acf5cb-7a50-43ae-a8d7-85499d1af97c/OPERA_L3_DIST-ALERT-S1_T14SLE_20240223T003703Z_20251215T205634Z_S1A_30_v0.1,https://hyp3-tibet-jpl-test-contentbucket-hratibh1y9pa.s3.us-west-2.amazonaws.com/20acf5cb-7a50-43ae-a8d7-85499d1af97c/OPERA_L3_DIST-ALERT-S1_T14SLE_20240223T003703Z_20251215T205634Z_S1A_30_v0.1.png,2025-12-15T20:44:45+00:00,408.571,4.5,14SLE,1,23,4,none,False,transformer_v1_32,high,32,10,2024-02-23,107,2.5,4,best,none,False
smokehouse_creek_fire_2024__2024-02-26__14SME__transformer_v1_32-10mc,https://hyp3-tibet-jpl-test-contentbucket-hratibh1y9pa.s3.us-west-2.amazonaws.com/505871d1-9038-4773-b49f-65fb45993876/OPERA_L3_DIST-ALERT-S1_T14SME_20240311T124630Z_20251215T205339Z_S1A_30_v0.1.zip,s3://hyp3-tibet-jpl-test-contentbucket-hratibh1y9pa505871d1-9038-4773-b49f-65fb45993876/OPERA_L3_DIST-ALERT-S1_T14SME_20240311T124630Z_20251215T205339Z_S1A_30_v0.1,https://hyp3-tibet-jpl-test-contentbucket-hratibh1y9pa.s3.us-west-2.amazonaws.com/505871d1-9038-4773-b49f-65fb45993876/OPERA_L3_DIST-ALERT-S1_T14SME_20240311T124630Z_20251215T205339Z_S1A_30_v0.1.png,2025-12-15T20:44:45+00:00,234.805,4.5,14SME,1,23,4,none,False,transformer_v1_32,high,32,10,2024-03-11,12,2.5,4,best,none,False
southwest_france_flood_2023__2023-12-14__30TXR__transformer_v1_32-10mc,https://hyp3-tibet-jpl-test-contentbucket-hratibh1y9pa.s3.us-west-2.amazonaws.com/eacc0c5d-52e0-455b-89e8-8b1235966f02/OPERA_L3_DIST-ALERT-S1_T30TXR_20231124T060853Z_20251215T210416Z_S1A_30_v0.1.zip,s3://hyp3-tibet-jpl-test-contentbucket-hratibh1y9paeacc0c5d-52e0-455b-89e8-8b1235966f02/OPERA_L3_DIST-ALERT-S1_T30TXR_20231124T060853Z_20251215T210416Z_S1A_30_v0.1,https://hyp3-tibet-jpl-test-contentbucket-hratibh1y9pa.s3.us-west-2.amazonaws.com/eacc0c5d-52e0-455b-89e8-8b1235966f02/OPERA_L3_DIST-ALERT-S1_T30TXR_20231124T060853Z_20251215T210416Z_S1A_30_v0.1.png,2025-12-15T20:44:45+00:00,880.861,4.5,30TXR,1,23,4,none,False,transformer_v1_32,high,32,10,2023-11-24,8,2.5,4,best,none,False
chile_fire_2024__2024-02-04__19HBD__transformer_v1_32-10mc,https://hyp3-tibet-jpl-test-contentbucket-hratibh1y9pa.s3.us-west-2.amazonaws.com/dfc3016c-d015-4d1f-8c3f-4d5237154c71/OPERA_L3_DIST-ALERT-S1_T19HBD_20240321T100430Z_20251215T210256Z_S1A_30_v0.1.zip,s3://hyp3-tibet-jpl-test-contentbucket-hratibh1y9padfc3016c-d015-4d1f-8c3f-4d5237154c71/OPERA_L3_DIST-ALERT-S1_T19HBD_20240321T100430Z_20251215T210256Z_S1A_30_v0.1,https://hyp3-tibet-jpl-test-contentbucket-hratibh1y9pa.s3.us-west-2.amazonaws.com/dfc3016c-d015-4d1f-8c3f-4d5237154c71/OPERA_L3_DIST-ALERT-S1_T19HBD_20240321T100430Z_20251215T210256Z_S1A_30_v0.1.png,2025-12-15T20:44:45+00:00,791.992,4.5,19HBD,1,23,4,none,False,transformer_v1_32,high,32,10,2024-03-21,156,2.5,4,best,none,False
brazzaville_flood_and_landslides_2024__2024-02-08__33MWR__transformer_v1_32-10mc,https://hyp3-tibet-jpl-test-contentbucket-hratibh1y9pa.s3.us-west-2.amazonaws.com/55dfa644-bf1a-4ae2-95df-a20bf9a82c60/OPERA_L3_DIST-ALERT-S1_T33MWR_20240204T044346Z_20251215T205632Z_S1A_30_v0.1.zip,s3://hyp3-tibet-jpl-test-contentbucket-hratibh1y9pa55dfa644-bf1a-4ae2-95df-a20bf9a82c60/OPERA_L3_DIST-ALERT-S1_T33MWR_20240204T044346Z_20251215T205632Z_S1A_30_v0.1,https://hyp3-tibet-jpl-test-contentbucket-hratibh1y9pa.s3.us-west-2.amazonaws.com/55dfa644-bf1a-4ae2-95df-a20bf9a82c60/OPERA_L3_DIST-ALERT-S1_T33MWR_20240204T044346Z_20251215T205632Z_S1A_30_v0.1.png,2025-12-15T20:44:45+00:00,401.096,4.5,33MWR,1,23,4,none,False,transformer_v1_32,high,32,10,2024-02-04,7,2.5,4,best,none,False
southwest_france_flood_2023__2023-12-14__30TYR__transformer_v1_32-10mc,https://hyp3-tibet-jpl-test-contentbucket-hratibh1y9pa.s3.us-west-2.amazonaws.com/8215492f-e378-4751-9f05-96c742836c82/OPERA_L3_DIST-ALERT-S1_T30TYR_20240123T060849Z_20251215T210801Z_S1A_30_v0.1.zip,s3://hyp3-tibet-jpl-test-contentbucket-hratibh1y9pa8215492f-e378-4751-9f05-96c742836c82/OPERA_L3_DIST-ALERT-S1_T30TYR_20240123T060849Z_20251215T210801Z_S1A_30_v0.1,https://hyp3-tibet-jpl-test-contentbucket-hratibh1y9pa.s3.us-west-2.amazonaws.com/8215492f-e378-4751-9f05-96c742836c82/OPERA_L3_DIST-ALERT-S1_T30TYR_20240123T060849Z_20251215T210801Z_S1A_30_v0.1.png,2025-12-15T20:44:45+00:00,1095.625,4.5,30TYR,1,23,4,none,False,transformer_v1_32,high,32,10,2024-01-23,8,2.5,4,best,none,False
southwest_france_flood_2023__2023-12-14__30TXR__transformer_v1_32-10mc,https://hyp3-tibet-jpl-test-contentbucket-hratibh1y9pa.s3.us-west-2.amazonaws.com/bdf9b2fa-a1ea-46a3-b31d-156b260ef84c/OPERA_L3_DIST-ALERT-S1_T30TXR_20231212T180446Z_20251215T205641Z_S1A_30_v0.1.zip,s3://hyp3-tibet-jpl-test-contentbucket-hratibh1y9pabdf9b2fa-a1ea-46a3-b31d-156b260ef84c/OPERA_L3_DIST-ALERT-S1_T30TXR_20231212T180446Z_20251215T205641Z_S1A_30_v0.1,https://hyp3-tibet-jpl-test-contentbucket-hratibh1y9pa.s3.us-west-2.amazonaws.com/bdf9b2fa-a1ea-46a3-b31d-156b260ef84c/OPERA_L3_DIST-ALERT-S1_T30TXR_20231212T180446Z_20251215T205641Z_S1A_30_v0.1.png,2025-12-15T20:44:45+00:00,404.395,4.5,30TXR,1,23,4,none,False,transformer_v1_32,high,32,10,2023-12-12,103,2.5,4,best,none,False
brazzaville_flood_and_landslides_2023__2023-12-28__33MWR__transformer_v1_32-10mc,https://hyp3-tibet-jpl-test-contentbucket-hratibh1y9pa.s3.us-west-2.amazonaws.com/cbfd2d4e-cd3f-469d-b432-e0ae3bcf809a/OPERA_L3_DIST-ALERT-S1_T33MWR_20231206T044348Z_20251215T205617Z_S1A_30_v0.1.zip,s3://hyp3-tibet-jpl-test-contentbucket-hratibh1y9pacbfd2d4e-cd3f-469d-b432-e0ae3bcf809a/OPERA_L3_DIST-ALERT-S1_T33MWR_20231206T044348Z_20251215T205617Z_S1A_30_v0.1,https://hyp3-tibet-jpl-test-contentbucket-hratibh1y9pa.s3.us-west-2.amazonaws.com/cbfd2d4e-cd3f-469d-b432-e0ae3bcf809a/OPERA_L3_DIST-ALERT-S1_T33MWR_20231206T044348Z_20251215T205617Z_S1A_30_v0.1.png,2025-12-15T20:44:45+00:00,387.097,4.5,33MWR,1,23,4,none,False,transformer_v1_32,high,32,10,2023-12-06,7,2.5,4,best,none,False
smokehouse_creek_fire_2024__2024-02-26__14SLE__transformer_v1_32-10mc,https://hyp3-tibet-jpl-test-contentbucket-hratibh1y9pa.s3.us-west-2.amazonaws.com/710c5939-2f0c-464e-82be-ea40271be9ac/OPERA_L3_DIST-ALERT-S1_T14SLE_20240416T124631Z_20251215T205913Z_S1A_30_v0.1.zip,s3://hyp3-tibet-jpl-test-contentbucket-hratibh1y9pa710c5939-2f0c-464e-82be-ea40271be9ac/OPERA_L3_DIST-ALERT-S1_T14SLE_20240416T124631Z_20251215T205913Z_S1A_30_v0.1,https://hyp3-tibet-jpl-test-contentbucket-hratibh1y9pa.s3.us-west-2.amazonaws.com/710c5939-2f0c-464e-82be-ea40271be9ac/OPERA_L3_DIST-ALERT-S1_T14SLE_20240416T124631Z_20251215T205913Z_S1A_30_v0.1.png,2025-12-15T20:44:45+00:00,580.699,4.5,14SLE,1,23,4,none,False,transformer_v1_32,high,32,10,2024-04-16,12,2.5,4,best,none,False
brazzaville_flood_and_landslides_2023__2023-12-28__33MWR__transformer_v1_32-10mc,https://hyp3-tibet-jpl-test-contentbucket-hratibh1y9pa.s3.us-west-2.amazonaws.com/b978a8e0-d7e6-4184-9f3e-e3b16807f26e/OPERA_L3_DIST-ALERT-S1_T33MWR_20240111T044346Z_20251215T205624Z_S1A_30_v0.1.zip,s3://hyp3-tibet-jpl-test-contentbucket-hratibh1y9pab978a8e0-d7e6-4184-9f3e-e3b16807f26e/OPERA_L3_DIST-ALERT-S1_T33MWR_20240111T044346Z_20251215T205624Z_S1A_30_v0.1,https://hyp3-tibet-jpl-test-contentbucket-hratibh1y9pa.s3.us-west-2.amazonaws.com/b978a8e0-d7e6-4184-9f3e-e3b16807f26e/OPERA_L3_DIST-ALERT-S1_T33MWR_20240111T044346Z_20251215T205624Z_S1A_30_v0.1.png,2025-12-15T20:44:45+00:00,400.425,4.5,33MWR,1,23,4,none,False,transformer_v1_32,high,32,10,2024-01-11,7,2.5,4,best,none,False
smokehouse_creek_fire_2024__2024-02-26__14SLE__transformer_v1_32-10mc,https://hyp3-tibet-jpl-test-contentbucket-hratibh1y9pa.s3.us-west-2.amazonaws.com/6ac9dfd5-356f-4b2d-9008-a79d22751432/OPERA_L3_DIST-ALERT-S1_T14SLE_20240404T124631Z_20251215T205916Z_S1A_30_v0.1.zip,s3://hyp3-tibet-jpl-test-contentbucket-hratibh1y9pa6ac9dfd5-356f-4b2d-9008-a79d22751432/OPERA_L3_DIST-ALERT-S1_T14SLE_20240404T124631Z_20251215T205916Z_S1A_30_v0.1,https://hyp3-tibet-jpl-test-contentbucket-hratibh1y9pa.s3.us-west-2.amazonaws.com/6ac9dfd5-356f-4b2d-9008-a79d22751432/OPERA_L3_DIST-ALERT-S1_T14SLE_20240404T124631Z_20251215T205916Z_S1A_30_v0.1.png,2025-12-15T20:44:45+00:00,575.668,4.5,14SLE,1,23,4,none,False,transformer_v1_32,high,32,10,2024-04-04,12,2.5,4,best,none,False
brazzaville_flood_and_landslides_2023__2023-12-28__33MWR__transformer_v1_32-10mc,https://hyp3-tibet-jpl-test-contentbucket-hratibh1y9pa.s3.us-west-2.amazonaws.com/a259cb64-60ff-411e-8ab4-596496b24e76/OPERA_L3_DIST-ALERT-S1_T33MWR_20240130T043537Z_20251215T210236Z_S1A_30_v0.1.zip,s3://hyp3-tibet-jpl-test-contentbucket-hratibh1y9paa259cb64-60ff-411e-8ab4-596496b24e76/OPERA_L3_DIST-ALERT-S1_T33MWR_20240130T043537Z_20251215T210236Z_S1A_30_v0.1,https://hyp3-tibet-jpl-test-contentbucket-hratibh1y9pa.s3.us-west-2.amazonaws.com/a259cb64-60ff-411e-8ab4-596496b24e76/OPERA_L3_DIST-ALERT-S1_T33MWR_20240130T043537Z_20251215T210236Z_S1A_30_v0.1.png,2025-12-15T20:44:45+00:00,771.613,4.5,33MWR,1,23,4,none,False,transformer_v1_32,high,32,10,2024-01-30,109,2.5,4,best,none,False
smokehouse_creek_fire_2024__2024-02-26__14SKE__transformer_v1_32-10mc,https://hyp3-tibet-jpl-test-contentbucket-hratibh1y9pa.s3.us-west-2.amazonaws.com/c9c25e9e-8295-4e0d-b3a3-3fa48274e1ca/OPERA_L3_DIST-ALERT-S1_T14SKE_20240209T125445Z_20251215T205611Z_S1A_30_v0.1.zip,s3://hyp3-tibet-jpl-test-contentbucket-hratibh1y9pac9c25e9e-8295-4e0d-b3a3-3fa48274e1ca/OPERA_L3_DIST-ALERT-S1_T14SKE_20240209T125445Z_20251215T205611Z_S1A_30_v0.1,https://hyp3-tibet-jpl-test-contentbucket-hratibh1y9pa.s3.us-west-2.amazonaws.com/c9c25e9e-8295-4e0d-b3a3-3fa48274e1ca/OPERA_L3_DIST-ALERT-S1_T14SKE_20240209T125445Z_20251215T205611Z_S1A_30_v0.1.png,2025-12-15T20:44:45+00:00,388.634,4.5,14SKE,1,23,4,none,False,transformer_v1_32,high,32,10,2024-02-09,85,2.5,4,best,none,False
monkey_creek_fire_2024__2024-07-18__10TGQ__transformer_v1_32-10mc,https://hyp3-tibet-jpl-test-contentbucket-hratibh1y9pa.s3.us-west-2.amazonaws.com/af898855-b277-43b9-a0b0-8281fa604f89/OPERA_L3_DIST-ALERT-S1_T10TGQ_20240816T140624Z_20251215T205946Z_S1A_30_v0.1.zip,s3://hyp3-tibet-jpl-test-contentbucket-hratibh1y9paaf898855-b277-43b9-a0b0-8281fa604f89/OPERA_L3_DIST-ALERT-S1_T10TGQ_20240816T140624Z_20251215T205946Z_S1A_30_v0.1,https://hyp3-tibet-jpl-test-contentbucket-hratibh1y9pa.s3.us-west-2.amazonaws.com/af898855-b277-43b9-a0b0-8281fa604f89/OPERA_L3_DIST-ALERT-S1_T10TGQ_20240816T140624Z_20251215T205946Z_S1A_30_v0.1.png,2025-12-15T20:44:45+00:00,600.034,4.5,10TGQ,1,23,4,none,False,transformer_v1_32,high,32,10,2024-08-16,42,2.5,4,best,none,False
smokehouse_creek_fire_2024__2024-02-26__14SME__transformer_v1_32-10mc,https://hyp3-tibet-jpl-test-contentbucket-hratibh1y9pa.s3.us-west-2.amazonaws.com/186d78fb-8261-4672-98ba-3dda7be0c884/OPERA_L3_DIST-ALERT-S1_T14SME_20240204T004509Z_20251215T205537Z_S1A_30_v0.1.zip,s3://hyp3-tibet-jpl-test-contentbucket-hratibh1y9pa186d78fb-8261-4672-98ba-3dda7be0c884/OPERA_L3_DIST-ALERT-S1_T14SME_20240204T004509Z_20251215T205537Z_S1A_30_v0.1,https://hyp3-tibet-jpl-test-contentbucket-hratibh1y9pa.s3.us-west-2.amazonaws.com/186d78fb-8261-4672-98ba-3dda7be0c884/OPERA_L3_DIST-ALERT-S1_T14SME_20240204T004509Z_20251215T205537Z_S1A_30_v0.1.png,2025-12-15T20:44:45+00:00,344.504,4.5,14SME,1,23,4,none,False,transformer_v1_32,high,32,10,2024-02-04,5,2.5,4,best,none,False
southwest_france_flood_2023__2023-12-14__30TXR__transformer_v1_32-10mc,https://hyp3-tibet-jpl-test-contentbucket-hratibh1y9pa.s3.us-west-2.amazonaws.com/3a4c6db0-73ea-47dd-8f9f-4b8e2a5690c4/OPERA_L3_DIST-ALERT-S1_T30TXR_20231218T060852Z_20251215T210454Z_S1A_30_v0.1.zip,s3://hyp3-tibet-jpl-test-contentbucket-hratibh1y9pa3a4c6db0-73ea-47dd-8f9f-4b8e2a5690c4/OPERA_L3_DIST-ALERT-S1_T30TXR_20231218T060852Z_20251215T210454Z_S1A_30_v0.1,https://hyp3-tibet-jpl-test-contentbucket-hratibh1y9pa.s3.us-west-2.amazonaws.com/3a4c6db0-73ea-47dd-8f9f-4b8e2a5690c4/OPERA_L3_DIST-ALERT-S1_T30TXR_20231218T060852Z_20251215T210454Z_S1A_30_v0.1.png,2025-12-15T20:44:45+00:00,910.838,4.5,30TXR,1,23,4,none,False,transformer_v1_32,high,32,10,2023-12-18,8,2.5,4,best,none,False
smokehouse_creek_fire_2024__2024-02-26__14SKE__transformer_v1_32-10mc,https://hyp3-tibet-jpl-test-contentbucket-hratibh1y9pa.s3.us-west-2.amazonaws.com/40b4b052-f431-4a62-bba9-ac614a0b358a/OPERA_L3_DIST-ALERT-S1_T14SKE_20240204T004513Z_20251215T210433Z_S1A_30_v0.1.zip,s3://hyp3-tibet-jpl-test-contentbucket-hratibh1y9pa40b4b052-f431-4a62-bba9-ac614a0b358a/OPERA_L3_DIST-ALERT-S1_T14SKE_20240204T004513Z_20251215T210433Z_S1A_30_v0.1,https://hyp3-tibet-jpl-test-contentbucket-hratibh1y9pa.s3.us-west-2.amazonaws.com/40b4b052-f431-4a62-bba9-ac614a0b358a/OPERA_L3_DIST-ALERT-S1_T14SKE_20240204T004513Z_20251215T210433Z_S1A_30_v0.1.png,2025-12-15T20:44:45+00:00,899.853,4.5,14SKE,1,23,4,none,False,transformer_v1_32,high,32,10,2024-02-04,5,2.5,4,best,none,False
southwest_france_flood_2023__2023-12-14__30TYR__transformer_v1_32-10mc,https://hyp3-tibet-jpl-test-contentbucket-hratibh1y9pa.s3.us-west-2.amazonaws.com/3e48d55c-6a9f-4c01-9e93-3302ade6160a/OPERA_L3_DIST-ALERT-S1_T30TYR_20240124T175629Z_20251215T210728Z_S1A_30_v0.1.zip,s3://hyp3-tibet-jpl-test-contentbucket-hratibh1y9pa3e48d55c-6a9f-4c01-9e93-3302ade6160a/OPERA_L3_DIST-ALERT-S1_T30TYR_20240124T175629Z_20251215T210728Z_S1A_30_v0.1,https://hyp3-tibet-jpl-test-contentbucket-hratibh1y9pa.s3.us-west-2.amazonaws.com/3e48d55c-6a9f-4c01-9e93-3302ade6160a/OPERA_L3_DIST-ALERT-S1_T30TYR_20240124T175629Z_20251215T210728Z_S1A_30_v0.1.png,2025-12-15T20:44:45+00:00,1075.609,4.5,30TYR,1,23,4,none,False,transformer_v1_32,high,32,10,2024-01-24,30,2.5,4,best,none,False
southwest_france_flood_2023__2023-12-14__30TXR__transformer_v1_32-10mc,https://hyp3-tibet-jpl-test-contentbucket-hratibh1y9pa.s3.us-west-2.amazonaws.com/1c84a852-4af3-4e11-85a3-8d6b8cb24f74/OPERA_L3_DIST-ALERT-S1_T30TXR_20240104T061701Z_20251215T205743Z_S1A_30_v0.1.zip,s3://hyp3-tibet-jpl-test-contentbucket-hratibh1y9pa1c84a852-4af3-4e11-85a3-8d6b8cb24f74/OPERA_L3_DIST-ALERT-S1_T30TXR_20240104T061701Z_20251215T205743Z_S1A_30_v0.1,https://hyp3-tibet-jpl-test-contentbucket-hratibh1y9pa.s3.us-west-2.amazonaws.com/1c84a852-4af3-4e11-85a3-8d6b8cb24f74/OPERA_L3_DIST-ALERT-S1_T30TXR_20240104T061701Z_20251215T205743Z_S1A_30_v0.1.png,2025-12-15T20:44:45+00:00,475.852,4.5,30TXR,1,23,4,none,False,transformer_v1_32,high,32,10,2024-01-04,81,2.5,4,best,none,False
monkey_creek_fire_2024__2024-07-18__11TLK__transformer_v1_32-10mc,https://hyp3-tibet-jpl-test-contentbucket-hratibh1y9pa.s3.us-west-2.amazonaws.com/f5a4ee1a-197b-4a66-8d6a-b06ef120a3db/OPERA_L3_DIST-ALERT-S1_T11TLK_20240830T015328Z_20251215T210507Z_S1A_30_v0.1.zip,s3://hyp3-tibet-jpl-test-contentbucket-hratibh1y9paf5a4ee1a-197b-4a66-8d6a-b06ef120a3db/OPERA_L3_DIST-ALERT-S1_T11TLK_20240830T015328Z_20251215T210507Z_S1A_30_v0.1,https://hyp3-tibet-jpl-test-contentbucket-hratibh1y9pa.s3.us-west-2.amazonaws.com/f5a4ee1a-197b-4a66-8d6a-b06ef120a3db/OPERA_L3_DIST-ALERT-S1_T11TLK_20240830T015328Z_20251215T210507Z_S1A_30_v0.1.png,2025-12-15T20:44:45+00:00,931.466,4.5,11TLK,1,23,4,none,False,transformer_v1_32,high,32,10,2024-08-30,64,2.5,4,best,none,False
southwest_france_flood_2023__2023-12-14__30TXR__transformer_v1_32-10mc,https://hyp3-tibet-jpl-test-contentbucket-hratibh1y9pa.s3.us-west-2.amazonaws.com/4122e4bc-fc01-4f15-8018-bc18038d2bf3/OPERA_L3_DIST-ALERT-S1_T30TXR_20231202T174831Z_20251215T205351Z_S1A_30_v0.1.zip,s3://hyp3-tibet-jpl-test-contentbucket-hratibh1y9pa4122e4bc-fc01-4f15-8018-bc18038d2bf3/OPERA_L3_DIST-ALERT-S1_T30TXR_20231202T174831Z_20251215T205351Z_S1A_30_v0.1,https://hyp3-tibet-jpl-test-contentbucket-hratibh1y9pa.s3.us-west-2.amazonaws.com/4122e4bc-fc01-4f15-8018-bc18038d2bf3/OPERA_L3_DIST-ALERT-S1_T30TXR_20231202T174831Z_20251215T205351Z_S1A_30_v0.1.png,2025-12-15T20:44:45+00:00,236.408,4.5,30TXR,1,23,4,none,False,transformer_v1_32,high,32,10,2023-12-02,132,2.5,4,best,none,False
monkey_creek_fire_2024__2024-07-18__11TLK__transformer_v1_32-10mc,https://hyp3-tibet-jpl-test-contentbucket-hratibh1y9pa.s3.us-west-2.amazonaws.com/9067979e-0eb5-45d0-9dd4-2b351b9c6eea/OPERA_L3_DIST-ALERT-S1_T11TLK_20240811T135807Z_20251215T205805Z_S1A_30_v0.1.zip,s3://hyp3-tibet-jpl-test-contentbucket-hratibh1y9pa9067979e-0eb5-45d0-9dd4-2b351b9c6eea/OPERA_L3_DIST-ALERT-S1_T11TLK_20240811T135807Z_20251215T205805Z_S1A_30_v0.1,https://hyp3-tibet-jpl-test-contentbucket-hratibh1y9pa.s3.us-west-2.amazonaws.com/9067979e-0eb5-45d0-9dd4-2b351b9c6eea/OPERA_L3_DIST-ALERT-S1_T11TLK_20240811T135807Z_20251215T205805Z_S1A_30_v0.1.png,2025-12-15T20:44:45+00:00,499.559,4.5,11TLK,1,23,4,none,False,transformer_v1_32,high,32,10,2024-08-11,144,2.5,4,best,none,False
southwest_france_flood_2023__2023-12-14__30TYR__transformer_v1_32-10mc,https://hyp3-tibet-jpl-test-contentbucket-hratibh1y9pa.s3.us-west-2.amazonaws.com/afe6548f-7cae-47cd-9747-aa75b6c438d2/OPERA_L3_DIST-ALERT-S1_T30TYR_20240128T061700Z_20251215T205615Z_S1A_30_v0.1.zip,s3://hyp3-tibet-jpl-test-contentbucket-hratibh1y9paafe6548f-7cae-47cd-9747-aa75b6c438d2/OPERA_L3_DIST-ALERT-S1_T30TYR_20240128T061700Z_20251215T205615Z_S1A_30_v0.1,https://hyp3-tibet-jpl-test-contentbucket-hratibh1y9pa.s3.us-west-2.amazonaws.com/afe6548f-7cae-47cd-9747-aa75b6c438d2/OPERA_L3_DIST-ALERT-S1_T30TYR_20240128T061700Z_20251215T205615Z_S1A_30_v0.1.png,2025-12-15T20:44:45+00:00,384.206,4.5,30TYR,1,23,4,none,False,transformer_v1_32,high,32,10,2024-01-28,81,2.5,4,best,none,False
southwest_france_flood_2023__2023-12-14__30TYR__transformer_v1_32-10mc,https://hyp3-tibet-jpl-test-contentbucket-hratibh1y9pa.s3.us-west-2.amazonaws.com/dae983ef-8ad0-463e-9505-fbe8f9352763/OPERA_L3_DIST-ALERT-S1_T30TYR_20231201T060043Z_20251215T205618Z_S1A_30_v0.1.zip,s3://hyp3-tibet-jpl-test-contentbucket-hratibh1y9padae983ef-8ad0-463e-9505-fbe8f9352763/OPERA_L3_DIST-ALERT-S1_T30TYR_20231201T060043Z_20251215T205618Z_S1A_30_v0.1,https://hyp3-tibet-jpl-test-contentbucket-hratibh1y9pa.s3.us-west-2.amazonaws.com/dae983ef-8ad0-463e-9505-fbe8f9352763/OPERA_L3_DIST-ALERT-S1_T30TYR_20231201T060043Z_20251215T205618Z_S1A_30_v0.1.png,2025-12-15T20:44:45+00:00,391.214,4.5,30TYR,1,23,4,none,False,transformer_v1_32,high,32,10,2023-12-01,110,2.5,4,best,none,False
brazzaville_flood_and_landslides_2023__2023-12-28__33MWR__transformer_v1_32-10mc,https://hyp3-tibet-jpl-test-contentbucket-hratibh1y9pa.s3.us-west-2.amazonaws.com/170327f4-6aa6-44ad-9680-c6baa32d176c/OPERA_L3_DIST-ALERT-S1_T33MWR_20231218T044348Z_20251215T205641Z_S1A_30_v0.1.zip,s3://hyp3-tibet-jpl-test-contentbucket-hratibh1y9pa170327f4-6aa6-44ad-9680-c6baa32d176c/OPERA_L3_DIST-ALERT-S1_T33MWR_20231218T044348Z_20251215T205641Z_S1A_30_v0.1,https://hyp3-tibet-jpl-test-contentbucket-hratibh1y9pa.s3.us-west-2.amazonaws.com/170327f4-6aa6-44ad-9680-c6baa32d176c/OPERA_L3_DIST-ALERT-S1_T33MWR_20231218T044348Z_20251215T205641Z_S1A_30_v0.1.png,2025-12-15T20:44:45+00:00,411.14,4.5,33MWR,1,23,4,none,False,transformer_v1_32,high,32,10,2023-12-18,7,2.5,4,best,none,False
smokehouse_creek_fire_2024__2024-02-26__14SLE__transformer_v1_32-10mc,https://hyp3-tibet-jpl-test-contentbucket-hratibh1y9pa.s3.us-west-2.amazonaws.com/1deec5f3-b917-43f9-8a23-6d828b2562a0/OPERA_L3_DIST-ALERT-S1_T14SLE_20240216T004509Z_20251215T210414Z_S1A_30_v0.1.zip,s3://hyp3-tibet-jpl-test-contentbucket-hratibh1y9pa1deec5f3-b917-43f9-8a23-6d828b2562a0/OPERA_L3_DIST-ALERT-S1_T14SLE_20240216T004509Z_20251215T210414Z_S1A_30_v0.1,https://hyp3-tibet-jpl-test-contentbucket-hratibh1y9pa.s3.us-west-2.amazonaws.com/1deec5f3-b917-43f9-8a23-6d828b2562a0/OPERA_L3_DIST-ALERT-S1_T14SLE_20240216T004509Z_20251215T210414Z_S1A_30_v0.1.png,2025-12-15T20:44:45+00:00,867.996,4.5,14SLE,1,23,4,none,False,transformer_v1_32,high,32,10,2024-02-16,5,2.5,4,best,none,False
southwest_france_flood_2023__2023-12-14__30TXR__transformer_v1_32-10mc,https://hyp3-tibet-jpl-test-contentbucket-hratibh1y9pa.s3.us-west-2.amazonaws.com/070c1f88-f5ce-40bb-be56-f49b3c63f167/OPERA_L3_DIST-ALERT-S1_T30TXR_20240209T061700Z_20251215T205813Z_S1A_30_v0.1.zip,s3://hyp3-tibet-jpl-test-contentbucket-hratibh1y9pa070c1f88-f5ce-40bb-be56-f49b3c63f167/OPERA_L3_DIST-ALERT-S1_T30TXR_20240209T061700Z_20251215T205813Z_S1A_30_v0.1,https://hyp3-tibet-jpl-test-contentbucket-hratibh1y9pa.s3.us-west-2.amazonaws.com/070c1f88-f5ce-40bb-be56-f49b3c63f167/OPERA_L3_DIST-ALERT-S1_T30TXR_20240209T061700Z_20251215T205813Z_S1A_30_v0.1.png,2025-12-15T20:44:45+00:00,510.951,4.5,30TXR,1,23,4,none,False,transformer_v1_32,high,32,10,2024-02-09,81,2.5,4,best,none,False
southwest_france_flood_2023__2023-12-14__30TXR__transformer_v1_32-10mc,https://hyp3-tibet-jpl-test-contentbucket-hratibh1y9pa.s3.us-west-2.amazonaws.com/636bf9d8-7569-48af-8f44-5e5624cf19bd/OPERA_L3_DIST-ALERT-S1_T30TXR_20240111T060851Z_20251215T210500Z_S1A_30_v0.1.zip,s3://hyp3-tibet-jpl-test-contentbucket-hratibh1y9pa636bf9d8-7569-48af-8f44-5e5624cf19bd/OPERA_L3_DIST-ALERT-S1_T30TXR_20240111T060851Z_20251215T210500Z_S1A_30_v0.1,https://hyp3-tibet-jpl-test-contentbucket-hratibh1y9pa.s3.us-west-2.amazonaws.com/636bf9d8-7569-48af-8f44-5e5624cf19bd/OPERA_L3_DIST-ALERT-S1_T30TXR_20240111T060851Z_20251215T210500Z_S1A_30_v0.1.png,2025-12-15T20:44:45+00:00,910.092,4.5,30TXR,1,23,4,none,False,transformer_v1_32,high,32,10,2024-01-11,8,2.5,4,best,none,False
southwest_france_flood_2023__2023-12-14__30TXR__transformer_v1_32-10mc,https://hyp3-tibet-jpl-test-contentbucket-hratibh1y9pa.s3.us-west-2.amazonaws.com/2d1c9182-3764-4585-8c4f-d428542346e6/OPERA_L3_DIST-ALERT-S1_T30TXR_20231223T061702Z_20251215T210218Z_S1A_30_v0.1.zip,s3://hyp3-tibet-jpl-test-contentbucket-hratibh1y9pa2d1c9182-3764-4585-8c4f-d428542346e6/OPERA_L3_DIST-ALERT-S1_T30TXR_20231223T061702Z_20251215T210218Z_S1A_30_v0.1,https://hyp3-tibet-jpl-test-contentbucket-hratibh1y9pa.s3.us-west-2.amazonaws.com/2d1c9182-3764-4585-8c4f-d428542346e6/OPERA_L3_DIST-ALERT-S1_T30TXR_20231223T061702Z_20251215T210218Z_S1A_30_v0.1.png,2025-12-15T20:44:45+00:00,484.312,4.5,30TXR,1,23,4,none,False,transformer_v1_32,high,32,10,2023-12-23,81,2.5,4,best,none,False
southwest_france_flood_2023__2023-12-14__30TYR__transformer_v1_32-10mc,https://hyp3-tibet-jpl-test-contentbucket-hratibh1y9pa.s3.us-west-2.amazonaws.com/9828715b-00fd-4c7b-8bc2-f7503e3860be/OPERA_L3_DIST-ALERT-S1_T30TYR_20240112T175629Z_20251215T210519Z_S1A_30_v0.1.zip,s3://hyp3-tibet-jpl-test-contentbucket-hratibh1y9pa9828715b-00fd-4c7b-8bc2-f7503e3860be/OPERA_L3_DIST-ALERT-S1_T30TYR_20240112T175629Z_20251215T210519Z_S1A_30_v0.1,https://hyp3-tibet-jpl-test-contentbucket-hratibh1y9pa.s3.us-west-2.amazonaws.com/9828715b-00fd-4c7b-8bc2-f7503e3860be/OPERA_L3_DIST-ALERT-S1_T30TYR_20240112T175629Z_20251215T210519Z_S1A_30_v0.1.png,2025-12-15T20:44:45+00:00,935.12,4.5,30TYR,1,23,4,none,False,transformer_v1_32,high,32,10,2024-01-12,30,2.5,4,best,none,False
southwest_france_flood_2023__2023-12-14__30TYR__transformer_v1_32-10mc,https://hyp3-tibet-jpl-test-contentbucket-hratibh1y9pa.s3.us-west-2.amazonaws.com/e1a6e313-7daa-43d9-be44-3fecde594599/OPERA_L3_DIST-ALERT-S1_T30TYR_20231207T175631Z_20251215T210524Z_S1A_30_v0.1.zip,s3://hyp3-tibet-jpl-test-contentbucket-hratibh1y9pae1a6e313-7daa-43d9-be44-3fecde594599/OPERA_L3_DIST-ALERT-S1_T30TYR_20231207T175631Z_20251215T210524Z_S1A_30_v0.1,https://hyp3-tibet-jpl-test-contentbucket-hratibh1y9pa.s3.us-west-2.amazonaws.com/e1a6e313-7daa-43d9-be44-3fecde594599/OPERA_L3_DIST-ALERT-S1_T30TYR_20231207T175631Z_20251215T210524Z_S1A_30_v0.1.png,2025-12-15T20:44:45+00:00,941.155,4.5,30TYR,1,23,4,none,False,transformer_v1_32,high,32,10,2023-12-07,30,2.5,4,best,none,False
tlacotalpan_flood_2024__2024-10-29__14QRF__transformer_v1_32-10mc,https://hyp3-tibet-jpl-test-contentbucket-hratibh1y9pa.s3.us-west-2.amazonaws.com/28df6cb9-f1d9-4e1a-af01-9975094ce85d/OPERA_L3_DIST-ALERT-S1_T14QRF_20241211T121013Z_20251215T205426Z_S1A_30_v0.1.zip,s3://hyp3-tibet-jpl-test-contentbucket-hratibh1y9pa28df6cb9-f1d9-4e1a-af01-9975094ce85d/OPERA_L3_DIST-ALERT-S1_T14QRF_20241211T121013Z_20251215T205426Z_S1A_30_v0.1,https://hyp3-tibet-jpl-test-contentbucket-hratibh1y9pa.s3.us-west-2.amazonaws.com/28df6cb9-f1d9-4e1a-af01-9975094ce85d/OPERA_L3_DIST-ALERT-S1_T14QRF_20241211T121013Z_20251215T205426Z_S1A_30_v0.1.png,2025-12-15T20:44:45+00:00,273.578,4.5,14QRF,1,23,4,none,False,transformer_v1_32,high,32,10,2024-12-11,172,2.5,4,best,none,False
smokehouse_creek_fire_2024__2024-02-26__14SLE__transformer_v1_32-10mc,https://hyp3-tibet-jpl-test-contentbucket-hratibh1y9pa.s3.us-west-2.amazonaws.com/6f1ffdc0-3005-4945-9c53-d83a1dc9dc57/OPERA_L3_DIST-ALERT-S1_T14SLE_20240306T003703Z_20251215T205603Z_S1A_30_v0.1.zip,s3://hyp3-tibet-jpl-test-contentbucket-hratibh1y9pa6f1ffdc0-3005-4945-9c53-d83a1dc9dc57/OPERA_L3_DIST-ALERT-S1_T14SLE_20240306T003703Z_20251215T205603Z_S1A_30_v0.1,https://hyp3-tibet-jpl-test-contentbucket-hratibh1y9pa.s3.us-west-2.amazonaws.com/6f1ffdc0-3005-4945-9c53-d83a1dc9dc57/OPERA_L3_DIST-ALERT-S1_T14SLE_20240306T003703Z_20251215T205603Z_S1A_30_v0.1.png,2025-12-15T20:44:45+00:00,383.401,4.5,14SLE,1,23,4,none,False,transformer_v1_32,high,32,10,2024-03-06,107,2.5,4,best,none,False
smokehouse_creek_fire_2024__2024-02-26__14SME__transformer_v1_32-10mc,https://hyp3-tibet-jpl-test-contentbucket-hratibh1y9pa.s3.us-west-2.amazonaws.com/7b40b828-1028-47a9-8d13-e9ff2d23eda2/OPERA_L3_DIST-ALERT-S1_T14SME_20240318T003659Z_20251215T210541Z_S1A_30_v0.1.zip,s3://hyp3-tibet-jpl-test-contentbucket-hratibh1y9pa7b40b828-1028-47a9-8d13-e9ff2d23eda2/OPERA_L3_DIST-ALERT-S1_T14SME_20240318T003659Z_20251215T210541Z_S1A_30_v0.1,https://hyp3-tibet-jpl-test-contentbucket-hratibh1y9pa.s3.us-west-2.amazonaws.com/7b40b828-1028-47a9-8d13-e9ff2d23eda2/OPERA_L3_DIST-ALERT-S1_T14SME_20240318T003659Z_20251215T210541Z_S1A_30_v0.1.png,2025-12-15T20:44:45+00:00,959.162,4.5,14SME,1,23,4,none,False,transformer_v1_32,high,32,10,2024-03-18,107,2.5,4,best,none,False
brazzaville_flood_and_landslides_2024__2024-02-08__33MWR__transformer_v1_32-10mc,https://hyp3-tibet-jpl-test-contentbucket-hratibh1y9pa.s3.us-west-2.amazonaws.com/1a279035-9cd8-442f-bce5-1c83a33765d8/OPERA_L3_DIST-ALERT-S1_T33MWR_20240216T044345Z_20251215T205650Z_S1A_30_v0.1.zip,s3://hyp3-tibet-jpl-test-contentbucket-hratibh1y9pa1a279035-9cd8-442f-bce5-1c83a33765d8/OPERA_L3_DIST-ALERT-S1_T33MWR_20240216T044345Z_20251215T205650Z_S1A_30_v0.1,https://hyp3-tibet-jpl-test-contentbucket-hratibh1y9pa.s3.us-west-2.amazonaws.com/1a279035-9cd8-442f-bce5-1c83a33765d8/OPERA_L3_DIST-ALERT-S1_T33MWR_20240216T044345Z_20251215T205650Z_S1A_30_v0.1.png,2025-12-15T20:44:45+00:00,421.391,4.5,33MWR,1,23,4,none,False,transformer_v1_32,high,32,10,2024-02-16,7,2.5,4,best,none,False
tlacotalpan_flood_2024__2024-10-29__14QRF__transformer_v1_32-10mc,https://hyp3-tibet-jpl-test-contentbucket-hratibh1y9pa.s3.us-west-2.amazonaws.com/9e940472-0707-4dfd-a57a-e40b85538e62/OPERA_L3_DIST-ALERT-S1_T14QRF_20241125T003211Z_20251215T210803Z_S1A_30_v0.1.zip,s3://hyp3-tibet-jpl-test-contentbucket-hratibh1y9pa9e940472-0707-4dfd-a57a-e40b85538e62/OPERA_L3_DIST-ALERT-S1_T14QRF_20241125T003211Z_20251215T210803Z_S1A_30_v0.1,https://hyp3-tibet-jpl-test-contentbucket-hratibh1y9pa.s3.us-west-2.amazonaws.com/9e940472-0707-4dfd-a57a-e40b85538e62/OPERA_L3_DIST-ALERT-S1_T14QRF_20241125T003211Z_20251215T210803Z_S1A_30_v0.1.png,2025-12-15T20:44:45+00:00,1097.442,4.5,14QRF,1,23,4,none,False,transformer_v1_32,high,32,10,2024-11-25,107,2.5,4,best,none,False
monkey_creek_fire_2024__2024-07-18__11TLK__transformer_v1_32-10mc,https://hyp3-tibet-jpl-test-contentbucket-hratibh1y9pa.s3.us-west-2.amazonaws.com/ff969ed3-e52c-455f-96bc-4995d56271cd/OPERA_L3_DIST-ALERT-S1_T11TLK_20240806T015327Z_20251215T210418Z_S1A_30_v0.1.zip,s3://hyp3-tibet-jpl-test-contentbucket-hratibh1y9paff969ed3-e52c-455f-96bc-4995d56271cd/OPERA_L3_DIST-ALERT-S1_T11TLK_20240806T015327Z_20251215T210418Z_S1A_30_v0.1,https://hyp3-tibet-jpl-test-contentbucket-hratibh1y9pa.s3.us-west-2.amazonaws.com/ff969ed3-e52c-455f-96bc-4995d56271cd/OPERA_L3_DIST-ALERT-S1_T11TLK_20240806T015327Z_20251215T210418Z_S1A_30_v0.1.png,2025-12-15T20:44:45+00:00,870.815,4.5,11TLK,1,23,4,none,False,transformer_v1_32,high,32,10,2024-08-06,64,2.5,4,best,none,False
brazzaville_flood_and_landslides_2024__2024-02-08__33MWR__transformer_v1_32-10mc,https://hyp3-tibet-jpl-test-contentbucket-hratibh1y9pa.s3.us-west-2.amazonaws.com/1bd807d0-46d3-4989-b487-258ea22c56b2/OPERA_L3_DIST-ALERT-S1_T33MWR_20240311T044345Z_20251215T205624Z_S1A_30_v0.1.zip,s3://hyp3-tibet-jpl-test-contentbucket-hratibh1y9pa1bd807d0-46d3-4989-b487-258ea22c56b2/OPERA_L3_DIST-ALERT-S1_T33MWR_20240311T044345Z_20251215T205624Z_S1A_30_v0.1,https://hyp3-tibet-jpl-test-contentbucket-hratibh1y9pa.s3.us-west-2.amazonaws.com/1bd807d0-46d3-4989-b487-258ea22c56b2/OPERA_L3_DIST-ALERT-S1_T33MWR_20240311T044345Z_20251215T205624Z_S1A_30_v0.1.png,2025-12-15T20:44:45+00:00,393.528,4.5,33MWR,1,23,4,none,False,transformer_v1_32,high,32,10,2024-03-11,7,2.5,4,best,none,False
tlacotalpan_flood_2024__2024-10-29__14QRF__transformer_v1_32-10mc,https://hyp3-tibet-jpl-test-contentbucket-hratibh1y9pa.s3.us-west-2.amazonaws.com/b976487f-d8d1-4894-b8bc-2e5040dc9986/OPERA_L3_DIST-ALERT-S1_T14QRF_20240930T121015Z_20251215T205603Z_S1A_30_v0.1.zip,s3://hyp3-tibet-jpl-test-contentbucket-hratibh1y9pab976487f-d8d1-4894-b8bc-2e5040dc9986/OPERA_L3_DIST-ALERT-S1_T14QRF_20240930T121015Z_20251215T205603Z_S1A_30_v0.1,https://hyp3-tibet-jpl-test-contentbucket-hratibh1y9pa.s3.us-west-2.amazonaws.com/b976487f-d8d1-4894-b8bc-2e5040dc9986/OPERA_L3_DIST-ALERT-S1_T14QRF_20240930T121015Z_20251215T205603Z_S1A_30_v0.1.png,2025-12-15T20:44:45+00:00,375.478,4.5,14QRF,1,23,4,none,False,transformer_v1_32,high,32,10,2024-09-30,172,2.5,4,best,none,False
smokehouse_creek_fire_2024__2024-02-26__14SKE__transformer_v1_32-10mc,https://hyp3-tibet-jpl-test-contentbucket-hratibh1y9pa.s3.us-west-2.amazonaws.com/3c8954f3-802d-4b8e-a2be-e0c342b63d54/OPERA_L3_DIST-ALERT-S1_T14SKE_20240228T124634Z_20251215T205542Z_S1A_30_v0.1.zip,s3://hyp3-tibet-jpl-test-contentbucket-hratibh1y9pa3c8954f3-802d-4b8e-a2be-e0c342b63d54/OPERA_L3_DIST-ALERT-S1_T14SKE_20240228T124634Z_20251215T205542Z_S1A_30_v0.1,https://hyp3-tibet-jpl-test-contentbucket-hratibh1y9pa.s3.us-west-2.amazonaws.com/3c8954f3-802d-4b8e-a2be-e0c342b63d54/OPERA_L3_DIST-ALERT-S1_T14SKE_20240228T124634Z_20251215T205542Z_S1A_30_v0.1.png,2025-12-15T20:44:45+00:00,359.248,4.5,14SKE,1,23,4,none,False,transformer_v1_32,high,32,10,2024-02-28,12,2.5,4,best,none,False
smokehouse_creek_fire_2024__2024-02-26__14SLE__transformer_v1_32-10mc,https://hyp3-tibet-jpl-test-contentbucket-hratibh1y9pa.s3.us-west-2.amazonaws.com/9f1749e9-2854-4d99-990e-360a36c58c78/OPERA_L3_DIST-ALERT-S1_T14SLE_20240404T004510Z_20251215T210328Z_S1A_30_v0.1.zip,s3://hyp3-tibet-jpl-test-contentbucket-hratibh1y9pa9f1749e9-2854-4d99-990e-360a36c58c78/OPERA_L3_DIST-ALERT-S1_T14SLE_20240404T004510Z_20251215T210328Z_S1A_30_v0.1,https://hyp3-tibet-jpl-test-contentbucket-hratibh1y9pa.s3.us-west-2.amazonaws.com/9f1749e9-2854-4d99-990e-360a36c58c78/OPERA_L3_DIST-ALERT-S1_T14SLE_20240404T004510Z_20251215T210328Z_S1A_30_v0.1.png,2025-12-15T20:44:45+00:00,831.984,4.5,14SLE,1,23,4,none,False,transformer_v1_32,high,32,10,2024-04-04,5,2.5,4,best,none,False
brazzaville_flood_and_landslides_2024__2024-02-08__33MWR__transformer_v1_32-10mc,https://hyp3-tibet-jpl-test-contentbucket-hratibh1y9pa.s3.us-west-2.amazonaws.com/6fd97aa1-44e5-461d-92ff-89f9e3569c41/OPERA_L3_DIST-ALERT-S1_T33MWR_20240130T043537Z_20251215T210315Z_S1A_30_v0.1.zip,s3://hyp3-tibet-jpl-test-contentbucket-hratibh1y9pa6fd97aa1-44e5-461d-92ff-89f9e3569c41/OPERA_L3_DIST-ALERT-S1_T33MWR_20240130T043537Z_20251215T210315Z_S1A_30_v0.1,https://hyp3-tibet-jpl-test-contentbucket-hratibh1y9pa.s3.us-west-2.amazonaws.com/6fd97aa1-44e5-461d-92ff-89f9e3569c41/OPERA_L3_DIST-ALERT-S1_T33MWR_20240130T043537Z_20251215T210315Z_S1A_30_v0.1.png,2025-12-15T20:44:45+00:00,811.13,4.5,33MWR,1,23,4,none,False,transformer_v1_32,high,32,10,2024-01-30,109,2.5,4,best,none,False
smokehouse_creek_fire_2024__2024-02-26__14SKE__transformer_v1_32-10mc,https://hyp3-tibet-jpl-test-contentbucket-hratibh1y9pa.s3.us-west-2.amazonaws.com/89cf561a-9ab6-4f70-bae8-8c17f45534bb/OPERA_L3_DIST-ALERT-S1_T14SKE_20240323T004513Z_20251215T210416Z_S1A_30_v0.1.zip,s3://hyp3-tibet-jpl-test-contentbucket-hratibh1y9pa89cf561a-9ab6-4f70-bae8-8c17f45534bb/OPERA_L3_DIST-ALERT-S1_T14SKE_20240323T004513Z_20251215T210416Z_S1A_30_v0.1,https://hyp3-tibet-jpl-test-contentbucket-hratibh1y9pa.s3.us-west-2.amazonaws.com/89cf561a-9ab6-4f70-bae8-8c17f45534bb/OPERA_L3_DIST-ALERT-S1_T14SKE_20240323T004513Z_20251215T210416Z_S1A_30_v0.1.png,2025-12-15T20:44:45+00:00,880.392,4.5,14SKE,1,23,4,none,False,transformer_v1_32,high,32,10,2024-03-23,5,2.5,4,best,none,False
monkey_creek_fire_2024__2024-07-18__11TLK__transformer_v1_32-10mc,https://hyp3-tibet-jpl-test-contentbucket-hratibh1y9pa.s3.us-west-2.amazonaws.com/02be152c-5d2b-4041-92be-2e59c87964be/OPERA_L3_DIST-ALERT-S1_T11TLK_20240718T135807Z_20251215T205635Z_S1A_30_v0.1.zip,s3://hyp3-tibet-jpl-test-contentbucket-hratibh1y9pa02be152c-5d2b-4041-92be-2e59c87964be/OPERA_L3_DIST-ALERT-S1_T11TLK_20240718T135807Z_20251215T205635Z_S1A_30_v0.1,https://hyp3-tibet-jpl-test-contentbucket-hratibh1y9pa.s3.us-west-2.amazonaws.com/02be152c-5d2b-4041-92be-2e59c87964be/OPERA_L3_DIST-ALERT-S1_T11TLK_20240718T135807Z_20251215T205635Z_S1A_30_v0.1.png,2025-12-15T20:44:45+00:00,405.837,4.5,11TLK,1,23,4,none,False,transformer_v1_32,high,32,10,2024-07-18,144,2.5,4,best,none,False
smokehouse_creek_fire_2024__2024-02-26__14SLE__transformer_v1_32-10mc,https://hyp3-tibet-jpl-test-contentbucket-hratibh1y9pa.s3.us-west-2.amazonaws.com/65c768d4-1fef-4925-a7bf-cccaa4049c86/OPERA_L3_DIST-ALERT-S1_T14SLE_20240416T004510Z_20251215T210350Z_S1A_30_v0.1.zip,s3://hyp3-tibet-jpl-test-contentbucket-hratibh1y9pa65c768d4-1fef-4925-a7bf-cccaa4049c86/OPERA_L3_DIST-ALERT-S1_T14SLE_20240416T004510Z_20251215T210350Z_S1A_30_v0.1,https://hyp3-tibet-jpl-test-contentbucket-hratibh1y9pa.s3.us-west-2.amazonaws.com/65c768d4-1fef-4925-a7bf-cccaa4049c86/OPERA_L3_DIST-ALERT-S1_T14SLE_20240416T004510Z_20251215T210350Z_S1A_30_v0.1.png,2025-12-15T20:44:45+00:00,853.232,4.5,14SLE,1,23,4,none,False,transformer_v1_32,high,32,10,2024-04-16,5,2.5,4,best,none,False
brazzaville_flood_and_landslides_2024__2024-02-08__33MWR__transformer_v1_32-10mc,https://hyp3-tibet-jpl-test-contentbucket-hratibh1y9pa.s3.us-west-2.amazonaws.com/a817262a-d3c5-4119-b6ae-4c687f42ccf2/OPERA_L3_DIST-ALERT-S1_T33MWR_20240223T043536Z_20251215T210553Z_S1A_30_v0.1.zip,s3://hyp3-tibet-jpl-test-contentbucket-hratibh1y9paa817262a-d3c5-4119-b6ae-4c687f42ccf2/OPERA_L3_DIST-ALERT-S1_T33MWR_20240223T043536Z_20251215T210553Z_S1A_30_v0.1,https://hyp3-tibet-jpl-test-contentbucket-hratibh1y9pa.s3.us-west-2.amazonaws.com/a817262a-d3c5-4119-b6ae-4c687f42ccf2/OPERA_L3_DIST-ALERT-S1_T33MWR_20240223T043536Z_20251215T210553Z_S1A_30_v0.1.png,2025-12-15T20:44:45+00:00,967.914,4.5,33MWR,1,23,4,none,False,transformer_v1_32,high,32,10,2024-02-23,109,2.5,4,best,none,False
monkey_creek_fire_2024__2024-07-18__11TLK__transformer_v1_32-10mc,https://hyp3-tibet-jpl-test-contentbucket-hratibh1y9pa.s3.us-west-2.amazonaws.com/2a700b90-123d-49c3-b3d7-dee7ac617b63/OPERA_L3_DIST-ALERT-S1_T11TLK_20240701T015328Z_20251215T210248Z_S1A_30_v0.1.zip,s3://hyp3-tibet-jpl-test-contentbucket-hratibh1y9pa2a700b90-123d-49c3-b3d7-dee7ac617b63/OPERA_L3_DIST-ALERT-S1_T11TLK_20240701T015328Z_20251215T210248Z_S1A_30_v0.1,https://hyp3-tibet-jpl-test-contentbucket-hratibh1y9pa.s3.us-west-2.amazonaws.com/2a700b90-123d-49c3-b3d7-dee7ac617b63/OPERA_L3_DIST-ALERT-S1_T11TLK_20240701T015328Z_20251215T210248Z_S1A_30_v0.1.png,2025-12-15T20:44:45+00:00,781.827,4.5,11TLK,1,23,4,none,False,transformer_v1_32,high,32,10,2024-07-01,64,2.5,4,best,none,False
smokehouse_creek_fire_2024__2024-02-26__14SKE__transformer_v1_32-10mc,https://hyp3-tibet-jpl-test-contentbucket-hratibh1y9pa.s3.us-west-2.amazonaws.com/7d8a9236-5c0a-4f91-8cac-803f5e80f1be/OPERA_L3_DIST-ALERT-S1_T14SKE_20240416T004514Z_20251215T210149Z_S1A_30_v0.1.zip,s3://hyp3-tibet-jpl-test-contentbucket-hratibh1y9pa7d8a9236-5c0a-4f91-8cac-803f5e80f1be/OPERA_L3_DIST-ALERT-S1_T14SKE_20240416T004514Z_20251215T210149Z_S1A_30_v0.1,https://hyp3-tibet-jpl-test-contentbucket-hratibh1y9pa.s3.us-west-2.amazonaws.com/7d8a9236-5c0a-4f91-8cac-803f5e80f1be/OPERA_L3_DIST-ALERT-S1_T14SKE_20240416T004514Z_20251215T210149Z_S1A_30_v0.1.png,2025-12-15T20:44:45+00:00,726.425,4.5,14SKE,1,23,4,none,False,transformer_v1_32,high,32,10,2024-04-16,5,2.5,4,best,none,False
monkey_creek_fire_2024__2024-07-18__11TLK__transformer_v1_32-10mc,https://hyp3-tibet-jpl-test-contentbucket-hratibh1y9pa.s3.us-west-2.amazonaws.com/cf0e4d87-fb8a-4779-86e0-1c70108dd395/OPERA_L3_DIST-ALERT-S1_T11TLK_20240723T140623Z_20251215T205816Z_S1A_30_v0.1.zip,s3://hyp3-tibet-jpl-test-contentbucket-hratibh1y9pacf0e4d87-fb8a-4779-86e0-1c70108dd395/OPERA_L3_DIST-ALERT-S1_T11TLK_20240723T140623Z_20251215T205816Z_S1A_30_v0.1,https://hyp3-tibet-jpl-test-contentbucket-hratibh1y9pa.s3.us-west-2.amazonaws.com/cf0e4d87-fb8a-4779-86e0-1c70108dd395/OPERA_L3_DIST-ALERT-S1_T11TLK_20240723T140623Z_20251215T205816Z_S1A_30_v0.1.png,2025-12-15T20:44:45+00:00,515.922,4.5,11TLK,1,23,4,none,False,transformer_v1_32,high,32,10,2024-07-23,42,2.5,4,best,none,False
smokehouse_creek_fire_2024__2024-02-26__14SKE__transformer_v1_32-10mc,https://hyp3-tibet-jpl-test-contentbucket-hratibh1y9pa.s3.us-west-2.amazonaws.com/8ec4d081-6f6b-4f2e-907c-e74722a8fe4b/OPERA_L3_DIST-ALERT-S1_T14SKE_20240311T004513Z_20251215T210337Z_S1A_30_v0.1.zip,s3://hyp3-tibet-jpl-test-contentbucket-hratibh1y9pa8ec4d081-6f6b-4f2e-907c-e74722a8fe4b/OPERA_L3_DIST-ALERT-S1_T14SKE_20240311T004513Z_20251215T210337Z_S1A_30_v0.1,https://hyp3-tibet-jpl-test-contentbucket-hratibh1y9pa.s3.us-west-2.amazonaws.com/8ec4d081-6f6b-4f2e-907c-e74722a8fe4b/OPERA_L3_DIST-ALERT-S1_T14SKE_20240311T004513Z_20251215T210337Z_S1A_30_v0.1.png,2025-12-15T20:44:45+00:00,843.865,4.5,14SKE,1,23,4,none,False,transformer_v1_32,high,32,10,2024-03-11,5,2.5,4,best,none,False
brazzaville_flood_and_landslides_2024__2024-02-08__33MWR__transformer_v1_32-10mc,https://hyp3-tibet-jpl-test-contentbucket-hratibh1y9pa.s3.us-west-2.amazonaws.com/874894f3-611c-4a1a-be98-e65bf84549f1/OPERA_L3_DIST-ALERT-S1_T33MWR_20240323T044346Z_20251215T205700Z_S1A_30_v0.1.zip,s3://hyp3-tibet-jpl-test-contentbucket-hratibh1y9pa874894f3-611c-4a1a-be98-e65bf84549f1/OPERA_L3_DIST-ALERT-S1_T33MWR_20240323T044346Z_20251215T205700Z_S1A_30_v0.1,https://hyp3-tibet-jpl-test-contentbucket-hratibh1y9pa.s3.us-west-2.amazonaws.com/874894f3-611c-4a1a-be98-e65bf84549f1/OPERA_L3_DIST-ALERT-S1_T33MWR_20240323T044346Z_20251215T205700Z_S1A_30_v0.1.png,2025-12-15T20:44:45+00:00,435.672,4.5,33MWR,1,23,4,none,False,transformer_v1_32,high,32,10,2024-03-23,7,2.5,4,best,none,False
southwest_france_flood_2023__2023-12-14__30TXR__transformer_v1_32-10mc,https://hyp3-tibet-jpl-test-contentbucket-hratibh1y9pa.s3.us-west-2.amazonaws.com/23fbe431-33f4-49c9-8551-c3c8bd481956/OPERA_L3_DIST-ALERT-S1_T30TXR_20240116T061700Z_20251215T205810Z_S1A_30_v0.1.zip,s3://hyp3-tibet-jpl-test-contentbucket-hratibh1y9pa23fbe431-33f4-49c9-8551-c3c8bd481956/OPERA_L3_DIST-ALERT-S1_T30TXR_20240116T061700Z_20251215T205810Z_S1A_30_v0.1,https://hyp3-tibet-jpl-test-contentbucket-hratibh1y9pa.s3.us-west-2.amazonaws.com/23fbe431-33f4-49c9-8551-c3c8bd481956/OPERA_L3_DIST-ALERT-S1_T30TXR_20240116T061700Z_20251215T205810Z_S1A_30_v0.1.png,2025-12-15T20:44:45+00:00,501.033,4.5,30TXR,1,23,4,none,False,transformer_v1_32,high,32,10,2024-01-16,81,2.5,4,best,none,False
southwest_france_flood_2023__2023-12-14__30TYR__transformer_v1_32-10mc,https://hyp3-tibet-jpl-test-contentbucket-hratibh1y9pa.s3.us-west-2.amazonaws.com/cf0a3c19-5afe-4c0f-8a94-5c06c36b6574/OPERA_L3_DIST-ALERT-S1_T30TYR_20231120T174821Z_20251215T210343Z_S1A_30_v0.1.zip,s3://hyp3-tibet-jpl-test-contentbucket-hratibh1y9pacf0a3c19-5afe-4c0f-8a94-5c06c36b6574/OPERA_L3_DIST-ALERT-S1_T30TYR_20231120T174821Z_20251215T210343Z_S1A_30_v0.1,https://hyp3-tibet-jpl-test-contentbucket-hratibh1y9pa.s3.us-west-2.amazonaws.com/cf0a3c19-5afe-4c0f-8a94-5c06c36b6574/OPERA_L3_DIST-ALERT-S1_T30TYR_20231120T174821Z_20251215T210343Z_S1A_30_v0.1.png,2025-12-15T20:44:45+00:00,849.579,4.5,30TYR,1,23,4,none,False,transformer_v1_32,high,32,10,2023-11-20,132,2.5,4,best,none,False
southwest_france_flood_2023__2023-12-14__30TXR__transformer_v1_32-10mc,https://hyp3-tibet-jpl-test-contentbucket-hratibh1y9pa.s3.us-west-2.amazonaws.com/0385ff11-0246-4f35-845a-2512efa4fe4e/OPERA_L3_DIST-ALERT-S1_T30TXR_20240112T175631Z_20251215T210102Z_S1A_30_v0.1.zip,s3://hyp3-tibet-jpl-test-contentbucket-hratibh1y9pa0385ff11-0246-4f35-845a-2512efa4fe4e/OPERA_L3_DIST-ALERT-S1_T30TXR_20240112T175631Z_20251215T210102Z_S1A_30_v0.1,https://hyp3-tibet-jpl-test-contentbucket-hratibh1y9pa.s3.us-west-2.amazonaws.com/0385ff11-0246-4f35-845a-2512efa4fe4e/OPERA_L3_DIST-ALERT-S1_T30TXR_20240112T175631Z_20251215T210102Z_S1A_30_v0.1.png,2025-12-15T20:44:45+00:00,684.571,4.5,30TXR,1,23,4,none,False,transformer_v1_32,high,32,10,2024-01-12,30,2.5,4,best,none,False
monkey_creek_fire_2024__2024-07-18__11TLK__transformer_v1_32-10mc,https://hyp3-tibet-jpl-test-contentbucket-hratibh1y9pa.s3.us-west-2.amazonaws.com/636466f1-bc24-4dc3-81d5-f8d9aef046a0/OPERA_L3_DIST-ALERT-S1_T11TLK_20240904T135807Z_20251215T205652Z_S1A_30_v0.1.zip,s3://hyp3-tibet-jpl-test-contentbucket-hratibh1y9pa636466f1-bc24-4dc3-81d5-f8d9aef046a0/OPERA_L3_DIST-ALERT-S1_T11TLK_20240904T135807Z_20251215T205652Z_S1A_30_v0.1,https://hyp3-tibet-jpl-test-contentbucket-hratibh1y9pa.s3.us-west-2.amazonaws.com/636466f1-bc24-4dc3-81d5-f8d9aef046a0/OPERA_L3_DIST-ALERT-S1_T11TLK_20240904T135807Z_20251215T205652Z_S1A_30_v0.1.png,2025-12-15T20:44:45+00:00,424.1,4.5,11TLK,1,23,4,none,False,transformer_v1_32,high,32,10,2024-09-04,144,2.5,4,best,none,False
smokehouse_creek_fire_2024__2024-02-26__14SKE__transformer_v1_32-10mc,https://hyp3-tibet-jpl-test-contentbucket-hratibh1y9pa.s3.us-west-2.amazonaws.com/03aac71a-6a44-4930-849f-261dbf9e8112/OPERA_L3_DIST-ALERT-S1_T14SKE_20240216T124634Z_20251215T205623Z_S1A_30_v0.1.zip,s3://hyp3-tibet-jpl-test-contentbucket-hratibh1y9pa03aac71a-6a44-4930-849f-261dbf9e8112/OPERA_L3_DIST-ALERT-S1_T14SKE_20240216T124634Z_20251215T205623Z_S1A_30_v0.1,https://hyp3-tibet-jpl-test-contentbucket-hratibh1y9pa.s3.us-west-2.amazonaws.com/03aac71a-6a44-4930-849f-261dbf9e8112/OPERA_L3_DIST-ALERT-S1_T14SKE_20240216T124634Z_20251215T205623Z_S1A_30_v0.1.png,2025-12-15T20:44:45+00:00,409.852,4.5,14SKE,1,23,4,none,False,transformer_v1_32,high,32,10,2024-02-16,12,2.5,4,best,none,False
smokehouse_creek_fire_2024__2024-02-26__14SME__transformer_v1_32-10mc,https://hyp3-tibet-jpl-test-contentbucket-hratibh1y9pa.s3.us-west-2.amazonaws.com/c0d6a44f-c555-4ecb-ba7d-ed502d25cb30/OPERA_L3_DIST-ALERT-S1_T14SME_20240211T003658Z_20251215T210353Z_S1A_30_v0.1.zip,s3://hyp3-tibet-jpl-test-contentbucket-hratibh1y9pac0d6a44f-c555-4ecb-ba7d-ed502d25cb30/OPERA_L3_DIST-ALERT-S1_T14SME_20240211T003658Z_20251215T210353Z_S1A_30_v0.1,https://hyp3-tibet-jpl-test-contentbucket-hratibh1y9pa.s3.us-west-2.amazonaws.com/c0d6a44f-c555-4ecb-ba7d-ed502d25cb30/OPERA_L3_DIST-ALERT-S1_T14SME_20240211T003658Z_20251215T210353Z_S1A_30_v0.1.png,2025-12-15T20:44:45+00:00,851.387,4.5,14SME,1,23,4,none,False,transformer_v1_32,high,32,10,2024-02-11,107,2.5,4,best,none,False
tlacotalpan_flood_2024__2024-10-29__14QRF__transformer_v1_32-10mc,https://hyp3-tibet-jpl-test-contentbucket-hratibh1y9pa.s3.us-west-2.amazonaws.com/e2190555-5b34-445b-9801-8fae93e66edb/OPERA_L3_DIST-ALERT-S1_T14QRF_20241024T121014Z_20251215T205452Z_S1A_30_v0.1.zip,s3://hyp3-tibet-jpl-test-contentbucket-hratibh1y9pae2190555-5b34-445b-9801-8fae93e66edb/OPERA_L3_DIST-ALERT-S1_T14QRF_20241024T121014Z_20251215T205452Z_S1A_30_v0.1,https://hyp3-tibet-jpl-test-contentbucket-hratibh1y9pa.s3.us-west-2.amazonaws.com/e2190555-5b34-445b-9801-8fae93e66edb/OPERA_L3_DIST-ALERT-S1_T14QRF_20241024T121014Z_20251215T205452Z_S1A_30_v0.1.png,2025-12-15T20:44:45+00:00,305.039,4.5,14QRF,1,23,4,none,False,transformer_v1_32,high,32,10,2024-10-24,172,2.5,4,best,none,False
chile_fire_2024__2024-02-04__19HBD__transformer_v1_32-10mc,https://hyp3-tibet-jpl-test-contentbucket-hratibh1y9pa.s3.us-west-2.amazonaws.com/ed5c1ecd-f762-4d06-9c5b-3c842422c025/OPERA_L3_DIST-ALERT-S1_T19HBD_20240402T100430Z_20251215T210353Z_S1A_30_v0.1.zip,s3://hyp3-tibet-jpl-test-contentbucket-hratibh1y9paed5c1ecd-f762-4d06-9c5b-3c842422c025/OPERA_L3_DIST-ALERT-S1_T19HBD_20240402T100430Z_20251215T210353Z_S1A_30_v0.1,https://hyp3-tibet-jpl-test-contentbucket-hratibh1y9pa.s3.us-west-2.amazonaws.com/ed5c1ecd-f762-4d06-9c5b-3c842422c025/OPERA_L3_DIST-ALERT-S1_T19HBD_20240402T100430Z_20251215T210353Z_S1A_30_v0.1.png,2025-12-15T20:44:45+00:00,842.532,4.5,19HBD,1,23,4,none,False,transformer_v1_32,high,32,10,2024-04-02,156,2.5,4,best,none,False
southwest_france_flood_2023__2023-12-14__30TYR__transformer_v1_32-10mc,https://hyp3-tibet-jpl-test-contentbucket-hratibh1y9pa.s3.us-west-2.amazonaws.com/81ade169-19bf-432f-99d1-7e0eeb1baa55/OPERA_L3_DIST-ALERT-S1_T30TYR_20240106T060042Z_20251215T205607Z_S1A_30_v0.1.zip,s3://hyp3-tibet-jpl-test-contentbucket-hratibh1y9pa81ade169-19bf-432f-99d1-7e0eeb1baa55/OPERA_L3_DIST-ALERT-S1_T30TYR_20240106T060042Z_20251215T205607Z_S1A_30_v0.1,https://hyp3-tibet-jpl-test-contentbucket-hratibh1y9pa.s3.us-west-2.amazonaws.com/81ade169-19bf-432f-99d1-7e0eeb1baa55/OPERA_L3_DIST-ALERT-S1_T30TYR_20240106T060042Z_20251215T205607Z_S1A_30_v0.1.png,2025-12-15T20:44:45+00:00,380.681,4.5,30TYR,1,23,4,none,False,transformer_v1_32,high,32,10,2024-01-06,110,2.5,4,best,none,False
monkey_creek_fire_2024__2024-07-18__11TLK__transformer_v1_32-10mc,https://hyp3-tibet-jpl-test-contentbucket-hratibh1y9pa.s3.us-west-2.amazonaws.com/30ca926e-a160-4a23-b0b6-ebd4dc9b2648/OPERA_L3_DIST-ALERT-S1_T11TLK_20240713T015328Z_20251215T210507Z_S1A_30_v0.1.zip,s3://hyp3-tibet-jpl-test-contentbucket-hratibh1y9pa30ca926e-a160-4a23-b0b6-ebd4dc9b2648/OPERA_L3_DIST-ALERT-S1_T11TLK_20240713T015328Z_20251215T210507Z_S1A_30_v0.1,https://hyp3-tibet-jpl-test-contentbucket-hratibh1y9pa.s3.us-west-2.amazonaws.com/30ca926e-a160-4a23-b0b6-ebd4dc9b2648/OPERA_L3_DIST-ALERT-S1_T11TLK_20240713T015328Z_20251215T210507Z_S1A_30_v0.1.png,2025-12-15T20:44:45+00:00,916.956,4.5,11TLK,1,23,4,none,False,transformer_v1_32,high,32,10,2024-07-13,64,2.5,4,best,none,False
southwest_france_flood_2023__2023-12-14__30TXR__transformer_v1_32-10mc,https://hyp3-tibet-jpl-test-contentbucket-hratibh1y9pa.s3.us-west-2.amazonaws.com/e748999f-35ff-442c-9dce-420cdcaf4c86/OPERA_L3_DIST-ALERT-S1_T30TXR_20240117T180443Z_20251215T205522Z_S1A_30_v0.1.zip,s3://hyp3-tibet-jpl-test-contentbucket-hratibh1y9pae748999f-35ff-442c-9dce-420cdcaf4c86/OPERA_L3_DIST-ALERT-S1_T30TXR_20240117T180443Z_20251215T205522Z_S1A_30_v0.1,https://hyp3-tibet-jpl-test-contentbucket-hratibh1y9pa.s3.us-west-2.amazonaws.com/e748999f-35ff-442c-9dce-420cdcaf4c86/OPERA_L3_DIST-ALERT-S1_T30TXR_20240117T180443Z_20251215T205522Z_S1A_30_v0.1.png,2025-12-15T20:44:45+00:00,327.598,4.5,30TXR,1,23,4,none,False,transformer_v1_32,high,32,10,2024-01-17,103,2.5,4,best,none,False
monkey_creek_fire_2024__2024-07-18__10TGQ__transformer_v1_32-10mc,https://hyp3-tibet-jpl-test-contentbucket-hratibh1y9pa.s3.us-west-2.amazonaws.com/a8336538-47ae-4794-a3f6-23113234183d/OPERA_L3_DIST-ALERT-S1_T10TGQ_20240823T020142Z_20251215T205634Z_S1A_30_v0.1.zip,s3://hyp3-tibet-jpl-test-contentbucket-hratibh1y9paa8336538-47ae-4794-a3f6-23113234183d/OPERA_L3_DIST-ALERT-S1_T10TGQ_20240823T020142Z_20251215T205634Z_S1A_30_v0.1,https://hyp3-tibet-jpl-test-contentbucket-hratibh1y9pa.s3.us-west-2.amazonaws.com/a8336538-47ae-4794-a3f6-23113234183d/OPERA_L3_DIST-ALERT-S1_T10TGQ_20240823T020142Z_20251215T205634Z_S1A_30_v0.1.png,2025-12-15T20:44:45+00:00,405.859,4.5,10TGQ,1,23,4,none,False,transformer_v1_32,high,32,10,2024-08-23,137,2.5,4,best,none,False
monkey_creek_fire_2024__2024-07-18__10TGQ__transformer_v1_32-10mc,https://hyp3-tibet-jpl-test-contentbucket-hratibh1y9pa.s3.us-west-2.amazonaws.com/42e3c072-d536-49f3-9098-d93e4f3d8c39/OPERA_L3_DIST-ALERT-S1_T10TGQ_20240914T141430Z_20251215T205726Z_S1A_30_v0.1.zip,s3://hyp3-tibet-jpl-test-contentbucket-hratibh1y9pa42e3c072-d536-49f3-9098-d93e4f3d8c39/OPERA_L3_DIST-ALERT-S1_T10TGQ_20240914T141430Z_20251215T205726Z_S1A_30_v0.1,https://hyp3-tibet-jpl-test-contentbucket-hratibh1y9pa.s3.us-west-2.amazonaws.com/42e3c072-d536-49f3-9098-d93e4f3d8c39/OPERA_L3_DIST-ALERT-S1_T10TGQ_20240914T141430Z_20251215T205726Z_S1A_30_v0.1.png,2025-12-15T20:44:45+00:00,454.358,4.5,10TGQ,1,23,4,none,False,transformer_v1_32,high,32,10,2024-09-14,115,2.5,4,best,none,False
tlacotalpan_flood_2024__2024-10-29__14QRF__transformer_v1_32-10mc,https://hyp3-tibet-jpl-test-contentbucket-hratibh1y9pa.s3.us-west-2.amazonaws.com/f2fb07fc-668c-4434-b584-5ce982d8411f/OPERA_L3_DIST-ALERT-S1_T14QRF_20241223T121011Z_20251215T205509Z_S1A_30_v0.1.zip,s3://hyp3-tibet-jpl-test-contentbucket-hratibh1y9paf2fb07fc-668c-4434-b584-5ce982d8411f/OPERA_L3_DIST-ALERT-S1_T14QRF_20241223T121011Z_20251215T205509Z_S1A_30_v0.1,https://hyp3-tibet-jpl-test-contentbucket-hratibh1y9pa.s3.us-west-2.amazonaws.com/f2fb07fc-668c-4434-b584-5ce982d8411f/OPERA_L3_DIST-ALERT-S1_T14QRF_20241223T121011Z_20251215T205509Z_S1A_30_v0.1.png,2025-12-15T20:44:45+00:00,321.141,4.5,14QRF,1,23,4,none,False,transformer_v1_32,high,32,10,2024-12-23,172,2.5,4,best,none,False
monkey_creek_fire_2024__2024-07-18__10TGQ__transformer_v1_32-10mc,https://hyp3-tibet-jpl-test-contentbucket-hratibh1y9pa.s3.us-west-2.amazonaws.com/db8152b5-97f5-47de-b915-363f4a240e41/OPERA_L3_DIST-ALERT-S1_T10TGQ_20240911T015330Z_20251215T211027Z_S1A_30_v0.1.zip,s3://hyp3-tibet-jpl-test-contentbucket-hratibh1y9padb8152b5-97f5-47de-b915-363f4a240e41/OPERA_L3_DIST-ALERT-S1_T10TGQ_20240911T015330Z_20251215T211027Z_S1A_30_v0.1,https://hyp3-tibet-jpl-test-contentbucket-hratibh1y9pa.s3.us-west-2.amazonaws.com/db8152b5-97f5-47de-b915-363f4a240e41/OPERA_L3_DIST-ALERT-S1_T10TGQ_20240911T015330Z_20251215T211027Z_S1A_30_v0.1.png,2025-12-15T20:44:45+00:00,1247.458,4.5,10TGQ,1,23,4,none,False,transformer_v1_32,high,32,10,2024-09-11,64,2.5,4,best,none,False
smokehouse_creek_fire_2024__2024-02-26__14SKE__transformer_v1_32-10mc,https://hyp3-tibet-jpl-test-contentbucket-hratibh1y9pa.s3.us-west-2.amazonaws.com/e754bc0f-5cee-40bd-bb6f-2949af9d83de/OPERA_L3_DIST-ALERT-S1_T14SKE_20240416T124635Z_20251215T205931Z_S1A_30_v0.1.zip,s3://hyp3-tibet-jpl-test-contentbucket-hratibh1y9pae754bc0f-5cee-40bd-bb6f-2949af9d83de/OPERA_L3_DIST-ALERT-S1_T14SKE_20240416T124635Z_20251215T205931Z_S1A_30_v0.1,https://hyp3-tibet-jpl-test-contentbucket-hratibh1y9pa.s3.us-west-2.amazonaws.com/e754bc0f-5cee-40bd-bb6f-2949af9d83de/OPERA_L3_DIST-ALERT-S1_T14SKE_20240416T124635Z_20251215T205931Z_S1A_30_v0.1.png,2025-12-15T20:44:45+00:00,596.261,4.5,14SKE,1,23,4,none,False,transformer_v1_32,high,32,10,2024-04-16,12,2.5,4,best,none,False
tlacotalpan_flood_2024__2024-10-29__14QRF__transformer_v1_32-10mc,https://hyp3-tibet-jpl-test-contentbucket-hratibh1y9pa.s3.us-west-2.amazonaws.com/72dfff1e-7520-448c-b4a1-62dda77ba460/OPERA_L3_DIST-ALERT-S1_T14QRF_20241207T003210Z_20251215T210652Z_S1A_30_v0.1.zip,s3://hyp3-tibet-jpl-test-contentbucket-hratibh1y9pa72dfff1e-7520-448c-b4a1-62dda77ba460/OPERA_L3_DIST-ALERT-S1_T14QRF_20241207T003210Z_20251215T210652Z_S1A_30_v0.1,https://hyp3-tibet-jpl-test-contentbucket-hratibh1y9pa.s3.us-west-2.amazonaws.com/72dfff1e-7520-448c-b4a1-62dda77ba460/OPERA_L3_DIST-ALERT-S1_T14QRF_20241207T003210Z_20251215T210652Z_S1A_30_v0.1.png,2025-12-15T20:44:45+00:00,1028.736,4.5,14QRF,1,23,4,none,False,transformer_v1_32,high,32,10,2024-12-07,107,2.5,4,best,none,False
smokehouse_creek_fire_2024__2024-02-26__14SLE__transformer_v1_32-10mc,https://hyp3-tibet-jpl-test-contentbucket-hratibh1y9pa.s3.us-west-2.amazonaws.com/7a9478a7-156e-4ae0-9892-61984ef097cd/OPERA_L3_DIST-ALERT-S1_T14SLE_20240318T003703Z_20251215T205601Z_S1A_30_v0.1.zip,s3://hyp3-tibet-jpl-test-contentbucket-hratibh1y9pa7a9478a7-156e-4ae0-9892-61984ef097cd/OPERA_L3_DIST-ALERT-S1_T14SLE_20240318T003703Z_20251215T205601Z_S1A_30_v0.1,https://hyp3-tibet-jpl-test-contentbucket-hratibh1y9pa.s3.us-west-2.amazonaws.com/7a9478a7-156e-4ae0-9892-61984ef097cd/OPERA_L3_DIST-ALERT-S1_T14SLE_20240318T003703Z_20251215T205601Z_S1A_30_v0.1.png,2025-12-15T20:44:45+00:00,373.317,4.5,14SLE,1,23,4,none,False,transformer_v1_32,high,32,10,2024-03-18,107,2.5,4,best,none,False
southwest_france_flood_2023__2023-12-14__30TXR__transformer_v1_32-10mc,https://hyp3-tibet-jpl-test-contentbucket-hratibh1y9pa.s3.us-west-2.amazonaws.com/89f3fee5-073b-4711-8d9a-44f9395d6e90/OPERA_L3_DIST-ALERT-S1_T30TXR_20231211T061703Z_20251215T205656Z_S1A_30_v0.1.zip,s3://hyp3-tibet-jpl-test-contentbucket-hratibh1y9pa89f3fee5-073b-4711-8d9a-44f9395d6e90/OPERA_L3_DIST-ALERT-S1_T30TXR_20231211T061703Z_20251215T205656Z_S1A_30_v0.1,https://hyp3-tibet-jpl-test-contentbucket-hratibh1y9pa.s3.us-west-2.amazonaws.com/89f3fee5-073b-4711-8d9a-44f9395d6e90/OPERA_L3_DIST-ALERT-S1_T30TXR_20231211T061703Z_20251215T205656Z_S1A_30_v0.1.png,2025-12-15T20:44:45+00:00,436.634,4.5,30TXR,1,23,4,none,False,transformer_v1_32,high,32,10,2023-12-11,81,2.5,4,best,none,False
southwest_france_flood_2023__2023-12-14__30TXR__transformer_v1_32-10mc,https://hyp3-tibet-jpl-test-contentbucket-hratibh1y9pa.s3.us-west-2.amazonaws.com/799f42b8-dd7f-4117-a71b-b501eb9d5c8b/OPERA_L3_DIST-ALERT-S1_T30TXR_20231226T174829Z_20251215T205429Z_S1A_30_v0.1.zip,s3://hyp3-tibet-jpl-test-contentbucket-hratibh1y9pa799f42b8-dd7f-4117-a71b-b501eb9d5c8b/OPERA_L3_DIST-ALERT-S1_T30TXR_20231226T174829Z_20251215T205429Z_S1A_30_v0.1,https://hyp3-tibet-jpl-test-contentbucket-hratibh1y9pa.s3.us-west-2.amazonaws.com/799f42b8-dd7f-4117-a71b-b501eb9d5c8b/OPERA_L3_DIST-ALERT-S1_T30TXR_20231226T174829Z_20251215T205429Z_S1A_30_v0.1.png,2025-12-15T20:44:45+00:00,276.933,4.5,30TXR,1,23,4,none,False,transformer_v1_32,high,32,10,2023-12-26,132,2.5,4,best,none,False
monkey_creek_fire_2024__2024-07-18__10TGQ__transformer_v1_32-10mc,https://hyp3-tibet-jpl-test-contentbucket-hratibh1y9pa.s3.us-west-2.amazonaws.com/4fa367f6-d9c5-44bd-ba7a-ffe95f3888e9/OPERA_L3_DIST-ALERT-S1_T10TGQ_20240830T015330Z_20251215T210856Z_S1A_30_v0.1.zip,s3://hyp3-tibet-jpl-test-contentbucket-hratibh1y9pa4fa367f6-d9c5-44bd-ba7a-ffe95f3888e9/OPERA_L3_DIST-ALERT-S1_T10TGQ_20240830T015330Z_20251215T210856Z_S1A_30_v0.1,https://hyp3-tibet-jpl-test-contentbucket-hratibh1y9pa.s3.us-west-2.amazonaws.com/4fa367f6-d9c5-44bd-ba7a-ffe95f3888e9/OPERA_L3_DIST-ALERT-S1_T10TGQ_20240830T015330Z_20251215T210856Z_S1A_30_v0.1.png,2025-12-15T20:44:45+00:00,1155.708,4.5,10TGQ,1,23,4,none,False,transformer_v1_32,high,32,10,2024-08-30,64,2.5,4,best,none,False
southwest_france_flood_2023__2023-12-14__30TYR__transformer_v1_32-10mc,https://hyp3-tibet-jpl-test-contentbucket-hratibh1y9pa.s3.us-west-2.amazonaws.com/17957c1d-5805-4f4c-9cb7-f59ae0cbf3c0/OPERA_L3_DIST-ALERT-S1_T30TYR_20240205T175629Z_20251215T210419Z_S1A_30_v0.1.zip,s3://hyp3-tibet-jpl-test-contentbucket-hratibh1y9pa17957c1d-5805-4f4c-9cb7-f59ae0cbf3c0/OPERA_L3_DIST-ALERT-S1_T30TYR_20240205T175629Z_20251215T210419Z_S1A_30_v0.1,https://hyp3-tibet-jpl-test-contentbucket-hratibh1y9pa.s3.us-west-2.amazonaws.com/17957c1d-5805-4f4c-9cb7-f59ae0cbf3c0/OPERA_L3_DIST-ALERT-S1_T30TYR_20240205T175629Z_20251215T210419Z_S1A_30_v0.1.png,2025-12-15T20:44:45+00:00,872.51,4.5,30TYR,1,23,4,none,False,transformer_v1_32,high,32,10,2024-02-05,30,2.5,4,best,none,False
tlacotalpan_flood_2024__2024-10-29__14QRF__transformer_v1_32-10mc,https://hyp3-tibet-jpl-test-contentbucket-hratibh1y9pa.s3.us-west-2.amazonaws.com/81575c3e-2c1b-449c-a547-20ca5718ff24/OPERA_L3_DIST-ALERT-S1_T14QRF_20241129T121014Z_20251215T205508Z_S1A_30_v0.1.zip,s3://hyp3-tibet-jpl-test-contentbucket-hratibh1y9pa81575c3e-2c1b-449c-a547-20ca5718ff24/OPERA_L3_DIST-ALERT-S1_T14QRF_20241129T121014Z_20251215T205508Z_S1A_30_v0.1,https://hyp3-tibet-jpl-test-contentbucket-hratibh1y9pa.s3.us-west-2.amazonaws.com/81575c3e-2c1b-449c-a547-20ca5718ff24/OPERA_L3_DIST-ALERT-S1_T14QRF_20241129T121014Z_20251215T205508Z_S1A_30_v0.1.png,2025-12-15T20:44:45+00:00,315.425,4.5,14QRF,1,23,4,none,False,transformer_v1_32,high,32,10,2024-11-29,172,2.5,4,best,none,False
los_angeles_fires_2025__2025-01-04__11SLT__transformer_v1_32-10mc,https://hyp3-tibet-jpl-test-contentbucket-hratibh1y9pa.s3.us-west-2.amazonaws.com/fc01cf6d-8fac-4313-8a80-78bd47a90882/OPERA_L3_DIST-ALERT-S1_T11SLT_20250207T140056Z_20251215T210310Z_S1A_30_v0.1.zip,s3://hyp3-tibet-jpl-test-contentbucket-hratibh1y9pafc01cf6d-8fac-4313-8a80-78bd47a90882/OPERA_L3_DIST-ALERT-S1_T11SLT_20250207T140056Z_20251215T210310Z_S1A_30_v0.1,https://hyp3-tibet-jpl-test-contentbucket-hratibh1y9pa.s3.us-west-2.amazonaws.com/fc01cf6d-8fac-4313-8a80-78bd47a90882/OPERA_L3_DIST-ALERT-S1_T11SLT_20250207T140056Z_20251215T210310Z_S1A_30_v0.1.png,2025-12-15T20:44:44+00:00,421.867,4.5,11SLT,1,23,4,none,False,transformer_v1_32,high,32,10,2025-02-07,144,2.5,4,best,none,False
los_angeles_fires_2025__2025-01-04__11SLT__transformer_v1_32-10mc,https://hyp3-tibet-jpl-test-contentbucket-hratibh1y9pa.s3.us-west-2.amazonaws.com/2e93a951-529a-4818-b9bc-b768642c19fe/OPERA_L3_DIST-ALERT-S1_T11SLT_20250126T015838Z_20251215T210647Z_S1A_30_v0.1.zip,s3://hyp3-tibet-jpl-test-contentbucket-hratibh1y9pa2e93a951-529a-4818-b9bc-b768642c19fe/OPERA_L3_DIST-ALERT-S1_T11SLT_20250126T015838Z_20251215T210647Z_S1A_30_v0.1,https://hyp3-tibet-jpl-test-contentbucket-hratibh1y9pa.s3.us-west-2.amazonaws.com/2e93a951-529a-4818-b9bc-b768642c19fe/OPERA_L3_DIST-ALERT-S1_T11SLT_20250126T015838Z_20251215T210647Z_S1A_30_v0.1.png,2025-12-15T20:44:44+00:00,636.369,4.5,11SLT,1,23,4,none,False,transformer_v1_32,high,32,10,2025-01-26,137,2.5,4,best,none,False
chile_fire_2024__2024-02-04__19HBD__transformer_v1_32-10mc,https://hyp3-tibet-jpl-test-contentbucket-hratibh1y9pa.s3.us-west-2.amazonaws.com/04b7ac26-38ca-4684-836c-d304966e2811/OPERA_L3_DIST-ALERT-S1_T19HBD_20240128T233646Z_20251215T205834Z_S1A_30_v0.1.zip,s3://hyp3-tibet-jpl-test-contentbucket-hratibh1y9pa04b7ac26-38ca-4684-836c-d304966e2811/OPERA_L3_DIST-ALERT-S1_T19HBD_20240128T233646Z_20251215T205834Z_S1A_30_v0.1,https://hyp3-tibet-jpl-test-contentbucket-hratibh1y9pa.s3.us-west-2.amazonaws.com/04b7ac26-38ca-4684-836c-d304966e2811/OPERA_L3_DIST-ALERT-S1_T19HBD_20240128T233646Z_20251215T205834Z_S1A_30_v0.1.png,2025-12-15T20:44:44+00:00,139.512,4.5,19HBD,1,23,4,none,False,transformer_v1_32,high,32,10,2024-01-28,91,2.5,4,best,none,False
durkee_fire_2024__2024-07-17__11TMJ__transformer_v1_32-10mc,https://hyp3-tibet-jpl-test-contentbucket-hratibh1y9pa.s3.us-west-2.amazonaws.com/d5307a29-a679-4e75-bbde-fb8ac27f2f05/OPERA_L3_DIST-ALERT-S1_T11TMJ_20240911T135010Z_20251215T210121Z_S1A_30_v0.1.zip,s3://hyp3-tibet-jpl-test-contentbucket-hratibh1y9pad5307a29-a679-4e75-bbde-fb8ac27f2f05/OPERA_L3_DIST-ALERT-S1_T11TMJ_20240911T135010Z_20251215T210121Z_S1A_30_v0.1,https://hyp3-tibet-jpl-test-contentbucket-hratibh1y9pa.s3.us-west-2.amazonaws.com/d5307a29-a679-4e75-bbde-fb8ac27f2f05/OPERA_L3_DIST-ALERT-S1_T11TMJ_20240911T135010Z_20251215T210121Z_S1A_30_v0.1.png,2025-12-15T20:44:44+00:00,307.983,4.5,11TMJ,1,23,4,none,False,transformer_v1_32,high,32,10,2024-09-11,71,2.5,4,best,none,False
durkee_fire_2024__2024-07-17__11TMK__transformer_v1_32-10mc,https://hyp3-tibet-jpl-test-contentbucket-hratibh1y9pa.s3.us-west-2.amazonaws.com/0492d8c7-4beb-4ead-8298-c9bcfc2dc851/OPERA_L3_DIST-ALERT-S1_T11TMK_20240617T140625Z_20251215T205955Z_S1A_30_v0.1.zip,s3://hyp3-tibet-jpl-test-contentbucket-hratibh1y9pa0492d8c7-4beb-4ead-8298-c9bcfc2dc851/OPERA_L3_DIST-ALERT-S1_T11TMK_20240617T140625Z_20251215T205955Z_S1A_30_v0.1,https://hyp3-tibet-jpl-test-contentbucket-hratibh1y9pa.s3.us-west-2.amazonaws.com/0492d8c7-4beb-4ead-8298-c9bcfc2dc851/OPERA_L3_DIST-ALERT-S1_T11TMK_20240617T140625Z_20251215T205955Z_S1A_30_v0.1.png,2025-12-15T20:44:44+00:00,220.485,4.5,11TMK,1,23,4,none,False,transformer_v1_32,high,32,10,2024-06-17,42,2.5,4,best,none,False
durkee_fire_2024__2024-07-17__11TMJ__transformer_v1_32-10mc,https://hyp3-tibet-jpl-test-contentbucket-hratibh1y9pa.s3.us-west-2.amazonaws.com/db0c05e1-5ea3-4c18-b52f-0493b014c865/OPERA_L3_DIST-ALERT-S1_T11TMJ_20240703T013653Z_20251215T210229Z_S1A_30_v0.1.zip,s3://hyp3-tibet-jpl-test-contentbucket-hratibh1y9padb0c05e1-5ea3-4c18-b52f-0493b014c865/OPERA_L3_DIST-ALERT-S1_T11TMJ_20240703T013653Z_20251215T210229Z_S1A_30_v0.1,https://hyp3-tibet-jpl-test-contentbucket-hratibh1y9pa.s3.us-west-2.amazonaws.com/db0c05e1-5ea3-4c18-b52f-0493b014c865/OPERA_L3_DIST-ALERT-S1_T11TMJ_20240703T013653Z_20251215T210229Z_S1A_30_v0.1.png,2025-12-15T20:44:44+00:00,376.398,4.5,11TMJ,1,23,4,none,False,transformer_v1_32,high,32,10,2024-07-03,93,2.5,4,best,none,False
los_angeles_fires_2025__2025-01-04__11SLT__transformer_v1_32-10mc,https://hyp3-tibet-jpl-test-contentbucket-hratibh1y9pa.s3.us-west-2.amazonaws.com/2c2dc4ad-5b63-4ef2-b2f4-2816b9666765/OPERA_L3_DIST-ALERT-S1_T11SLT_20250226T015028Z_20251215T210248Z_S1A_30_v0.1.zip,s3://hyp3-tibet-jpl-test-contentbucket-hratibh1y9pa2c2dc4ad-5b63-4ef2-b2f4-2816b9666765/OPERA_L3_DIST-ALERT-S1_T11SLT_20250226T015028Z_20251215T210248Z_S1A_30_v0.1,https://hyp3-tibet-jpl-test-contentbucket-hratibh1y9pa.s3.us-west-2.amazonaws.com/2c2dc4ad-5b63-4ef2-b2f4-2816b9666765/OPERA_L3_DIST-ALERT-S1_T11SLT_20250226T015028Z_20251215T210248Z_S1A_30_v0.1.png,2025-12-15T20:44:44+00:00,429.69,4.5,11SLT,1,23,4,none,False,transformer_v1_32,high,32,10,2025-02-26,64,2.5,4,best,none,False
cipongkor_landslides_2024__2024-03-24__48MYT__transformer_v1_32-10mc,https://hyp3-tibet-jpl-test-contentbucket-hratibh1y9pa.s3.us-west-2.amazonaws.com/8994f995-9ce9-4a34-86f8-4e6b7b912524/OPERA_L3_DIST-ALERT-S1_T48MYT_20240413T222604Z_20251215T210419Z_S1A_30_v0.1.zip,s3://hyp3-tibet-jpl-test-contentbucket-hratibh1y9pa8994f995-9ce9-4a34-86f8-4e6b7b912524/OPERA_L3_DIST-ALERT-S1_T48MYT_20240413T222604Z_20251215T210419Z_S1A_30_v0.1,https://hyp3-tibet-jpl-test-contentbucket-hratibh1y9pa.s3.us-west-2.amazonaws.com/8994f995-9ce9-4a34-86f8-4e6b7b912524/OPERA_L3_DIST-ALERT-S1_T48MYT_20240413T222604Z_20251215T210419Z_S1A_30_v0.1.png,2025-12-15T20:44:44+00:00,556.836,4.5,48MYT,1,23,4,none,False,transformer_v1_32,high,32,10,2024-04-13,149,2.5,4,best,none,False
hokkaido_landslides_2018__2018-09-06__54TWN__transformer_v1_32-10mc,https://hyp3-tibet-jpl-test-contentbucket-hratibh1y9pa.s3.us-west-2.amazonaws.com/7122668d-a78a-47e8-9d43-7621e277acff/OPERA_L3_DIST-ALERT-S1_T54TWN_20181023T204120Z_20251215T210343Z_S1A_30_v0.1.zip,s3://hyp3-tibet-jpl-test-contentbucket-hratibh1y9pa7122668d-a78a-47e8-9d43-7621e277acff/OPERA_L3_DIST-ALERT-S1_T54TWN_20181023T204120Z_20251215T210343Z_S1A_30_v0.1,https://hyp3-tibet-jpl-test-contentbucket-hratibh1y9pa.s3.us-west-2.amazonaws.com/7122668d-a78a-47e8-9d43-7621e277acff/OPERA_L3_DIST-ALERT-S1_T54TWN_20181023T204120Z_20251215T210343Z_S1A_30_v0.1.png,2025-12-15T20:44:44+00:00,528.591,4.5,54TWN,1,23,4,none,False,transformer_v1_32,high,32,10,2018-10-23,46,2.5,4,best,none,False
hokkaido_landslides_2018__2018-09-06__54TWN__transformer_v1_32-10mc,https://hyp3-tibet-jpl-test-contentbucket-hratibh1y9pa.s3.us-west-2.amazonaws.com/19090906-66d7-40bb-ab58-a213ba246905/OPERA_L3_DIST-ALERT-S1_T54TWN_20181104T204120Z_20251215T210228Z_S1A_30_v0.1.zip,s3://hyp3-tibet-jpl-test-contentbucket-hratibh1y9pa19090906-66d7-40bb-ab58-a213ba246905/OPERA_L3_DIST-ALERT-S1_T54TWN_20181104T204120Z_20251215T210228Z_S1A_30_v0.1,https://hyp3-tibet-jpl-test-contentbucket-hratibh1y9pa.s3.us-west-2.amazonaws.com/19090906-66d7-40bb-ab58-a213ba246905/OPERA_L3_DIST-ALERT-S1_T54TWN_20181104T204120Z_20251215T210228Z_S1A_30_v0.1.png,2025-12-15T20:44:44+00:00,483.529,4.5,54TWN,1,23,4,none,False,transformer_v1_32,high,32,10,2018-11-04,46,2.5,4,best,none,False
afghanistan_flood_2024__2024-05-11__42SWF__transformer_v1_32-10mc,https://hyp3-tibet-jpl-test-contentbucket-hratibh1y9pa.s3.us-west-2.amazonaws.com/3aa7508e-08fa-4c0c-9427-fe3f1fd0b406/OPERA_L3_DIST-ALERT-S1_T42SWF_20240614T131418Z_20251215T210206Z_S1A_30_v0.1.zip,s3://hyp3-tibet-jpl-test-contentbucket-hratibh1y9pa3aa7508e-08fa-4c0c-9427-fe3f1fd0b406/OPERA_L3_DIST-ALERT-S1_T42SWF_20240614T131418Z_20251215T210206Z_S1A_30_v0.1,https://hyp3-tibet-jpl-test-contentbucket-hratibh1y9pa.s3.us-west-2.amazonaws.com/3aa7508e-08fa-4c0c-9427-fe3f1fd0b406/OPERA_L3_DIST-ALERT-S1_T42SWF_20240614T131418Z_20251215T210206Z_S1A_30_v0.1.png,2025-12-15T20:44:44+00:00,485.016,4.5,42SWF,1,23,4,none,False,transformer_v1_32,high,32,10,2024-06-14,173,2.5,4,best,none,False
chile_fire_2024__2024-02-04__19HBD__transformer_v1_32-10mc,https://hyp3-tibet-jpl-test-contentbucket-hratibh1y9pa.s3.us-west-2.amazonaws.com/a1bcf2fe-cf56-4974-82ed-e75744096103/OPERA_L3_DIST-ALERT-S1_T19HBD_20240226T100429Z_20251215T210735Z_S1A_30_v0.1.zip,s3://hyp3-tibet-jpl-test-contentbucket-hratibh1y9paa1bcf2fe-cf56-4974-82ed-e75744096103/OPERA_L3_DIST-ALERT-S1_T19HBD_20240226T100429Z_20251215T210735Z_S1A_30_v0.1,https://hyp3-tibet-jpl-test-contentbucket-hratibh1y9pa.s3.us-west-2.amazonaws.com/a1bcf2fe-cf56-4974-82ed-e75744096103/OPERA_L3_DIST-ALERT-S1_T19HBD_20240226T100429Z_20251215T210735Z_S1A_30_v0.1.png,2025-12-15T20:44:44+00:00,844.538,4.5,19HBD,1,23,4,none,False,transformer_v1_32,high,32,10,2024-02-26,156,2.5,4,best,none,False
mai_mahiu_flood_and_landslides_2024__2024-04-29__37MBU__transformer_v1_32-10mc,https://hyp3-tibet-jpl-test-contentbucket-hratibh1y9pa.s3.us-west-2.amazonaws.com/9ccae69e-1a5a-40b3-8700-0921d94c465c/OPERA_L3_DIST-ALERT-S1_T37MBU_20240419T154826Z_20251215T210206Z_S1A_30_v0.1.zip,s3://hyp3-tibet-jpl-test-contentbucket-hratibh1y9pa9ccae69e-1a5a-40b3-8700-0921d94c465c/OPERA_L3_DIST-ALERT-S1_T37MBU_20240419T154826Z_20251215T210206Z_S1A_30_v0.1,https://hyp3-tibet-jpl-test-contentbucket-hratibh1y9pa.s3.us-west-2.amazonaws.com/9ccae69e-1a5a-40b3-8700-0921d94c465c/OPERA_L3_DIST-ALERT-S1_T37MBU_20240419T154826Z_20251215T210206Z_S1A_30_v0.1.png,2025-12-15T20:44:44+00:00,490.515,4.5,37MBU,1,23,4,none,False,transformer_v1_32,high,32,10,2024-04-19,57,2.5,4,best,none,False
durkee_fire_2024__2024-07-17__11TMJ__transformer_v1_32-10mc,https://hyp3-tibet-jpl-test-contentbucket-hratibh1y9pa.s3.us-west-2.amazonaws.com/70106a6e-544c-4929-b1da-ef33bc529861/OPERA_L3_DIST-ALERT-S1_T11TMJ_20240624T135820Z_20251215T211135Z_S1A_30_v0.1.zip,s3://hyp3-tibet-jpl-test-contentbucket-hratibh1y9pa70106a6e-544c-4929-b1da-ef33bc529861/OPERA_L3_DIST-ALERT-S1_T11TMJ_20240624T135820Z_20251215T211135Z_S1A_30_v0.1,https://hyp3-tibet-jpl-test-contentbucket-hratibh1y9pa.s3.us-west-2.amazonaws.com/70106a6e-544c-4929-b1da-ef33bc529861/OPERA_L3_DIST-ALERT-S1_T11TMJ_20240624T135820Z_20251215T211135Z_S1A_30_v0.1.png,2025-12-15T20:44:44+00:00,1094.753,4.5,11TMJ,1,23,4,none,False,transformer_v1_32,high,32,10,2024-06-24,144,2.5,4,best,none,False
durkee_fire_2024__2024-07-17__11TMK__transformer_v1_32-10mc,https://hyp3-tibet-jpl-test-contentbucket-hratibh1y9pa.s3.us-west-2.amazonaws.com/84fd8978-3e95-4ac4-8a7b-7791d667e613/OPERA_L3_DIST-ALERT-S1_T11TMK_20240904T135804Z_20251215T210945Z_S1A_30_v0.1.zip,s3://hyp3-tibet-jpl-test-contentbucket-hratibh1y9pa84fd8978-3e95-4ac4-8a7b-7791d667e613/OPERA_L3_DIST-ALERT-S1_T11TMK_20240904T135804Z_20251215T210945Z_S1A_30_v0.1,https://hyp3-tibet-jpl-test-contentbucket-hratibh1y9pa.s3.us-west-2.amazonaws.com/84fd8978-3e95-4ac4-8a7b-7791d667e613/OPERA_L3_DIST-ALERT-S1_T11TMK_20240904T135804Z_20251215T210945Z_S1A_30_v0.1.png,2025-12-15T20:44:44+00:00,1018.047,4.5,11TMK,1,23,4,none,False,transformer_v1_32,high,32,10,2024-09-04,144,2.5,4,best,none,False
los_angeles_fires_2025__2025-01-04__11SLT__transformer_v1_32-10mc,https://hyp3-tibet-jpl-test-contentbucket-hratibh1y9pa.s3.us-west-2.amazonaws.com/35211638-eeb9-4708-867b-da1287e4b2fa/OPERA_L3_DIST-ALERT-S1_T11SLT_20250109T015031Z_20251215T205958Z_S1A_30_v0.1.zip,s3://hyp3-tibet-jpl-test-contentbucket-hratibh1y9pa35211638-eeb9-4708-867b-da1287e4b2fa/OPERA_L3_DIST-ALERT-S1_T11SLT_20250109T015031Z_20251215T205958Z_S1A_30_v0.1,https://hyp3-tibet-jpl-test-contentbucket-hratibh1y9pa.s3.us-west-2.amazonaws.com/35211638-eeb9-4708-867b-da1287e4b2fa/OPERA_L3_DIST-ALERT-S1_T11SLT_20250109T015031Z_20251215T205958Z_S1A_30_v0.1.png,2025-12-15T20:44:44+00:00,453.478,4.5,11SLT,1,23,4,none,False,transformer_v1_32,high,32,10,2025-01-09,64,2.5,4,best,none,False
durkee_fire_2024__2024-07-17__11TMJ__transformer_v1_32-10mc,https://hyp3-tibet-jpl-test-contentbucket-hratibh1y9pa.s3.us-west-2.amazonaws.com/4d6d00f0-cfb8-4a6e-b91b-6484fbda0a8a/OPERA_L3_DIST-ALERT-S1_T11TMJ_20240811T135819Z_20251215T211018Z_S1A_30_v0.1.zip,s3://hyp3-tibet-jpl-test-contentbucket-hratibh1y9pa4d6d00f0-cfb8-4a6e-b91b-6484fbda0a8a/OPERA_L3_DIST-ALERT-S1_T11TMJ_20240811T135819Z_20251215T211018Z_S1A_30_v0.1,https://hyp3-tibet-jpl-test-contentbucket-hratibh1y9pa.s3.us-west-2.amazonaws.com/4d6d00f0-cfb8-4a6e-b91b-6484fbda0a8a/OPERA_L3_DIST-ALERT-S1_T11TMJ_20240811T135819Z_20251215T211018Z_S1A_30_v0.1.png,2025-12-15T20:44:44+00:00,966.895,4.5,11TMJ,1,23,4,none,False,transformer_v1_32,high,32,10,2024-08-11,144,2.5,4,best,none,False
durkee_fire_2024__2024-07-17__11TMJ__transformer_v1_32-10mc,https://hyp3-tibet-jpl-test-contentbucket-hratibh1y9pa.s3.us-west-2.amazonaws.com/caea2070-3782-44c5-ae76-5666fd12dbc1/OPERA_L3_DIST-ALERT-S1_T11TMJ_20240715T013653Z_20251215T210130Z_S1A_30_v0.1.zip,s3://hyp3-tibet-jpl-test-contentbucket-hratibh1y9pacaea2070-3782-44c5-ae76-5666fd12dbc1/OPERA_L3_DIST-ALERT-S1_T11TMJ_20240715T013653Z_20251215T210130Z_S1A_30_v0.1,https://hyp3-tibet-jpl-test-contentbucket-hratibh1y9pa.s3.us-west-2.amazonaws.com/caea2070-3782-44c5-ae76-5666fd12dbc1/OPERA_L3_DIST-ALERT-S1_T11TMJ_20240715T013653Z_20251215T210130Z_S1A_30_v0.1.png,2025-12-15T20:44:44+00:00,434.287,4.5,11TMJ,1,23,4,none,False,transformer_v1_32,high,32,10,2024-07-15,93,2.5,4,best,none,False
durkee_fire_2024__2024-07-17__11TMJ__transformer_v1_32-10mc,https://hyp3-tibet-jpl-test-contentbucket-hratibh1y9pa.s3.us-west-2.amazonaws.com/e9564dd2-c059-4f1c-876f-208739fbaf43/OPERA_L3_DIST-ALERT-S1_T11TMJ_20240723T140632Z_20251215T210040Z_S1A_30_v0.1.zip,s3://hyp3-tibet-jpl-test-contentbucket-hratibh1y9pae9564dd2-c059-4f1c-876f-208739fbaf43/OPERA_L3_DIST-ALERT-S1_T11TMJ_20240723T140632Z_20251215T210040Z_S1A_30_v0.1,https://hyp3-tibet-jpl-test-contentbucket-hratibh1y9pa.s3.us-west-2.amazonaws.com/e9564dd2-c059-4f1c-876f-208739fbaf43/OPERA_L3_DIST-ALERT-S1_T11TMJ_20240723T140632Z_20251215T210040Z_S1A_30_v0.1.png,2025-12-15T20:44:44+00:00,380.142,4.5,11TMJ,1,23,4,none,False,transformer_v1_32,high,32,10,2024-07-23,42,2.5,4,best,none,False
afghanistan_flood_2024__2024-05-11__42SWF__transformer_v1_32-10mc,https://hyp3-tibet-jpl-test-contentbucket-hratibh1y9pa.s3.us-west-2.amazonaws.com/9af84548-a5bf-4a23-bcae-87af78b782d7/OPERA_L3_DIST-ALERT-S1_T42SWF_20240515T012319Z_20251215T210612Z_S1A_30_v0.1.zip,s3://hyp3-tibet-jpl-test-contentbucket-hratibh1y9pa9af84548-a5bf-4a23-bcae-87af78b782d7/OPERA_L3_DIST-ALERT-S1_T42SWF_20240515T012319Z_20251215T210612Z_S1A_30_v0.1,https://hyp3-tibet-jpl-test-contentbucket-hratibh1y9pa.s3.us-west-2.amazonaws.com/9af84548-a5bf-4a23-bcae-87af78b782d7/OPERA_L3_DIST-ALERT-S1_T42SWF_20240515T012319Z_20251215T210612Z_S1A_30_v0.1.png,2025-12-15T20:44:44+00:00,720.016,4.5,42SWF,1,23,4,none,False,transformer_v1_32,high,32,10,2024-05-15,78,2.5,4,best,none,False
durkee_fire_2024__2024-07-17__11TMK__transformer_v1_32-10mc,https://hyp3-tibet-jpl-test-contentbucket-hratibh1y9pa.s3.us-west-2.amazonaws.com/0d1d5cce-08f4-41eb-918e-ce8f0b5e6f10/OPERA_L3_DIST-ALERT-S1_T11TMK_20240828T140624Z_20251215T205858Z_S1A_30_v0.1.zip,s3://hyp3-tibet-jpl-test-contentbucket-hratibh1y9pa0d1d5cce-08f4-41eb-918e-ce8f0b5e6f10/OPERA_L3_DIST-ALERT-S1_T11TMK_20240828T140624Z_20251215T205858Z_S1A_30_v0.1,https://hyp3-tibet-jpl-test-contentbucket-hratibh1y9pa.s3.us-west-2.amazonaws.com/0d1d5cce-08f4-41eb-918e-ce8f0b5e6f10/OPERA_L3_DIST-ALERT-S1_T11TMK_20240828T140624Z_20251215T205858Z_S1A_30_v0.1.png,2025-12-15T20:44:44+00:00,276.815,4.5,11TMK,1,23,4,none,False,transformer_v1_32,high,32,10,2024-08-28,42,2.5,4,best,none,False
los_angeles_fires_2025__2025-01-04__11SLT__transformer_v1_32-10mc,https://hyp3-tibet-jpl-test-contentbucket-hratibh1y9pa.s3.us-west-2.amazonaws.com/76e71168-f98f-4247-91d4-c1e6832392ff/OPERA_L3_DIST-ALERT-S1_T11SLT_20250219T140056Z_20251215T210034Z_S1A_30_v0.1.zip,s3://hyp3-tibet-jpl-test-contentbucket-hratibh1y9pa76e71168-f98f-4247-91d4-c1e6832392ff/OPERA_L3_DIST-ALERT-S1_T11SLT_20250219T140056Z_20251215T210034Z_S1A_30_v0.1,https://hyp3-tibet-jpl-test-contentbucket-hratibh1y9pa.s3.us-west-2.amazonaws.com/76e71168-f98f-4247-91d4-c1e6832392ff/OPERA_L3_DIST-ALERT-S1_T11SLT_20250219T140056Z_20251215T210034Z_S1A_30_v0.1.png,2025-12-15T20:44:44+00:00,375.585,4.5,11SLT,1,23,4,none,False,transformer_v1_32,high,32,10,2025-02-19,144,2.5,4,best,none,False
afghanistan_flood_2024__2024-05-11__42SWF__transformer_v1_32-10mc,https://hyp3-tibet-jpl-test-contentbucket-hratibh1y9pa.s3.us-west-2.amazonaws.com/22b1200f-28d9-4eb7-a806-23f26d46f914/OPERA_L3_DIST-ALERT-S1_T42SWF_20240702T012318Z_20251215T210709Z_S1A_30_v0.1.zip,s3://hyp3-tibet-jpl-test-contentbucket-hratibh1y9pa22b1200f-28d9-4eb7-a806-23f26d46f914/OPERA_L3_DIST-ALERT-S1_T42SWF_20240702T012318Z_20251215T210709Z_S1A_30_v0.1,https://hyp3-tibet-jpl-test-contentbucket-hratibh1y9pa.s3.us-west-2.amazonaws.com/22b1200f-28d9-4eb7-a806-23f26d46f914/OPERA_L3_DIST-ALERT-S1_T42SWF_20240702T012318Z_20251215T210709Z_S1A_30_v0.1.png,2025-12-15T20:44:44+00:00,780.677,4.5,42SWF,1,23,4,none,False,transformer_v1_32,high,32,10,2024-07-02,78,2.5,4,best,none,False
durkee_fire_2024__2024-07-17__11TMK__transformer_v1_32-10mc,https://hyp3-tibet-jpl-test-contentbucket-hratibh1y9pa.s3.us-west-2.amazonaws.com/80dee9fa-f0e6-4ca9-b3a8-4f68cebde8f9/OPERA_L3_DIST-ALERT-S1_T11TMK_20240808T013707Z_20251215T205755Z_S1A_30_v0.1.zip,s3://hyp3-tibet-jpl-test-contentbucket-hratibh1y9pa80dee9fa-f0e6-4ca9-b3a8-4f68cebde8f9/OPERA_L3_DIST-ALERT-S1_T11TMK_20240808T013707Z_20251215T205755Z_S1A_30_v0.1,https://hyp3-tibet-jpl-test-contentbucket-hratibh1y9pa.s3.us-west-2.amazonaws.com/80dee9fa-f0e6-4ca9-b3a8-4f68cebde8f9/OPERA_L3_DIST-ALERT-S1_T11TMK_20240808T013707Z_20251215T205755Z_S1A_30_v0.1.png,2025-12-15T20:44:44+00:00,215.74,4.5,11TMK,1,23,4,none,False,transformer_v1_32,high,32,10,2024-08-08,93,2.5,4,best,none,False
mai_mahiu_flood_and_landslides_2024__2024-04-29__37MBU__transformer_v1_32-10mc,https://hyp3-tibet-jpl-test-contentbucket-hratibh1y9pa.s3.us-west-2.amazonaws.com/670c3e20-59b9-4b5c-9b6b-e3dc7e69bcdc/OPERA_L3_DIST-ALERT-S1_T37MBU_20240506T155632Z_20251215T210459Z_S1A_30_v0.1.zip,s3://hyp3-tibet-jpl-test-contentbucket-hratibh1y9pa670c3e20-59b9-4b5c-9b6b-e3dc7e69bcdc/OPERA_L3_DIST-ALERT-S1_T37MBU_20240506T155632Z_20251215T210459Z_S1A_30_v0.1,https://hyp3-tibet-jpl-test-contentbucket-hratibh1y9pa.s3.us-west-2.amazonaws.com/670c3e20-59b9-4b5c-9b6b-e3dc7e69bcdc/OPERA_L3_DIST-ALERT-S1_T37MBU_20240506T155632Z_20251215T210459Z_S1A_30_v0.1.png,2025-12-15T20:44:44+00:00,660.06,4.5,37MBU,1,23,4,none,False,transformer_v1_32,high,32,10,2024-05-06,130,2.5,4,best,none,False
afghanistan_flood_2024__2024-05-11__42SWF__transformer_v1_32-10mc,https://hyp3-tibet-jpl-test-contentbucket-hratibh1y9pa.s3.us-west-2.amazonaws.com/1980f216-c4e0-4ae0-8caa-dfe4997ff132/OPERA_L3_DIST-ALERT-S1_T42SWF_20240427T131419Z_20251215T210310Z_S1A_30_v0.1.zip,s3://hyp3-tibet-jpl-test-contentbucket-hratibh1y9pa1980f216-c4e0-4ae0-8caa-dfe4997ff132/OPERA_L3_DIST-ALERT-S1_T42SWF_20240427T131419Z_20251215T210310Z_S1A_30_v0.1,https://hyp3-tibet-jpl-test-contentbucket-hratibh1y9pa.s3.us-west-2.amazonaws.com/1980f216-c4e0-4ae0-8caa-dfe4997ff132/OPERA_L3_DIST-ALERT-S1_T42SWF_20240427T131419Z_20251215T210310Z_S1A_30_v0.1.png,2025-12-15T20:44:44+00:00,545.609,4.5,42SWF,1,23,4,none,False,transformer_v1_32,high,32,10,2024-04-27,173,2.5,4,best,none,False
durkee_fire_2024__2024-07-17__11TMK__transformer_v1_32-10mc,https://hyp3-tibet-jpl-test-contentbucket-hratibh1y9pa.s3.us-west-2.amazonaws.com/0ae0ee24-f034-4f6d-8e7b-d3cfa81aa7d4/OPERA_L3_DIST-ALERT-S1_T11TMK_20240718T135803Z_20251215T211512Z_S1A_30_v0.1.zip,s3://hyp3-tibet-jpl-test-contentbucket-hratibh1y9pa0ae0ee24-f034-4f6d-8e7b-d3cfa81aa7d4/OPERA_L3_DIST-ALERT-S1_T11TMK_20240718T135803Z_20251215T211512Z_S1A_30_v0.1,https://hyp3-tibet-jpl-test-contentbucket-hratibh1y9pa.s3.us-west-2.amazonaws.com/0ae0ee24-f034-4f6d-8e7b-d3cfa81aa7d4/OPERA_L3_DIST-ALERT-S1_T11TMK_20240718T135803Z_20251215T211512Z_S1A_30_v0.1.png,2025-12-15T20:44:44+00:00,1268.813,4.5,11TMK,1,23,4,none,False,transformer_v1_32,high,32,10,2024-07-18,144,2.5,4,best,none,False
hokkaido_landslides_2018__2018-09-06__54TWN__transformer_v1_32-10mc,https://hyp3-tibet-jpl-test-contentbucket-hratibh1y9pa.s3.us-west-2.amazonaws.com/7a44546f-07b5-46a7-a08d-63ec902684ee/OPERA_L3_DIST-ALERT-S1_T54TWN_20181007T082652Z_20251215T210250Z_S1B_30_v0.1.zip,s3://hyp3-tibet-jpl-test-contentbucket-hratibh1y9pa7a44546f-07b5-46a7-a08d-63ec902684ee/OPERA_L3_DIST-ALERT-S1_T54TWN_20181007T082652Z_20251215T210250Z_S1B_30_v0.1,https://hyp3-tibet-jpl-test-contentbucket-hratibh1y9pa.s3.us-west-2.amazonaws.com/7a44546f-07b5-46a7-a08d-63ec902684ee/OPERA_L3_DIST-ALERT-S1_T54TWN_20181007T082652Z_20251215T210250Z_S1B_30_v0.1.png,2025-12-15T20:44:44+00:00,527.053,4.5,54TWN,1,23,4,none,False,transformer_v1_32,high,32,10,2018-10-07,68,2.5,4,best,none,False
los_angeles_fires_2025__2025-01-04__11SLT__transformer_v1_32-10mc,https://hyp3-tibet-jpl-test-contentbucket-hratibh1y9pa.s3.us-west-2.amazonaws.com/55f8360a-cd52-46d8-9f23-28c409fb6e18/OPERA_L3_DIST-ALERT-S1_T11SLT_20241209T140101Z_20251215T210217Z_S1A_30_v0.1.zip,s3://hyp3-tibet-jpl-test-contentbucket-hratibh1y9pa55f8360a-cd52-46d8-9f23-28c409fb6e18/OPERA_L3_DIST-ALERT-S1_T11SLT_20241209T140101Z_20251215T210217Z_S1A_30_v0.1,https://hyp3-tibet-jpl-test-contentbucket-hratibh1y9pa.s3.us-west-2.amazonaws.com/55f8360a-cd52-46d8-9f23-28c409fb6e18/OPERA_L3_DIST-ALERT-S1_T11SLT_20241209T140101Z_20251215T210217Z_S1A_30_v0.1.png,2025-12-15T20:44:44+00:00,488.979,4.5,11SLT,1,23,4,none,False,transformer_v1_32,high,32,10,2024-12-09,144,2.5,4,best,none,False
durkee_fire_2024__2024-07-17__11TMJ__transformer_v1_32-10mc,https://hyp3-tibet-jpl-test-contentbucket-hratibh1y9pa.s3.us-west-2.amazonaws.com/647f9eeb-b595-421b-932f-aaa6ccc713de/OPERA_L3_DIST-ALERT-S1_T11TMJ_20240629T140632Z_20251215T210210Z_S1A_30_v0.1.zip,s3://hyp3-tibet-jpl-test-contentbucket-hratibh1y9pa647f9eeb-b595-421b-932f-aaa6ccc713de/OPERA_L3_DIST-ALERT-S1_T11TMJ_20240629T140632Z_20251215T210210Z_S1A_30_v0.1,https://hyp3-tibet-jpl-test-contentbucket-hratibh1y9pa.s3.us-west-2.amazonaws.com/647f9eeb-b595-421b-932f-aaa6ccc713de/OPERA_L3_DIST-ALERT-S1_T11TMJ_20240629T140632Z_20251215T210210Z_S1A_30_v0.1.png,2025-12-15T20:44:44+00:00,473.512,4.5,11TMJ,1,23,4,none,False,transformer_v1_32,high,32,10,2024-06-29,42,2.5,4,best,none,False
los_angeles_fires_2025__2025-01-04__11SLT__transformer_v1_32-10mc,https://hyp3-tibet-jpl-test-contentbucket-hratibh1y9pa.s3.us-west-2.amazonaws.com/51fc8e4d-8d97-497e-9392-19eb3af24a23/OPERA_L3_DIST-ALERT-S1_T11SLT_20250303T140056Z_20251215T210124Z_S1A_30_v0.1.zip,s3://hyp3-tibet-jpl-test-contentbucket-hratibh1y9pa51fc8e4d-8d97-497e-9392-19eb3af24a23/OPERA_L3_DIST-ALERT-S1_T11SLT_20250303T140056Z_20251215T210124Z_S1A_30_v0.1,https://hyp3-tibet-jpl-test-contentbucket-hratibh1y9pa.s3.us-west-2.amazonaws.com/51fc8e4d-8d97-497e-9392-19eb3af24a23/OPERA_L3_DIST-ALERT-S1_T11SLT_20250303T140056Z_20251215T210124Z_S1A_30_v0.1.png,2025-12-15T20:44:44+00:00,421.58,4.5,11SLT,1,23,4,none,False,transformer_v1_32,high,32,10,2025-03-03,144,2.5,4,best,none,False
los_angeles_fires_2025__2025-01-04__11SLT__transformer_v1_32-10mc,https://hyp3-tibet-jpl-test-contentbucket-hratibh1y9pa.s3.us-west-2.amazonaws.com/7be9f967-e408-4cac-8bad-87b19a3ecfc3/OPERA_L3_DIST-ALERT-S1_T11SLT_20241216T135249Z_20251215T210658Z_S1A_30_v0.1.zip,s3://hyp3-tibet-jpl-test-contentbucket-hratibh1y9pa7be9f967-e408-4cac-8bad-87b19a3ecfc3/OPERA_L3_DIST-ALERT-S1_T11SLT_20241216T135249Z_20251215T210658Z_S1A_30_v0.1,https://hyp3-tibet-jpl-test-contentbucket-hratibh1y9pa.s3.us-west-2.amazonaws.com/7be9f967-e408-4cac-8bad-87b19a3ecfc3/OPERA_L3_DIST-ALERT-S1_T11SLT_20241216T135249Z_20251215T210658Z_S1A_30_v0.1.png,2025-12-15T20:44:44+00:00,762.655,4.5,11SLT,1,23,4,none,False,transformer_v1_32,high,32,10,2024-12-16,71,2.5,4,best,none,False
durkee_fire_2024__2024-07-17__11TMK__transformer_v1_32-10mc,https://hyp3-tibet-jpl-test-contentbucket-hratibh1y9pa.s3.us-west-2.amazonaws.com/0b16416a-dfa0-4860-82b0-0159a2e91167/OPERA_L3_DIST-ALERT-S1_T11TMK_20240713T015328Z_20251215T205755Z_S1A_30_v0.1.zip,s3://hyp3-tibet-jpl-test-contentbucket-hratibh1y9pa0b16416a-dfa0-4860-82b0-0159a2e91167/OPERA_L3_DIST-ALERT-S1_T11TMK_20240713T015328Z_20251215T205755Z_S1A_30_v0.1,https://hyp3-tibet-jpl-test-contentbucket-hratibh1y9pa.s3.us-west-2.amazonaws.com/0b16416a-dfa0-4860-82b0-0159a2e91167/OPERA_L3_DIST-ALERT-S1_T11TMK_20240713T015328Z_20251215T205755Z_S1A_30_v0.1.png,2025-12-15T20:44:44+00:00,219.807,4.5,11TMK,1,23,4,none,False,transformer_v1_32,high,32,10,2024-07-13,64,2.5,4,best,none,False
afghanistan_flood_2024__2024-05-11__42SWF__transformer_v1_32-10mc,https://hyp3-tibet-jpl-test-contentbucket-hratibh1y9pa.s3.us-west-2.amazonaws.com/7c69465f-4f90-470a-8cb2-841c40bdfdba/OPERA_L3_DIST-ALERT-S1_T42SWF_20240508T013131Z_20251215T210219Z_S1A_30_v0.1.zip,s3://hyp3-tibet-jpl-test-contentbucket-hratibh1y9pa7c69465f-4f90-470a-8cb2-841c40bdfdba/OPERA_L3_DIST-ALERT-S1_T42SWF_20240508T013131Z_20251215T210219Z_S1A_30_v0.1,https://hyp3-tibet-jpl-test-contentbucket-hratibh1y9pa.s3.us-west-2.amazonaws.com/7c69465f-4f90-470a-8cb2-841c40bdfdba/OPERA_L3_DIST-ALERT-S1_T42SWF_20240508T013131Z_20251215T210219Z_S1A_30_v0.1.png,2025-12-15T20:44:44+00:00,484.802,4.5,42SWF,1,23,4,none,False,transformer_v1_32,high,32,10,2024-05-08,151,2.5,4,best,none,False
chile_fire_2024__2024-02-04__19HBD__transformer_v1_32-10mc,https://hyp3-tibet-jpl-test-contentbucket-hratibh1y9pa.s3.us-west-2.amazonaws.com/efa9f8c7-83f9-461b-b3b7-1b07b1dcaf50/OPERA_L3_DIST-ALERT-S1_T19HBD_20240216T232836Z_20251215T211110Z_S1A_30_v0.1.zip,s3://hyp3-tibet-jpl-test-contentbucket-hratibh1y9paefa9f8c7-83f9-461b-b3b7-1b07b1dcaf50/OPERA_L3_DIST-ALERT-S1_T19HBD_20240216T232836Z_20251215T211110Z_S1A_30_v0.1,https://hyp3-tibet-jpl-test-contentbucket-hratibh1y9pa.s3.us-west-2.amazonaws.com/efa9f8c7-83f9-461b-b3b7-1b07b1dcaf50/OPERA_L3_DIST-ALERT-S1_T19HBD_20240216T232836Z_20251215T211110Z_S1A_30_v0.1.png,2025-12-15T20:44:44+00:00,1021.565,4.5,19HBD,1,23,4,none,False,transformer_v1_32,high,32,10,2024-02-16,18,2.5,4,best,none,False
durkee_fire_2024__2024-07-17__11TMJ__transformer_v1_32-10mc,https://hyp3-tibet-jpl-test-contentbucket-hratibh1y9pa.s3.us-west-2.amazonaws.com/6b93fb64-677f-4a3f-aaca-21d41eee99ab/OPERA_L3_DIST-ALERT-S1_T11TMJ_20240911T015314Z_20251215T205958Z_S1A_30_v0.1.zip,s3://hyp3-tibet-jpl-test-contentbucket-hratibh1y9pa6b93fb64-677f-4a3f-aaca-21d41eee99ab/OPERA_L3_DIST-ALERT-S1_T11TMJ_20240911T015314Z_20251215T205958Z_S1A_30_v0.1,https://hyp3-tibet-jpl-test-contentbucket-hratibh1y9pa.s3.us-west-2.amazonaws.com/6b93fb64-677f-4a3f-aaca-21d41eee99ab/OPERA_L3_DIST-ALERT-S1_T11TMJ_20240911T015314Z_20251215T205958Z_S1A_30_v0.1.png,2025-12-15T20:44:44+00:00,342.974,4.5,11TMJ,1,23,4,none,False,transformer_v1_32,high,32,10,2024-09-11,64,2.5,4,best,none,False
afghanistan_flood_2024__2024-05-11__42SWF__transformer_v1_32-10mc,https://hyp3-tibet-jpl-test-contentbucket-hratibh1y9pa.s3.us-west-2.amazonaws.com/e67f72aa-81f4-4ef7-80fc-ba1021cd7728/OPERA_L3_DIST-ALERT-S1_T42SWF_20240620T012319Z_20251215T211040Z_S1A_30_v0.1.zip,s3://hyp3-tibet-jpl-test-contentbucket-hratibh1y9pae67f72aa-81f4-4ef7-80fc-ba1021cd7728/OPERA_L3_DIST-ALERT-S1_T42SWF_20240620T012319Z_20251215T211040Z_S1A_30_v0.1,https://hyp3-tibet-jpl-test-contentbucket-hratibh1y9pa.s3.us-west-2.amazonaws.com/e67f72aa-81f4-4ef7-80fc-ba1021cd7728/OPERA_L3_DIST-ALERT-S1_T42SWF_20240620T012319Z_20251215T211040Z_S1A_30_v0.1.png,2025-12-15T20:44:44+00:00,1005.291,4.5,42SWF,1,23,4,none,False,transformer_v1_32,high,32,10,2024-06-20,78,2.5,4,best,none,False
durkee_fire_2024__2024-07-17__11TMJ__transformer_v1_32-10mc,https://hyp3-tibet-jpl-test-contentbucket-hratibh1y9pa.s3.us-west-2.amazonaws.com/91bed270-799c-4e4b-b569-09e560cc645f/OPERA_L3_DIST-ALERT-S1_T11TMJ_20240901T013653Z_20251215T210040Z_S1A_30_v0.1.zip,s3://hyp3-tibet-jpl-test-contentbucket-hratibh1y9pa91bed270-799c-4e4b-b569-09e560cc645f/OPERA_L3_DIST-ALERT-S1_T11TMJ_20240901T013653Z_20251215T210040Z_S1A_30_v0.1,https://hyp3-tibet-jpl-test-contentbucket-hratibh1y9pa.s3.us-west-2.amazonaws.com/91bed270-799c-4e4b-b569-09e560cc645f/OPERA_L3_DIST-ALERT-S1_T11TMJ_20240901T013653Z_20251215T210040Z_S1A_30_v0.1.png,2025-12-15T20:44:44+00:00,387.391,4.5,11TMJ,1,23,4,none,False,transformer_v1_32,high,32,10,2024-09-01,93,2.5,4,best,none,False
durkee_fire_2024__2024-07-17__11TMK__transformer_v1_32-10mc,https://hyp3-tibet-jpl-test-contentbucket-hratibh1y9pa.s3.us-west-2.amazonaws.com/439b49ab-ebb8-48fd-820e-a38085958935/OPERA_L3_DIST-ALERT-S1_T11TMK_20240816T140623Z_20251215T205904Z_S1A_30_v0.1.zip,s3://hyp3-tibet-jpl-test-contentbucket-hratibh1y9pa439b49ab-ebb8-48fd-820e-a38085958935/OPERA_L3_DIST-ALERT-S1_T11TMK_20240816T140623Z_20251215T205904Z_S1A_30_v0.1,https://hyp3-tibet-jpl-test-contentbucket-hratibh1y9pa.s3.us-west-2.amazonaws.com/439b49ab-ebb8-48fd-820e-a38085958935/OPERA_L3_DIST-ALERT-S1_T11TMK_20240816T140623Z_20251215T205904Z_S1A_30_v0.1.png,2025-12-15T20:44:44+00:00,295.016,4.5,11TMK,1,23,4,none,False,transformer_v1_32,high,32,10,2024-08-16,42,2.5,4,best,none,False
durkee_fire_2024__2024-07-17__11TMK__transformer_v1_32-10mc,https://hyp3-tibet-jpl-test-contentbucket-hratibh1y9pa.s3.us-west-2.amazonaws.com/7e098c0d-a23d-4509-af30-a428639b61c6/OPERA_L3_DIST-ALERT-S1_T11TMK_20240913T013707Z_20251215T205803Z_S1A_30_v0.1.zip,s3://hyp3-tibet-jpl-test-contentbucket-hratibh1y9pa7e098c0d-a23d-4509-af30-a428639b61c6/OPERA_L3_DIST-ALERT-S1_T11TMK_20240913T013707Z_20251215T205803Z_S1A_30_v0.1,https://hyp3-tibet-jpl-test-contentbucket-hratibh1y9pa.s3.us-west-2.amazonaws.com/7e098c0d-a23d-4509-af30-a428639b61c6/OPERA_L3_DIST-ALERT-S1_T11TMK_20240913T013707Z_20251215T205803Z_S1A_30_v0.1.png,2025-12-15T20:44:44+00:00,227.413,4.5,11TMK,1,23,4,none,False,transformer_v1_32,high,32,10,2024-09-13,93,2.5,4,best,none,False
durkee_fire_2024__2024-07-17__11TMK__transformer_v1_32-10mc,https://hyp3-tibet-jpl-test-contentbucket-hratibh1y9pa.s3.us-west-2.amazonaws.com/fc9a56e3-8742-4c30-8467-6007d038e6a9/OPERA_L3_DIST-ALERT-S1_T11TMK_20240725T134958Z_20251215T205847Z_S1A_30_v0.1.zip,s3://hyp3-tibet-jpl-test-contentbucket-hratibh1y9pafc9a56e3-8742-4c30-8467-6007d038e6a9/OPERA_L3_DIST-ALERT-S1_T11TMK_20240725T134958Z_20251215T205847Z_S1A_30_v0.1,https://hyp3-tibet-jpl-test-contentbucket-hratibh1y9pa.s3.us-west-2.amazonaws.com/fc9a56e3-8742-4c30-8467-6007d038e6a9/OPERA_L3_DIST-ALERT-S1_T11TMK_20240725T134958Z_20251215T205847Z_S1A_30_v0.1.png,2025-12-15T20:44:44+00:00,272.006,4.5,11TMK,1,23,4,none,False,transformer_v1_32,high,32,10,2024-07-25,71,2.5,4,best,none,False
cipongkor_landslides_2024__2024-03-24__48MYT__transformer_v1_32-10mc,https://hyp3-tibet-jpl-test-contentbucket-hratibh1y9pa.s3.us-west-2.amazonaws.com/04c216a5-0990-452c-89d4-9ea984bf45dc/OPERA_L3_DIST-ALERT-S1_T48MYT_20240317T111517Z_20251215T210937Z_S1A_30_v0.1.zip,s3://hyp3-tibet-jpl-test-contentbucket-hratibh1y9pa04c216a5-0990-452c-89d4-9ea984bf45dc/OPERA_L3_DIST-ALERT-S1_T48MYT_20240317T111517Z_20251215T210937Z_S1A_30_v0.1,https://hyp3-tibet-jpl-test-contentbucket-hratibh1y9pa.s3.us-west-2.amazonaws.com/04c216a5-0990-452c-89d4-9ea984bf45dc/OPERA_L3_DIST-ALERT-S1_T48MYT_20240317T111517Z_20251215T210937Z_S1A_30_v0.1.png,2025-12-15T20:44:44+00:00,933.436,4.5,48MYT,1,23,4,none,False,transformer_v1_32,high,32,10,2024-03-17,98,2.5,4,best,none,False
mai_mahiu_flood_and_landslides_2024__2024-04-29__37MBU__transformer_v1_32-10mc,https://hyp3-tibet-jpl-test-contentbucket-hratibh1y9pa.s3.us-west-2.amazonaws.com/efa86011-1df2-47ed-8866-3d782fc47cb5/OPERA_L3_DIST-ALERT-S1_T37MBU_20240618T154825Z_20251215T210222Z_S1A_30_v0.1.zip,s3://hyp3-tibet-jpl-test-contentbucket-hratibh1y9paefa86011-1df2-47ed-8866-3d782fc47cb5/OPERA_L3_DIST-ALERT-S1_T37MBU_20240618T154825Z_20251215T210222Z_S1A_30_v0.1,https://hyp3-tibet-jpl-test-contentbucket-hratibh1y9pa.s3.us-west-2.amazonaws.com/efa86011-1df2-47ed-8866-3d782fc47cb5/OPERA_L3_DIST-ALERT-S1_T37MBU_20240618T154825Z_20251215T210222Z_S1A_30_v0.1.png,2025-12-15T20:44:44+00:00,498.95,4.5,37MBU,1,23,4,none,False,transformer_v1_32,high,32,10,2024-06-18,57,2.5,4,best,none,False
durkee_fire_2024__2024-07-17__11TMK__transformer_v1_32-10mc,https://hyp3-tibet-jpl-test-contentbucket-hratibh1y9pa.s3.us-west-2.amazonaws.com/e834b175-b564-4b2e-bc5d-7638b5f2b346/OPERA_L3_DIST-ALERT-S1_T11TMK_20240911T015328Z_20251215T205729Z_S1A_30_v0.1.zip,s3://hyp3-tibet-jpl-test-contentbucket-hratibh1y9pae834b175-b564-4b2e-bc5d-7638b5f2b346/OPERA_L3_DIST-ALERT-S1_T11TMK_20240911T015328Z_20251215T205729Z_S1A_30_v0.1,https://hyp3-tibet-jpl-test-contentbucket-hratibh1y9pa.s3.us-west-2.amazonaws.com/e834b175-b564-4b2e-bc5d-7638b5f2b346/OPERA_L3_DIST-ALERT-S1_T11TMK_20240911T015328Z_20251215T205729Z_S1A_30_v0.1.png,2025-12-15T20:44:44+00:00,194.923,4.5,11TMK,1,23,4,none,False,transformer_v1_32,high,32,10,2024-09-11,64,2.5,4,best,none,False
hokkaido_landslides_2018__2018-09-06__54TWN__transformer_v1_32-10mc,https://hyp3-tibet-jpl-test-contentbucket-hratibh1y9pa.s3.us-west-2.amazonaws.com/c0b9d10d-3bcf-4c35-886f-c8b5a2aa8f14/OPERA_L3_DIST-ALERT-S1_T54TWN_20180925T082651Z_20251215T210342Z_S1B_30_v0.1.zip,s3://hyp3-tibet-jpl-test-contentbucket-hratibh1y9pac0b9d10d-3bcf-4c35-886f-c8b5a2aa8f14/OPERA_L3_DIST-ALERT-S1_T54TWN_20180925T082651Z_20251215T210342Z_S1B_30_v0.1,https://hyp3-tibet-jpl-test-contentbucket-hratibh1y9pa.s3.us-west-2.amazonaws.com/c0b9d10d-3bcf-4c35-886f-c8b5a2aa8f14/OPERA_L3_DIST-ALERT-S1_T54TWN_20180925T082651Z_20251215T210342Z_S1B_30_v0.1.png,2025-12-15T20:44:44+00:00,577.253,4.5,54TWN,1,23,4,none,False,transformer_v1_32,high,32,10,2018-09-25,68,2.5,4,best,none,False
durkee_fire_2024__2024-07-17__11TMK__transformer_v1_32-10mc,https://hyp3-tibet-jpl-test-contentbucket-hratibh1y9pa.s3.us-west-2.amazonaws.com/56fec4ef-a0bc-4c43-baa2-05324c691cbc/OPERA_L3_DIST-ALERT-S1_T11TMK_20240619T134959Z_20251215T205906Z_S1A_30_v0.1.zip,s3://hyp3-tibet-jpl-test-contentbucket-hratibh1y9pa56fec4ef-a0bc-4c43-baa2-05324c691cbc/OPERA_L3_DIST-ALERT-S1_T11TMK_20240619T134959Z_20251215T205906Z_S1A_30_v0.1,https://hyp3-tibet-jpl-test-contentbucket-hratibh1y9pa.s3.us-west-2.amazonaws.com/56fec4ef-a0bc-4c43-baa2-05324c691cbc/OPERA_L3_DIST-ALERT-S1_T11TMK_20240619T134959Z_20251215T205906Z_S1A_30_v0.1.png,2025-12-15T20:44:44+00:00,293.001,4.5,11TMK,1,23,4,none,False,transformer_v1_32,high,32,10,2024-06-19,71,2.5,4,best,none,False
los_angeles_fires_2025__2025-01-04__11SLT__transformer_v1_32-10mc,https://hyp3-tibet-jpl-test-contentbucket-hratibh1y9pa.s3.us-west-2.amazonaws.com/cc66f5c9-4581-4c8f-b3a9-604951741639/OPERA_L3_DIST-ALERT-S1_T11SLT_20250303T015837Z_20251215T210647Z_S1A_30_v0.1.zip,s3://hyp3-tibet-jpl-test-contentbucket-hratibh1y9pacc66f5c9-4581-4c8f-b3a9-604951741639/OPERA_L3_DIST-ALERT-S1_T11SLT_20250303T015837Z_20251215T210647Z_S1A_30_v0.1,https://hyp3-tibet-jpl-test-contentbucket-hratibh1y9pa.s3.us-west-2.amazonaws.com/cc66f5c9-4581-4c8f-b3a9-604951741639/OPERA_L3_DIST-ALERT-S1_T11SLT_20250303T015837Z_20251215T210647Z_S1A_30_v0.1.png,2025-12-15T20:44:44+00:00,764.429,4.5,11SLT,1,23,4,none,False,transformer_v1_32,high,32,10,2025-03-03,137,2.5,4,best,none,False
mai_mahiu_flood_and_landslides_2024__2024-04-29__37MBU__transformer_v1_32-10mc,https://hyp3-tibet-jpl-test-contentbucket-hratibh1y9pa.s3.us-west-2.amazonaws.com/3ded045a-b2bd-4eb9-98d7-fade13d45ec8/OPERA_L3_DIST-ALERT-S1_T37MBU_20240424T155631Z_20251215T210443Z_S1A_30_v0.1.zip,s3://hyp3-tibet-jpl-test-contentbucket-hratibh1y9pa3ded045a-b2bd-4eb9-98d7-fade13d45ec8/OPERA_L3_DIST-ALERT-S1_T37MBU_20240424T155631Z_20251215T210443Z_S1A_30_v0.1,https://hyp3-tibet-jpl-test-contentbucket-hratibh1y9pa.s3.us-west-2.amazonaws.com/3ded045a-b2bd-4eb9-98d7-fade13d45ec8/OPERA_L3_DIST-ALERT-S1_T37MBU_20240424T155631Z_20251215T210443Z_S1A_30_v0.1.png,2025-12-15T20:44:44+00:00,642.989,4.5,37MBU,1,23,4,none,False,transformer_v1_32,high,32,10,2024-04-24,130,2.5,4,best,none,False
afghanistan_flood_2024__2024-05-11__42SWF__transformer_v1_32-10mc,https://hyp3-tibet-jpl-test-contentbucket-hratibh1y9pa.s3.us-west-2.amazonaws.com/b90630e8-c09b-48d8-ab22-3316cc9e394a/OPERA_L3_DIST-ALERT-S1_T42SWF_20240607T132227Z_20251215T211001Z_S1A_30_v0.1.zip,s3://hyp3-tibet-jpl-test-contentbucket-hratibh1y9pab90630e8-c09b-48d8-ab22-3316cc9e394a/OPERA_L3_DIST-ALERT-S1_T42SWF_20240607T132227Z_20251215T211001Z_S1A_30_v0.1,https://hyp3-tibet-jpl-test-contentbucket-hratibh1y9pa.s3.us-west-2.amazonaws.com/b90630e8-c09b-48d8-ab22-3316cc9e394a/OPERA_L3_DIST-ALERT-S1_T42SWF_20240607T132227Z_20251215T211001Z_S1A_30_v0.1.png,2025-12-15T20:44:44+00:00,970.445,4.5,42SWF,1,23,4,none,False,transformer_v1_32,high,32,10,2024-06-07,71,2.5,4,best,none,False
cipongkor_landslides_2024__2024-03-24__48MYT__transformer_v1_32-10mc,https://hyp3-tibet-jpl-test-contentbucket-hratibh1y9pa.s3.us-west-2.amazonaws.com/2e1ee88e-37c2-40b0-91c7-fa100721537e/OPERA_L3_DIST-ALERT-S1_T48MYT_20240516T111518Z_20251215T210850Z_S1A_30_v0.1.zip,s3://hyp3-tibet-jpl-test-contentbucket-hratibh1y9pa2e1ee88e-37c2-40b0-91c7-fa100721537e/OPERA_L3_DIST-ALERT-S1_T48MYT_20240516T111518Z_20251215T210850Z_S1A_30_v0.1,https://hyp3-tibet-jpl-test-contentbucket-hratibh1y9pa.s3.us-west-2.amazonaws.com/2e1ee88e-37c2-40b0-91c7-fa100721537e/OPERA_L3_DIST-ALERT-S1_T48MYT_20240516T111518Z_20251215T210850Z_S1A_30_v0.1.png,2025-12-15T20:44:44+00:00,885.553,4.5,48MYT,1,23,4,none,False,transformer_v1_32,high,32,10,2024-05-16,98,2.5,4,best,none,False
los_angeles_fires_2025__2025-01-04__11SLT__transformer_v1_32-10mc,https://hyp3-tibet-jpl-test-contentbucket-hratibh1y9pa.s3.us-west-2.amazonaws.com/a78ce99d-0e69-4603-8f63-2c666294f596/OPERA_L3_DIST-ALERT-S1_T11SLT_20241221T015841Z_20251215T210513Z_S1A_30_v0.1.zip,s3://hyp3-tibet-jpl-test-contentbucket-hratibh1y9paa78ce99d-0e69-4603-8f63-2c666294f596/OPERA_L3_DIST-ALERT-S1_T11SLT_20241221T015841Z_20251215T210513Z_S1A_30_v0.1,https://hyp3-tibet-jpl-test-contentbucket-hratibh1y9pa.s3.us-west-2.amazonaws.com/a78ce99d-0e69-4603-8f63-2c666294f596/OPERA_L3_DIST-ALERT-S1_T11SLT_20241221T015841Z_20251215T210513Z_S1A_30_v0.1.png,2025-12-15T20:44:44+00:00,665.827,4.5,11SLT,1,23,4,none,False,transformer_v1_32,high,32,10,2024-12-21,137,2.5,4,best,none,False
afghanistan_flood_2024__2024-05-11__42SWF__transformer_v1_32-10mc,https://hyp3-tibet-jpl-test-contentbucket-hratibh1y9pa.s3.us-west-2.amazonaws.com/2bbbe435-e618-44e1-b028-d1201d6a5c51/OPERA_L3_DIST-ALERT-S1_T42SWF_20240602T131419Z_20251215T210318Z_S1A_30_v0.1.zip,s3://hyp3-tibet-jpl-test-contentbucket-hratibh1y9pa2bbbe435-e618-44e1-b028-d1201d6a5c51/OPERA_L3_DIST-ALERT-S1_T42SWF_20240602T131419Z_20251215T210318Z_S1A_30_v0.1,https://hyp3-tibet-jpl-test-contentbucket-hratibh1y9pa.s3.us-west-2.amazonaws.com/2bbbe435-e618-44e1-b028-d1201d6a5c51/OPERA_L3_DIST-ALERT-S1_T42SWF_20240602T131419Z_20251215T210318Z_S1A_30_v0.1.png,2025-12-15T20:44:44+00:00,550.278,4.5,42SWF,1,23,4,none,False,transformer_v1_32,high,32,10,2024-06-02,173,2.5,4,best,none,False
hokkaido_landslides_2018__2018-09-06__54TWN__transformer_v1_32-10mc,https://hyp3-tibet-jpl-test-contentbucket-hratibh1y9pa.s3.us-west-2.amazonaws.com/4ae35b48-60a5-4587-a8b4-2a587a8f2125/OPERA_L3_DIST-ALERT-S1_T54TWN_20181026T081849Z_20251215T205647Z_S1B_30_v0.1.zip,s3://hyp3-tibet-jpl-test-contentbucket-hratibh1y9pa4ae35b48-60a5-4587-a8b4-2a587a8f2125/OPERA_L3_DIST-ALERT-S1_T54TWN_20181026T081849Z_20251215T205647Z_S1B_30_v0.1,https://hyp3-tibet-jpl-test-contentbucket-hratibh1y9pa.s3.us-west-2.amazonaws.com/4ae35b48-60a5-4587-a8b4-2a587a8f2125/OPERA_L3_DIST-ALERT-S1_T54TWN_20181026T081849Z_20251215T205647Z_S1B_30_v0.1.png,2025-12-15T20:44:44+00:00,152.748,4.5,54TWN,1,23,4,none,False,transformer_v1_32,high,32,10,2018-10-26,170,2.5,4,best,none,False
los_angeles_fires_2025__2025-01-04__11SLT__transformer_v1_32-10mc,https://hyp3-tibet-jpl-test-contentbucket-hratibh1y9pa.s3.us-west-2.amazonaws.com/61c7ecff-0e30-4789-828e-df20f219b24b/OPERA_L3_DIST-ALERT-S1_T11SLT_20250109T135247Z_20251215T211146Z_S1A_30_v0.1.zip,s3://hyp3-tibet-jpl-test-contentbucket-hratibh1y9pa61c7ecff-0e30-4789-828e-df20f219b24b/OPERA_L3_DIST-ALERT-S1_T11SLT_20250109T135247Z_20251215T211146Z_S1A_30_v0.1,https://hyp3-tibet-jpl-test-contentbucket-hratibh1y9pa.s3.us-west-2.amazonaws.com/61c7ecff-0e30-4789-828e-df20f219b24b/OPERA_L3_DIST-ALERT-S1_T11SLT_20250109T135247Z_20251215T211146Z_S1A_30_v0.1.png,2025-12-15T20:44:44+00:00,1060.07,4.5,11SLT,1,23,4,none,False,transformer_v1_32,high,32,10,2025-01-09,71,2.5,4,best,none,False
durkee_fire_2024__2024-07-17__11TMK__transformer_v1_32-10mc,https://hyp3-tibet-jpl-test-contentbucket-hratibh1y9pa.s3.us-west-2.amazonaws.com/61cbf570-80fb-4a72-bd96-f6d962a4afcb/OPERA_L3_DIST-ALERT-S1_T11TMK_20240818T134958Z_20251215T205942Z_S1A_30_v0.1.zip,s3://hyp3-tibet-jpl-test-contentbucket-hratibh1y9pa61cbf570-80fb-4a72-bd96-f6d962a4afcb/OPERA_L3_DIST-ALERT-S1_T11TMK_20240818T134958Z_20251215T205942Z_S1A_30_v0.1,https://hyp3-tibet-jpl-test-contentbucket-hratibh1y9pa.s3.us-west-2.amazonaws.com/61cbf570-80fb-4a72-bd96-f6d962a4afcb/OPERA_L3_DIST-ALERT-S1_T11TMK_20240818T134958Z_20251215T205942Z_S1A_30_v0.1.png,2025-12-15T20:44:44+00:00,320.137,4.5,11TMK,1,23,4,none,False,transformer_v1_32,high,32,10,2024-08-18,71,2.5,4,best,none,False
cipongkor_landslides_2024__2024-03-24__48MYT__transformer_v1_32-10mc,https://hyp3-tibet-jpl-test-contentbucket-hratibh1y9pa.s3.us-west-2.amazonaws.com/72e15d06-5c7c-443c-b73b-4d26e27c01dc/OPERA_L3_DIST-ALERT-S1_T48MYT_20240425T222605Z_20251215T210312Z_S1A_30_v0.1.zip,s3://hyp3-tibet-jpl-test-contentbucket-hratibh1y9pa72e15d06-5c7c-443c-b73b-4d26e27c01dc/OPERA_L3_DIST-ALERT-S1_T48MYT_20240425T222605Z_20251215T210312Z_S1A_30_v0.1,https://hyp3-tibet-jpl-test-contentbucket-hratibh1y9pa.s3.us-west-2.amazonaws.com/72e15d06-5c7c-443c-b73b-4d26e27c01dc/OPERA_L3_DIST-ALERT-S1_T48MYT_20240425T222605Z_20251215T210312Z_S1A_30_v0.1.png,2025-12-15T20:44:44+00:00,538.853,4.5,48MYT,1,23,4,none,False,transformer_v1_32,high,32,10,2024-04-25,149,2.5,4,best,none,False
durkee_fire_2024__2024-07-17__11TMJ__transformer_v1_32-10mc,https://hyp3-tibet-jpl-test-contentbucket-hratibh1y9pa.s3.us-west-2.amazonaws.com/8e70818e-5739-44e4-879d-32e2c08aa5af/OPERA_L3_DIST-ALERT-S1_T11TMJ_20240713T015314Z_20251215T210011Z_S1A_30_v0.1.zip,s3://hyp3-tibet-jpl-test-contentbucket-hratibh1y9pa8e70818e-5739-44e4-879d-32e2c08aa5af/OPERA_L3_DIST-ALERT-S1_T11TMJ_20240713T015314Z_20251215T210011Z_S1A_30_v0.1,https://hyp3-tibet-jpl-test-contentbucket-hratibh1y9pa.s3.us-west-2.amazonaws.com/8e70818e-5739-44e4-879d-32e2c08aa5af/OPERA_L3_DIST-ALERT-S1_T11TMJ_20240713T015314Z_20251215T210011Z_S1A_30_v0.1.png,2025-12-15T20:44:44+00:00,356.974,4.5,11TMJ,1,23,4,none,False,transformer_v1_32,high,32,10,2024-07-13,64,2.5,4,best,none,False
durkee_fire_2024__2024-07-17__11TMK__transformer_v1_32-10mc,https://hyp3-tibet-jpl-test-contentbucket-hratibh1y9pa.s3.us-west-2.amazonaws.com/1e758087-a2f2-466f-a190-970e0016e426/OPERA_L3_DIST-ALERT-S1_T11TMK_20240811T135803Z_20251215T211008Z_S1A_30_v0.1.zip,s3://hyp3-tibet-jpl-test-contentbucket-hratibh1y9pa1e758087-a2f2-466f-a190-970e0016e426/OPERA_L3_DIST-ALERT-S1_T11TMK_20240811T135803Z_20251215T211008Z_S1A_30_v0.1,https://hyp3-tibet-jpl-test-contentbucket-hratibh1y9pa.s3.us-west-2.amazonaws.com/1e758087-a2f2-466f-a190-970e0016e426/OPERA_L3_DIST-ALERT-S1_T11TMK_20240811T135803Z_20251215T211008Z_S1A_30_v0.1.png,2025-12-15T20:44:44+00:00,963.104,4.5,11TMK,1,23,4,none,False,transformer_v1_32,high,32,10,2024-08-11,144,2.5,4,best,none,False
mai_mahiu_flood_and_landslides_2024__2024-04-29__37MBU__transformer_v1_32-10mc,https://hyp3-tibet-jpl-test-contentbucket-hratibh1y9pa.s3.us-west-2.amazonaws.com/72f6437a-5ffa-4113-9bb0-0d765eb7c3a2/OPERA_L3_DIST-ALERT-S1_T37MBU_20240513T154826Z_20251215T210033Z_S1A_30_v0.1.zip,s3://hyp3-tibet-jpl-test-contentbucket-hratibh1y9pa72f6437a-5ffa-4113-9bb0-0d765eb7c3a2/OPERA_L3_DIST-ALERT-S1_T37MBU_20240513T154826Z_20251215T210033Z_S1A_30_v0.1,https://hyp3-tibet-jpl-test-contentbucket-hratibh1y9pa.s3.us-west-2.amazonaws.com/72f6437a-5ffa-4113-9bb0-0d765eb7c3a2/OPERA_L3_DIST-ALERT-S1_T37MBU_20240513T154826Z_20251215T210033Z_S1A_30_v0.1.png,2025-12-15T20:44:44+00:00,378.631,4.5,37MBU,1,23,4,none,False,transformer_v1_32,high,32,10,2024-05-13,57,2.5,4,best,none,False
durkee_fire_2024__2024-07-17__11TMK__transformer_v1_32-10mc,https://hyp3-tibet-jpl-test-contentbucket-hratibh1y9pa.s3.us-west-2.amazonaws.com/6c63e198-a739-4723-9638-b51221dac783/OPERA_L3_DIST-ALERT-S1_T11TMK_20240909T140624Z_20251215T205910Z_S1A_30_v0.1.zip,s3://hyp3-tibet-jpl-test-contentbucket-hratibh1y9pa6c63e198-a739-4723-9638-b51221dac783/OPERA_L3_DIST-ALERT-S1_T11TMK_20240909T140624Z_20251215T205910Z_S1A_30_v0.1,https://hyp3-tibet-jpl-test-contentbucket-hratibh1y9pa.s3.us-west-2.amazonaws.com/6c63e198-a739-4723-9638-b51221dac783/OPERA_L3_DIST-ALERT-S1_T11TMK_20240909T140624Z_20251215T205910Z_S1A_30_v0.1.png,2025-12-15T20:44:44+00:00,293.556,4.5,11TMK,1,23,4,none,False,transformer_v1_32,high,32,10,2024-09-09,42,2.5,4,best,none,False
durkee_fire_2024__2024-07-17__11TMJ__transformer_v1_32-10mc,https://hyp3-tibet-jpl-test-contentbucket-hratibh1y9pa.s3.us-west-2.amazonaws.com/e31001db-52f4-46cf-8fa7-9308d2516f14/OPERA_L3_DIST-ALERT-S1_T11TMJ_20240808T013653Z_20251215T210056Z_S1A_30_v0.1.zip,s3://hyp3-tibet-jpl-test-contentbucket-hratibh1y9pae31001db-52f4-46cf-8fa7-9308d2516f14/OPERA_L3_DIST-ALERT-S1_T11TMJ_20240808T013653Z_20251215T210056Z_S1A_30_v0.1,https://hyp3-tibet-jpl-test-contentbucket-hratibh1y9pa.s3.us-west-2.amazonaws.com/e31001db-52f4-46cf-8fa7-9308d2516f14/OPERA_L3_DIST-ALERT-S1_T11TMJ_20240808T013653Z_20251215T210056Z_S1A_30_v0.1.png,2025-12-15T20:44:44+00:00,396.38,4.5,11TMJ,1,23,4,none,False,transformer_v1_32,high,32,10,2024-08-08,93,2.5,4,best,none,False
afghanistan_flood_2024__2024-05-11__42SWF__transformer_v1_32-10mc,https://hyp3-tibet-jpl-test-contentbucket-hratibh1y9pa.s3.us-west-2.amazonaws.com/7b632893-1a71-4cbd-9c6f-d280061f1d76/OPERA_L3_DIST-ALERT-S1_T42SWF_20240521T131419Z_20251215T210142Z_S1A_30_v0.1.zip,s3://hyp3-tibet-jpl-test-contentbucket-hratibh1y9pa7b632893-1a71-4cbd-9c6f-d280061f1d76/OPERA_L3_DIST-ALERT-S1_T42SWF_20240521T131419Z_20251215T210142Z_S1A_30_v0.1,https://hyp3-tibet-jpl-test-contentbucket-hratibh1y9pa.s3.us-west-2.amazonaws.com/7b632893-1a71-4cbd-9c6f-d280061f1d76/OPERA_L3_DIST-ALERT-S1_T42SWF_20240521T131419Z_20251215T210142Z_S1A_30_v0.1.png,2025-12-15T20:44:44+00:00,445.336,4.5,42SWF,1,23,4,none,False,transformer_v1_32,high,32,10,2024-05-21,173,2.5,4,best,none,False
durkee_fire_2024__2024-07-17__11TMJ__transformer_v1_32-10mc,https://hyp3-tibet-jpl-test-contentbucket-hratibh1y9pa.s3.us-west-2.amazonaws.com/e6f2554a-d10b-43c9-9ff0-869f86efe00d/OPERA_L3_DIST-ALERT-S1_T11TMJ_20240713T135009Z_20251215T210042Z_S1A_30_v0.1.zip,s3://hyp3-tibet-jpl-test-contentbucket-hratibh1y9pae6f2554a-d10b-43c9-9ff0-869f86efe00d/OPERA_L3_DIST-ALERT-S1_T11TMJ_20240713T135009Z_20251215T210042Z_S1A_30_v0.1,https://hyp3-tibet-jpl-test-contentbucket-hratibh1y9pa.s3.us-west-2.amazonaws.com/e6f2554a-d10b-43c9-9ff0-869f86efe00d/OPERA_L3_DIST-ALERT-S1_T11TMJ_20240713T135009Z_20251215T210042Z_S1A_30_v0.1.png,2025-12-15T20:44:44+00:00,383.792,4.5,11TMJ,1,23,4,none,False,transformer_v1_32,high,32,10,2024-07-13,71,2.5,4,best,none,False
mai_mahiu_flood_and_landslides_2024__2024-04-29__37MBU__transformer_v1_32-10mc,https://hyp3-tibet-jpl-test-contentbucket-hratibh1y9pa.s3.us-west-2.amazonaws.com/504078cf-267f-4675-bcd7-925d915cc052/OPERA_L3_DIST-ALERT-S1_T37MBU_20240530T155632Z_20251215T210345Z_S1A_30_v0.1.zip,s3://hyp3-tibet-jpl-test-contentbucket-hratibh1y9pa504078cf-267f-4675-bcd7-925d915cc052/OPERA_L3_DIST-ALERT-S1_T37MBU_20240530T155632Z_20251215T210345Z_S1A_30_v0.1,https://hyp3-tibet-jpl-test-contentbucket-hratibh1y9pa.s3.us-west-2.amazonaws.com/504078cf-267f-4675-bcd7-925d915cc052/OPERA_L3_DIST-ALERT-S1_T37MBU_20240530T155632Z_20251215T210345Z_S1A_30_v0.1.png,2025-12-15T20:44:44+00:00,578.889,4.5,37MBU,1,23,4,none,False,transformer_v1_32,high,32,10,2024-05-30,130,2.5,4,best,none,False
durkee_fire_2024__2024-07-17__11TMK__transformer_v1_32-10mc,https://hyp3-tibet-jpl-test-contentbucket-hratibh1y9pa.s3.us-west-2.amazonaws.com/e7bab1e0-7db9-4440-ade1-2de24747093f/OPERA_L3_DIST-ALERT-S1_T11TMK_20240701T134959Z_20251215T205858Z_S1A_30_v0.1.zip,s3://hyp3-tibet-jpl-test-contentbucket-hratibh1y9pae7bab1e0-7db9-4440-ade1-2de24747093f/OPERA_L3_DIST-ALERT-S1_T11TMK_20240701T134959Z_20251215T205858Z_S1A_30_v0.1,https://hyp3-tibet-jpl-test-contentbucket-hratibh1y9pa.s3.us-west-2.amazonaws.com/e7bab1e0-7db9-4440-ade1-2de24747093f/OPERA_L3_DIST-ALERT-S1_T11TMK_20240701T134959Z_20251215T205858Z_S1A_30_v0.1.png,2025-12-15T20:44:44+00:00,276.78,4.5,11TMK,1,23,4,none,False,transformer_v1_32,high,32,10,2024-07-01,71,2.5,4,best,none,False
chile_fire_2024__2024-02-04__19HBD__transformer_v1_32-10mc,https://hyp3-tibet-jpl-test-contentbucket-hratibh1y9pa.s3.us-west-2.amazonaws.com/4b2d704e-8c9e-40b5-82c8-82707df437a0/OPERA_L3_DIST-ALERT-S1_T19HBD_20240202T100430Z_20251215T210710Z_S1A_30_v0.1.zip,s3://hyp3-tibet-jpl-test-contentbucket-hratibh1y9pa4b2d704e-8c9e-40b5-82c8-82707df437a0/OPERA_L3_DIST-ALERT-S1_T19HBD_20240202T100430Z_20251215T210710Z_S1A_30_v0.1,https://hyp3-tibet-jpl-test-contentbucket-hratibh1y9pa.s3.us-west-2.amazonaws.com/4b2d704e-8c9e-40b5-82c8-82707df437a0/OPERA_L3_DIST-ALERT-S1_T19HBD_20240202T100430Z_20251215T210710Z_S1A_30_v0.1.png,2025-12-15T20:44:44+00:00,774.158,4.5,19HBD,1,23,4,none,False,transformer_v1_32,high,32,10,2024-02-02,156,2.5,4,best,none,False
durkee_fire_2024__2024-07-17__11TMJ__transformer_v1_32-10mc,https://hyp3-tibet-jpl-test-contentbucket-hratibh1y9pa.s3.us-west-2.amazonaws.com/d4f6328f-8f6b-48a1-a363-c6bfbabb20c0/OPERA_L3_DIST-ALERT-S1_T11TMJ_20240830T135009Z_20251215T205944Z_S1A_30_v0.1.zip,s3://hyp3-tibet-jpl-test-contentbucket-hratibh1y9pad4f6328f-8f6b-48a1-a363-c6bfbabb20c0/OPERA_L3_DIST-ALERT-S1_T11TMJ_20240830T135009Z_20251215T205944Z_S1A_30_v0.1,https://hyp3-tibet-jpl-test-contentbucket-hratibh1y9pa.s3.us-west-2.amazonaws.com/d4f6328f-8f6b-48a1-a363-c6bfbabb20c0/OPERA_L3_DIST-ALERT-S1_T11TMJ_20240830T135009Z_20251215T205944Z_S1A_30_v0.1.png,2025-12-15T20:44:44+00:00,330.298,4.5,11TMJ,1,23,4,none,False,transformer_v1_32,high,32,10,2024-08-30,71,2.5,4,best,none,False
hokkaido_landslides_2018__2018-09-06__54TWN__transformer_v1_32-10mc,https://hyp3-tibet-jpl-test-contentbucket-hratibh1y9pa.s3.us-west-2.amazonaws.com/ee1c557c-4876-488a-b3e7-325d6e02c7f5/OPERA_L3_DIST-ALERT-S1_T54TWN_20180930T083504Z_20251215T205629Z_S1B_30_v0.1.zip,s3://hyp3-tibet-jpl-test-contentbucket-hratibh1y9paee1c557c-4876-488a-b3e7-325d6e02c7f5/OPERA_L3_DIST-ALERT-S1_T54TWN_20180930T083504Z_20251215T205629Z_S1B_30_v0.1,https://hyp3-tibet-jpl-test-contentbucket-hratibh1y9pa.s3.us-west-2.amazonaws.com/ee1c557c-4876-488a-b3e7-325d6e02c7f5/OPERA_L3_DIST-ALERT-S1_T54TWN_20180930T083504Z_20251215T205629Z_S1B_30_v0.1.png,2025-12-15T20:44:44+00:00,128.644,4.5,54TWN,1,23,4,none,False,transformer_v1_32,high,32,10,2018-09-30,141,2.5,4,best,none,False
afghanistan_flood_2024__2024-05-11__42SWF__transformer_v1_32-10mc,https://hyp3-tibet-jpl-test-contentbucket-hratibh1y9pa.s3.us-west-2.amazonaws.com/72be8dcc-7db6-402b-9488-9d0ecce30def/OPERA_L3_DIST-ALERT-S1_T42SWF_20240514T132228Z_20251215T210737Z_S1A_30_v0.1.zip,s3://hyp3-tibet-jpl-test-contentbucket-hratibh1y9pa72be8dcc-7db6-402b-9488-9d0ecce30def/OPERA_L3_DIST-ALERT-S1_T42SWF_20240514T132228Z_20251215T210737Z_S1A_30_v0.1,https://hyp3-tibet-jpl-test-contentbucket-hratibh1y9pa.s3.us-west-2.amazonaws.com/72be8dcc-7db6-402b-9488-9d0ecce30def/OPERA_L3_DIST-ALERT-S1_T42SWF_20240514T132228Z_20251215T210737Z_S1A_30_v0.1.png,2025-12-15T20:44:44+00:00,809.376,4.5,42SWF,1,23,4,none,False,transformer_v1_32,high,32,10,2024-05-14,71,2.5,4,best,none,False
hokkaido_landslides_2018__2018-09-06__54TWN__transformer_v1_32-10mc,https://hyp3-tibet-jpl-test-contentbucket-hratibh1y9pa.s3.us-west-2.amazonaws.com/e843fae5-2e3a-44e9-93ee-13e6916a9cf8/OPERA_L3_DIST-ALERT-S1_T54TWN_20180929T204120Z_20251215T210045Z_S1A_30_v0.1.zip,s3://hyp3-tibet-jpl-test-contentbucket-hratibh1y9pae843fae5-2e3a-44e9-93ee-13e6916a9cf8/OPERA_L3_DIST-ALERT-S1_T54TWN_20180929T204120Z_20251215T210045Z_S1A_30_v0.1,https://hyp3-tibet-jpl-test-contentbucket-hratibh1y9pa.s3.us-west-2.amazonaws.com/e843fae5-2e3a-44e9-93ee-13e6916a9cf8/OPERA_L3_DIST-ALERT-S1_T54TWN_20180929T204120Z_20251215T210045Z_S1A_30_v0.1.png,2025-12-15T20:44:44+00:00,400.545,4.5,54TWN,1,23,4,none,False,transformer_v1_32,high,32,10,2018-09-29,46,2.5,4,best,none,False
durkee_fire_2024__2024-07-17__11TMK__transformer_v1_32-10mc,https://hyp3-tibet-jpl-test-contentbucket-hratibh1y9pa.s3.us-west-2.amazonaws.com/d3c10e8e-1672-482d-93b5-6c5d458ff839/OPERA_L3_DIST-ALERT-S1_T11TMK_20240629T140624Z_20251215T205824Z_S1A_30_v0.1.zip,s3://hyp3-tibet-jpl-test-contentbucket-hratibh1y9pad3c10e8e-1672-482d-93b5-6c5d458ff839/OPERA_L3_DIST-ALERT-S1_T11TMK_20240629T140624Z_20251215T205824Z_S1A_30_v0.1,https://hyp3-tibet-jpl-test-contentbucket-hratibh1y9pa.s3.us-west-2.amazonaws.com/d3c10e8e-1672-482d-93b5-6c5d458ff839/OPERA_L3_DIST-ALERT-S1_T11TMK_20240629T140624Z_20251215T205824Z_S1A_30_v0.1.png,2025-12-15T20:44:44+00:00,245.645,4.5,11TMK,1,23,4,none,False,transformer_v1_32,high,32,10,2024-06-29,42,2.5,4,best,none,False
hokkaido_landslides_2018__2018-09-06__54TWN__transformer_v1_32-10mc,https://hyp3-tibet-jpl-test-contentbucket-hratibh1y9pa.s3.us-west-2.amazonaws.com/062add15-1478-418b-8ea7-d4ba90129ccd/OPERA_L3_DIST-ALERT-S1_T54TWN_20181006T203312Z_20251215T205709Z_S1A_30_v0.1.zip,s3://hyp3-tibet-jpl-test-contentbucket-hratibh1y9pa062add15-1478-418b-8ea7-d4ba90129ccd/OPERA_L3_DIST-ALERT-S1_T54TWN_20181006T203312Z_20251215T205709Z_S1A_30_v0.1,https://hyp3-tibet-jpl-test-contentbucket-hratibh1y9pa.s3.us-west-2.amazonaws.com/062add15-1478-418b-8ea7-d4ba90129ccd/OPERA_L3_DIST-ALERT-S1_T54TWN_20181006T203312Z_20251215T205709Z_S1A_30_v0.1.png,2025-12-15T20:44:44+00:00,172.658,4.5,54TWN,1,23,4,none,False,transformer_v1_32,high,32,10,2018-10-06,148,2.5,4,best,none,False
afghanistan_flood_2024__2024-05-11__42SWF__transformer_v1_32-10mc,https://hyp3-tibet-jpl-test-contentbucket-hratibh1y9pa.s3.us-west-2.amazonaws.com/9dc1792f-821a-4b38-bc5c-c293fd7d1364/OPERA_L3_DIST-ALERT-S1_T42SWF_20240415T131418Z_20251215T210144Z_S1A_30_v0.1.zip,s3://hyp3-tibet-jpl-test-contentbucket-hratibh1y9pa9dc1792f-821a-4b38-bc5c-c293fd7d1364/OPERA_L3_DIST-ALERT-S1_T42SWF_20240415T131418Z_20251215T210144Z_S1A_30_v0.1,https://hyp3-tibet-jpl-test-contentbucket-hratibh1y9pa.s3.us-west-2.amazonaws.com/9dc1792f-821a-4b38-bc5c-c293fd7d1364/OPERA_L3_DIST-ALERT-S1_T42SWF_20240415T131418Z_20251215T210144Z_S1A_30_v0.1.png,2025-12-15T20:44:44+00:00,446.997,4.5,42SWF,1,23,4,none,False,transformer_v1_32,high,32,10,2024-04-15,173,2.5,4,best,none,False
durkee_fire_2024__2024-07-17__11TMK__transformer_v1_32-10mc,https://hyp3-tibet-jpl-test-contentbucket-hratibh1y9pa.s3.us-west-2.amazonaws.com/7de64bb4-b1c6-4180-baa1-18c72f696197/OPERA_L3_DIST-ALERT-S1_T11TMK_20240703T013707Z_20251215T205758Z_S1A_30_v0.1.zip,s3://hyp3-tibet-jpl-test-contentbucket-hratibh1y9pa7de64bb4-b1c6-4180-baa1-18c72f696197/OPERA_L3_DIST-ALERT-S1_T11TMK_20240703T013707Z_20251215T205758Z_S1A_30_v0.1,https://hyp3-tibet-jpl-test-contentbucket-hratibh1y9pa.s3.us-west-2.amazonaws.com/7de64bb4-b1c6-4180-baa1-18c72f696197/OPERA_L3_DIST-ALERT-S1_T11TMK_20240703T013707Z_20251215T205758Z_S1A_30_v0.1.png,2025-12-15T20:44:44+00:00,217.198,4.5,11TMK,1,23,4,none,False,transformer_v1_32,high,32,10,2024-07-03,93,2.5,4,best,none,False
durkee_fire_2024__2024-07-17__11TMJ__transformer_v1_32-10mc,https://hyp3-tibet-jpl-test-contentbucket-hratibh1y9pa.s3.us-west-2.amazonaws.com/1915761b-e95c-4fce-a0fc-688f9d434666/OPERA_L3_DIST-ALERT-S1_T11TMJ_20240621T013654Z_20251215T210104Z_S1A_30_v0.1.zip,s3://hyp3-tibet-jpl-test-contentbucket-hratibh1y9pa1915761b-e95c-4fce-a0fc-688f9d434666/OPERA_L3_DIST-ALERT-S1_T11TMJ_20240621T013654Z_20251215T210104Z_S1A_30_v0.1,https://hyp3-tibet-jpl-test-contentbucket-hratibh1y9pa.s3.us-west-2.amazonaws.com/1915761b-e95c-4fce-a0fc-688f9d434666/OPERA_L3_DIST-ALERT-S1_T11TMJ_20240621T013654Z_20251215T210104Z_S1A_30_v0.1.png,2025-12-15T20:44:44+00:00,405.717,4.5,11TMJ,1,23,4,none,False,transformer_v1_32,high,32,10,2024-06-21,93,2.5,4,best,none,False
los_angeles_fires_2025__2025-01-04__11SLT__transformer_v1_32-10mc,https://hyp3-tibet-jpl-test-contentbucket-hratibh1y9pa.s3.us-west-2.amazonaws.com/b55b3ef8-a8d4-4d41-9902-3ce6b5f3c9ef/OPERA_L3_DIST-ALERT-S1_T11SLT_20250121T135246Z_20251215T210746Z_S1A_30_v0.1.zip,s3://hyp3-tibet-jpl-test-contentbucket-hratibh1y9pab55b3ef8-a8d4-4d41-9902-3ce6b5f3c9ef/OPERA_L3_DIST-ALERT-S1_T11SLT_20250121T135246Z_20251215T210746Z_S1A_30_v0.1,https://hyp3-tibet-jpl-test-contentbucket-hratibh1y9pa.s3.us-west-2.amazonaws.com/b55b3ef8-a8d4-4d41-9902-3ce6b5f3c9ef/OPERA_L3_DIST-ALERT-S1_T11SLT_20250121T135246Z_20251215T210746Z_S1A_30_v0.1.png,2025-12-15T20:44:44+00:00,809.301,4.5,11SLT,1,23,4,none,False,transformer_v1_32,high,32,10,2025-01-21,71,2.5,4,best,none,False
los_angeles_fires_2025__2025-01-04__11SLT__transformer_v1_32-10mc,https://hyp3-tibet-jpl-test-contentbucket-hratibh1y9pa.s3.us-west-2.amazonaws.com/ba5b9f48-b115-483f-8895-83979be970f1/OPERA_L3_DIST-ALERT-S1_T11SLT_20241228T135248Z_20251215T210754Z_S1A_30_v0.1.zip,s3://hyp3-tibet-jpl-test-contentbucket-hratibh1y9paba5b9f48-b115-483f-8895-83979be970f1/OPERA_L3_DIST-ALERT-S1_T11SLT_20241228T135248Z_20251215T210754Z_S1A_30_v0.1,https://hyp3-tibet-jpl-test-contentbucket-hratibh1y9pa.s3.us-west-2.amazonaws.com/ba5b9f48-b115-483f-8895-83979be970f1/OPERA_L3_DIST-ALERT-S1_T11SLT_20241228T135248Z_20251215T210754Z_S1A_30_v0.1.png,2025-12-15T20:44:44+00:00,829.756,4.5,11SLT,1,23,4,none,False,transformer_v1_32,high,32,10,2024-12-28,71,2.5,4,best,none,False
durkee_fire_2024__2024-07-17__11TMJ__transformer_v1_32-10mc,https://hyp3-tibet-jpl-test-contentbucket-hratibh1y9pa.s3.us-west-2.amazonaws.com/90cf3bcb-99bb-4bad-abff-ee73e2da6c58/OPERA_L3_DIST-ALERT-S1_T11TMJ_20240818T015314Z_20251215T210010Z_S1A_30_v0.1.zip,s3://hyp3-tibet-jpl-test-contentbucket-hratibh1y9pa90cf3bcb-99bb-4bad-abff-ee73e2da6c58/OPERA_L3_DIST-ALERT-S1_T11TMJ_20240818T015314Z_20251215T210010Z_S1A_30_v0.1,https://hyp3-tibet-jpl-test-contentbucket-hratibh1y9pa.s3.us-west-2.amazonaws.com/90cf3bcb-99bb-4bad-abff-ee73e2da6c58/OPERA_L3_DIST-ALERT-S1_T11TMJ_20240818T015314Z_20251215T210010Z_S1A_30_v0.1.png,2025-12-15T20:44:44+00:00,349.687,4.5,11TMJ,1,23,4,none,False,transformer_v1_32,high,32,10,2024-08-18,64,2.5,4,best,none,False
chile_fire_2024__2024-02-04__19HBD__transformer_v1_32-10mc,https://hyp3-tibet-jpl-test-contentbucket-hratibh1y9pa.s3.us-west-2.amazonaws.com/2f3f3358-3a7c-4012-9130-67c11af93cd3/OPERA_L3_DIST-ALERT-S1_T19HBD_20240111T232837Z_20251215T210810Z_S1A_30_v0.1.zip,s3://hyp3-tibet-jpl-test-contentbucket-hratibh1y9pa2f3f3358-3a7c-4012-9130-67c11af93cd3/OPERA_L3_DIST-ALERT-S1_T19HBD_20240111T232837Z_20251215T210810Z_S1A_30_v0.1,https://hyp3-tibet-jpl-test-contentbucket-hratibh1y9pa.s3.us-west-2.amazonaws.com/2f3f3358-3a7c-4012-9130-67c11af93cd3/OPERA_L3_DIST-ALERT-S1_T19HBD_20240111T232837Z_20251215T210810Z_S1A_30_v0.1.png,2025-12-15T20:44:44+00:00,833.244,4.5,19HBD,1,23,4,none,False,transformer_v1_32,high,32,10,2024-01-11,18,2.5,4,best,none,False
durkee_fire_2024__2024-07-17__11TMJ__transformer_v1_32-10mc,https://hyp3-tibet-jpl-test-contentbucket-hratibh1y9pa.s3.us-west-2.amazonaws.com/d4f0a781-586f-4c6f-ad34-c5ef67ef97c1/OPERA_L3_DIST-ALERT-S1_T11TMJ_20240909T140632Z_20251215T210039Z_S1A_30_v0.1.zip,s3://hyp3-tibet-jpl-test-contentbucket-hratibh1y9pad4f0a781-586f-4c6f-ad34-c5ef67ef97c1/OPERA_L3_DIST-ALERT-S1_T11TMJ_20240909T140632Z_20251215T210039Z_S1A_30_v0.1,https://hyp3-tibet-jpl-test-contentbucket-hratibh1y9pa.s3.us-west-2.amazonaws.com/d4f0a781-586f-4c6f-ad34-c5ef67ef97c1/OPERA_L3_DIST-ALERT-S1_T11TMJ_20240909T140632Z_20251215T210039Z_S1A_30_v0.1.png,2025-12-15T20:44:44+00:00,386.149,4.5,11TMJ,1,23,4,none,False,transformer_v1_32,high,32,10,2024-09-09,42,2.5,4,best,none,False
durkee_fire_2024__2024-07-17__11TMK__transformer_v1_32-10mc,https://hyp3-tibet-jpl-test-contentbucket-hratibh1y9pa.s3.us-west-2.amazonaws.com/a35e0636-ee7a-4ae3-be90-7d8a10d8ab82/OPERA_L3_DIST-ALERT-S1_T11TMK_20240706T135804Z_20251215T211038Z_S1A_30_v0.1.zip,s3://hyp3-tibet-jpl-test-contentbucket-hratibh1y9paa35e0636-ee7a-4ae3-be90-7d8a10d8ab82/OPERA_L3_DIST-ALERT-S1_T11TMK_20240706T135804Z_20251215T211038Z_S1A_30_v0.1,https://hyp3-tibet-jpl-test-contentbucket-hratibh1y9pa.s3.us-west-2.amazonaws.com/a35e0636-ee7a-4ae3-be90-7d8a10d8ab82/OPERA_L3_DIST-ALERT-S1_T11TMK_20240706T135804Z_20251215T211038Z_S1A_30_v0.1.png,2025-12-15T20:44:44+00:00,991.81,4.5,11TMK,1,23,4,none,False,transformer_v1_32,high,32,10,2024-07-06,144,2.5,4,best,none,False
durkee_fire_2024__2024-07-17__11TMJ__transformer_v1_32-10mc,https://hyp3-tibet-jpl-test-contentbucket-hratibh1y9pa.s3.us-west-2.amazonaws.com/7c789f31-340b-4c16-b7a5-9690835e449f/OPERA_L3_DIST-ALERT-S1_T11TMJ_20240913T013654Z_20251215T210110Z_S1A_30_v0.1.zip,s3://hyp3-tibet-jpl-test-contentbucket-hratibh1y9pa7c789f31-340b-4c16-b7a5-9690835e449f/OPERA_L3_DIST-ALERT-S1_T11TMJ_20240913T013654Z_20251215T210110Z_S1A_30_v0.1,https://hyp3-tibet-jpl-test-contentbucket-hratibh1y9pa.s3.us-west-2.amazonaws.com/7c789f31-340b-4c16-b7a5-9690835e449f/OPERA_L3_DIST-ALERT-S1_T11TMJ_20240913T013654Z_20251215T210110Z_S1A_30_v0.1.png,2025-12-15T20:44:44+00:00,412.739,4.5,11TMJ,1,23,4,none,False,transformer_v1_32,high,32,10,2024-09-13,93,2.5,4,best,none,False
mai_mahiu_flood_and_landslides_2024__2024-04-29__37MBU__transformer_v1_32-10mc,https://hyp3-tibet-jpl-test-contentbucket-hratibh1y9pa.s3.us-west-2.amazonaws.com/316cd338-314d-44dd-8791-d857ddef856d/OPERA_L3_DIST-ALERT-S1_T37MBU_20240525T154827Z_20251215T210057Z_S1A_30_v0.1.zip,s3://hyp3-tibet-jpl-test-contentbucket-hratibh1y9pa316cd338-314d-44dd-8791-d857ddef856d/OPERA_L3_DIST-ALERT-S1_T37MBU_20240525T154827Z_20251215T210057Z_S1A_30_v0.1,https://hyp3-tibet-jpl-test-contentbucket-hratibh1y9pa.s3.us-west-2.amazonaws.com/316cd338-314d-44dd-8791-d857ddef856d/OPERA_L3_DIST-ALERT-S1_T37MBU_20240525T154827Z_20251215T210057Z_S1A_30_v0.1.png,2025-12-15T20:44:44+00:00,405.762,4.5,37MBU,1,23,4,none,False,transformer_v1_32,high,32,10,2024-05-25,57,2.5,4,best,none,False
cipongkor_landslides_2024__2024-03-24__48MYT__transformer_v1_32-10mc,https://hyp3-tibet-jpl-test-contentbucket-hratibh1y9pa.s3.us-west-2.amazonaws.com/f55a5b3b-9f61-4623-b2d0-5a927bb7edb0/OPERA_L3_DIST-ALERT-S1_T48MYT_20240329T111517Z_20251215T210759Z_S1A_30_v0.1.zip,s3://hyp3-tibet-jpl-test-contentbucket-hratibh1y9paf55a5b3b-9f61-4623-b2d0-5a927bb7edb0/OPERA_L3_DIST-ALERT-S1_T48MYT_20240329T111517Z_20251215T210759Z_S1A_30_v0.1,https://hyp3-tibet-jpl-test-contentbucket-hratibh1y9pa.s3.us-west-2.amazonaws.com/f55a5b3b-9f61-4623-b2d0-5a927bb7edb0/OPERA_L3_DIST-ALERT-S1_T48MYT_20240329T111517Z_20251215T210759Z_S1A_30_v0.1.png,2025-12-15T20:44:44+00:00,834.279,4.5,48MYT,1,23,4,none,False,transformer_v1_32,high,32,10,2024-03-29,98,2.5,4,best,none,False
durkee_fire_2024__2024-07-17__11TMK__transformer_v1_32-10mc,https://hyp3-tibet-jpl-test-contentbucket-hratibh1y9pa.s3.us-west-2.amazonaws.com/5e9a46fe-3cd9-437d-a1e6-b8cdf0567432/OPERA_L3_DIST-ALERT-S1_T11TMK_20240818T015328Z_20251215T205721Z_S1A_30_v0.1.zip,s3://hyp3-tibet-jpl-test-contentbucket-hratibh1y9pa5e9a46fe-3cd9-437d-a1e6-b8cdf0567432/OPERA_L3_DIST-ALERT-S1_T11TMK_20240818T015328Z_20251215T205721Z_S1A_30_v0.1,https://hyp3-tibet-jpl-test-contentbucket-hratibh1y9pa.s3.us-west-2.amazonaws.com/5e9a46fe-3cd9-437d-a1e6-b8cdf0567432/OPERA_L3_DIST-ALERT-S1_T11TMK_20240818T015328Z_20251215T205721Z_S1A_30_v0.1.png,2025-12-15T20:44:44+00:00,182.46,4.5,11TMK,1,23,4,none,False,transformer_v1_32,high,32,10,2024-08-18,64,2.5,4,best,none,False
afghanistan_flood_2024__2024-05-11__42SWF__transformer_v1_32-10mc,https://hyp3-tibet-jpl-test-contentbucket-hratibh1y9pa.s3.us-west-2.amazonaws.com/ab368f63-86e0-4058-8ab1-d317155be38a/OPERA_L3_DIST-ALERT-S1_T42SWF_20240526T132228Z_20251215T210904Z_S1A_30_v0.1.zip,s3://hyp3-tibet-jpl-test-contentbucket-hratibh1y9paab368f63-86e0-4058-8ab1-d317155be38a/OPERA_L3_DIST-ALERT-S1_T42SWF_20240526T132228Z_20251215T210904Z_S1A_30_v0.1,https://hyp3-tibet-jpl-test-contentbucket-hratibh1y9pa.s3.us-west-2.amazonaws.com/ab368f63-86e0-4058-8ab1-d317155be38a/OPERA_L3_DIST-ALERT-S1_T42SWF_20240526T132228Z_20251215T210904Z_S1A_30_v0.1.png,2025-12-15T20:44:44+00:00,903.396,4.5,42SWF,1,23,4,none,False,transformer_v1_32,high,32,10,2024-05-26,71,2.5,4,best,none,False
afghanistan_flood_2024__2024-05-11__42SWF__transformer_v1_32-10mc,https://hyp3-tibet-jpl-test-contentbucket-hratibh1y9pa.s3.us-west-2.amazonaws.com/f052a0f0-c5b7-4e20-9531-d812e392b3e1/OPERA_L3_DIST-ALERT-S1_T42SWF_20240420T132228Z_20251215T210807Z_S1A_30_v0.1.zip,s3://hyp3-tibet-jpl-test-contentbucket-hratibh1y9paf052a0f0-c5b7-4e20-9531-d812e392b3e1/OPERA_L3_DIST-ALERT-S1_T42SWF_20240420T132228Z_20251215T210807Z_S1A_30_v0.1,https://hyp3-tibet-jpl-test-contentbucket-hratibh1y9pa.s3.us-west-2.amazonaws.com/f052a0f0-c5b7-4e20-9531-d812e392b3e1/OPERA_L3_DIST-ALERT-S1_T42SWF_20240420T132228Z_20251215T210807Z_S1A_30_v0.1.png,2025-12-15T20:44:44+00:00,839.972,4.5,42SWF,1,23,4,none,False,transformer_v1_32,high,32,10,2024-04-20,71,2.5,4,best,none,False
cipongkor_landslides_2024__2024-03-24__48MYT__transformer_v1_32-10mc,https://hyp3-tibet-jpl-test-contentbucket-hratibh1y9pa.s3.us-west-2.amazonaws.com/a9678372-8b4c-4c1d-bdb3-7ae4d87c3418/OPERA_L3_DIST-ALERT-S1_T48MYT_20240410T111517Z_20251215T210638Z_S1A_30_v0.1.zip,s3://hyp3-tibet-jpl-test-contentbucket-hratibh1y9paa9678372-8b4c-4c1d-bdb3-7ae4d87c3418/OPERA_L3_DIST-ALERT-S1_T48MYT_20240410T111517Z_20251215T210638Z_S1A_30_v0.1,https://hyp3-tibet-jpl-test-contentbucket-hratibh1y9pa.s3.us-west-2.amazonaws.com/a9678372-8b4c-4c1d-bdb3-7ae4d87c3418/OPERA_L3_DIST-ALERT-S1_T48MYT_20240410T111517Z_20251215T210638Z_S1A_30_v0.1.png,2025-12-15T20:44:44+00:00,751.198,4.5,48MYT,1,23,4,none,False,transformer_v1_32,high,32,10,2024-04-10,98,2.5,4,best,none,False
los_angeles_fires_2025__2025-01-04__11SLT__transformer_v1_32-10mc,https://hyp3-tibet-jpl-test-contentbucket-hratibh1y9pa.s3.us-west-2.amazonaws.com/a11a165a-7349-4fd6-9e79-879ea48fa50f/OPERA_L3_DIST-ALERT-S1_T11SLT_20250114T140057Z_20251215T210048Z_S1A_30_v0.1.zip,s3://hyp3-tibet-jpl-test-contentbucket-hratibh1y9paa11a165a-7349-4fd6-9e79-879ea48fa50f/OPERA_L3_DIST-ALERT-S1_T11SLT_20250114T140057Z_20251215T210048Z_S1A_30_v0.1,https://hyp3-tibet-jpl-test-contentbucket-hratibh1y9pa.s3.us-west-2.amazonaws.com/a11a165a-7349-4fd6-9e79-879ea48fa50f/OPERA_L3_DIST-ALERT-S1_T11SLT_20250114T140057Z_20251215T210048Z_S1A_30_v0.1.png,2025-12-15T20:44:44+00:00,387.985,4.5,11SLT,1,23,4,none,False,transformer_v1_32,high,32,10,2025-01-14,144,2.5,4,best,none,False
durkee_fire_2024__2024-07-17__11TMK__transformer_v1_32-10mc,https://hyp3-tibet-jpl-test-contentbucket-hratibh1y9pa.s3.us-west-2.amazonaws.com/6ba92d7e-8ac4-453f-880d-31603a19b9f4/OPERA_L3_DIST-ALERT-S1_T11TMK_20240624T135804Z_20251215T211034Z_S1A_30_v0.1.zip,s3://hyp3-tibet-jpl-test-contentbucket-hratibh1y9pa6ba92d7e-8ac4-453f-880d-31603a19b9f4/OPERA_L3_DIST-ALERT-S1_T11TMK_20240624T135804Z_20251215T211034Z_S1A_30_v0.1,https://hyp3-tibet-jpl-test-contentbucket-hratibh1y9pa.s3.us-west-2.amazonaws.com/6ba92d7e-8ac4-453f-880d-31603a19b9f4/OPERA_L3_DIST-ALERT-S1_T11TMK_20240624T135804Z_20251215T211034Z_S1A_30_v0.1.png,2025-12-15T20:44:44+00:00,986.32,4.5,11TMK,1,23,4,none,False,transformer_v1_32,high,32,10,2024-06-24,144,2.5,4,best,none,False
afghanistan_flood_2024__2024-05-11__42SWF__transformer_v1_32-10mc,https://hyp3-tibet-jpl-test-contentbucket-hratibh1y9pa.s3.us-west-2.amazonaws.com/eed15cbe-d36a-4c4f-bf59-e5fbe19929d9/OPERA_L3_DIST-ALERT-S1_T42SWF_20240527T012320Z_20251215T210713Z_S1A_30_v0.1.zip,s3://hyp3-tibet-jpl-test-contentbucket-hratibh1y9paeed15cbe-d36a-4c4f-bf59-e5fbe19929d9/OPERA_L3_DIST-ALERT-S1_T42SWF_20240527T012320Z_20251215T210713Z_S1A_30_v0.1,https://hyp3-tibet-jpl-test-contentbucket-hratibh1y9pa.s3.us-west-2.amazonaws.com/eed15cbe-d36a-4c4f-bf59-e5fbe19929d9/OPERA_L3_DIST-ALERT-S1_T42SWF_20240527T012320Z_20251215T210713Z_S1A_30_v0.1.png,2025-12-15T20:44:44+00:00,781.949,4.5,42SWF,1,23,4,none,False,transformer_v1_32,high,32,10,2024-05-27,78,2.5,4,best,none,False
durkee_fire_2024__2024-07-17__11TMK__transformer_v1_32-10mc,https://hyp3-tibet-jpl-test-contentbucket-hratibh1y9pa.s3.us-west-2.amazonaws.com/087b1f90-33e8-4881-93bd-002830ec5d73/OPERA_L3_DIST-ALERT-S1_T11TMK_20240806T015327Z_20251215T205729Z_S1A_30_v0.1.zip,s3://hyp3-tibet-jpl-test-contentbucket-hratibh1y9pa087b1f90-33e8-4881-93bd-002830ec5d73/OPERA_L3_DIST-ALERT-S1_T11TMK_20240806T015327Z_20251215T205729Z_S1A_30_v0.1,https://hyp3-tibet-jpl-test-contentbucket-hratibh1y9pa.s3.us-west-2.amazonaws.com/087b1f90-33e8-4881-93bd-002830ec5d73/OPERA_L3_DIST-ALERT-S1_T11TMK_20240806T015327Z_20251215T205729Z_S1A_30_v0.1.png,2025-12-15T20:44:44+00:00,188.978,4.5,11TMK,1,23,4,none,False,transformer_v1_32,high,32,10,2024-08-06,64,2.5,4,best,none,False
durkee_fire_2024__2024-07-17__11TMK__transformer_v1_32-10mc,https://hyp3-tibet-jpl-test-contentbucket-hratibh1y9pa.s3.us-west-2.amazonaws.com/b43e839c-0d3e-4a4c-be5d-7bd9c7fdd32b/OPERA_L3_DIST-ALERT-S1_T11TMK_20240901T013707Z_20251215T205742Z_S1A_30_v0.1.zip,s3://hyp3-tibet-jpl-test-contentbucket-hratibh1y9pab43e839c-0d3e-4a4c-be5d-7bd9c7fdd32b/OPERA_L3_DIST-ALERT-S1_T11TMK_20240901T013707Z_20251215T205742Z_S1A_30_v0.1,https://hyp3-tibet-jpl-test-contentbucket-hratibh1y9pa.s3.us-west-2.amazonaws.com/b43e839c-0d3e-4a4c-be5d-7bd9c7fdd32b/OPERA_L3_DIST-ALERT-S1_T11TMK_20240901T013707Z_20251215T205742Z_S1A_30_v0.1.png,2025-12-15T20:44:44+00:00,202.998,4.5,11TMK,1,23,4,none,False,transformer_v1_32,high,32,10,2024-09-01,93,2.5,4,best,none,False
durkee_fire_2024__2024-07-17__11TMJ__transformer_v1_32-10mc,https://hyp3-tibet-jpl-test-contentbucket-hratibh1y9pa.s3.us-west-2.amazonaws.com/82a105a5-bd64-4719-a240-b6ca87fee416/OPERA_L3_DIST-ALERT-S1_T11TMJ_20240718T135819Z_20251215T211006Z_S1A_30_v0.1.zip,s3://hyp3-tibet-jpl-test-contentbucket-hratibh1y9pa82a105a5-bd64-4719-a240-b6ca87fee416/OPERA_L3_DIST-ALERT-S1_T11TMJ_20240718T135819Z_20251215T211006Z_S1A_30_v0.1,https://hyp3-tibet-jpl-test-contentbucket-hratibh1y9pa.s3.us-west-2.amazonaws.com/82a105a5-bd64-4719-a240-b6ca87fee416/OPERA_L3_DIST-ALERT-S1_T11TMJ_20240718T135819Z_20251215T211006Z_S1A_30_v0.1.png,2025-12-15T20:44:44+00:00,955.252,4.5,11TMJ,1,23,4,none,False,transformer_v1_32,high,32,10,2024-07-18,144,2.5,4,best,none,False
mai_mahiu_flood_and_landslides_2024__2024-04-29__37MBU__transformer_v1_32-10mc,https://hyp3-tibet-jpl-test-contentbucket-hratibh1y9pa.s3.us-west-2.amazonaws.com/799ec7b7-1f43-4888-9202-e5269518c79f/OPERA_L3_DIST-ALERT-S1_T37MBU_20240331T155631Z_20251215T210412Z_S1A_30_v0.1.zip,s3://hyp3-tibet-jpl-test-contentbucket-hratibh1y9pa799ec7b7-1f43-4888-9202-e5269518c79f/OPERA_L3_DIST-ALERT-S1_T37MBU_20240331T155631Z_20251215T210412Z_S1A_30_v0.1,https://hyp3-tibet-jpl-test-contentbucket-hratibh1y9pa.s3.us-west-2.amazonaws.com/799ec7b7-1f43-4888-9202-e5269518c79f/OPERA_L3_DIST-ALERT-S1_T37MBU_20240331T155631Z_20251215T210412Z_S1A_30_v0.1.png,2025-12-15T20:44:44+00:00,607.387,4.5,37MBU,1,23,4,none,False,transformer_v1_32,high,32,10,2024-03-31,130,2.5,4,best,none,False
durkee_fire_2024__2024-07-17__11TMJ__transformer_v1_32-10mc,https://hyp3-tibet-jpl-test-contentbucket-hratibh1y9pa.s3.us-west-2.amazonaws.com/d236e7a0-2946-419f-a531-4922a48b9797/OPERA_L3_DIST-ALERT-S1_T11TMJ_20240830T015314Z_20251215T205944Z_S1A_30_v0.1.zip,s3://hyp3-tibet-jpl-test-contentbucket-hratibh1y9pad236e7a0-2946-419f-a531-4922a48b9797/OPERA_L3_DIST-ALERT-S1_T11TMJ_20240830T015314Z_20251215T205944Z_S1A_30_v0.1,https://hyp3-tibet-jpl-test-contentbucket-hratibh1y9pa.s3.us-west-2.amazonaws.com/d236e7a0-2946-419f-a531-4922a48b9797/OPERA_L3_DIST-ALERT-S1_T11TMJ_20240830T015314Z_20251215T205944Z_S1A_30_v0.1.png,2025-12-15T20:44:44+00:00,326.95,4.5,11TMJ,1,23,4,none,False,transformer_v1_32,high,32,10,2024-08-30,64,2.5,4,best,none,False
afghanistan_flood_2024__2024-05-11__42SWF__transformer_v1_32-10mc,https://hyp3-tibet-jpl-test-contentbucket-hratibh1y9pa.s3.us-west-2.amazonaws.com/70117141-83df-4ff2-a57c-fb6cd937a67f/OPERA_L3_DIST-ALERT-S1_T42SWF_20240619T132227Z_20251215T210812Z_S1A_30_v0.1.zip,s3://hyp3-tibet-jpl-test-contentbucket-hratibh1y9pa70117141-83df-4ff2-a57c-fb6cd937a67f/OPERA_L3_DIST-ALERT-S1_T42SWF_20240619T132227Z_20251215T210812Z_S1A_30_v0.1,https://hyp3-tibet-jpl-test-contentbucket-hratibh1y9pa.s3.us-west-2.amazonaws.com/70117141-83df-4ff2-a57c-fb6cd937a67f/OPERA_L3_DIST-ALERT-S1_T42SWF_20240619T132227Z_20251215T210812Z_S1A_30_v0.1.png,2025-12-15T20:44:44+00:00,845.493,4.5,42SWF,1,23,4,none,False,transformer_v1_32,high,32,10,2024-06-19,71,2.5,4,best,none,False
durkee_fire_2024__2024-07-17__11TMJ__transformer_v1_32-10mc,https://hyp3-tibet-jpl-test-contentbucket-hratibh1y9pa.s3.us-west-2.amazonaws.com/c45a620f-fd7b-4bb5-b8b8-339a5458af81/OPERA_L3_DIST-ALERT-S1_T11TMJ_20240828T140632Z_20251215T210041Z_S1A_30_v0.1.zip,s3://hyp3-tibet-jpl-test-contentbucket-hratibh1y9pac45a620f-fd7b-4bb5-b8b8-339a5458af81/OPERA_L3_DIST-ALERT-S1_T11TMJ_20240828T140632Z_20251215T210041Z_S1A_30_v0.1,https://hyp3-tibet-jpl-test-contentbucket-hratibh1y9pa.s3.us-west-2.amazonaws.com/c45a620f-fd7b-4bb5-b8b8-339a5458af81/OPERA_L3_DIST-ALERT-S1_T11TMJ_20240828T140632Z_20251215T210041Z_S1A_30_v0.1.png,2025-12-15T20:44:44+00:00,381.541,4.5,11TMJ,1,23,4,none,False,transformer_v1_32,high,32,10,2024-08-28,42,2.5,4,best,none,False
los_angeles_fires_2025__2025-01-04__11SLT__transformer_v1_32-10mc,https://hyp3-tibet-jpl-test-contentbucket-hratibh1y9pa.s3.us-west-2.amazonaws.com/1f29aa89-c403-4c6c-b6d6-6ebbdb81beed/OPERA_L3_DIST-ALERT-S1_T11SLT_20250114T015838Z_20251215T210533Z_S1A_30_v0.1.zip,s3://hyp3-tibet-jpl-test-contentbucket-hratibh1y9pa1f29aa89-c403-4c6c-b6d6-6ebbdb81beed/OPERA_L3_DIST-ALERT-S1_T11SLT_20250114T015838Z_20251215T210533Z_S1A_30_v0.1,https://hyp3-tibet-jpl-test-contentbucket-hratibh1y9pa.s3.us-west-2.amazonaws.com/1f29aa89-c403-4c6c-b6d6-6ebbdb81beed/OPERA_L3_DIST-ALERT-S1_T11SLT_20250114T015838Z_20251215T210533Z_S1A_30_v0.1.png,2025-12-15T20:44:44+00:00,681.125,4.5,11SLT,1,23,4,none,False,transformer_v1_32,high,32,10,2025-01-14,137,2.5,4,best,none,False
chile_fire_2024__2024-02-04__19HBD__transformer_v1_32-10mc,https://hyp3-tibet-jpl-test-contentbucket-hratibh1y9pa.s3.us-west-2.amazonaws.com/14d6f803-9cc5-461c-b8c8-8d3d556f4f00/OPERA_L3_DIST-ALERT-S1_T19HBD_20240116T233646Z_20251215T205600Z_S1A_30_v0.1.zip,s3://hyp3-tibet-jpl-test-contentbucket-hratibh1y9pa14d6f803-9cc5-461c-b8c8-8d3d556f4f00/OPERA_L3_DIST-ALERT-S1_T19HBD_20240116T233646Z_20251215T205600Z_S1A_30_v0.1,https://hyp3-tibet-jpl-test-contentbucket-hratibh1y9pa.s3.us-west-2.amazonaws.com/14d6f803-9cc5-461c-b8c8-8d3d556f4f00/OPERA_L3_DIST-ALERT-S1_T19HBD_20240116T233646Z_20251215T205600Z_S1A_30_v0.1.png,2025-12-15T20:44:44+00:00,97.973,4.5,19HBD,1,23,4,none,False,transformer_v1_32,high,32,10,2024-01-16,91,2.5,4,best,none,False
afghanistan_flood_2024__2024-05-11__42SWF__transformer_v1_32-10mc,https://hyp3-tibet-jpl-test-contentbucket-hratibh1y9pa.s3.us-west-2.amazonaws.com/1ab6f08b-b8b1-4f96-9d55-4c3fbdc4085f/OPERA_L3_DIST-ALERT-S1_T42SWF_20240613T013130Z_20251215T210129Z_S1A_30_v0.1.zip,s3://hyp3-tibet-jpl-test-contentbucket-hratibh1y9pa1ab6f08b-b8b1-4f96-9d55-4c3fbdc4085f/OPERA_L3_DIST-ALERT-S1_T42SWF_20240613T013130Z_20251215T210129Z_S1A_30_v0.1,https://hyp3-tibet-jpl-test-contentbucket-hratibh1y9pa.s3.us-west-2.amazonaws.com/1ab6f08b-b8b1-4f96-9d55-4c3fbdc4085f/OPERA_L3_DIST-ALERT-S1_T42SWF_20240613T013130Z_20251215T210129Z_S1A_30_v0.1.png,2025-12-15T20:44:44+00:00,431.505,4.5,42SWF,1,23,4,none,False,transformer_v1_32,high,32,10,2024-06-13,151,2.5,4,best,none,False
chile_fire_2024__2024-02-04__19HBD__transformer_v1_32-10mc,https://hyp3-tibet-jpl-test-contentbucket-hratibh1y9pa.s3.us-west-2.amazonaws.com/4b1d45fe-3685-4e9e-b5d6-7ba1526e8a92/OPERA_L3_DIST-ALERT-S1_T19HBD_20240309T100429Z_20251215T210714Z_S1A_30_v0.1.zip,s3://hyp3-tibet-jpl-test-contentbucket-hratibh1y9pa4b1d45fe-3685-4e9e-b5d6-7ba1526e8a92/OPERA_L3_DIST-ALERT-S1_T19HBD_20240309T100429Z_20251215T210714Z_S1A_30_v0.1,https://hyp3-tibet-jpl-test-contentbucket-hratibh1y9pa.s3.us-west-2.amazonaws.com/4b1d45fe-3685-4e9e-b5d6-7ba1526e8a92/OPERA_L3_DIST-ALERT-S1_T19HBD_20240309T100429Z_20251215T210714Z_S1A_30_v0.1.png,2025-12-15T20:44:44+00:00,783.609,4.5,19HBD,1,23,4,none,False,transformer_v1_32,high,32,10,2024-03-09,156,2.5,4,best,none,False
durkee_fire_2024__2024-07-17__11TMK__transformer_v1_32-10mc,https://hyp3-tibet-jpl-test-contentbucket-hratibh1y9pa.s3.us-west-2.amazonaws.com/bc816a6d-9636-4eca-af1d-4a53cf08cfc4/OPERA_L3_DIST-ALERT-S1_T11TMK_20240804T140623Z_20251215T205825Z_S1A_30_v0.1.zip,s3://hyp3-tibet-jpl-test-contentbucket-hratibh1y9pabc816a6d-9636-4eca-af1d-4a53cf08cfc4/OPERA_L3_DIST-ALERT-S1_T11TMK_20240804T140623Z_20251215T205825Z_S1A_30_v0.1,https://hyp3-tibet-jpl-test-contentbucket-hratibh1y9pa.s3.us-west-2.amazonaws.com/bc816a6d-9636-4eca-af1d-4a53cf08cfc4/OPERA_L3_DIST-ALERT-S1_T11TMK_20240804T140623Z_20251215T205825Z_S1A_30_v0.1.png,2025-12-15T20:44:44+00:00,250.574,4.5,11TMK,1,23,4,none,False,transformer_v1_32,high,32,10,2024-08-04,42,2.5,4,best,none,False
chile_fire_2024__2024-02-04__19HBD__transformer_v1_32-10mc,https://hyp3-tibet-jpl-test-contentbucket-hratibh1y9pa.s3.us-west-2.amazonaws.com/082906db-3cde-4990-bb4a-f78a36b972fa/OPERA_L3_DIST-ALERT-S1_T19HBD_20240109T100431Z_20251215T210637Z_S1A_30_v0.1.zip,s3://hyp3-tibet-jpl-test-contentbucket-hratibh1y9pa082906db-3cde-4990-bb4a-f78a36b972fa/OPERA_L3_DIST-ALERT-S1_T19HBD_20240109T100431Z_20251215T210637Z_S1A_30_v0.1,https://hyp3-tibet-jpl-test-contentbucket-hratibh1y9pa.s3.us-west-2.amazonaws.com/082906db-3cde-4990-bb4a-f78a36b972fa/OPERA_L3_DIST-ALERT-S1_T19HBD_20240109T100431Z_20251215T210637Z_S1A_30_v0.1.png,2025-12-15T20:44:44+00:00,740.999,4.5,19HBD,1,23,4,none,False,transformer_v1_32,high,32,10,2024-01-09,156,2.5,4,best,none,False
durkee_fire_2024__2024-07-17__11TMK__transformer_v1_32-10mc,https://hyp3-tibet-jpl-test-contentbucket-hratibh1y9pa.s3.us-west-2.amazonaws.com/4ad810ae-64e4-479a-97f7-d6fe502bc67c/OPERA_L3_DIST-ALERT-S1_T11TMK_20240715T013707Z_20251215T205745Z_S1A_30_v0.1.zip,s3://hyp3-tibet-jpl-test-contentbucket-hratibh1y9pa4ad810ae-64e4-479a-97f7-d6fe502bc67c/OPERA_L3_DIST-ALERT-S1_T11TMK_20240715T013707Z_20251215T205745Z_S1A_30_v0.1,https://hyp3-tibet-jpl-test-contentbucket-hratibh1y9pa.s3.us-west-2.amazonaws.com/4ad810ae-64e4-479a-97f7-d6fe502bc67c/OPERA_L3_DIST-ALERT-S1_T11TMK_20240715T013707Z_20251215T205745Z_S1A_30_v0.1.png,2025-12-15T20:44:44+00:00,205.545,4.5,11TMK,1,23,4,none,False,transformer_v1_32,high,32,10,2024-07-15,93,2.5,4,best,none,False
mai_mahiu_flood_and_landslides_2024__2024-04-29__37MBU__transformer_v1_32-10mc,https://hyp3-tibet-jpl-test-contentbucket-hratibh1y9pa.s3.us-west-2.amazonaws.com/c1bca29f-e23c-4c66-8dce-ad537cb6ec9e/OPERA_L3_DIST-ALERT-S1_T37MBU_20240501T154827Z_20251215T210051Z_S1A_30_v0.1.zip,s3://hyp3-tibet-jpl-test-contentbucket-hratibh1y9pac1bca29f-e23c-4c66-8dce-ad537cb6ec9e/OPERA_L3_DIST-ALERT-S1_T37MBU_20240501T154827Z_20251215T210051Z_S1A_30_v0.1,https://hyp3-tibet-jpl-test-contentbucket-hratibh1y9pa.s3.us-west-2.amazonaws.com/c1bca29f-e23c-4c66-8dce-ad537cb6ec9e/OPERA_L3_DIST-ALERT-S1_T37MBU_20240501T154827Z_20251215T210051Z_S1A_30_v0.1.png,2025-12-15T20:44:44+00:00,396.611,4.5,37MBU,1,23,4,none,False,transformer_v1_32,high,32,10,2024-05-01,57,2.5,4,best,none,False
durkee_fire_2024__2024-07-17__11TMJ__transformer_v1_32-10mc,https://hyp3-tibet-jpl-test-contentbucket-hratibh1y9pa.s3.us-west-2.amazonaws.com/4539f1ca-a053-4872-9680-b292246dd046/OPERA_L3_DIST-ALERT-S1_T11TMJ_20240706T135819Z_20251215T211104Z_S1A_30_v0.1.zip,s3://hyp3-tibet-jpl-test-contentbucket-hratibh1y9pa4539f1ca-a053-4872-9680-b292246dd046/OPERA_L3_DIST-ALERT-S1_T11TMJ_20240706T135819Z_20251215T211104Z_S1A_30_v0.1,https://hyp3-tibet-jpl-test-contentbucket-hratibh1y9pa.s3.us-west-2.amazonaws.com/4539f1ca-a053-4872-9680-b292246dd046/OPERA_L3_DIST-ALERT-S1_T11TMJ_20240706T135819Z_20251215T211104Z_S1A_30_v0.1.png,2025-12-15T20:44:44+00:00,1019.482,4.5,11TMJ,1,23,4,none,False,transformer_v1_32,high,32,10,2024-07-06,144,2.5,4,best,none,False
durkee_fire_2024__2024-07-17__11TMK__transformer_v1_32-10mc,https://hyp3-tibet-jpl-test-contentbucket-hratibh1y9pa.s3.us-west-2.amazonaws.com/eedd8356-c973-4f0d-b5a3-6a211940c8a5/OPERA_L3_DIST-ALERT-S1_T11TMK_20240723T140623Z_20251215T205808Z_S1A_30_v0.1.zip,s3://hyp3-tibet-jpl-test-contentbucket-hratibh1y9paeedd8356-c973-4f0d-b5a3-6a211940c8a5/OPERA_L3_DIST-ALERT-S1_T11TMK_20240723T140623Z_20251215T205808Z_S1A_30_v0.1,https://hyp3-tibet-jpl-test-contentbucket-hratibh1y9pa.s3.us-west-2.amazonaws.com/eedd8356-c973-4f0d-b5a3-6a211940c8a5/OPERA_L3_DIST-ALERT-S1_T11TMK_20240723T140623Z_20251215T205808Z_S1A_30_v0.1.png,2025-12-15T20:44:44+00:00,232.863,4.5,11TMK,1,23,4,none,False,transformer_v1_32,high,32,10,2024-07-23,42,2.5,4,best,none,False
hokkaido_landslides_2018__2018-09-06__54TWN__transformer_v1_32-10mc,https://hyp3-tibet-jpl-test-contentbucket-hratibh1y9pa.s3.us-west-2.amazonaws.com/cb2dfcd0-270c-4ab7-8253-622a14a35b48/OPERA_L3_DIST-ALERT-S1_T54TWN_20180924T203312Z_20251215T205654Z_S1A_30_v0.1.zip,s3://hyp3-tibet-jpl-test-contentbucket-hratibh1y9pacb2dfcd0-270c-4ab7-8253-622a14a35b48/OPERA_L3_DIST-ALERT-S1_T54TWN_20180924T203312Z_20251215T205654Z_S1A_30_v0.1,https://hyp3-tibet-jpl-test-contentbucket-hratibh1y9pa.s3.us-west-2.amazonaws.com/cb2dfcd0-270c-4ab7-8253-622a14a35b48/OPERA_L3_DIST-ALERT-S1_T54TWN_20180924T203312Z_20251215T205654Z_S1A_30_v0.1.png,2025-12-15T20:44:44+00:00,156.531,4.5,54TWN,1,23,4,none,False,transformer_v1_32,high,32,10,2018-09-24,148,2.5,4,best,none,False
los_angeles_fires_2025__2025-01-04__11SLT__transformer_v1_32-10mc,https://hyp3-tibet-jpl-test-contentbucket-hratibh1y9pa.s3.us-west-2.amazonaws.com/9caa8078-877c-4402-b318-ac7b58bb3642/OPERA_L3_DIST-ALERT-S1_T11SLT_20250102T140058Z_20251215T210052Z_S1A_30_v0.1.zip,s3://hyp3-tibet-jpl-test-contentbucket-hratibh1y9pa9caa8078-877c-4402-b318-ac7b58bb3642/OPERA_L3_DIST-ALERT-S1_T11SLT_20250102T140058Z_20251215T210052Z_S1A_30_v0.1,https://hyp3-tibet-jpl-test-contentbucket-hratibh1y9pa.s3.us-west-2.amazonaws.com/9caa8078-877c-4402-b318-ac7b58bb3642/OPERA_L3_DIST-ALERT-S1_T11SLT_20250102T140058Z_20251215T210052Z_S1A_30_v0.1.png,2025-12-15T20:44:44+00:00,392.961,4.5,11SLT,1,23,4,none,False,transformer_v1_32,high,32,10,2025-01-02,144,2.5,4,best,none,False
afghanistan_flood_2024__2024-05-11__42SWF__transformer_v1_32-10mc,https://hyp3-tibet-jpl-test-contentbucket-hratibh1y9pa.s3.us-west-2.amazonaws.com/1bec58c2-6708-40e1-8d01-c95d4af3a65b/OPERA_L3_DIST-ALERT-S1_T42SWF_20240503T012320Z_20251215T210804Z_S1A_30_v0.1.zip,s3://hyp3-tibet-jpl-test-contentbucket-hratibh1y9pa1bec58c2-6708-40e1-8d01-c95d4af3a65b/OPERA_L3_DIST-ALERT-S1_T42SWF_20240503T012320Z_20251215T210804Z_S1A_30_v0.1,https://hyp3-tibet-jpl-test-contentbucket-hratibh1y9pa.s3.us-west-2.amazonaws.com/1bec58c2-6708-40e1-8d01-c95d4af3a65b/OPERA_L3_DIST-ALERT-S1_T42SWF_20240503T012320Z_20251215T210804Z_S1A_30_v0.1.png,2025-12-15T20:44:44+00:00,838.103,4.5,42SWF,1,23,4,none,False,transformer_v1_32,high,32,10,2024-05-03,78,2.5,4,best,none,False
durkee_fire_2024__2024-07-17__11TMJ__transformer_v1_32-10mc,https://hyp3-tibet-jpl-test-contentbucket-hratibh1y9pa.s3.us-west-2.amazonaws.com/6a890752-91ad-4af2-97c3-6e037bf97c1a/OPERA_L3_DIST-ALERT-S1_T11TMJ_20240727T013652Z_20251215T210055Z_S1A_30_v0.1.zip,s3://hyp3-tibet-jpl-test-contentbucket-hratibh1y9pa6a890752-91ad-4af2-97c3-6e037bf97c1a/OPERA_L3_DIST-ALERT-S1_T11TMJ_20240727T013652Z_20251215T210055Z_S1A_30_v0.1,https://hyp3-tibet-jpl-test-contentbucket-hratibh1y9pa.s3.us-west-2.amazonaws.com/6a890752-91ad-4af2-97c3-6e037bf97c1a/OPERA_L3_DIST-ALERT-S1_T11TMJ_20240727T013652Z_20251215T210055Z_S1A_30_v0.1.png,2025-12-15T20:44:44+00:00,396.138,4.5,11TMJ,1,23,4,none,False,transformer_v1_32,high,32,10,2024-07-27,93,2.5,4,best,none,False
hokkaido_landslides_2018__2018-09-06__54TWN__transformer_v1_32-10mc,https://hyp3-tibet-jpl-test-contentbucket-hratibh1y9pa.s3.us-west-2.amazonaws.com/ca034fde-49e1-4457-b34e-e83f31dbbdd5/OPERA_L3_DIST-ALERT-S1_T54TWN_20181030T203312Z_20251215T205657Z_S1A_30_v0.1.zip,s3://hyp3-tibet-jpl-test-contentbucket-hratibh1y9paca034fde-49e1-4457-b34e-e83f31dbbdd5/OPERA_L3_DIST-ALERT-S1_T54TWN_20181030T203312Z_20251215T205657Z_S1A_30_v0.1,https://hyp3-tibet-jpl-test-contentbucket-hratibh1y9pa.s3.us-west-2.amazonaws.com/ca034fde-49e1-4457-b34e-e83f31dbbdd5/OPERA_L3_DIST-ALERT-S1_T54TWN_20181030T203312Z_20251215T205657Z_S1A_30_v0.1.png,2025-12-15T20:44:44+00:00,159.873,4.5,54TWN,1,23,4,none,False,transformer_v1_32,high,32,10,2018-10-30,148,2.5,4,best,none,False
chile_fire_2024__2024-02-04__19HBD__transformer_v1_32-10mc,https://hyp3-tibet-jpl-test-contentbucket-hratibh1y9pa.s3.us-west-2.amazonaws.com/c2dc1001-7cb5-41a4-86a2-104e92c41756/OPERA_L3_DIST-ALERT-S1_T19HBD_20240221T233646Z_20251215T205604Z_S1A_30_v0.1.zip,s3://hyp3-tibet-jpl-test-contentbucket-hratibh1y9pac2dc1001-7cb5-41a4-86a2-104e92c41756/OPERA_L3_DIST-ALERT-S1_T19HBD_20240221T233646Z_20251215T205604Z_S1A_30_v0.1,https://hyp3-tibet-jpl-test-contentbucket-hratibh1y9pa.s3.us-west-2.amazonaws.com/c2dc1001-7cb5-41a4-86a2-104e92c41756/OPERA_L3_DIST-ALERT-S1_T19HBD_20240221T233646Z_20251215T205604Z_S1A_30_v0.1.png,2025-12-15T20:44:44+00:00,102.064,4.5,19HBD,1,23,4,none,False,transformer_v1_32,high,32,10,2024-02-21,91,2.5,4,best,none,False
cipongkor_landslides_2024__2024-03-24__48MYT__transformer_v1_32-10mc,https://hyp3-tibet-jpl-test-contentbucket-hratibh1y9pa.s3.us-west-2.amazonaws.com/67345b4a-3716-4881-a02c-bbef831d4a05/OPERA_L3_DIST-ALERT-S1_T48MYT_20240401T222605Z_20251215T210413Z_S1A_30_v0.1.zip,s3://hyp3-tibet-jpl-test-contentbucket-hratibh1y9pa67345b4a-3716-4881-a02c-bbef831d4a05/OPERA_L3_DIST-ALERT-S1_T48MYT_20240401T222605Z_20251215T210413Z_S1A_30_v0.1,https://hyp3-tibet-jpl-test-contentbucket-hratibh1y9pa.s3.us-west-2.amazonaws.com/67345b4a-3716-4881-a02c-bbef831d4a05/OPERA_L3_DIST-ALERT-S1_T48MYT_20240401T222605Z_20251215T210413Z_S1A_30_v0.1.png,2025-12-15T20:44:44+00:00,601.563,4.5,48MYT,1,23,4,none,False,transformer_v1_32,high,32,10,2024-04-01,149,2.5,4,best,none,False
durkee_fire_2024__2024-07-17__11TMJ__transformer_v1_32-10mc,https://hyp3-tibet-jpl-test-contentbucket-hratibh1y9pa.s3.us-west-2.amazonaws.com/16503523-4310-4474-928c-24bfcfa3434a/OPERA_L3_DIST-ALERT-S1_T11TMJ_20240806T015314Z_20251215T205955Z_S1A_30_v0.1.zip,s3://hyp3-tibet-jpl-test-contentbucket-hratibh1y9pa16503523-4310-4474-928c-24bfcfa3434a/OPERA_L3_DIST-ALERT-S1_T11TMJ_20240806T015314Z_20251215T205955Z_S1A_30_v0.1,https://hyp3-tibet-jpl-test-contentbucket-hratibh1y9pa.s3.us-west-2.amazonaws.com/16503523-4310-4474-928c-24bfcfa3434a/OPERA_L3_DIST-ALERT-S1_T11TMJ_20240806T015314Z_20251215T205955Z_S1A_30_v0.1.png,2025-12-15T20:44:44+00:00,335.221,4.5,11TMJ,1,23,4,none,False,transformer_v1_32,high,32,10,2024-08-06,64,2.5,4,best,none,False
durkee_fire_2024__2024-07-17__11TMJ__transformer_v1_32-10mc,https://hyp3-tibet-jpl-test-contentbucket-hratibh1y9pa.s3.us-west-2.amazonaws.com/9a9922be-a599-4612-ac88-323fb9d2bbc4/OPERA_L3_DIST-ALERT-S1_T11TMJ_20240619T135010Z_20251215T210028Z_S1A_30_v0.1.zip,s3://hyp3-tibet-jpl-test-contentbucket-hratibh1y9pa9a9922be-a599-4612-ac88-323fb9d2bbc4/OPERA_L3_DIST-ALERT-S1_T11TMJ_20240619T135010Z_20251215T210028Z_S1A_30_v0.1,https://hyp3-tibet-jpl-test-contentbucket-hratibh1y9pa.s3.us-west-2.amazonaws.com/9a9922be-a599-4612-ac88-323fb9d2bbc4/OPERA_L3_DIST-ALERT-S1_T11TMJ_20240619T135010Z_20251215T210028Z_S1A_30_v0.1.png,2025-12-15T20:44:44+00:00,374.929,4.5,11TMJ,1,23,4,none,False,transformer_v1_32,high,32,10,2024-06-19,71,2.5,4,best,none,False
chile_fire_2024__2024-02-04__19HBD__transformer_v1_32-10mc,https://hyp3-tibet-jpl-test-contentbucket-hratibh1y9pa.s3.us-west-2.amazonaws.com/d923b9f0-8493-4608-86ab-7ffe2b77aab9/OPERA_L3_DIST-ALERT-S1_T19HBD_20240123T232836Z_20251215T210816Z_S1A_30_v0.1.zip,s3://hyp3-tibet-jpl-test-contentbucket-hratibh1y9pad923b9f0-8493-4608-86ab-7ffe2b77aab9/OPERA_L3_DIST-ALERT-S1_T19HBD_20240123T232836Z_20251215T210816Z_S1A_30_v0.1,https://hyp3-tibet-jpl-test-contentbucket-hratibh1y9pa.s3.us-west-2.amazonaws.com/d923b9f0-8493-4608-86ab-7ffe2b77aab9/OPERA_L3_DIST-ALERT-S1_T19HBD_20240123T232836Z_20251215T210816Z_S1A_30_v0.1.png,2025-12-15T20:44:44+00:00,848.386,4.5,19HBD,1,23,4,none,False,transformer_v1_32,high,32,10,2024-01-23,18,2.5,4,best,none,False
afghanistan_flood_2024__2024-05-11__42SWF__transformer_v1_32-10mc,https://hyp3-tibet-jpl-test-contentbucket-hratibh1y9pa.s3.us-west-2.amazonaws.com/45f88645-ac51-4748-a357-657524b1f09d/OPERA_L3_DIST-ALERT-S1_T42SWF_20240708T131417Z_20251215T210204Z_S1A_30_v0.1.zip,s3://hyp3-tibet-jpl-test-contentbucket-hratibh1y9pa45f88645-ac51-4748-a357-657524b1f09d/OPERA_L3_DIST-ALERT-S1_T42SWF_20240708T131417Z_20251215T210204Z_S1A_30_v0.1,https://hyp3-tibet-jpl-test-contentbucket-hratibh1y9pa.s3.us-west-2.amazonaws.com/45f88645-ac51-4748-a357-657524b1f09d/OPERA_L3_DIST-ALERT-S1_T42SWF_20240708T131417Z_20251215T210204Z_S1A_30_v0.1.png,2025-12-15T20:44:44+00:00,466.225,4.5,42SWF,1,23,4,none,False,transformer_v1_32,high,32,10,2024-07-08,173,2.5,4,best,none,False
durkee_fire_2024__2024-07-17__11TMJ__transformer_v1_32-10mc,https://hyp3-tibet-jpl-test-contentbucket-hratibh1y9pa.s3.us-west-2.amazonaws.com/ff7de4ec-0476-44c6-be2f-2167d97df0d9/OPERA_L3_DIST-ALERT-S1_T11TMJ_20240820T013653Z_20251215T210038Z_S1A_30_v0.1.zip,s3://hyp3-tibet-jpl-test-contentbucket-hratibh1y9paff7de4ec-0476-44c6-be2f-2167d97df0d9/OPERA_L3_DIST-ALERT-S1_T11TMJ_20240820T013653Z_20251215T210038Z_S1A_30_v0.1,https://hyp3-tibet-jpl-test-contentbucket-hratibh1y9pa.s3.us-west-2.amazonaws.com/ff7de4ec-0476-44c6-be2f-2167d97df0d9/OPERA_L3_DIST-ALERT-S1_T11TMJ_20240820T013653Z_20251215T210038Z_S1A_30_v0.1.png,2025-12-15T20:44:44+00:00,378.989,4.5,11TMJ,1,23,4,none,False,transformer_v1_32,high,32,10,2024-08-20,93,2.5,4,best,none,False
los_angeles_fires_2025__2025-01-04__11SLT__transformer_v1_32-10mc,https://hyp3-tibet-jpl-test-contentbucket-hratibh1y9pa.s3.us-west-2.amazonaws.com/7066248b-ebb0-4208-bb73-62a8e4687a7f/OPERA_L3_DIST-ALERT-S1_T11SLT_20241228T015032Z_20251215T210139Z_S1A_30_v0.1.zip,s3://hyp3-tibet-jpl-test-contentbucket-hratibh1y9pa7066248b-ebb0-4208-bb73-62a8e4687a7f/OPERA_L3_DIST-ALERT-S1_T11SLT_20241228T015032Z_20251215T210139Z_S1A_30_v0.1,https://hyp3-tibet-jpl-test-contentbucket-hratibh1y9pa.s3.us-west-2.amazonaws.com/7066248b-ebb0-4208-bb73-62a8e4687a7f/OPERA_L3_DIST-ALERT-S1_T11SLT_20241228T015032Z_20251215T210139Z_S1A_30_v0.1.png,2025-12-15T20:44:44+00:00,444.419,4.5,11SLT,1,23,4,none,False,transformer_v1_32,high,32,10,2024-12-28,64,2.5,4,best,none,False
durkee_fire_2024__2024-07-17__11TMJ__transformer_v1_32-10mc,https://hyp3-tibet-jpl-test-contentbucket-hratibh1y9pa.s3.us-west-2.amazonaws.com/a77bf47c-91f0-45c8-b03e-5af0c287de81/OPERA_L3_DIST-ALERT-S1_T11TMJ_20240804T140632Z_20251215T210050Z_S1A_30_v0.1.zip,s3://hyp3-tibet-jpl-test-contentbucket-hratibh1y9paa77bf47c-91f0-45c8-b03e-5af0c287de81/OPERA_L3_DIST-ALERT-S1_T11TMJ_20240804T140632Z_20251215T210050Z_S1A_30_v0.1,https://hyp3-tibet-jpl-test-contentbucket-hratibh1y9pa.s3.us-west-2.amazonaws.com/a77bf47c-91f0-45c8-b03e-5af0c287de81/OPERA_L3_DIST-ALERT-S1_T11TMJ_20240804T140632Z_20251215T210050Z_S1A_30_v0.1.png,2025-12-15T20:44:44+00:00,389.839,4.5,11TMJ,1,23,4,none,False,transformer_v1_32,high,32,10,2024-08-04,42,2.5,4,best,none,False
durkee_fire_2024__2024-07-17__11TMJ__transformer_v1_32-10mc,https://hyp3-tibet-jpl-test-contentbucket-hratibh1y9pa.s3.us-west-2.amazonaws.com/6c63905f-3a54-415b-82d2-1d3818d4c5c0/OPERA_L3_DIST-ALERT-S1_T11TMJ_20240823T135819Z_20251215T210919Z_S1A_30_v0.1.zip,s3://hyp3-tibet-jpl-test-contentbucket-hratibh1y9pa6c63905f-3a54-415b-82d2-1d3818d4c5c0/OPERA_L3_DIST-ALERT-S1_T11TMJ_20240823T135819Z_20251215T210919Z_S1A_30_v0.1,https://hyp3-tibet-jpl-test-contentbucket-hratibh1y9pa.s3.us-west-2.amazonaws.com/6c63905f-3a54-415b-82d2-1d3818d4c5c0/OPERA_L3_DIST-ALERT-S1_T11TMJ_20240823T135819Z_20251215T210919Z_S1A_30_v0.1.png,2025-12-15T20:44:44+00:00,909.441,4.5,11TMJ,1,23,4,none,False,transformer_v1_32,high,32,10,2024-08-23,144,2.5,4,best,none,False
mai_mahiu_flood_and_landslides_2024__2024-04-29__37MBU__transformer_v1_32-10mc,https://hyp3-tibet-jpl-test-contentbucket-hratibh1y9pa.s3.us-west-2.amazonaws.com/47484966-6a2b-415b-82a3-8f998126d004/OPERA_L3_DIST-ALERT-S1_T37MBU_20240606T154826Z_20251215T210032Z_S1A_30_v0.1.zip,s3://hyp3-tibet-jpl-test-contentbucket-hratibh1y9pa47484966-6a2b-415b-82a3-8f998126d004/OPERA_L3_DIST-ALERT-S1_T37MBU_20240606T154826Z_20251215T210032Z_S1A_30_v0.1,https://hyp3-tibet-jpl-test-contentbucket-hratibh1y9pa.s3.us-west-2.amazonaws.com/47484966-6a2b-415b-82a3-8f998126d004/OPERA_L3_DIST-ALERT-S1_T37MBU_20240606T154826Z_20251215T210032Z_S1A_30_v0.1.png,2025-12-15T20:44:44+00:00,379.911,4.5,37MBU,1,23,4,none,False,transformer_v1_32,high,32,10,2024-06-06,57,2.5,4,best,none,False
durkee_fire_2024__2024-07-17__11TMJ__transformer_v1_32-10mc,https://hyp3-tibet-jpl-test-contentbucket-hratibh1y9pa.s3.us-west-2.amazonaws.com/423ff6f1-57e8-4b06-9306-acaa85ce4367/OPERA_L3_DIST-ALERT-S1_T11TMJ_20240806T135009Z_20251215T205944Z_S1A_30_v0.1.zip,s3://hyp3-tibet-jpl-test-contentbucket-hratibh1y9pa423ff6f1-57e8-4b06-9306-acaa85ce4367/OPERA_L3_DIST-ALERT-S1_T11TMJ_20240806T135009Z_20251215T205944Z_S1A_30_v0.1,https://hyp3-tibet-jpl-test-contentbucket-hratibh1y9pa.s3.us-west-2.amazonaws.com/423ff6f1-57e8-4b06-9306-acaa85ce4367/OPERA_L3_DIST-ALERT-S1_T11TMJ_20240806T135009Z_20251215T205944Z_S1A_30_v0.1.png,2025-12-15T20:44:44+00:00,324.382,4.5,11TMJ,1,23,4,none,False,transformer_v1_32,high,32,10,2024-08-06,71,2.5,4,best,none,False
chile_fire_2024__2024-02-04__19HBD__transformer_v1_32-10mc,https://hyp3-tibet-jpl-test-contentbucket-hratibh1y9pa.s3.us-west-2.amazonaws.com/429c506d-48fe-4207-bb35-83bb56cb95e8/OPERA_L3_DIST-ALERT-S1_T19HBD_20240304T233646Z_20251215T205623Z_S1A_30_v0.1.zip,s3://hyp3-tibet-jpl-test-contentbucket-hratibh1y9pa429c506d-48fe-4207-bb35-83bb56cb95e8/OPERA_L3_DIST-ALERT-S1_T19HBD_20240304T233646Z_20251215T205623Z_S1A_30_v0.1,https://hyp3-tibet-jpl-test-contentbucket-hratibh1y9pa.s3.us-west-2.amazonaws.com/429c506d-48fe-4207-bb35-83bb56cb95e8/OPERA_L3_DIST-ALERT-S1_T19HBD_20240304T233646Z_20251215T205623Z_S1A_30_v0.1.png,2025-12-15T20:44:44+00:00,120.035,4.5,19HBD,1,23,4,none,False,transformer_v1_32,high,32,10,2024-03-04,91,2.5,4,best,none,False
durkee_fire_2024__2024-07-17__11TMJ__transformer_v1_32-10mc,https://hyp3-tibet-jpl-test-contentbucket-hratibh1y9pa.s3.us-west-2.amazonaws.com/9d34abde-0257-40fb-8716-8c78fac16e7e/OPERA_L3_DIST-ALERT-S1_T11TMJ_20240619T015315Z_20251215T210001Z_S1A_30_v0.1.zip,s3://hyp3-tibet-jpl-test-contentbucket-hratibh1y9pa9d34abde-0257-40fb-8716-8c78fac16e7e/OPERA_L3_DIST-ALERT-S1_T11TMJ_20240619T015315Z_20251215T210001Z_S1A_30_v0.1,https://hyp3-tibet-jpl-test-contentbucket-hratibh1y9pa.s3.us-west-2.amazonaws.com/9d34abde-0257-40fb-8716-8c78fac16e7e/OPERA_L3_DIST-ALERT-S1_T11TMJ_20240619T015315Z_20251215T210001Z_S1A_30_v0.1.png,2025-12-15T20:44:44+00:00,342.13,4.5,11TMJ,1,23,4,none,False,transformer_v1_32,high,32,10,2024-06-19,64,2.5,4,best,none,False
hokkaido_landslides_2018__2018-09-06__54TWN__transformer_v1_32-10mc,https://hyp3-tibet-jpl-test-contentbucket-hratibh1y9pa.s3.us-west-2.amazonaws.com/32aebc9f-15eb-4c5e-a6fa-61520961adec/OPERA_L3_DIST-ALERT-S1_T54TWN_20181024T083505Z_20251215T205643Z_S1B_30_v0.1.zip,s3://hyp3-tibet-jpl-test-contentbucket-hratibh1y9pa32aebc9f-15eb-4c5e-a6fa-61520961adec/OPERA_L3_DIST-ALERT-S1_T54TWN_20181024T083505Z_20251215T205643Z_S1B_30_v0.1,https://hyp3-tibet-jpl-test-contentbucket-hratibh1y9pa.s3.us-west-2.amazonaws.com/32aebc9f-15eb-4c5e-a6fa-61520961adec/OPERA_L3_DIST-ALERT-S1_T54TWN_20181024T083505Z_20251215T205643Z_S1B_30_v0.1.png,2025-12-15T20:44:44+00:00,144.501,4.5,54TWN,1,23,4,none,False,transformer_v1_32,high,32,10,2018-10-24,141,2.5,4,best,none,False
durkee_fire_2024__2024-07-17__11TMJ__transformer_v1_32-10mc,https://hyp3-tibet-jpl-test-contentbucket-hratibh1y9pa.s3.us-west-2.amazonaws.com/f32ca27b-a008-451d-9095-859536a8b29c/OPERA_L3_DIST-ALERT-S1_T11TMJ_20240725T135009Z_20251215T210004Z_S1A_30_v0.1.zip,s3://hyp3-tibet-jpl-test-contentbucket-hratibh1y9paf32ca27b-a008-451d-9095-859536a8b29c/OPERA_L3_DIST-ALERT-S1_T11TMJ_20240725T135009Z_20251215T210004Z_S1A_30_v0.1,https://hyp3-tibet-jpl-test-contentbucket-hratibh1y9pa.s3.us-west-2.amazonaws.com/f32ca27b-a008-451d-9095-859536a8b29c/OPERA_L3_DIST-ALERT-S1_T11TMJ_20240725T135009Z_20251215T210004Z_S1A_30_v0.1.png,2025-12-15T20:44:44+00:00,344.944,4.5,11TMJ,1,23,4,none,False,transformer_v1_32,high,32,10,2024-07-25,71,2.5,4,best,none,False
mai_mahiu_flood_and_landslides_2024__2024-04-29__37MBU__transformer_v1_32-10mc,https://hyp3-tibet-jpl-test-contentbucket-hratibh1y9pa.s3.us-west-2.amazonaws.com/04856ff4-2335-4167-8da2-39d7634e4ef0/OPERA_L3_DIST-ALERT-S1_T37MBU_20240611T155631Z_20251215T210321Z_S1A_30_v0.1.zip,s3://hyp3-tibet-jpl-test-contentbucket-hratibh1y9pa04856ff4-2335-4167-8da2-39d7634e4ef0/OPERA_L3_DIST-ALERT-S1_T37MBU_20240611T155631Z_20251215T210321Z_S1A_30_v0.1,https://hyp3-tibet-jpl-test-contentbucket-hratibh1y9pa.s3.us-west-2.amazonaws.com/04856ff4-2335-4167-8da2-39d7634e4ef0/OPERA_L3_DIST-ALERT-S1_T37MBU_20240611T155631Z_20251215T210321Z_S1A_30_v0.1.png,2025-12-15T20:44:44+00:00,549.756,4.5,37MBU,1,23,4,none,False,transformer_v1_32,high,32,10,2024-06-11,130,2.5,4,best,none,False
durkee_fire_2024__2024-07-17__11TMK__transformer_v1_32-10mc,https://hyp3-tibet-jpl-test-contentbucket-hratibh1y9pa.s3.us-west-2.amazonaws.com/70dc54f1-8648-482c-b21b-161b48481761/OPERA_L3_DIST-ALERT-S1_T11TMK_20240701T015328Z_20251215T205735Z_S1A_30_v0.1.zip,s3://hyp3-tibet-jpl-test-contentbucket-hratibh1y9pa70dc54f1-8648-482c-b21b-161b48481761/OPERA_L3_DIST-ALERT-S1_T11TMK_20240701T015328Z_20251215T205735Z_S1A_30_v0.1,https://hyp3-tibet-jpl-test-contentbucket-hratibh1y9pa.s3.us-west-2.amazonaws.com/70dc54f1-8648-482c-b21b-161b48481761/OPERA_L3_DIST-ALERT-S1_T11TMK_20240701T015328Z_20251215T205735Z_S1A_30_v0.1.png,2025-12-15T20:44:44+00:00,193.627,4.5,11TMK,1,23,4,none,False,transformer_v1_32,high,32,10,2024-07-01,64,2.5,4,best,none,False
durkee_fire_2024__2024-07-17__11TMJ__transformer_v1_32-10mc,https://hyp3-tibet-jpl-test-contentbucket-hratibh1y9pa.s3.us-west-2.amazonaws.com/2a0e666b-cdf9-4111-bc23-422acc898f40/OPERA_L3_DIST-ALERT-S1_T11TMJ_20240904T135819Z_20251215T210954Z_S1A_30_v0.1.zip,s3://hyp3-tibet-jpl-test-contentbucket-hratibh1y9pa2a0e666b-cdf9-4111-bc23-422acc898f40/OPERA_L3_DIST-ALERT-S1_T11TMJ_20240904T135819Z_20251215T210954Z_S1A_30_v0.1,https://hyp3-tibet-jpl-test-contentbucket-hratibh1y9pa.s3.us-west-2.amazonaws.com/2a0e666b-cdf9-4111-bc23-422acc898f40/OPERA_L3_DIST-ALERT-S1_T11TMJ_20240904T135819Z_20251215T210954Z_S1A_30_v0.1.png,2025-12-15T20:44:44+00:00,944.247,4.5,11TMJ,1,23,4,none,False,transformer_v1_32,high,32,10,2024-09-04,144,2.5,4,best,none,False
chile_fire_2024__2024-02-04__19HBD__transformer_v1_32-10mc,https://hyp3-tibet-jpl-test-contentbucket-hratibh1y9pa.s3.us-west-2.amazonaws.com/7d9dd6c0-e3a2-4dd7-a159-937d7a955650/OPERA_L3_DIST-ALERT-S1_T19HBD_20240204T232836Z_20251215T210729Z_S1A_30_v0.1.zip,s3://hyp3-tibet-jpl-test-contentbucket-hratibh1y9pa7d9dd6c0-e3a2-4dd7-a159-937d7a955650/OPERA_L3_DIST-ALERT-S1_T19HBD_20240204T232836Z_20251215T210729Z_S1A_30_v0.1,https://hyp3-tibet-jpl-test-contentbucket-hratibh1y9pa.s3.us-west-2.amazonaws.com/7d9dd6c0-e3a2-4dd7-a159-937d7a955650/OPERA_L3_DIST-ALERT-S1_T19HBD_20240204T232836Z_20251215T210729Z_S1A_30_v0.1.png,2025-12-15T20:44:44+00:00,794.696,4.5,19HBD,1,23,4,none,False,transformer_v1_32,high,32,10,2024-02-04,18,2.5,4,best,none,False
los_angeles_fires_2025__2025-01-04__11SLT__transformer_v1_32-10mc,https://hyp3-tibet-jpl-test-contentbucket-hratibh1y9pa.s3.us-west-2.amazonaws.com/e79827cf-4d58-4b2b-957c-1eea78e3b989/OPERA_L3_DIST-ALERT-S1_T11SLT_20250226T135245Z_20251215T210637Z_S1A_30_v0.1.zip,s3://hyp3-tibet-jpl-test-contentbucket-hratibh1y9pae79827cf-4d58-4b2b-957c-1eea78e3b989/OPERA_L3_DIST-ALERT-S1_T11SLT_20250226T135245Z_20251215T210637Z_S1A_30_v0.1,https://hyp3-tibet-jpl-test-contentbucket-hratibh1y9pa.s3.us-west-2.amazonaws.com/e79827cf-4d58-4b2b-957c-1eea78e3b989/OPERA_L3_DIST-ALERT-S1_T11SLT_20250226T135245Z_20251215T210637Z_S1A_30_v0.1.png,2025-12-15T20:44:44+00:00,742.849,4.5,11SLT,1,23,4,none,False,transformer_v1_32,high,32,10,2025-02-26,71,2.5,4,best,none,False
los_angeles_fires_2025__2025-01-04__11SLT__transformer_v1_32-10mc,https://hyp3-tibet-jpl-test-contentbucket-hratibh1y9pa.s3.us-west-2.amazonaws.com/440d8a4c-414a-4d97-8fca-78429ee2fd07/OPERA_L3_DIST-ALERT-S1_T11SLT_20250207T015837Z_20251215T210418Z_S1A_30_v0.1.zip,s3://hyp3-tibet-jpl-test-contentbucket-hratibh1y9pa440d8a4c-414a-4d97-8fca-78429ee2fd07/OPERA_L3_DIST-ALERT-S1_T11SLT_20250207T015837Z_20251215T210418Z_S1A_30_v0.1,https://hyp3-tibet-jpl-test-contentbucket-hratibh1y9pa.s3.us-west-2.amazonaws.com/440d8a4c-414a-4d97-8fca-78429ee2fd07/OPERA_L3_DIST-ALERT-S1_T11SLT_20250207T015837Z_20251215T210418Z_S1A_30_v0.1.png,2025-12-15T20:44:44+00:00,603.001,4.5,11SLT,1,23,4,none,False,transformer_v1_32,high,32,10,2025-02-07,137,2.5,4,best,none,False
los_angeles_fires_2025__2025-01-04__11SLT__transformer_v1_32-10mc,https://hyp3-tibet-jpl-test-contentbucket-hratibh1y9pa.s3.us-west-2.amazonaws.com/55053581-1b04-483b-a976-a64ece95a362/OPERA_L3_DIST-ALERT-S1_T11SLT_20250121T015030Z_20251215T210114Z_S1A_30_v0.1.zip,s3://hyp3-tibet-jpl-test-contentbucket-hratibh1y9pa55053581-1b04-483b-a976-a64ece95a362/OPERA_L3_DIST-ALERT-S1_T11SLT_20250121T015030Z_20251215T210114Z_S1A_30_v0.1,https://hyp3-tibet-jpl-test-contentbucket-hratibh1y9pa.s3.us-west-2.amazonaws.com/55053581-1b04-483b-a976-a64ece95a362/OPERA_L3_DIST-ALERT-S1_T11SLT_20250121T015030Z_20251215T210114Z_S1A_30_v0.1.png,2025-12-15T20:44:44+00:00,417.702,4.5,11SLT,1,23,4,none,False,transformer_v1_32,high,32,10,2025-01-21,64,2.5,4,best,none,False
afghanistan_flood_2024__2024-05-11__42SWF__transformer_v1_32-10mc,https://hyp3-tibet-jpl-test-contentbucket-hratibh1y9pa.s3.us-west-2.amazonaws.com/204b3766-cc17-4fc1-a9f2-6aab08543316/OPERA_L3_DIST-ALERT-S1_T42SWF_20240421T012320Z_20251215T210649Z_S1A_30_v0.1.zip,s3://hyp3-tibet-jpl-test-contentbucket-hratibh1y9pa204b3766-cc17-4fc1-a9f2-6aab08543316/OPERA_L3_DIST-ALERT-S1_T42SWF_20240421T012320Z_20251215T210649Z_S1A_30_v0.1,https://hyp3-tibet-jpl-test-contentbucket-hratibh1y9pa.s3.us-west-2.amazonaws.com/204b3766-cc17-4fc1-a9f2-6aab08543316/OPERA_L3_DIST-ALERT-S1_T42SWF_20240421T012320Z_20251215T210649Z_S1A_30_v0.1.png,2025-12-15T20:44:44+00:00,763.838,4.5,42SWF,1,23,4,none,False,transformer_v1_32,high,32,10,2024-04-21,78,2.5,4,best,none,False
mai_mahiu_flood_and_landslides_2024__2024-04-29__37MBU__transformer_v1_32-10mc,https://hyp3-tibet-jpl-test-contentbucket-hratibh1y9pa.s3.us-west-2.amazonaws.com/e99baf2c-62be-4e20-958e-8ee6268c1b4a/OPERA_L3_DIST-ALERT-S1_T37MBU_20240407T154826Z_20251215T210051Z_S1A_30_v0.1.zip,s3://hyp3-tibet-jpl-test-contentbucket-hratibh1y9pae99baf2c-62be-4e20-958e-8ee6268c1b4a/OPERA_L3_DIST-ALERT-S1_T37MBU_20240407T154826Z_20251215T210051Z_S1A_30_v0.1,https://hyp3-tibet-jpl-test-contentbucket-hratibh1y9pa.s3.us-west-2.amazonaws.com/e99baf2c-62be-4e20-958e-8ee6268c1b4a/OPERA_L3_DIST-ALERT-S1_T37MBU_20240407T154826Z_20251215T210051Z_S1A_30_v0.1.png,2025-12-15T20:44:44+00:00,397.357,4.5,37MBU,1,23,4,none,False,transformer_v1_32,high,32,10,2024-04-07,57,2.5,4,best,none,False
hokkaido_landslides_2018__2018-09-06__54TWN__transformer_v1_32-10mc,https://hyp3-tibet-jpl-test-contentbucket-hratibh1y9pa.s3.us-west-2.amazonaws.com/f7c971f6-07bd-4dd9-8558-1f5d9296f26e/OPERA_L3_DIST-ALERT-S1_T54TWN_20180918T083504Z_20251215T205636Z_S1B_30_v0.1.zip,s3://hyp3-tibet-jpl-test-contentbucket-hratibh1y9paf7c971f6-07bd-4dd9-8558-1f5d9296f26e/OPERA_L3_DIST-ALERT-S1_T54TWN_20180918T083504Z_20251215T205636Z_S1B_30_v0.1,https://hyp3-tibet-jpl-test-contentbucket-hratibh1y9pa.s3.us-west-2.amazonaws.com/f7c971f6-07bd-4dd9-8558-1f5d9296f26e/OPERA_L3_DIST-ALERT-S1_T54TWN_20180918T083504Z_20251215T205636Z_S1B_30_v0.1.png,2025-12-15T20:44:44+00:00,136.641,4.5,54TWN,1,23,4,none,False,transformer_v1_32,high,32,10,2018-09-18,141,2.5,4,best,none,False
afghanistan_flood_2024__2024-05-11__42SWF__transformer_v1_32-10mc,https://hyp3-tibet-jpl-test-contentbucket-hratibh1y9pa.s3.us-west-2.amazonaws.com/0e381a2d-82f6-4cf5-b299-15bbd4d65616/OPERA_L3_DIST-ALERT-S1_T42SWF_20240520T013130Z_20251215T210133Z_S1A_30_v0.1.zip,s3://hyp3-tibet-jpl-test-contentbucket-hratibh1y9pa0e381a2d-82f6-4cf5-b299-15bbd4d65616/OPERA_L3_DIST-ALERT-S1_T42SWF_20240520T013130Z_20251215T210133Z_S1A_30_v0.1,https://hyp3-tibet-jpl-test-contentbucket-hratibh1y9pa.s3.us-west-2.amazonaws.com/0e381a2d-82f6-4cf5-b299-15bbd4d65616/OPERA_L3_DIST-ALERT-S1_T42SWF_20240520T013130Z_20251215T210133Z_S1A_30_v0.1.png,2025-12-15T20:44:44+00:00,434.849,4.5,42SWF,1,23,4,none,False,transformer_v1_32,high,32,10,2024-05-20,151,2.5,4,best,none,False
afghanistan_flood_2024__2024-05-11__42SWF__transformer_v1_32-10mc,https://hyp3-tibet-jpl-test-contentbucket-hratibh1y9pa.s3.us-west-2.amazonaws.com/4ec0ebbc-8fa5-47cb-abe5-42677ba41ba3/OPERA_L3_DIST-ALERT-S1_T42SWF_20240608T012319Z_20251215T210656Z_S1A_30_v0.1.zip,s3://hyp3-tibet-jpl-test-contentbucket-hratibh1y9pa4ec0ebbc-8fa5-47cb-abe5-42677ba41ba3/OPERA_L3_DIST-ALERT-S1_T42SWF_20240608T012319Z_20251215T210656Z_S1A_30_v0.1,https://hyp3-tibet-jpl-test-contentbucket-hratibh1y9pa.s3.us-west-2.amazonaws.com/4ec0ebbc-8fa5-47cb-abe5-42677ba41ba3/OPERA_L3_DIST-ALERT-S1_T42SWF_20240608T012319Z_20251215T210656Z_S1A_30_v0.1.png,2025-12-15T20:44:44+00:00,768.902,4.5,42SWF,1,23,4,none,False,transformer_v1_32,high,32,10,2024-06-08,78,2.5,4,best,none,False
durkee_fire_2024__2024-07-17__11TMK__transformer_v1_32-10mc,https://hyp3-tibet-jpl-test-contentbucket-hratibh1y9pa.s3.us-west-2.amazonaws.com/47eece5f-4537-4015-9ff4-24196145115f/OPERA_L3_DIST-ALERT-S1_T11TMK_20240830T015328Z_20251215T205733Z_S1A_30_v0.1.zip,s3://hyp3-tibet-jpl-test-contentbucket-hratibh1y9pa47eece5f-4537-4015-9ff4-24196145115f/OPERA_L3_DIST-ALERT-S1_T11TMK_20240830T015328Z_20251215T205733Z_S1A_30_v0.1,https://hyp3-tibet-jpl-test-contentbucket-hratibh1y9pa.s3.us-west-2.amazonaws.com/47eece5f-4537-4015-9ff4-24196145115f/OPERA_L3_DIST-ALERT-S1_T11TMK_20240830T015328Z_20251215T205733Z_S1A_30_v0.1.png,2025-12-15T20:44:44+00:00,191.705,4.5,11TMK,1,23,4,none,False,transformer_v1_32,high,32,10,2024-08-30,64,2.5,4,best,none,False
durkee_fire_2024__2024-07-17__11TMJ__transformer_v1_32-10mc,https://hyp3-tibet-jpl-test-contentbucket-hratibh1y9pa.s3.us-west-2.amazonaws.com/38d827c6-4b45-42fc-b7ea-2b4712b625f4/OPERA_L3_DIST-ALERT-S1_T11TMJ_20240711T140632Z_20251215T210036Z_S1A_30_v0.1.zip,s3://hyp3-tibet-jpl-test-contentbucket-hratibh1y9pa38d827c6-4b45-42fc-b7ea-2b4712b625f4/OPERA_L3_DIST-ALERT-S1_T11TMJ_20240711T140632Z_20251215T210036Z_S1A_30_v0.1,https://hyp3-tibet-jpl-test-contentbucket-hratibh1y9pa.s3.us-west-2.amazonaws.com/38d827c6-4b45-42fc-b7ea-2b4712b625f4/OPERA_L3_DIST-ALERT-S1_T11TMJ_20240711T140632Z_20251215T210036Z_S1A_30_v0.1.png,2025-12-15T20:44:44+00:00,374.469,4.5,11TMJ,1,23,4,none,False,transformer_v1_32,high,32,10,2024-07-11,42,2.5,4,best,none,False
hokkaido_landslides_2018__2018-09-06__54TWN__transformer_v1_32-10mc,https://hyp3-tibet-jpl-test-contentbucket-hratibh1y9pa.s3.us-west-2.amazonaws.com/6d01e809-e422-407e-9131-9ea5639a5df3/OPERA_L3_DIST-ALERT-S1_T54TWN_20181018T203312Z_20251215T205221Z_S1A_30_v0.1.zip,s3://hyp3-tibet-jpl-test-contentbucket-hratibh1y9pa6d01e809-e422-407e-9131-9ea5639a5df3/OPERA_L3_DIST-ALERT-S1_T54TWN_20181018T203312Z_20251215T205221Z_S1A_30_v0.1,https://hyp3-tibet-jpl-test-contentbucket-hratibh1y9pa.s3.us-west-2.amazonaws.com/6d01e809-e422-407e-9131-9ea5639a5df3/OPERA_L3_DIST-ALERT-S1_T54TWN_20181018T203312Z_20251215T205221Z_S1A_30_v0.1.png,2025-12-15T20:44:44+00:00,150.701,4.5,54TWN,1,23,4,none,False,transformer_v1_32,high,32,10,2018-10-18,148,2.5,4,best,none,False
cipongkor_landslides_2024__2024-03-24__48MYT__transformer_v1_32-10mc,https://hyp3-tibet-jpl-test-contentbucket-hratibh1y9pa.s3.us-west-2.amazonaws.com/eb749b2d-0157-413f-b0e9-2b878814e872/OPERA_L3_DIST-ALERT-S1_T48MYT_20240422T111518Z_20251215T210450Z_S1A_30_v0.1.zip,s3://hyp3-tibet-jpl-test-contentbucket-hratibh1y9paeb749b2d-0157-413f-b0e9-2b878814e872/OPERA_L3_DIST-ALERT-S1_T48MYT_20240422T111518Z_20251215T210450Z_S1A_30_v0.1,https://hyp3-tibet-jpl-test-contentbucket-hratibh1y9pa.s3.us-west-2.amazonaws.com/eb749b2d-0157-413f-b0e9-2b878814e872/OPERA_L3_DIST-ALERT-S1_T48MYT_20240422T111518Z_20251215T210450Z_S1A_30_v0.1.png,2025-12-15T20:44:44+00:00,912.509,4.5,48MYT,1,23,4,none,False,transformer_v1_32,high,32,10,2024-04-22,98,2.5,4,best,none,False
durkee_fire_2024__2024-07-17__11TMJ__transformer_v1_32-10mc,https://hyp3-tibet-jpl-test-contentbucket-hratibh1y9pa.s3.us-west-2.amazonaws.com/f92d648f-44ff-4bd4-99b8-7167795bc385/OPERA_L3_DIST-ALERT-S1_T11TMJ_20240818T135009Z_20251215T205607Z_S1A_30_v0.1.zip,s3://hyp3-tibet-jpl-test-contentbucket-hratibh1y9paf92d648f-44ff-4bd4-99b8-7167795bc385/OPERA_L3_DIST-ALERT-S1_T11TMJ_20240818T135009Z_20251215T205607Z_S1A_30_v0.1,https://hyp3-tibet-jpl-test-contentbucket-hratibh1y9pa.s3.us-west-2.amazonaws.com/f92d648f-44ff-4bd4-99b8-7167795bc385/OPERA_L3_DIST-ALERT-S1_T11TMJ_20240818T135009Z_20251215T205607Z_S1A_30_v0.1.png,2025-12-15T20:44:44+00:00,378.542,4.5,11TMJ,1,23,4,none,False,transformer_v1_32,high,32,10,2024-08-18,71,2.5,4,best,none,False
durkee_fire_2024__2024-07-17__11TMK__transformer_v1_32-10mc,https://hyp3-tibet-jpl-test-contentbucket-hratibh1y9pa.s3.us-west-2.amazonaws.com/e8f0eb18-6acf-4330-a532-44a9d8fc191a/OPERA_L3_DIST-ALERT-S1_T11TMK_20240619T015329Z_20251215T205248Z_S1A_30_v0.1.zip,s3://hyp3-tibet-jpl-test-contentbucket-hratibh1y9pae8f0eb18-6acf-4330-a532-44a9d8fc191a/OPERA_L3_DIST-ALERT-S1_T11TMK_20240619T015329Z_20251215T205248Z_S1A_30_v0.1,https://hyp3-tibet-jpl-test-contentbucket-hratibh1y9pa.s3.us-west-2.amazonaws.com/e8f0eb18-6acf-4330-a532-44a9d8fc191a/OPERA_L3_DIST-ALERT-S1_T11TMK_20240619T015329Z_20251215T205248Z_S1A_30_v0.1.png,2025-12-15T20:44:44+00:00,172.226,4.5,11TMK,1,23,4,none,False,transformer_v1_32,high,32,10,2024-06-19,64,2.5,4,best,none,False
cipongkor_landslides_2024__2024-03-24__48MYT__transformer_v1_32-10mc,https://hyp3-tibet-jpl-test-contentbucket-hratibh1y9pa.s3.us-west-2.amazonaws.com/beda2ae3-9872-407f-b4bd-0eeeee6320f0/OPERA_L3_DIST-ALERT-S1_T48MYT_20240225T222604Z_20251215T205904Z_S1A_30_v0.1.zip,s3://hyp3-tibet-jpl-test-contentbucket-hratibh1y9pabeda2ae3-9872-407f-b4bd-0eeeee6320f0/OPERA_L3_DIST-ALERT-S1_T48MYT_20240225T222604Z_20251215T205904Z_S1A_30_v0.1,https://hyp3-tibet-jpl-test-contentbucket-hratibh1y9pa.s3.us-west-2.amazonaws.com/beda2ae3-9872-407f-b4bd-0eeeee6320f0/OPERA_L3_DIST-ALERT-S1_T48MYT_20240225T222604Z_20251215T205904Z_S1A_30_v0.1.png,2025-12-15T20:44:44+00:00,562.709,4.5,48MYT,1,23,4,none,False,transformer_v1_32,high,32,10,2024-02-25,149,2.5,4,best,none,False
durkee_fire_2024__2024-07-17__11TMJ__transformer_v1_32-10mc,https://hyp3-tibet-jpl-test-contentbucket-hratibh1y9pa.s3.us-west-2.amazonaws.com/942ecb4a-1ab6-44e7-80ce-417d2bc2fa25/OPERA_L3_DIST-ALERT-S1_T11TMJ_20240725T015314Z_20251215T205630Z_S1A_30_v0.1.zip,s3://hyp3-tibet-jpl-test-contentbucket-hratibh1y9pa942ecb4a-1ab6-44e7-80ce-417d2bc2fa25/OPERA_L3_DIST-ALERT-S1_T11TMJ_20240725T015314Z_20251215T205630Z_S1A_30_v0.1,https://hyp3-tibet-jpl-test-contentbucket-hratibh1y9pa.s3.us-west-2.amazonaws.com/942ecb4a-1ab6-44e7-80ce-417d2bc2fa25/OPERA_L3_DIST-ALERT-S1_T11TMJ_20240725T015314Z_20251215T205630Z_S1A_30_v0.1.png,2025-12-15T20:44:44+00:00,395.184,4.5,11TMJ,1,23,4,none,False,transformer_v1_32,high,32,10,2024-07-25,64,2.5,4,best,none,False
los_angeles_fires_2025__2025-01-04__11SLT__transformer_v1_32-10mc,https://hyp3-tibet-jpl-test-contentbucket-hratibh1y9pa.s3.us-west-2.amazonaws.com/6f74da7e-35ad-4290-b58a-8c44c4845c40/OPERA_L3_DIST-ALERT-S1_T11SLT_20250126T140057Z_20251215T205643Z_S1A_30_v0.1.zip,s3://hyp3-tibet-jpl-test-contentbucket-hratibh1y9pa6f74da7e-35ad-4290-b58a-8c44c4845c40/OPERA_L3_DIST-ALERT-S1_T11SLT_20250126T140057Z_20251215T205643Z_S1A_30_v0.1,https://hyp3-tibet-jpl-test-contentbucket-hratibh1y9pa.s3.us-west-2.amazonaws.com/6f74da7e-35ad-4290-b58a-8c44c4845c40/OPERA_L3_DIST-ALERT-S1_T11SLT_20250126T140057Z_20251215T205643Z_S1A_30_v0.1.png,2025-12-15T20:44:44+00:00,413.933,4.5,11SLT,1,23,4,none,False,transformer_v1_32,high,32,10,2025-01-26,144,2.5,4,best,none,False
afghanistan_flood_2024__2024-05-11__42SWF__transformer_v1_32-10mc,https://hyp3-tibet-jpl-test-contentbucket-hratibh1y9pa.s3.us-west-2.amazonaws.com/4badd78d-b82a-4190-b371-b382d794c32d/OPERA_L3_DIST-ALERT-S1_T42SWF_20240707T013129Z_20251215T205709Z_S1A_30_v0.1.zip,s3://hyp3-tibet-jpl-test-contentbucket-hratibh1y9pa4badd78d-b82a-4190-b371-b382d794c32d/OPERA_L3_DIST-ALERT-S1_T42SWF_20240707T013129Z_20251215T205709Z_S1A_30_v0.1,https://hyp3-tibet-jpl-test-contentbucket-hratibh1y9pa.s3.us-west-2.amazonaws.com/4badd78d-b82a-4190-b371-b382d794c32d/OPERA_L3_DIST-ALERT-S1_T42SWF_20240707T013129Z_20251215T205709Z_S1A_30_v0.1.png,2025-12-15T20:44:44+00:00,443.282,4.5,42SWF,1,23,4,none,False,transformer_v1_32,high,32,10,2024-07-07,151,2.5,4,best,none,False
afghanistan_flood_2024__2024-05-11__42SWF__transformer_v1_32-10mc,https://hyp3-tibet-jpl-test-contentbucket-hratibh1y9pa.s3.us-west-2.amazonaws.com/8f37570d-d372-464f-894c-0904dfa16e04/OPERA_L3_DIST-ALERT-S1_T42SWF_20240426T013130Z_20251215T205621Z_S1A_30_v0.1.zip,s3://hyp3-tibet-jpl-test-contentbucket-hratibh1y9pa8f37570d-d372-464f-894c-0904dfa16e04/OPERA_L3_DIST-ALERT-S1_T42SWF_20240426T013130Z_20251215T205621Z_S1A_30_v0.1,https://hyp3-tibet-jpl-test-contentbucket-hratibh1y9pa.s3.us-west-2.amazonaws.com/8f37570d-d372-464f-894c-0904dfa16e04/OPERA_L3_DIST-ALERT-S1_T42SWF_20240426T013130Z_20251215T205621Z_S1A_30_v0.1.png,2025-12-15T20:44:44+00:00,390.866,4.5,42SWF,1,23,4,none,False,transformer_v1_32,high,32,10,2024-04-26,151,2.5,4,best,none,False
durkee_fire_2024__2024-07-17__11TMK__transformer_v1_32-10mc,https://hyp3-tibet-jpl-test-contentbucket-hratibh1y9pa.s3.us-west-2.amazonaws.com/6f1dec63-2a29-4103-aee0-e464f1cb0087/OPERA_L3_DIST-ALERT-S1_T11TMK_20240830T134958Z_20251215T205419Z_S1A_30_v0.1.zip,s3://hyp3-tibet-jpl-test-contentbucket-hratibh1y9pa6f1dec63-2a29-4103-aee0-e464f1cb0087/OPERA_L3_DIST-ALERT-S1_T11TMK_20240830T134958Z_20251215T205419Z_S1A_30_v0.1,https://hyp3-tibet-jpl-test-contentbucket-hratibh1y9pa.s3.us-west-2.amazonaws.com/6f1dec63-2a29-4103-aee0-e464f1cb0087/OPERA_L3_DIST-ALERT-S1_T11TMK_20240830T134958Z_20251215T205419Z_S1A_30_v0.1.png,2025-12-15T20:44:44+00:00,264.646,4.5,11TMK,1,23,4,none,False,transformer_v1_32,high,32,10,2024-08-30,71,2.5,4,best,none,False
los_angeles_fires_2025__2025-01-04__11SLT__transformer_v1_32-10mc,https://hyp3-tibet-jpl-test-contentbucket-hratibh1y9pa.s3.us-west-2.amazonaws.com/eda20f26-d935-4a16-9b39-9064dd6eb7c0/OPERA_L3_DIST-ALERT-S1_T11SLT_20241221T140100Z_20251215T205652Z_S1A_30_v0.1.zip,s3://hyp3-tibet-jpl-test-contentbucket-hratibh1y9paeda20f26-d935-4a16-9b39-9064dd6eb7c0/OPERA_L3_DIST-ALERT-S1_T11SLT_20241221T140100Z_20251215T205652Z_S1A_30_v0.1,https://hyp3-tibet-jpl-test-contentbucket-hratibh1y9pa.s3.us-west-2.amazonaws.com/eda20f26-d935-4a16-9b39-9064dd6eb7c0/OPERA_L3_DIST-ALERT-S1_T11SLT_20241221T140100Z_20251215T205652Z_S1A_30_v0.1.png,2025-12-15T20:44:44+00:00,423.574,4.5,11SLT,1,23,4,none,False,transformer_v1_32,high,32,10,2024-12-21,144,2.5,4,best,none,False
hokkaido_landslides_2018__2018-09-06__54TWN__transformer_v1_32-10mc,https://hyp3-tibet-jpl-test-contentbucket-hratibh1y9pa.s3.us-west-2.amazonaws.com/f924eaa7-82bc-49f8-a029-b96230da4125/OPERA_L3_DIST-ALERT-S1_T54TWN_20181019T082652Z_20251215T205748Z_S1B_30_v0.1.zip,s3://hyp3-tibet-jpl-test-contentbucket-hratibh1y9paf924eaa7-82bc-49f8-a029-b96230da4125/OPERA_L3_DIST-ALERT-S1_T54TWN_20181019T082652Z_20251215T205748Z_S1B_30_v0.1,https://hyp3-tibet-jpl-test-contentbucket-hratibh1y9pa.s3.us-west-2.amazonaws.com/f924eaa7-82bc-49f8-a029-b96230da4125/OPERA_L3_DIST-ALERT-S1_T54TWN_20181019T082652Z_20251215T205748Z_S1B_30_v0.1.png,2025-12-15T20:44:44+00:00,486.095,4.5,54TWN,1,23,4,none,False,transformer_v1_32,high,32,10,2018-10-19,68,2.5,4,best,none,False
cipongkor_landslides_2024__2024-03-24__48MYT__transformer_v1_32-10mc,https://hyp3-tibet-jpl-test-contentbucket-hratibh1y9pa.s3.us-west-2.amazonaws.com/0341c479-eedb-4ee3-a7dc-b1399687644a/OPERA_L3_DIST-ALERT-S1_T48MYT_20240320T222604Z_20251215T205730Z_S1A_30_v0.1.zip,s3://hyp3-tibet-jpl-test-contentbucket-hratibh1y9pa0341c479-eedb-4ee3-a7dc-b1399687644a/OPERA_L3_DIST-ALERT-S1_T48MYT_20240320T222604Z_20251215T205730Z_S1A_30_v0.1,https://hyp3-tibet-jpl-test-contentbucket-hratibh1y9pa.s3.us-west-2.amazonaws.com/0341c479-eedb-4ee3-a7dc-b1399687644a/OPERA_L3_DIST-ALERT-S1_T48MYT_20240320T222604Z_20251215T205730Z_S1A_30_v0.1.png,2025-12-15T20:44:44+00:00,462.157,4.5,48MYT,1,23,4,none,False,transformer_v1_32,high,32,10,2024-03-20,149,2.5,4,best,none,False
durkee_fire_2024__2024-07-17__11TMJ__transformer_v1_32-10mc,https://hyp3-tibet-jpl-test-contentbucket-hratibh1y9pa.s3.us-west-2.amazonaws.com/7ffe0114-3e33-4e82-b83d-d8934dbfa657/OPERA_L3_DIST-ALERT-S1_T11TMJ_20240701T015314Z_20251215T205533Z_S1A_30_v0.1.zip,s3://hyp3-tibet-jpl-test-contentbucket-hratibh1y9pa7ffe0114-3e33-4e82-b83d-d8934dbfa657/OPERA_L3_DIST-ALERT-S1_T11TMJ_20240701T015314Z_20251215T205533Z_S1A_30_v0.1,https://hyp3-tibet-jpl-test-contentbucket-hratibh1y9pa.s3.us-west-2.amazonaws.com/7ffe0114-3e33-4e82-b83d-d8934dbfa657/OPERA_L3_DIST-ALERT-S1_T11TMJ_20240701T015314Z_20251215T205533Z_S1A_30_v0.1.png,2025-12-15T20:44:44+00:00,342.13,4.5,11TMJ,1,23,4,none,False,transformer_v1_32,high,32,10,2024-07-01,64,2.5,4,best,none,False
cipongkor_landslides_2024__2024-03-24__48MYT__transformer_v1_32-10mc,https://hyp3-tibet-jpl-test-contentbucket-hratibh1y9pa.s3.us-west-2.amazonaws.com/7feb84b8-070c-47e3-b122-146f24cf66ce/OPERA_L3_DIST-ALERT-S1_T48MYT_20240305T111517Z_20251215T210603Z_S1A_30_v0.1.zip,s3://hyp3-tibet-jpl-test-contentbucket-hratibh1y9pa7feb84b8-070c-47e3-b122-146f24cf66ce/OPERA_L3_DIST-ALERT-S1_T48MYT_20240305T111517Z_20251215T210603Z_S1A_30_v0.1,https://hyp3-tibet-jpl-test-contentbucket-hratibh1y9pa.s3.us-west-2.amazonaws.com/7feb84b8-070c-47e3-b122-146f24cf66ce/OPERA_L3_DIST-ALERT-S1_T48MYT_20240305T111517Z_20251215T210603Z_S1A_30_v0.1.png,2025-12-15T20:44:44+00:00,980.941,4.5,48MYT,1,23,4,none,False,transformer_v1_32,high,32,10,2024-03-05,98,2.5,4,best,none,False
hokkaido_landslides_2018__2018-09-06__54TWN__transformer_v1_32-10mc,https://hyp3-tibet-jpl-test-contentbucket-hratibh1y9pa.s3.us-west-2.amazonaws.com/6fe1355e-6ae1-40ba-afb9-df286c93dc5a/OPERA_L3_DIST-ALERT-S1_T54TWN_20181012T083505Z_20251215T205157Z_S1B_30_v0.1.zip,s3://hyp3-tibet-jpl-test-contentbucket-hratibh1y9pa6fe1355e-6ae1-40ba-afb9-df286c93dc5a/OPERA_L3_DIST-ALERT-S1_T54TWN_20181012T083505Z_20251215T205157Z_S1B_30_v0.1,https://hyp3-tibet-jpl-test-contentbucket-hratibh1y9pa.s3.us-west-2.amazonaws.com/6fe1355e-6ae1-40ba-afb9-df286c93dc5a/OPERA_L3_DIST-ALERT-S1_T54TWN_20181012T083505Z_20251215T205157Z_S1B_30_v0.1.png,2025-12-15T20:44:44+00:00,124.72,4.5,54TWN,1,23,4,none,False,transformer_v1_32,high,32,10,2018-10-12,141,2.5,4,best,none,False
durkee_fire_2024__2024-07-17__11TMJ__transformer_v1_32-10mc,https://hyp3-tibet-jpl-test-contentbucket-hratibh1y9pa.s3.us-west-2.amazonaws.com/9d27c2b9-a762-4649-812a-946fd662fec6/OPERA_L3_DIST-ALERT-S1_T11TMJ_20240617T140633Z_20251215T205627Z_S1A_30_v0.1.zip,s3://hyp3-tibet-jpl-test-contentbucket-hratibh1y9pa9d27c2b9-a762-4649-812a-946fd662fec6/OPERA_L3_DIST-ALERT-S1_T11TMJ_20240617T140633Z_20251215T205627Z_S1A_30_v0.1,https://hyp3-tibet-jpl-test-contentbucket-hratibh1y9pa.s3.us-west-2.amazonaws.com/9d27c2b9-a762-4649-812a-946fd662fec6/OPERA_L3_DIST-ALERT-S1_T11TMJ_20240617T140633Z_20251215T205627Z_S1A_30_v0.1.png,2025-12-15T20:44:44+00:00,395.15,4.5,11TMJ,1,23,4,none,False,transformer_v1_32,high,32,10,2024-06-17,42,2.5,4,best,none,False
chile_fire_2024__2024-02-04__19HBD__transformer_v1_32-10mc,https://hyp3-tibet-jpl-test-contentbucket-hratibh1y9pa.s3.us-west-2.amazonaws.com/94c98c81-8e99-4c15-bb8d-6fa6a8acb4bc/OPERA_L3_DIST-ALERT-S1_T19HBD_20240209T233645Z_20251215T205143Z_S1A_30_v0.1.zip,s3://hyp3-tibet-jpl-test-contentbucket-hratibh1y9pa94c98c81-8e99-4c15-bb8d-6fa6a8acb4bc/OPERA_L3_DIST-ALERT-S1_T19HBD_20240209T233645Z_20251215T205143Z_S1A_30_v0.1,https://hyp3-tibet-jpl-test-contentbucket-hratibh1y9pa.s3.us-west-2.amazonaws.com/94c98c81-8e99-4c15-bb8d-6fa6a8acb4bc/OPERA_L3_DIST-ALERT-S1_T19HBD_20240209T233645Z_20251215T205143Z_S1A_30_v0.1.png,2025-12-15T20:44:44+00:00,108.41,4.5,19HBD,1,23,4,none,False,transformer_v1_32,high,32,10,2024-02-09,91,2.5,4,best,none,False
durkee_fire_2024__2024-07-17__11TMK__transformer_v1_32-10mc,https://hyp3-tibet-jpl-test-contentbucket-hratibh1y9pa.s3.us-west-2.amazonaws.com/7621cb12-24b2-4249-8eea-4bf6010d2824/OPERA_L3_DIST-ALERT-S1_T11TMK_20240806T134958Z_20251215T205445Z_S1A_30_v0.1.zip,s3://hyp3-tibet-jpl-test-contentbucket-hratibh1y9pa7621cb12-24b2-4249-8eea-4bf6010d2824/OPERA_L3_DIST-ALERT-S1_T11TMK_20240806T134958Z_20251215T205445Z_S1A_30_v0.1,https://hyp3-tibet-jpl-test-contentbucket-hratibh1y9pa.s3.us-west-2.amazonaws.com/7621cb12-24b2-4249-8eea-4bf6010d2824/OPERA_L3_DIST-ALERT-S1_T11TMK_20240806T134958Z_20251215T205445Z_S1A_30_v0.1.png,2025-12-15T20:44:44+00:00,293.569,4.5,11TMK,1,23,4,none,False,transformer_v1_32,high,32,10,2024-08-06,71,2.5,4,best,none,False
durkee_fire_2024__2024-07-17__11TMJ__transformer_v1_32-10mc,https://hyp3-tibet-jpl-test-contentbucket-hratibh1y9pa.s3.us-west-2.amazonaws.com/2c106c95-75f6-42cb-8380-d6ce0016facb/OPERA_L3_DIST-ALERT-S1_T11TMJ_20240730T135819Z_20251215T210646Z_S1A_30_v0.1.zip,s3://hyp3-tibet-jpl-test-contentbucket-hratibh1y9pa2c106c95-75f6-42cb-8380-d6ce0016facb/OPERA_L3_DIST-ALERT-S1_T11TMJ_20240730T135819Z_20251215T210646Z_S1A_30_v0.1,https://hyp3-tibet-jpl-test-contentbucket-hratibh1y9pa.s3.us-west-2.amazonaws.com/2c106c95-75f6-42cb-8380-d6ce0016facb/OPERA_L3_DIST-ALERT-S1_T11TMJ_20240730T135819Z_20251215T210646Z_S1A_30_v0.1.png,2025-12-15T20:44:44+00:00,1022.997,4.5,11TMJ,1,23,4,none,False,transformer_v1_32,high,32,10,2024-07-30,144,2.5,4,best,none,False
hokkaido_landslides_2018__2018-09-06__54TWN__transformer_v1_32-10mc,https://hyp3-tibet-jpl-test-contentbucket-hratibh1y9pa.s3.us-west-2.amazonaws.com/c4e51cf4-e7bc-416a-8654-eb03ca133c49/OPERA_L3_DIST-ALERT-S1_T54TWN_20181031T082652Z_20251215T210044Z_S1B_30_v0.1.zip,s3://hyp3-tibet-jpl-test-contentbucket-hratibh1y9pac4e51cf4-e7bc-416a-8654-eb03ca133c49/OPERA_L3_DIST-ALERT-S1_T54TWN_20181031T082652Z_20251215T210044Z_S1B_30_v0.1,https://hyp3-tibet-jpl-test-contentbucket-hratibh1y9pa.s3.us-west-2.amazonaws.com/c4e51cf4-e7bc-416a-8654-eb03ca133c49/OPERA_L3_DIST-ALERT-S1_T54TWN_20181031T082652Z_20251215T210044Z_S1B_30_v0.1.png,2025-12-15T20:44:44+00:00,664.958,4.5,54TWN,1,23,4,none,False,transformer_v1_32,high,32,10,2018-10-31,68,2.5,4,best,none,False
hokkaido_landslides_2018__2018-09-06__54TWN__transformer_v1_32-10mc,https://hyp3-tibet-jpl-test-contentbucket-hratibh1y9pa.s3.us-west-2.amazonaws.com/94d3f36e-220c-4f9d-bc6f-d01c4d401a7a/OPERA_L3_DIST-ALERT-S1_T54TWN_20181011T204120Z_20251215T205644Z_S1A_30_v0.1.zip,s3://hyp3-tibet-jpl-test-contentbucket-hratibh1y9pa94d3f36e-220c-4f9d-bc6f-d01c4d401a7a/OPERA_L3_DIST-ALERT-S1_T54TWN_20181011T204120Z_20251215T205644Z_S1A_30_v0.1,https://hyp3-tibet-jpl-test-contentbucket-hratibh1y9pa.s3.us-west-2.amazonaws.com/94d3f36e-220c-4f9d-bc6f-d01c4d401a7a/OPERA_L3_DIST-ALERT-S1_T54TWN_20181011T204120Z_20251215T205644Z_S1A_30_v0.1.png,2025-12-15T20:44:44+00:00,421.048,4.5,54TWN,1,23,4,none,False,transformer_v1_32,high,32,10,2018-10-11,46,2.5,4,best,none,False
durkee_fire_2024__2024-07-17__11TMK__transformer_v1_32-10mc,https://hyp3-tibet-jpl-test-contentbucket-hratibh1y9pa.s3.us-west-2.amazonaws.com/3842d08e-114e-46de-86e1-7d185d5dec53/OPERA_L3_DIST-ALERT-S1_T11TMK_20240820T013707Z_20251215T205310Z_S1A_30_v0.1.zip,s3://hyp3-tibet-jpl-test-contentbucket-hratibh1y9pa3842d08e-114e-46de-86e1-7d185d5dec53/OPERA_L3_DIST-ALERT-S1_T11TMK_20240820T013707Z_20251215T205310Z_S1A_30_v0.1,https://hyp3-tibet-jpl-test-contentbucket-hratibh1y9pa.s3.us-west-2.amazonaws.com/3842d08e-114e-46de-86e1-7d185d5dec53/OPERA_L3_DIST-ALERT-S1_T11TMK_20240820T013707Z_20251215T205310Z_S1A_30_v0.1.png,2025-12-15T20:44:44+00:00,196.607,4.5,11TMK,1,23,4,none,False,transformer_v1_32,high,32,10,2024-08-20,93,2.5,4,best,none,False
mai_mahiu_flood_and_landslides_2024__2024-04-29__37MBU__transformer_v1_32-10mc,https://hyp3-tibet-jpl-test-contentbucket-hratibh1y9pa.s3.us-west-2.amazonaws.com/dd05d934-059b-478a-9924-f1ea02d532ea/OPERA_L3_DIST-ALERT-S1_T37MBU_20240518T155632Z_20251215T210125Z_S1A_30_v0.1.zip,s3://hyp3-tibet-jpl-test-contentbucket-hratibh1y9padd05d934-059b-478a-9924-f1ea02d532ea/OPERA_L3_DIST-ALERT-S1_T37MBU_20240518T155632Z_20251215T210125Z_S1A_30_v0.1,https://hyp3-tibet-jpl-test-contentbucket-hratibh1y9pa.s3.us-west-2.amazonaws.com/dd05d934-059b-478a-9924-f1ea02d532ea/OPERA_L3_DIST-ALERT-S1_T37MBU_20240518T155632Z_20251215T210125Z_S1A_30_v0.1.png,2025-12-15T20:44:44+00:00,701.073,4.5,37MBU,1,23,4,none,False,transformer_v1_32,high,32,10,2024-05-18,130,2.5,4,best,none,False
los_angeles_fires_2025__2025-01-04__11SLT__transformer_v1_32-10mc,https://hyp3-tibet-jpl-test-contentbucket-hratibh1y9pa.s3.us-west-2.amazonaws.com/d11e208c-2779-4e99-9d16-39f3585d8d55/OPERA_L3_DIST-ALERT-S1_T11SLT_20250202T015029Z_20251215T205739Z_S1A_30_v0.1.zip,s3://hyp3-tibet-jpl-test-contentbucket-hratibh1y9pad11e208c-2779-4e99-9d16-39f3585d8d55/OPERA_L3_DIST-ALERT-S1_T11SLT_20250202T015029Z_20251215T205739Z_S1A_30_v0.1,https://hyp3-tibet-jpl-test-contentbucket-hratibh1y9pa.s3.us-west-2.amazonaws.com/d11e208c-2779-4e99-9d16-39f3585d8d55/OPERA_L3_DIST-ALERT-S1_T11SLT_20250202T015029Z_20251215T205739Z_S1A_30_v0.1.png,2025-12-15T20:44:44+00:00,472.466,4.5,11SLT,1,23,4,none,False,transformer_v1_32,high,32,10,2025-02-02,64,2.5,4,best,none,False
los_angeles_fires_2025__2025-01-04__11SLT__transformer_v1_32-10mc,https://hyp3-tibet-jpl-test-contentbucket-hratibh1y9pa.s3.us-west-2.amazonaws.com/59dfdb2c-671f-4942-862a-92952b40a3b2/OPERA_L3_DIST-ALERT-S1_T11SLT_20250214T015029Z_20251215T205735Z_S1A_30_v0.1.zip,s3://hyp3-tibet-jpl-test-contentbucket-hratibh1y9pa59dfdb2c-671f-4942-862a-92952b40a3b2/OPERA_L3_DIST-ALERT-S1_T11SLT_20250214T015029Z_20251215T205735Z_S1A_30_v0.1,https://hyp3-tibet-jpl-test-contentbucket-hratibh1y9pa.s3.us-west-2.amazonaws.com/59dfdb2c-671f-4942-862a-92952b40a3b2/OPERA_L3_DIST-ALERT-S1_T11SLT_20250214T015029Z_20251215T205735Z_S1A_30_v0.1.png,2025-12-15T20:44:44+00:00,471.111,4.5,11SLT,1,23,4,none,False,transformer_v1_32,high,32,10,2025-02-14,64,2.5,4,best,none,False
los_angeles_fires_2025__2025-01-04__11SLT__transformer_v1_32-10mc,https://hyp3-tibet-jpl-test-contentbucket-hratibh1y9pa.s3.us-west-2.amazonaws.com/c314a4d8-0f39-4bc6-9107-e02ab4a03da7/OPERA_L3_DIST-ALERT-S1_T11SLT_20241216T015033Z_20251215T205650Z_S1A_30_v0.1.zip,s3://hyp3-tibet-jpl-test-contentbucket-hratibh1y9pac314a4d8-0f39-4bc6-9107-e02ab4a03da7/OPERA_L3_DIST-ALERT-S1_T11SLT_20241216T015033Z_20251215T205650Z_S1A_30_v0.1,https://hyp3-tibet-jpl-test-contentbucket-hratibh1y9pa.s3.us-west-2.amazonaws.com/c314a4d8-0f39-4bc6-9107-e02ab4a03da7/OPERA_L3_DIST-ALERT-S1_T11SLT_20241216T015033Z_20251215T205650Z_S1A_30_v0.1.png,2025-12-15T20:44:44+00:00,419.129,4.5,11SLT,1,23,4,none,False,transformer_v1_32,high,32,10,2024-12-16,64,2.5,4,best,none,False
chile_fire_2024__2024-02-04__19HBD__transformer_v1_32-10mc,https://hyp3-tibet-jpl-test-contentbucket-hratibh1y9pa.s3.us-west-2.amazonaws.com/93f7a919-e3b0-4eed-be55-bc644a449abb/OPERA_L3_DIST-ALERT-S1_T19HBD_20240121T100430Z_20251215T210303Z_S1A_30_v0.1.zip,s3://hyp3-tibet-jpl-test-contentbucket-hratibh1y9pa93f7a919-e3b0-4eed-be55-bc644a449abb/OPERA_L3_DIST-ALERT-S1_T19HBD_20240121T100430Z_20251215T210303Z_S1A_30_v0.1,https://hyp3-tibet-jpl-test-contentbucket-hratibh1y9pa.s3.us-west-2.amazonaws.com/93f7a919-e3b0-4eed-be55-bc644a449abb/OPERA_L3_DIST-ALERT-S1_T19HBD_20240121T100430Z_20251215T210303Z_S1A_30_v0.1.png,2025-12-15T20:44:44+00:00,798.215,4.5,19HBD,1,23,4,none,False,transformer_v1_32,high,32,10,2024-01-21,156,2.5,4,best,none,False
afghanistan_flood_2024__2024-05-11__42SWF__transformer_v1_32-10mc,https://hyp3-tibet-jpl-test-contentbucket-hratibh1y9pa.s3.us-west-2.amazonaws.com/8802c13b-4ea7-4889-a59a-13945fddeab1/OPERA_L3_DIST-ALERT-S1_T42SWF_20240502T132228Z_20251215T210222Z_S1A_30_v0.1.zip,s3://hyp3-tibet-jpl-test-contentbucket-hratibh1y9pa8802c13b-4ea7-4889-a59a-13945fddeab1/OPERA_L3_DIST-ALERT-S1_T42SWF_20240502T132228Z_20251215T210222Z_S1A_30_v0.1,https://hyp3-tibet-jpl-test-contentbucket-hratibh1y9pa.s3.us-west-2.amazonaws.com/8802c13b-4ea7-4889-a59a-13945fddeab1/OPERA_L3_DIST-ALERT-S1_T42SWF_20240502T132228Z_20251215T210222Z_S1A_30_v0.1.png,2025-12-15T20:44:44+00:00,760.983,4.5,42SWF,1,23,4,none,False,transformer_v1_32,high,32,10,2024-05-02,71,2.5,4,best,none,False
durkee_fire_2024__2024-07-17__11TMK__transformer_v1_32-10mc,https://hyp3-tibet-jpl-test-contentbucket-hratibh1y9pa.s3.us-west-2.amazonaws.com/097ab0a8-29bd-4768-ae6d-23f0f886e98d/OPERA_L3_DIST-ALERT-S1_T11TMK_20240713T134958Z_20251215T205503Z_S1A_30_v0.1.zip,s3://hyp3-tibet-jpl-test-contentbucket-hratibh1y9pa097ab0a8-29bd-4768-ae6d-23f0f886e98d/OPERA_L3_DIST-ALERT-S1_T11TMK_20240713T134958Z_20251215T205503Z_S1A_30_v0.1,https://hyp3-tibet-jpl-test-contentbucket-hratibh1y9pa.s3.us-west-2.amazonaws.com/097ab0a8-29bd-4768-ae6d-23f0f886e98d/OPERA_L3_DIST-ALERT-S1_T11TMK_20240713T134958Z_20251215T205503Z_S1A_30_v0.1.png,2025-12-15T20:44:44+00:00,311.04,4.5,11TMK,1,23,4,none,False,transformer_v1_32,high,32,10,2024-07-13,71,2.5,4,best,none,False
afghanistan_flood_2024__2024-05-11__42SWF__transformer_v1_32-10mc,https://hyp3-tibet-jpl-test-contentbucket-hratibh1y9pa.s3.us-west-2.amazonaws.com/56d2095c-0b3f-4f69-b894-1cb53c2f40aa/OPERA_L3_DIST-ALERT-S1_T42SWF_20240414T013129Z_20251215T205716Z_S1A_30_v0.1.zip,s3://hyp3-tibet-jpl-test-contentbucket-hratibh1y9pa56d2095c-0b3f-4f69-b894-1cb53c2f40aa/OPERA_L3_DIST-ALERT-S1_T42SWF_20240414T013129Z_20251215T205716Z_S1A_30_v0.1,https://hyp3-tibet-jpl-test-contentbucket-hratibh1y9pa.s3.us-west-2.amazonaws.com/56d2095c-0b3f-4f69-b894-1cb53c2f40aa/OPERA_L3_DIST-ALERT-S1_T42SWF_20240414T013129Z_20251215T205716Z_S1A_30_v0.1.png,2025-12-15T20:44:44+00:00,447.328,4.5,42SWF,1,23,4,none,False,transformer_v1_32,high,32,10,2024-04-14,151,2.5,4,best,none,False
durkee_fire_2024__2024-07-17__11TMK__transformer_v1_32-10mc,https://hyp3-tibet-jpl-test-contentbucket-hratibh1y9pa.s3.us-west-2.amazonaws.com/eac973f9-1479-44aa-9ca6-ba5c1416ebcb/OPERA_L3_DIST-ALERT-S1_T11TMK_20240823T135803Z_20251215T210557Z_S1A_30_v0.1.zip,s3://hyp3-tibet-jpl-test-contentbucket-hratibh1y9paeac973f9-1479-44aa-9ca6-ba5c1416ebcb/OPERA_L3_DIST-ALERT-S1_T11TMK_20240823T135803Z_20251215T210557Z_S1A_30_v0.1,https://hyp3-tibet-jpl-test-contentbucket-hratibh1y9pa.s3.us-west-2.amazonaws.com/eac973f9-1479-44aa-9ca6-ba5c1416ebcb/OPERA_L3_DIST-ALERT-S1_T11TMK_20240823T135803Z_20251215T210557Z_S1A_30_v0.1.png,2025-12-15T20:44:44+00:00,978.897,4.5,11TMK,1,23,4,none,False,transformer_v1_32,high,32,10,2024-08-23,144,2.5,4,best,none,False
chile_fire_2024__2024-02-04__19HBD__transformer_v1_32-10mc,https://hyp3-tibet-jpl-test-contentbucket-hratibh1y9pa.s3.us-west-2.amazonaws.com/381787df-1d59-41eb-899b-a6e2b6906dc8/OPERA_L3_DIST-ALERT-S1_T19HBD_20240228T232836Z_20251215T210531Z_S1A_30_v0.1.zip,s3://hyp3-tibet-jpl-test-contentbucket-hratibh1y9pa381787df-1d59-41eb-899b-a6e2b6906dc8/OPERA_L3_DIST-ALERT-S1_T19HBD_20240228T232836Z_20251215T210531Z_S1A_30_v0.1,https://hyp3-tibet-jpl-test-contentbucket-hratibh1y9pa.s3.us-west-2.amazonaws.com/381787df-1d59-41eb-899b-a6e2b6906dc8/OPERA_L3_DIST-ALERT-S1_T19HBD_20240228T232836Z_20251215T210531Z_S1A_30_v0.1.png,2025-12-15T20:44:44+00:00,946.736,4.5,19HBD,1,23,4,none,False,transformer_v1_32,high,32,10,2024-02-28,18,2.5,4,best,none,False
los_angeles_fires_2025__2025-01-04__11SLT__transformer_v1_32-10mc,https://hyp3-tibet-jpl-test-contentbucket-hratibh1y9pa.s3.us-west-2.amazonaws.com/75359dec-9342-47b1-ad6a-1fb66461db00/OPERA_L3_DIST-ALERT-S1_T11SLT_20241209T015842Z_20251215T210039Z_S1A_30_v0.1.zip,s3://hyp3-tibet-jpl-test-contentbucket-hratibh1y9pa75359dec-9342-47b1-ad6a-1fb66461db00/OPERA_L3_DIST-ALERT-S1_T11SLT_20241209T015842Z_20251215T210039Z_S1A_30_v0.1,https://hyp3-tibet-jpl-test-contentbucket-hratibh1y9pa.s3.us-west-2.amazonaws.com/75359dec-9342-47b1-ad6a-1fb66461db00/OPERA_L3_DIST-ALERT-S1_T11SLT_20241209T015842Z_20251215T210039Z_S1A_30_v0.1.png,2025-12-15T20:44:44+00:00,652.941,4.5,11SLT,1,23,4,none,False,transformer_v1_32,high,32,10,2024-12-09,137,2.5,4,best,none,False
afghanistan_flood_2024__2024-05-11__42SWF__transformer_v1_32-10mc,https://hyp3-tibet-jpl-test-contentbucket-hratibh1y9pa.s3.us-west-2.amazonaws.com/7db9fd9d-deb1-46c4-b28c-03b91b778e82/OPERA_L3_DIST-ALERT-S1_T42SWF_20240601T013130Z_20251215T205724Z_S1A_30_v0.1.zip,s3://hyp3-tibet-jpl-test-contentbucket-hratibh1y9pa7db9fd9d-deb1-46c4-b28c-03b91b778e82/OPERA_L3_DIST-ALERT-S1_T42SWF_20240601T013130Z_20251215T205724Z_S1A_30_v0.1,https://hyp3-tibet-jpl-test-contentbucket-hratibh1y9pa.s3.us-west-2.amazonaws.com/7db9fd9d-deb1-46c4-b28c-03b91b778e82/OPERA_L3_DIST-ALERT-S1_T42SWF_20240601T013130Z_20251215T205724Z_S1A_30_v0.1.png,2025-12-15T20:44:44+00:00,451.319,4.5,42SWF,1,23,4,none,False,transformer_v1_32,high,32,10,2024-06-01,151,2.5,4,best,none,False
los_angeles_fires_2025__2025-01-04__11SLT__transformer_v1_32-10mc,https://hyp3-tibet-jpl-test-contentbucket-hratibh1y9pa.s3.us-west-2.amazonaws.com/8436959c-6f5a-45af-9941-2670388852e2/OPERA_L3_DIST-ALERT-S1_T11SLT_20250102T015840Z_20251215T210004Z_S1A_30_v0.1.zip,s3://hyp3-tibet-jpl-test-contentbucket-hratibh1y9pa8436959c-6f5a-45af-9941-2670388852e2/OPERA_L3_DIST-ALERT-S1_T11SLT_20250102T015840Z_20251215T210004Z_S1A_30_v0.1,https://hyp3-tibet-jpl-test-contentbucket-hratibh1y9pa.s3.us-west-2.amazonaws.com/8436959c-6f5a-45af-9941-2670388852e2/OPERA_L3_DIST-ALERT-S1_T11SLT_20250102T015840Z_20251215T210004Z_S1A_30_v0.1.png,2025-12-15T20:44:44+00:00,618.781,4.5,11SLT,1,23,4,none,False,transformer_v1_32,high,32,10,2025-01-02,137,2.5,4,best,none,False
afghanistan_flood_2024__2024-05-11__42SWF__transformer_v1_32-10mc,https://hyp3-tibet-jpl-test-contentbucket-hratibh1y9pa.s3.us-west-2.amazonaws.com/3d8ca6c7-4976-43e2-aba1-812949719aec/OPERA_L3_DIST-ALERT-S1_T42SWF_20240626T131418Z_20251215T205747Z_S1A_30_v0.1.zip,s3://hyp3-tibet-jpl-test-contentbucket-hratibh1y9pa3d8ca6c7-4976-43e2-aba1-812949719aec/OPERA_L3_DIST-ALERT-S1_T42SWF_20240626T131418Z_20251215T205747Z_S1A_30_v0.1,https://hyp3-tibet-jpl-test-contentbucket-hratibh1y9pa.s3.us-west-2.amazonaws.com/3d8ca6c7-4976-43e2-aba1-812949719aec/OPERA_L3_DIST-ALERT-S1_T42SWF_20240626T131418Z_20251215T205747Z_S1A_30_v0.1.png,2025-12-15T20:44:44+00:00,481.11,4.5,42SWF,1,23,4,none,False,transformer_v1_32,high,32,10,2024-06-26,173,2.5,4,best,none,False
durkee_fire_2024__2024-07-17__11TMK__transformer_v1_32-10mc,https://hyp3-tibet-jpl-test-contentbucket-hratibh1y9pa.s3.us-west-2.amazonaws.com/7943a5fe-4d57-45c6-9088-5b93dd2b0e12/OPERA_L3_DIST-ALERT-S1_T11TMK_20240730T135803Z_20251215T210554Z_S1A_30_v0.1.zip,s3://hyp3-tibet-jpl-test-contentbucket-hratibh1y9pa7943a5fe-4d57-45c6-9088-5b93dd2b0e12/OPERA_L3_DIST-ALERT-S1_T11TMK_20240730T135803Z_20251215T210554Z_S1A_30_v0.1,https://hyp3-tibet-jpl-test-contentbucket-hratibh1y9pa.s3.us-west-2.amazonaws.com/7943a5fe-4d57-45c6-9088-5b93dd2b0e12/OPERA_L3_DIST-ALERT-S1_T11TMK_20240730T135803Z_20251215T210554Z_S1A_30_v0.1.png,2025-12-15T20:44:44+00:00,971.85,4.5,11TMK,1,23,4,none,False,transformer_v1_32,high,32,10,2024-07-30,144,2.5,4,best,none,False
cipongkor_landslides_2024__2024-03-24__48MYT__transformer_v1_32-10mc,https://hyp3-tibet-jpl-test-contentbucket-hratibh1y9pa.s3.us-west-2.amazonaws.com/dfdfbfec-08a1-4815-86f9-af199b414f51/OPERA_L3_DIST-ALERT-S1_T48MYT_20240308T222604Z_20251215T205751Z_S1A_30_v0.1.zip,s3://hyp3-tibet-jpl-test-contentbucket-hratibh1y9padfdfbfec-08a1-4815-86f9-af199b414f51/OPERA_L3_DIST-ALERT-S1_T48MYT_20240308T222604Z_20251215T205751Z_S1A_30_v0.1,https://hyp3-tibet-jpl-test-contentbucket-hratibh1y9pa.s3.us-west-2.amazonaws.com/dfdfbfec-08a1-4815-86f9-af199b414f51/OPERA_L3_DIST-ALERT-S1_T48MYT_20240308T222604Z_20251215T205751Z_S1A_30_v0.1.png,2025-12-15T20:44:44+00:00,492.378,4.5,48MYT,1,23,4,none,False,transformer_v1_32,high,32,10,2024-03-08,149,2.5,4,best,none,False
afghanistan_flood_2024__2024-05-11__42SWF__transformer_v1_32-10mc,https://hyp3-tibet-jpl-test-contentbucket-hratibh1y9pa.s3.us-west-2.amazonaws.com/f97129e1-43fc-45ab-9679-52cbbe42debf/OPERA_L3_DIST-ALERT-S1_T42SWF_20240625T013129Z_20251215T205655Z_S1A_30_v0.1.zip,s3://hyp3-tibet-jpl-test-contentbucket-hratibh1y9paf97129e1-43fc-45ab-9679-52cbbe42debf/OPERA_L3_DIST-ALERT-S1_T42SWF_20240625T013129Z_20251215T205655Z_S1A_30_v0.1,https://hyp3-tibet-jpl-test-contentbucket-hratibh1y9pa.s3.us-west-2.amazonaws.com/f97129e1-43fc-45ab-9679-52cbbe42debf/OPERA_L3_DIST-ALERT-S1_T42SWF_20240625T013129Z_20251215T205655Z_S1A_30_v0.1.png,2025-12-15T20:44:44+00:00,423.183,4.5,42SWF,1,23,4,none,False,transformer_v1_32,high,32,10,2024-06-25,151,2.5,4,best,none,False
afghanistan_flood_2024__2024-05-11__42SWF__transformer_v1_32-10mc,https://hyp3-tibet-jpl-test-contentbucket-hratibh1y9pa.s3.us-west-2.amazonaws.com/20dddfa3-ce72-4387-a338-51eae04c7c0f/OPERA_L3_DIST-ALERT-S1_T42SWF_20240701T132226Z_20251215T210434Z_S1A_30_v0.1.zip,s3://hyp3-tibet-jpl-test-contentbucket-hratibh1y9pa20dddfa3-ce72-4387-a338-51eae04c7c0f/OPERA_L3_DIST-ALERT-S1_T42SWF_20240701T132226Z_20251215T210434Z_S1A_30_v0.1,https://hyp3-tibet-jpl-test-contentbucket-hratibh1y9pa.s3.us-west-2.amazonaws.com/20dddfa3-ce72-4387-a338-51eae04c7c0f/OPERA_L3_DIST-ALERT-S1_T42SWF_20240701T132226Z_20251215T210434Z_S1A_30_v0.1.png,2025-12-15T20:44:44+00:00,900.792,4.5,42SWF,1,23,4,none,False,transformer_v1_32,high,32,10,2024-07-01,71,2.5,4,best,none,False
cipongkor_landslides_2024__2024-03-24__48MYT__transformer_v1_32-10mc,https://hyp3-tibet-jpl-test-contentbucket-hratibh1y9pa.s3.us-west-2.amazonaws.com/bd460fa5-71d0-48af-9ae1-0519e5b24be4/OPERA_L3_DIST-ALERT-S1_T48MYT_20240504T111518Z_20251215T210326Z_S1A_30_v0.1.zip,s3://hyp3-tibet-jpl-test-contentbucket-hratibh1y9pabd460fa5-71d0-48af-9ae1-0519e5b24be4/OPERA_L3_DIST-ALERT-S1_T48MYT_20240504T111518Z_20251215T210326Z_S1A_30_v0.1,https://hyp3-tibet-jpl-test-contentbucket-hratibh1y9pa.s3.us-west-2.amazonaws.com/bd460fa5-71d0-48af-9ae1-0519e5b24be4/OPERA_L3_DIST-ALERT-S1_T48MYT_20240504T111518Z_20251215T210326Z_S1A_30_v0.1.png,2025-12-15T20:44:44+00:00,833.953,4.5,48MYT,1,23,4,none,False,transformer_v1_32,high,32,10,2024-05-04,98,2.5,4,best,none,False
durkee_fire_2024__2024-07-17__11TMK__transformer_v1_32-10mc,https://hyp3-tibet-jpl-test-contentbucket-hratibh1y9pa.s3.us-west-2.amazonaws.com/7293b209-1c8e-4c1d-9566-b1d7000d962a/OPERA_L3_DIST-ALERT-S1_T11TMK_20240711T140624Z_20251215T205404Z_S1A_30_v0.1.zip,s3://hyp3-tibet-jpl-test-contentbucket-hratibh1y9pa7293b209-1c8e-4c1d-9566-b1d7000d962a/OPERA_L3_DIST-ALERT-S1_T11TMK_20240711T140624Z_20251215T205404Z_S1A_30_v0.1,https://hyp3-tibet-jpl-test-contentbucket-hratibh1y9pa.s3.us-west-2.amazonaws.com/7293b209-1c8e-4c1d-9566-b1d7000d962a/OPERA_L3_DIST-ALERT-S1_T11TMK_20240711T140624Z_20251215T205404Z_S1A_30_v0.1.png,2025-12-15T20:44:44+00:00,249.898,4.5,11TMK,1,23,4,none,False,transformer_v1_32,high,32,10,2024-07-11,42,2.5,4,best,none,False
mai_mahiu_flood_and_landslides_2024__2024-04-29__37MBU__transformer_v1_32-10mc,https://hyp3-tibet-jpl-test-contentbucket-hratibh1y9pa.s3.us-west-2.amazonaws.com/50a76238-60ac-4b5c-bd8d-8e89a245c782/OPERA_L3_DIST-ALERT-S1_T37MBU_20240623T155631Z_20251215T205934Z_S1A_30_v0.1.zip,s3://hyp3-tibet-jpl-test-contentbucket-hratibh1y9pa50a76238-60ac-4b5c-bd8d-8e89a245c782/OPERA_L3_DIST-ALERT-S1_T37MBU_20240623T155631Z_20251215T205934Z_S1A_30_v0.1,https://hyp3-tibet-jpl-test-contentbucket-hratibh1y9pa.s3.us-west-2.amazonaws.com/50a76238-60ac-4b5c-bd8d-8e89a245c782/OPERA_L3_DIST-ALERT-S1_T37MBU_20240623T155631Z_20251215T205934Z_S1A_30_v0.1.png,2025-12-15T20:44:44+00:00,588.315,4.5,37MBU,1,23,4,none,False,transformer_v1_32,high,32,10,2024-06-23,130,2.5,4,best,none,False
cipongkor_landslides_2024__2024-03-24__48MYT__transformer_v1_32-10mc,https://hyp3-tibet-jpl-test-contentbucket-hratibh1y9pa.s3.us-west-2.amazonaws.com/1f21aaa9-22dd-4b11-9f73-7ecf3ea27dac/OPERA_L3_DIST-ALERT-S1_T48MYT_20240512T223413Z_20251215T205659Z_S1A_30_v0.1.zip,s3://hyp3-tibet-jpl-test-contentbucket-hratibh1y9pa1f21aaa9-22dd-4b11-9f73-7ecf3ea27dac/OPERA_L3_DIST-ALERT-S1_T48MYT_20240512T223413Z_20251215T205659Z_S1A_30_v0.1,https://hyp3-tibet-jpl-test-contentbucket-hratibh1y9pa.s3.us-west-2.amazonaws.com/1f21aaa9-22dd-4b11-9f73-7ecf3ea27dac/OPERA_L3_DIST-ALERT-S1_T48MYT_20240512T223413Z_20251215T205659Z_S1A_30_v0.1.png,2025-12-15T20:44:44+00:00,430.709,4.5,48MYT,1,23,4,none,False,transformer_v1_32,high,32,10,2024-05-12,47,2.5,4,best,none,False
los_angeles_fires_2025__2025-01-04__11SLT__transformer_v1_32-10mc,https://hyp3-tibet-jpl-test-contentbucket-hratibh1y9pa.s3.us-west-2.amazonaws.com/f84f8e04-efca-45da-bdb8-4d2a5a38c7cc/OPERA_L3_DIST-ALERT-S1_T11SLT_20250202T135246Z_20251215T210545Z_S1A_30_v0.1.zip,s3://hyp3-tibet-jpl-test-contentbucket-hratibh1y9paf84f8e04-efca-45da-bdb8-4d2a5a38c7cc/OPERA_L3_DIST-ALERT-S1_T11SLT_20250202T135246Z_20251215T210545Z_S1A_30_v0.1,https://hyp3-tibet-jpl-test-contentbucket-hratibh1y9pa.s3.us-west-2.amazonaws.com/f84f8e04-efca-45da-bdb8-4d2a5a38c7cc/OPERA_L3_DIST-ALERT-S1_T11SLT_20250202T135246Z_20251215T210545Z_S1A_30_v0.1.png,2025-12-15T20:44:44+00:00,963.828,4.5,11SLT,1,23,4,none,False,transformer_v1_32,high,32,10,2025-02-02,71,2.5,4,best,none,False
durkee_fire_2024__2024-07-17__11TMK__transformer_v1_32-10mc,https://hyp3-tibet-jpl-test-contentbucket-hratibh1y9pa.s3.us-west-2.amazonaws.com/56607ab0-2624-49c5-984f-8d9c7546343a/OPERA_L3_DIST-ALERT-S1_T11TMK_20240621T013708Z_20251215T205259Z_S1A_30_v0.1.zip,s3://hyp3-tibet-jpl-test-contentbucket-hratibh1y9pa56607ab0-2624-49c5-984f-8d9c7546343a/OPERA_L3_DIST-ALERT-S1_T11TMK_20240621T013708Z_20251215T205259Z_S1A_30_v0.1,https://hyp3-tibet-jpl-test-contentbucket-hratibh1y9pa.s3.us-west-2.amazonaws.com/56607ab0-2624-49c5-984f-8d9c7546343a/OPERA_L3_DIST-ALERT-S1_T11TMK_20240621T013708Z_20251215T205259Z_S1A_30_v0.1.png,2025-12-15T20:44:44+00:00,185.577,4.5,11TMK,1,23,4,none,False,transformer_v1_32,high,32,10,2024-06-21,93,2.5,4,best,none,False
durkee_fire_2024__2024-07-17__11TMJ__transformer_v1_32-10mc,https://hyp3-tibet-jpl-test-contentbucket-hratibh1y9pa.s3.us-west-2.amazonaws.com/e53b2392-ddea-4da6-97f8-e44f45e8e2e2/OPERA_L3_DIST-ALERT-S1_T11TMJ_20240701T135010Z_20251215T205459Z_S1A_30_v0.1.zip,s3://hyp3-tibet-jpl-test-contentbucket-hratibh1y9pae53b2392-ddea-4da6-97f8-e44f45e8e2e2/OPERA_L3_DIST-ALERT-S1_T11TMJ_20240701T135010Z_20251215T205459Z_S1A_30_v0.1,https://hyp3-tibet-jpl-test-contentbucket-hratibh1y9pa.s3.us-west-2.amazonaws.com/e53b2392-ddea-4da6-97f8-e44f45e8e2e2/OPERA_L3_DIST-ALERT-S1_T11TMJ_20240701T135010Z_20251215T205459Z_S1A_30_v0.1.png,2025-12-15T20:44:44+00:00,307.466,4.5,11TMJ,1,23,4,none,False,transformer_v1_32,high,32,10,2024-07-01,71,2.5,4,best,none,False
durkee_fire_2024__2024-07-17__11TMJ__transformer_v1_32-10mc,https://hyp3-tibet-jpl-test-contentbucket-hratibh1y9pa.s3.us-west-2.amazonaws.com/d9cb21ce-01e2-4679-a0f2-2512ba4a8354/OPERA_L3_DIST-ALERT-S1_T11TMJ_20240816T140632Z_20251215T205727Z_S1A_30_v0.1.zip,s3://hyp3-tibet-jpl-test-contentbucket-hratibh1y9pad9cb21ce-01e2-4679-a0f2-2512ba4a8354/OPERA_L3_DIST-ALERT-S1_T11TMJ_20240816T140632Z_20251215T205727Z_S1A_30_v0.1,https://hyp3-tibet-jpl-test-contentbucket-hratibh1y9pa.s3.us-west-2.amazonaws.com/d9cb21ce-01e2-4679-a0f2-2512ba4a8354/OPERA_L3_DIST-ALERT-S1_T11TMJ_20240816T140632Z_20251215T205727Z_S1A_30_v0.1.png,2025-12-15T20:44:44+00:00,449.838,4.5,11TMJ,1,23,4,none,False,transformer_v1_32,high,32,10,2024-08-16,42,2.5,4,best,none,False
los_angeles_fires_2025__2025-01-04__11SLT__transformer_v1_32-10mc,https://hyp3-tibet-jpl-test-contentbucket-hratibh1y9pa.s3.us-west-2.amazonaws.com/a9434f12-79b5-46fa-81b1-8b53642169a8/OPERA_L3_DIST-ALERT-S1_T11SLT_20250219T015837Z_20251215T205951Z_S1A_30_v0.1.zip,s3://hyp3-tibet-jpl-test-contentbucket-hratibh1y9paa9434f12-79b5-46fa-81b1-8b53642169a8/OPERA_L3_DIST-ALERT-S1_T11SLT_20250219T015837Z_20251215T205951Z_S1A_30_v0.1,https://hyp3-tibet-jpl-test-contentbucket-hratibh1y9pa.s3.us-west-2.amazonaws.com/a9434f12-79b5-46fa-81b1-8b53642169a8/OPERA_L3_DIST-ALERT-S1_T11SLT_20250219T015837Z_20251215T205951Z_S1A_30_v0.1.png,2025-12-15T20:44:44+00:00,600.507,4.5,11SLT,1,23,4,none,False,transformer_v1_32,high,32,10,2025-02-19,137,2.5,4,best,none,False
chile_fire_2024__2024-02-04__19HBD__transformer_v1_32-10mc,https://hyp3-tibet-jpl-test-contentbucket-hratibh1y9pa.s3.us-west-2.amazonaws.com/fc54276e-1d59-48c6-a4a9-b7a291ba965d/OPERA_L3_DIST-ALERT-S1_T19HBD_20240214T100429Z_20251215T210415Z_S1A_30_v0.1.zip,s3://hyp3-tibet-jpl-test-contentbucket-hratibh1y9pafc54276e-1d59-48c6-a4a9-b7a291ba965d/OPERA_L3_DIST-ALERT-S1_T19HBD_20240214T100429Z_20251215T210415Z_S1A_30_v0.1,https://hyp3-tibet-jpl-test-contentbucket-hratibh1y9pa.s3.us-west-2.amazonaws.com/fc54276e-1d59-48c6-a4a9-b7a291ba965d/OPERA_L3_DIST-ALERT-S1_T19HBD_20240214T100429Z_20251215T210415Z_S1A_30_v0.1.png,2025-12-15T20:44:44+00:00,863.079,4.5,19HBD,1,23,4,none,False,transformer_v1_32,high,32,10,2024-02-14,156,2.5,4,best,none,False
los_angeles_fires_2025__2025-01-04__11SLT__transformer_v1_32-10mc,https://hyp3-tibet-jpl-test-contentbucket-hratibh1y9pa.s3.us-west-2.amazonaws.com/b0707c04-8bad-484c-aed6-e3822ebb9f76/OPERA_L3_DIST-ALERT-S1_T11SLT_20250214T135245Z_20251215T210609Z_S1A_30_v0.1.zip,s3://hyp3-tibet-jpl-test-contentbucket-hratibh1y9pab0707c04-8bad-484c-aed6-e3822ebb9f76/OPERA_L3_DIST-ALERT-S1_T11SLT_20250214T135245Z_20251215T210609Z_S1A_30_v0.1,https://hyp3-tibet-jpl-test-contentbucket-hratibh1y9pa.s3.us-west-2.amazonaws.com/b0707c04-8bad-484c-aed6-e3822ebb9f76/OPERA_L3_DIST-ALERT-S1_T11SLT_20250214T135245Z_20251215T210609Z_S1A_30_v0.1.png,2025-12-15T20:44:44+00:00,985.795,4.5,11SLT,1,23,4,none,False,transformer_v1_32,high,32,10,2025-02-14,71,2.5,4,best,none,False
durkee_fire_2024__2024-07-17__11TMK__transformer_v1_32-10mc,https://hyp3-tibet-jpl-test-contentbucket-hratibh1y9pa.s3.us-west-2.amazonaws.com/60f3fa41-3a44-43f3-9f46-ccea16d13fd5/OPERA_L3_DIST-ALERT-S1_T11TMK_20240727T013706Z_20251215T205314Z_S1A_30_v0.1.zip,s3://hyp3-tibet-jpl-test-contentbucket-hratibh1y9pa60f3fa41-3a44-43f3-9f46-ccea16d13fd5/OPERA_L3_DIST-ALERT-S1_T11TMK_20240727T013706Z_20251215T205314Z_S1A_30_v0.1,https://hyp3-tibet-jpl-test-contentbucket-hratibh1y9pa.s3.us-west-2.amazonaws.com/60f3fa41-3a44-43f3-9f46-ccea16d13fd5/OPERA_L3_DIST-ALERT-S1_T11TMK_20240727T013706Z_20251215T205314Z_S1A_30_v0.1.png,2025-12-15T20:44:44+00:00,199.503,4.5,11TMK,1,23,4,none,False,transformer_v1_32,high,32,10,2024-07-27,93,2.5,4,best,none,False
mai_mahiu_flood_and_landslides_2024__2024-04-29__37MBU__transformer_v1_32-10mc,https://hyp3-tibet-jpl-test-contentbucket-hratibh1y9pa.s3.us-west-2.amazonaws.com/e2468429-686a-4076-a2c0-980ed06ebb2a/OPERA_L3_DIST-ALERT-S1_T37MBU_20240412T155630Z_20251215T205821Z_S1A_30_v0.1.zip,s3://hyp3-tibet-jpl-test-contentbucket-hratibh1y9pae2468429-686a-4076-a2c0-980ed06ebb2a/OPERA_L3_DIST-ALERT-S1_T37MBU_20240412T155630Z_20251215T205821Z_S1A_30_v0.1,https://hyp3-tibet-jpl-test-contentbucket-hratibh1y9pa.s3.us-west-2.amazonaws.com/e2468429-686a-4076-a2c0-980ed06ebb2a/OPERA_L3_DIST-ALERT-S1_T37MBU_20240412T155630Z_20251215T205821Z_S1A_30_v0.1.png,2025-12-15T20:44:44+00:00,522.161,4.5,37MBU,1,23,4,none,False,transformer_v1_32,high,32,10,2024-04-12,130,2.5,4,best,none,False
durkee_fire_2024__2024-07-17__11TMK__transformer_v1_32-10mc,https://hyp3-tibet-jpl-test-contentbucket-hratibh1y9pa.s3.us-west-2.amazonaws.com/9b8d2e4a-93d0-4d24-96d3-6f468762e422/OPERA_L3_DIST-ALERT-S1_T11TMK_20240725T015327Z_20251215T205255Z_S1A_30_v0.1.zip,s3://hyp3-tibet-jpl-test-contentbucket-hratibh1y9pa9b8d2e4a-93d0-4d24-96d3-6f468762e422/OPERA_L3_DIST-ALERT-S1_T11TMK_20240725T015327Z_20251215T205255Z_S1A_30_v0.1,https://hyp3-tibet-jpl-test-contentbucket-hratibh1y9pa.s3.us-west-2.amazonaws.com/9b8d2e4a-93d0-4d24-96d3-6f468762e422/OPERA_L3_DIST-ALERT-S1_T11TMK_20240725T015327Z_20251215T205255Z_S1A_30_v0.1.png,2025-12-15T20:44:44+00:00,180.534,4.5,11TMK,1,23,4,none,False,transformer_v1_32,high,32,10,2024-07-25,64,2.5,4,best,none,False
afghanistan_flood_2024__2024-05-11__42SWF__transformer_v1_32-10mc,https://hyp3-tibet-jpl-test-contentbucket-hratibh1y9pa.s3.us-west-2.amazonaws.com/e4e813a9-0808-4c94-9c4e-e6e80927ae3d/OPERA_L3_DIST-ALERT-S1_T42SWF_20240509T131419Z_20251215T205720Z_S1A_30_v0.1.zip,s3://hyp3-tibet-jpl-test-contentbucket-hratibh1y9pae4e813a9-0808-4c94-9c4e-e6e80927ae3d/OPERA_L3_DIST-ALERT-S1_T42SWF_20240509T131419Z_20251215T205720Z_S1A_30_v0.1,https://hyp3-tibet-jpl-test-contentbucket-hratibh1y9pa.s3.us-west-2.amazonaws.com/e4e813a9-0808-4c94-9c4e-e6e80927ae3d/OPERA_L3_DIST-ALERT-S1_T42SWF_20240509T131419Z_20251215T205720Z_S1A_30_v0.1.png,2025-12-15T20:44:44+00:00,448.659,4.5,42SWF,1,23,4,none,False,transformer_v1_32,high,32,10,2024-05-09,173,2.5,4,best,none,False
durkee_fire_2024__2024-07-17__11TMK__transformer_v1_32-10mc,https://hyp3-tibet-jpl-test-contentbucket-hratibh1y9pa.s3.us-west-2.amazonaws.com/85056ea1-083c-47e8-abf9-99da1db9c422/OPERA_L3_DIST-ALERT-S1_T11TMK_20240911T134958Z_20251215T205504Z_S1A_30_v0.1.zip,s3://hyp3-tibet-jpl-test-contentbucket-hratibh1y9pa85056ea1-083c-47e8-abf9-99da1db9c422/OPERA_L3_DIST-ALERT-S1_T11TMK_20240911T134958Z_20251215T205504Z_S1A_30_v0.1,https://hyp3-tibet-jpl-test-contentbucket-hratibh1y9pa.s3.us-west-2.amazonaws.com/85056ea1-083c-47e8-abf9-99da1db9c422/OPERA_L3_DIST-ALERT-S1_T11TMK_20240911T134958Z_20251215T205504Z_S1A_30_v0.1.png,2025-12-15T20:44:44+00:00,309.235,4.5,11TMK,1,23,4,none,False,transformer_v1_32,high,32,10,2024-09-11,71,2.5,4,best,none,False
bioko_fire_2024__2024-02-07__32NMJ__transformer_v1_32-10mc,https://hyp3-tibet-jpl-test-contentbucket-hratibh1y9pa.s3.us-west-2.amazonaws.com/31623e80-3a33-4979-88dd-e4f44e030ccc/OPERA_L3_DIST-ALERT-S1_T32NMJ_20240112T174457Z_20251215T210313Z_S1A_30_v0.1.zip,s3://hyp3-tibet-jpl-test-contentbucket-hratibh1y9pa31623e80-3a33-4979-88dd-e4f44e030ccc/OPERA_L3_DIST-ALERT-S1_T32NMJ_20240112T174457Z_20251215T210313Z_S1A_30_v0.1,https://hyp3-tibet-jpl-test-contentbucket-hratibh1y9pa.s3.us-west-2.amazonaws.com/31623e80-3a33-4979-88dd-e4f44e030ccc/OPERA_L3_DIST-ALERT-S1_T32NMJ_20240112T174457Z_20251215T210313Z_S1A_30_v0.1.png,2025-12-15T20:44:42+00:00,453.699,4.5,32NMJ,1,23,4,none,False,transformer_v1_32,high,32,10,2024-01-12,30,2.5,4,best,none,False
attica_fire_2024__2024-08-11__34SGH__transformer_v1_32-10mc,https://hyp3-tibet-jpl-test-contentbucket-hratibh1y9pa.s3.us-west-2.amazonaws.com/71c5a3d8-5cde-4b8e-a1f5-f64819094c98/OPERA_L3_DIST-ALERT-S1_T34SGH_20240815T161550Z_20251215T210231Z_S1A_30_v0.1.zip,s3://hyp3-tibet-jpl-test-contentbucket-hratibh1y9pa71c5a3d8-5cde-4b8e-a1f5-f64819094c98/OPERA_L3_DIST-ALERT-S1_T34SGH_20240815T161550Z_20251215T210231Z_S1A_30_v0.1,https://hyp3-tibet-jpl-test-contentbucket-hratibh1y9pa.s3.us-west-2.amazonaws.com/71c5a3d8-5cde-4b8e-a1f5-f64819094c98/OPERA_L3_DIST-ALERT-S1_T34SGH_20240815T161550Z_20251215T210231Z_S1A_30_v0.1.png,2025-12-15T20:44:42+00:00,412.302,4.5,34SGH,1,23,4,none,False,transformer_v1_32,high,32,10,2024-08-15,29,2.5,4,best,none,False
park_fire_2024__2024-07-24__10TEK__transformer_v1_32-10mc,https://hyp3-tibet-jpl-test-contentbucket-hratibh1y9pa.s3.us-west-2.amazonaws.com/e575240b-d573-4885-b68a-de5258c48fbf/OPERA_L3_DIST-ALERT-S1_T10TEK_20240909T140737Z_20251215T210151Z_S1A_30_v0.1.zip,s3://hyp3-tibet-jpl-test-contentbucket-hratibh1y9pae575240b-d573-4885-b68a-de5258c48fbf/OPERA_L3_DIST-ALERT-S1_T10TEK_20240909T140737Z_20251215T210151Z_S1A_30_v0.1,https://hyp3-tibet-jpl-test-contentbucket-hratibh1y9pa.s3.us-west-2.amazonaws.com/e575240b-d573-4885-b68a-de5258c48fbf/OPERA_L3_DIST-ALERT-S1_T10TEK_20240909T140737Z_20251215T210151Z_S1A_30_v0.1.png,2025-12-15T20:44:42+00:00,373.855,4.5,10TEK,1,23,4,none,False,transformer_v1_32,high,32,10,2024-09-09,42,2.5,4,best,none,False
demak_flood_2024__2024-03-15__49MDN__transformer_v1_32-10mc,https://hyp3-tibet-jpl-test-contentbucket-hratibh1y9pa.s3.us-west-2.amazonaws.com/21fcf5c1-7c9d-45ce-a412-9cee2e6a5d03/OPERA_L3_DIST-ALERT-S1_T49MDN_20240408T221749Z_20251215T210902Z_S1A_30_v0.1.zip,s3://hyp3-tibet-jpl-test-contentbucket-hratibh1y9pa21fcf5c1-7c9d-45ce-a412-9cee2e6a5d03/OPERA_L3_DIST-ALERT-S1_T49MDN_20240408T221749Z_20251215T210902Z_S1A_30_v0.1,https://hyp3-tibet-jpl-test-contentbucket-hratibh1y9pa.s3.us-west-2.amazonaws.com/21fcf5c1-7c9d-45ce-a412-9cee2e6a5d03/OPERA_L3_DIST-ALERT-S1_T49MDN_20240408T221749Z_20251215T210902Z_S1A_30_v0.1.png,2025-12-15T20:44:42+00:00,812.742,4.5,49MDN,1,23,4,none,False,transformer_v1_32,high,32,10,2024-04-08,76,2.5,4,best,none,False
bioko_fire_2024__2024-02-07__32NMJ__transformer_v1_32-10mc,https://hyp3-tibet-jpl-test-contentbucket-hratibh1y9pa.s3.us-west-2.amazonaws.com/41aecdfc-d7ae-45c0-aa94-3dc9d4c0c3cb/OPERA_L3_DIST-ALERT-S1_T32NMJ_20240319T051441Z_20251215T205852Z_S1A_30_v0.1.zip,s3://hyp3-tibet-jpl-test-contentbucket-hratibh1y9pa41aecdfc-d7ae-45c0-aa94-3dc9d4c0c3cb/OPERA_L3_DIST-ALERT-S1_T32NMJ_20240319T051441Z_20251215T205852Z_S1A_30_v0.1,https://hyp3-tibet-jpl-test-contentbucket-hratibh1y9pa.s3.us-west-2.amazonaws.com/41aecdfc-d7ae-45c0-aa94-3dc9d4c0c3cb/OPERA_L3_DIST-ALERT-S1_T32NMJ_20240319T051441Z_20251215T205852Z_S1A_30_v0.1.png,2025-12-15T20:44:42+00:00,255.595,4.5,32NMJ,1,23,4,none,False,transformer_v1_32,high,32,10,2024-03-19,124,2.5,4,best,none,False
bioko_fire_2024__2024-02-07__32NMJ__transformer_v1_32-10mc,https://hyp3-tibet-jpl-test-contentbucket-hratibh1y9pa.s3.us-west-2.amazonaws.com/e7aa4be8-65c0-4bbc-bf6a-62fdf760437e/OPERA_L3_DIST-ALERT-S1_T32NMJ_20240307T051440Z_20251215T205937Z_S1A_30_v0.1.zip,s3://hyp3-tibet-jpl-test-contentbucket-hratibh1y9pae7aa4be8-65c0-4bbc-bf6a-62fdf760437e/OPERA_L3_DIST-ALERT-S1_T32NMJ_20240307T051440Z_20251215T205937Z_S1A_30_v0.1,https://hyp3-tibet-jpl-test-contentbucket-hratibh1y9pa.s3.us-west-2.amazonaws.com/e7aa4be8-65c0-4bbc-bf6a-62fdf760437e/OPERA_L3_DIST-ALERT-S1_T32NMJ_20240307T051440Z_20251215T205937Z_S1A_30_v0.1.png,2025-12-15T20:44:42+00:00,300.037,4.5,32NMJ,1,23,4,none,False,transformer_v1_32,high,32,10,2024-03-07,124,2.5,4,best,none,False
demak_flood_2024__2024-03-15__49MDN__transformer_v1_32-10mc,https://hyp3-tibet-jpl-test-contentbucket-hratibh1y9pa.s3.us-west-2.amazonaws.com/3c63debf-0e77-4a7f-a32a-543ce85d19a9/OPERA_L3_DIST-ALERT-S1_T49MDN_20240303T221748Z_20251215T210801Z_S1A_30_v0.1.zip,s3://hyp3-tibet-jpl-test-contentbucket-hratibh1y9pa3c63debf-0e77-4a7f-a32a-543ce85d19a9/OPERA_L3_DIST-ALERT-S1_T49MDN_20240303T221748Z_20251215T210801Z_S1A_30_v0.1,https://hyp3-tibet-jpl-test-contentbucket-hratibh1y9pa.s3.us-west-2.amazonaws.com/3c63debf-0e77-4a7f-a32a-543ce85d19a9/OPERA_L3_DIST-ALERT-S1_T49MDN_20240303T221748Z_20251215T210801Z_S1A_30_v0.1.png,2025-12-15T20:44:42+00:00,840.496,4.5,49MDN,1,23,4,none,False,transformer_v1_32,high,32,10,2024-03-03,76,2.5,4,best,none,False
hokkaido_landslides_2018__2018-09-06__54TWN__transformer_v1_32-10mc,https://hyp3-tibet-jpl-test-contentbucket-hratibh1y9pa.s3.us-west-2.amazonaws.com/dd71a5b5-be8f-4ea2-a93f-3502412aedbc/OPERA_L3_DIST-ALERT-S1_T54TWN_20180906T083504Z_20251215T205558Z_S1B_30_v0.1.zip,s3://hyp3-tibet-jpl-test-contentbucket-hratibh1y9padd71a5b5-be8f-4ea2-a93f-3502412aedbc/OPERA_L3_DIST-ALERT-S1_T54TWN_20180906T083504Z_20251215T205558Z_S1B_30_v0.1,https://hyp3-tibet-jpl-test-contentbucket-hratibh1y9pa.s3.us-west-2.amazonaws.com/dd71a5b5-be8f-4ea2-a93f-3502412aedbc/OPERA_L3_DIST-ALERT-S1_T54TWN_20180906T083504Z_20251215T205558Z_S1B_30_v0.1.png,2025-12-15T20:44:42+00:00,175.813,4.5,54TWN,1,23,4,none,False,transformer_v1_32,high,32,10,2018-09-06,141,2.5,4,best,none,False
hokkaido_landslides_2018__2018-09-06__54TWN__transformer_v1_32-10mc,https://hyp3-tibet-jpl-test-contentbucket-hratibh1y9pa.s3.us-west-2.amazonaws.com/f527a17a-4284-402e-a174-f2dab03b2fb2/OPERA_L3_DIST-ALERT-S1_T54TWN_20180913T082651Z_20251215T210118Z_S1B_30_v0.1.zip,s3://hyp3-tibet-jpl-test-contentbucket-hratibh1y9paf527a17a-4284-402e-a174-f2dab03b2fb2/OPERA_L3_DIST-ALERT-S1_T54TWN_20180913T082651Z_20251215T210118Z_S1B_30_v0.1,https://hyp3-tibet-jpl-test-contentbucket-hratibh1y9pa.s3.us-west-2.amazonaws.com/f527a17a-4284-402e-a174-f2dab03b2fb2/OPERA_L3_DIST-ALERT-S1_T54TWN_20180913T082651Z_20251215T210118Z_S1B_30_v0.1.png,2025-12-15T20:44:42+00:00,538.527,4.5,54TWN,1,23,4,none,False,transformer_v1_32,high,32,10,2018-09-13,68,2.5,4,best,none,False
papau_new_guinea_landslide_2024__2024-05-24__54MYV__transformer_v1_32-10mc,https://hyp3-tibet-jpl-test-contentbucket-hratibh1y9pa.s3.us-west-2.amazonaws.com/a46da519-08e4-436d-a06a-db52a8330e62/OPERA_L3_DIST-ALERT-S1_T54MYV_20240611T200540Z_20251215T210949Z_S1A_30_v0.1.zip,s3://hyp3-tibet-jpl-test-contentbucket-hratibh1y9paa46da519-08e4-436d-a06a-db52a8330e62/OPERA_L3_DIST-ALERT-S1_T54MYV_20240611T200540Z_20251215T210949Z_S1A_30_v0.1,https://hyp3-tibet-jpl-test-contentbucket-hratibh1y9pa.s3.us-west-2.amazonaws.com/a46da519-08e4-436d-a06a-db52a8330e62/OPERA_L3_DIST-ALERT-S1_T54MYV_20240611T200540Z_20251215T210949Z_S1A_30_v0.1.png,2025-12-15T20:44:42+00:00,946.472,4.5,54MYV,1,23,4,none,False,transformer_v1_32,high,32,10,2024-06-11,133,2.5,4,best,none,False
tuscany_flood_2023__2023-11-02__32TPP__transformer_v1_32-10mc,https://hyp3-tibet-jpl-test-contentbucket-hratibh1y9pa.s3.us-west-2.amazonaws.com/dc320df9-1370-493e-a975-7fc75b8292b7/OPERA_L3_DIST-ALERT-S1_T32TPP_20231106T052002Z_20251215T210731Z_S1A_30_v0.1.zip,s3://hyp3-tibet-jpl-test-contentbucket-hratibh1y9padc320df9-1370-493e-a975-7fc75b8292b7/OPERA_L3_DIST-ALERT-S1_T32TPP_20231106T052002Z_20251215T210731Z_S1A_30_v0.1,https://hyp3-tibet-jpl-test-contentbucket-hratibh1y9pa.s3.us-west-2.amazonaws.com/dc320df9-1370-493e-a975-7fc75b8292b7/OPERA_L3_DIST-ALERT-S1_T32TPP_20231106T052002Z_20251215T210731Z_S1A_30_v0.1.png,2025-12-15T20:44:42+00:00,882.024,4.5,32TPP,1,23,4,none,False,transformer_v1_32,high,32,10,2023-11-06,95,2.5,4,best,none,False
tuscany_flood_2023__2023-11-02__32TPP__transformer_v1_32-10mc,https://hyp3-tibet-jpl-test-contentbucket-hratibh1y9pa.s3.us-west-2.amazonaws.com/72ceca29-a69b-4ba3-96be-edf3b9c74f90/OPERA_L3_DIST-ALERT-S1_T32TPP_20231225T170642Z_20251215T210901Z_S1A_30_v0.1.zip,s3://hyp3-tibet-jpl-test-contentbucket-hratibh1y9pa72ceca29-a69b-4ba3-96be-edf3b9c74f90/OPERA_L3_DIST-ALERT-S1_T32TPP_20231225T170642Z_20251215T210901Z_S1A_30_v0.1,https://hyp3-tibet-jpl-test-contentbucket-hratibh1y9pa.s3.us-west-2.amazonaws.com/72ceca29-a69b-4ba3-96be-edf3b9c74f90/OPERA_L3_DIST-ALERT-S1_T32TPP_20231225T170642Z_20251215T210901Z_S1A_30_v0.1.png,2025-12-15T20:44:42+00:00,906.665,4.5,32TPP,1,23,4,none,False,transformer_v1_32,high,32,10,2023-12-25,117,2.5,4,best,none,False
tuscany_flood_2023__2023-11-02__32TPP__transformer_v1_32-10mc,https://hyp3-tibet-jpl-test-contentbucket-hratibh1y9pa.s3.us-west-2.amazonaws.com/68eb1c22-2a4b-4bf3-884a-1e93cc0ab9bb/OPERA_L3_DIST-ALERT-S1_T32TPP_20231007T171454Z_20251215T210433Z_S1A_30_v0.1.zip,s3://hyp3-tibet-jpl-test-contentbucket-hratibh1y9pa68eb1c22-2a4b-4bf3-884a-1e93cc0ab9bb/OPERA_L3_DIST-ALERT-S1_T32TPP_20231007T171454Z_20251215T210433Z_S1A_30_v0.1,https://hyp3-tibet-jpl-test-contentbucket-hratibh1y9pa.s3.us-west-2.amazonaws.com/68eb1c22-2a4b-4bf3-884a-1e93cc0ab9bb/OPERA_L3_DIST-ALERT-S1_T32TPP_20231007T171454Z_20251215T210433Z_S1A_30_v0.1.png,2025-12-15T20:44:42+00:00,731.248,4.5,32TPP,1,23,4,none,False,transformer_v1_32,high,32,10,2023-10-07,15,2.5,4,best,none,False
tuscany_flood_2023__2023-11-02__32TPP__transformer_v1_32-10mc,https://hyp3-tibet-jpl-test-contentbucket-hratibh1y9pa.s3.us-west-2.amazonaws.com/971808f2-fe52-4ab4-bbc0-843492937c4b/OPERA_L3_DIST-ALERT-S1_T32TPP_20231014T170644Z_20251215T210447Z_S1A_30_v0.1.zip,s3://hyp3-tibet-jpl-test-contentbucket-hratibh1y9pa971808f2-fe52-4ab4-bbc0-843492937c4b/OPERA_L3_DIST-ALERT-S1_T32TPP_20231014T170644Z_20251215T210447Z_S1A_30_v0.1,https://hyp3-tibet-jpl-test-contentbucket-hratibh1y9pa.s3.us-west-2.amazonaws.com/971808f2-fe52-4ab4-bbc0-843492937c4b/OPERA_L3_DIST-ALERT-S1_T32TPP_20231014T170644Z_20251215T210447Z_S1A_30_v0.1.png,2025-12-15T20:44:42+00:00,780.531,4.5,32TPP,1,23,4,none,False,transformer_v1_32,high,32,10,2023-10-14,117,2.5,4,best,none,False
tuscany_flood_2023__2023-11-02__32TPP__transformer_v1_32-10mc,https://hyp3-tibet-jpl-test-contentbucket-hratibh1y9pa.s3.us-west-2.amazonaws.com/ae2bd6bc-c4e1-470d-824c-c39095b222ec/OPERA_L3_DIST-ALERT-S1_T32TPP_20231218T171451Z_20251215T210651Z_S1A_30_v0.1.zip,s3://hyp3-tibet-jpl-test-contentbucket-hratibh1y9paae2bd6bc-c4e1-470d-824c-c39095b222ec/OPERA_L3_DIST-ALERT-S1_T32TPP_20231218T171451Z_20251215T210651Z_S1A_30_v0.1,https://hyp3-tibet-jpl-test-contentbucket-hratibh1y9pa.s3.us-west-2.amazonaws.com/ae2bd6bc-c4e1-470d-824c-c39095b222ec/OPERA_L3_DIST-ALERT-S1_T32TPP_20231218T171451Z_20251215T210651Z_S1A_30_v0.1.png,2025-12-15T20:44:42+00:00,768.981,4.5,32TPP,1,23,4,none,False,transformer_v1_32,high,32,10,2023-12-18,15,2.5,4,best,none,False
papau_new_guinea_landslide_2024__2024-05-24__54MYV__transformer_v1_32-10mc,https://hyp3-tibet-jpl-test-contentbucket-hratibh1y9pa.s3.us-west-2.amazonaws.com/bf535739-3c1c-42f6-bb4e-5eb6b976e689/OPERA_L3_DIST-ALERT-S1_T54MYV_20240428T084743Z_20251215T210656Z_S1A_30_v0.1.zip,s3://hyp3-tibet-jpl-test-contentbucket-hratibh1y9pabf535739-3c1c-42f6-bb4e-5eb6b976e689/OPERA_L3_DIST-ALERT-S1_T54MYV_20240428T084743Z_20251215T210656Z_S1A_30_v0.1,https://hyp3-tibet-jpl-test-contentbucket-hratibh1y9pa.s3.us-west-2.amazonaws.com/bf535739-3c1c-42f6-bb4e-5eb6b976e689/OPERA_L3_DIST-ALERT-S1_T54MYV_20240428T084743Z_20251215T210656Z_S1A_30_v0.1.png,2025-12-15T20:44:42+00:00,774.728,4.5,54MYV,1,23,4,none,False,transformer_v1_32,high,32,10,2024-04-28,9,2.5,4,best,none,False
demak_flood_2024__2024-03-15__49MEN__transformer_v1_32-10mc,https://hyp3-tibet-jpl-test-contentbucket-hratibh1y9pa.s3.us-west-2.amazonaws.com/0b34655a-14a9-4d01-9dc7-a2ab279d86bb/OPERA_L3_DIST-ALERT-S1_T49MEN_20240412T105847Z_20251215T210544Z_S1A_30_v0.1.zip,s3://hyp3-tibet-jpl-test-contentbucket-hratibh1y9pa0b34655a-14a9-4d01-9dc7-a2ab279d86bb/OPERA_L3_DIST-ALERT-S1_T49MEN_20240412T105847Z_20251215T210544Z_S1A_30_v0.1,https://hyp3-tibet-jpl-test-contentbucket-hratibh1y9pa.s3.us-west-2.amazonaws.com/0b34655a-14a9-4d01-9dc7-a2ab279d86bb/OPERA_L3_DIST-ALERT-S1_T49MEN_20240412T105847Z_20251215T210544Z_S1A_30_v0.1.png,2025-12-15T20:44:42+00:00,690.694,4.5,49MEN,1,23,4,none,False,transformer_v1_32,high,32,10,2024-04-12,127,2.5,4,best,none,False
bioko_fire_2024__2024-02-07__32NMJ__transformer_v1_32-10mc,https://hyp3-tibet-jpl-test-contentbucket-hratibh1y9pa.s3.us-west-2.amazonaws.com/34244278-211f-4230-b273-1992160698bc/OPERA_L3_DIST-ALERT-S1_T32NMJ_20240331T173651Z_20251215T205726Z_S1A_30_v0.1.zip,s3://hyp3-tibet-jpl-test-contentbucket-hratibh1y9pa34244278-211f-4230-b273-1992160698bc/OPERA_L3_DIST-ALERT-S1_T32NMJ_20240331T173651Z_20251215T205726Z_S1A_30_v0.1,https://hyp3-tibet-jpl-test-contentbucket-hratibh1y9pa.s3.us-west-2.amazonaws.com/34244278-211f-4230-b273-1992160698bc/OPERA_L3_DIST-ALERT-S1_T32NMJ_20240331T173651Z_20251215T205726Z_S1A_30_v0.1.png,2025-12-15T20:44:42+00:00,182.654,4.5,32NMJ,1,23,4,none,False,transformer_v1_32,high,32,10,2024-03-31,132,2.5,4,best,none,False
demak_flood_2024__2024-03-15__49MEN__transformer_v1_32-10mc,https://hyp3-tibet-jpl-test-contentbucket-hratibh1y9pa.s3.us-west-2.amazonaws.com/b7b8deca-fca4-4cbb-9ba0-ee7ab5b053b9/OPERA_L3_DIST-ALERT-S1_T49MEN_20240314T105048Z_20251215T205721Z_S1A_30_v0.1.zip,s3://hyp3-tibet-jpl-test-contentbucket-hratibh1y9pab7b8deca-fca4-4cbb-9ba0-ee7ab5b053b9/OPERA_L3_DIST-ALERT-S1_T49MEN_20240314T105048Z_20251215T205721Z_S1A_30_v0.1,https://hyp3-tibet-jpl-test-contentbucket-hratibh1y9pa.s3.us-west-2.amazonaws.com/b7b8deca-fca4-4cbb-9ba0-ee7ab5b053b9/OPERA_L3_DIST-ALERT-S1_T49MEN_20240314T105048Z_20251215T205721Z_S1A_30_v0.1.png,2025-12-15T20:44:42+00:00,179.175,4.5,49MEN,1,23,4,none,False,transformer_v1_32,high,32,10,2024-03-14,54,2.5,4,best,none,False
attica_fire_2024__2024-08-11__34SGH__transformer_v1_32-10mc,https://hyp3-tibet-jpl-test-contentbucket-hratibh1y9pa.s3.us-west-2.amazonaws.com/617e6bef-37b3-4293-b137-470f6c393c25/OPERA_L3_DIST-ALERT-S1_T34SGH_20240901T162359Z_20251215T210542Z_S1A_30_v0.1.zip,s3://hyp3-tibet-jpl-test-contentbucket-hratibh1y9pa617e6bef-37b3-4293-b137-470f6c393c25/OPERA_L3_DIST-ALERT-S1_T34SGH_20240901T162359Z_20251215T210542Z_S1A_30_v0.1,https://hyp3-tibet-jpl-test-contentbucket-hratibh1y9pa.s3.us-west-2.amazonaws.com/617e6bef-37b3-4293-b137-470f6c393c25/OPERA_L3_DIST-ALERT-S1_T34SGH_20240901T162359Z_20251215T210542Z_S1A_30_v0.1.png,2025-12-15T20:44:42+00:00,689.104,4.5,34SGH,1,23,4,none,False,transformer_v1_32,high,32,10,2024-09-01,102,2.5,4,best,none,False
attica_fire_2024__2024-08-11__34SGH__transformer_v1_32-10mc,https://hyp3-tibet-jpl-test-contentbucket-hratibh1y9pa.s3.us-west-2.amazonaws.com/51a75383-1d6e-42b8-8f87-ebac0cc21416/OPERA_L3_DIST-ALERT-S1_T34SGH_20240821T042353Z_20251215T210249Z_S1A_30_v0.1.zip,s3://hyp3-tibet-jpl-test-contentbucket-hratibh1y9pa51a75383-1d6e-42b8-8f87-ebac0cc21416/OPERA_L3_DIST-ALERT-S1_T34SGH_20240821T042353Z_20251215T210249Z_S1A_30_v0.1,https://hyp3-tibet-jpl-test-contentbucket-hratibh1y9pa.s3.us-west-2.amazonaws.com/51a75383-1d6e-42b8-8f87-ebac0cc21416/OPERA_L3_DIST-ALERT-S1_T34SGH_20240821T042353Z_20251215T210249Z_S1A_30_v0.1.png,2025-12-15T20:44:42+00:00,512.721,4.5,34SGH,1,23,4,none,False,transformer_v1_32,high,32,10,2024-08-21,109,2.5,4,best,none,False
attica_fire_2024__2024-08-11__34SGH__transformer_v1_32-10mc,https://hyp3-tibet-jpl-test-contentbucket-hratibh1y9pa.s3.us-west-2.amazonaws.com/75e89407-8c67-4ae7-9bde-1dbdeed39086/OPERA_L3_DIST-ALERT-S1_T34SGH_20241007T162400Z_20251215T210609Z_S1A_30_v0.1.zip,s3://hyp3-tibet-jpl-test-contentbucket-hratibh1y9pa75e89407-8c67-4ae7-9bde-1dbdeed39086/OPERA_L3_DIST-ALERT-S1_T34SGH_20241007T162400Z_20251215T210609Z_S1A_30_v0.1,https://hyp3-tibet-jpl-test-contentbucket-hratibh1y9pa.s3.us-west-2.amazonaws.com/75e89407-8c67-4ae7-9bde-1dbdeed39086/OPERA_L3_DIST-ALERT-S1_T34SGH_20241007T162400Z_20251215T210609Z_S1A_30_v0.1.png,2025-12-15T20:44:42+00:00,715.9,4.5,34SGH,1,23,4,none,False,transformer_v1_32,high,32,10,2024-10-07,102,2.5,4,best,none,False
demak_flood_2024__2024-03-15__49MDN__transformer_v1_32-10mc,https://hyp3-tibet-jpl-test-contentbucket-hratibh1y9pa.s3.us-west-2.amazonaws.com/d84fa28a-4fcf-4e39-82f8-a2b679b6b26b/OPERA_L3_DIST-ALERT-S1_T49MDN_20240315T221748Z_20251215T210525Z_S1A_30_v0.1.zip,s3://hyp3-tibet-jpl-test-contentbucket-hratibh1y9pad84fa28a-4fcf-4e39-82f8-a2b679b6b26b/OPERA_L3_DIST-ALERT-S1_T49MDN_20240315T221748Z_20251215T210525Z_S1A_30_v0.1,https://hyp3-tibet-jpl-test-contentbucket-hratibh1y9pa.s3.us-west-2.amazonaws.com/d84fa28a-4fcf-4e39-82f8-a2b679b6b26b/OPERA_L3_DIST-ALERT-S1_T49MDN_20240315T221748Z_20251215T210525Z_S1A_30_v0.1.png,2025-12-15T20:44:42+00:00,673.163,4.5,49MDN,1,23,4,none,False,transformer_v1_32,high,32,10,2024-03-15,76,2.5,4,best,none,False
tuscany_flood_2023__2023-11-02__32TPP__transformer_v1_32-10mc,https://hyp3-tibet-jpl-test-contentbucket-hratibh1y9pa.s3.us-west-2.amazonaws.com/8aeb3ea8-5335-4950-baad-21ad38d7a85f/OPERA_L3_DIST-ALERT-S1_T32TPP_20231217T052811Z_20251215T210700Z_S1A_30_v0.1.zip,s3://hyp3-tibet-jpl-test-contentbucket-hratibh1y9pa8aeb3ea8-5335-4950-baad-21ad38d7a85f/OPERA_L3_DIST-ALERT-S1_T32TPP_20231217T052811Z_20251215T210700Z_S1A_30_v0.1,https://hyp3-tibet-jpl-test-contentbucket-hratibh1y9pa.s3.us-west-2.amazonaws.com/8aeb3ea8-5335-4950-baad-21ad38d7a85f/OPERA_L3_DIST-ALERT-S1_T32TPP_20231217T052811Z_20251215T210700Z_S1A_30_v0.1.png,2025-12-15T20:44:42+00:00,773.783,4.5,32TPP,1,23,4,none,False,transformer_v1_32,high,32,10,2023-12-17,168,2.5,4,best,none,False
bioko_fire_2024__2024-02-07__32NMJ__transformer_v1_32-10mc,https://hyp3-tibet-jpl-test-contentbucket-hratibh1y9pa.s3.us-west-2.amazonaws.com/1b601949-1a26-49db-ad9d-a95358485574/OPERA_L3_DIST-ALERT-S1_T32NMJ_20240326T050633Z_20251215T205750Z_S1A_30_v0.1.zip,s3://hyp3-tibet-jpl-test-contentbucket-hratibh1y9pa1b601949-1a26-49db-ad9d-a95358485574/OPERA_L3_DIST-ALERT-S1_T32NMJ_20240326T050633Z_20251215T205750Z_S1A_30_v0.1,https://hyp3-tibet-jpl-test-contentbucket-hratibh1y9pa.s3.us-west-2.amazonaws.com/1b601949-1a26-49db-ad9d-a95358485574/OPERA_L3_DIST-ALERT-S1_T32NMJ_20240326T050633Z_20251215T205750Z_S1A_30_v0.1.png,2025-12-15T20:44:42+00:00,209.754,4.5,32NMJ,1,23,4,none,False,transformer_v1_32,high,32,10,2024-03-26,51,2.5,4,best,none,False
demak_flood_2024__2024-03-15__49MDN__transformer_v1_32-10mc,https://hyp3-tibet-jpl-test-contentbucket-hratibh1y9pa.s3.us-west-2.amazonaws.com/444c05ed-ec8d-47fd-95d9-107279d32bd1/OPERA_L3_DIST-ALERT-S1_T49MDN_20240319T105853Z_20251215T210616Z_S1A_30_v0.1.zip,s3://hyp3-tibet-jpl-test-contentbucket-hratibh1y9pa444c05ed-ec8d-47fd-95d9-107279d32bd1/OPERA_L3_DIST-ALERT-S1_T49MDN_20240319T105853Z_20251215T210616Z_S1A_30_v0.1,https://hyp3-tibet-jpl-test-contentbucket-hratibh1y9pa.s3.us-west-2.amazonaws.com/444c05ed-ec8d-47fd-95d9-107279d32bd1/OPERA_L3_DIST-ALERT-S1_T49MDN_20240319T105853Z_20251215T210616Z_S1A_30_v0.1.png,2025-12-15T20:44:42+00:00,724.992,4.5,49MDN,1,23,4,none,False,transformer_v1_32,high,32,10,2024-03-19,127,2.5,4,best,none,False
tuscany_flood_2023__2023-11-02__32TPP__transformer_v1_32-10mc,https://hyp3-tibet-jpl-test-contentbucket-hratibh1y9pa.s3.us-west-2.amazonaws.com/da3ed7d2-2499-4400-b47c-cff41ae1b4b4/OPERA_L3_DIST-ALERT-S1_T32TPP_20231119T170644Z_20251215T210715Z_S1A_30_v0.1.zip,s3://hyp3-tibet-jpl-test-contentbucket-hratibh1y9pada3ed7d2-2499-4400-b47c-cff41ae1b4b4/OPERA_L3_DIST-ALERT-S1_T32TPP_20231119T170644Z_20251215T210715Z_S1A_30_v0.1,https://hyp3-tibet-jpl-test-contentbucket-hratibh1y9pa.s3.us-west-2.amazonaws.com/da3ed7d2-2499-4400-b47c-cff41ae1b4b4/OPERA_L3_DIST-ALERT-S1_T32TPP_20231119T170644Z_20251215T210715Z_S1A_30_v0.1.png,2025-12-15T20:44:42+00:00,783.523,4.5,32TPP,1,23,4,none,False,transformer_v1_32,high,32,10,2023-11-19,117,2.5,4,best,none,False
hokkaido_landslides_2018__2018-09-06__54TWN__transformer_v1_32-10mc,https://hyp3-tibet-jpl-test-contentbucket-hratibh1y9pa.s3.us-west-2.amazonaws.com/6973776f-c542-40b4-a239-9f997eadf532/OPERA_L3_DIST-ALERT-S1_T54TWN_20180912T203311Z_20251215T205658Z_S1A_30_v0.1.zip,s3://hyp3-tibet-jpl-test-contentbucket-hratibh1y9pa6973776f-c542-40b4-a239-9f997eadf532/OPERA_L3_DIST-ALERT-S1_T54TWN_20180912T203311Z_20251215T205658Z_S1A_30_v0.1,https://hyp3-tibet-jpl-test-contentbucket-hratibh1y9pa.s3.us-west-2.amazonaws.com/6973776f-c542-40b4-a239-9f997eadf532/OPERA_L3_DIST-ALERT-S1_T54TWN_20180912T203311Z_20251215T205658Z_S1A_30_v0.1.png,2025-12-15T20:44:42+00:00,161.294,4.5,54TWN,1,23,4,none,False,transformer_v1_32,high,32,10,2018-09-12,148,2.5,4,best,none,False
attica_fire_2024__2024-08-11__34SGH__transformer_v1_32-10mc,https://hyp3-tibet-jpl-test-contentbucket-hratibh1y9pa.s3.us-west-2.amazonaws.com/30bee463-7483-4f61-83ea-7e063475cd36/OPERA_L3_DIST-ALERT-S1_T34SGH_20240926T042354Z_20251215T210347Z_S1A_30_v0.1.zip,s3://hyp3-tibet-jpl-test-contentbucket-hratibh1y9pa30bee463-7483-4f61-83ea-7e063475cd36/OPERA_L3_DIST-ALERT-S1_T34SGH_20240926T042354Z_20251215T210347Z_S1A_30_v0.1,https://hyp3-tibet-jpl-test-contentbucket-hratibh1y9pa.s3.us-west-2.amazonaws.com/30bee463-7483-4f61-83ea-7e063475cd36/OPERA_L3_DIST-ALERT-S1_T34SGH_20240926T042354Z_20251215T210347Z_S1A_30_v0.1.png,2025-12-15T20:44:42+00:00,580.086,4.5,34SGH,1,23,4,none,False,transformer_v1_32,high,32,10,2024-09-26,109,2.5,4,best,none,False
demak_flood_2024__2024-03-15__49MEN__transformer_v1_32-10mc,https://hyp3-tibet-jpl-test-contentbucket-hratibh1y9pa.s3.us-west-2.amazonaws.com/4ef238d4-b2c7-40f6-af69-bab47be7a529/OPERA_L3_DIST-ALERT-S1_T49MEN_20240501T105049Z_20251215T205702Z_S1A_30_v0.1.zip,s3://hyp3-tibet-jpl-test-contentbucket-hratibh1y9pa4ef238d4-b2c7-40f6-af69-bab47be7a529/OPERA_L3_DIST-ALERT-S1_T49MEN_20240501T105049Z_20251215T205702Z_S1A_30_v0.1,https://hyp3-tibet-jpl-test-contentbucket-hratibh1y9pa.s3.us-west-2.amazonaws.com/4ef238d4-b2c7-40f6-af69-bab47be7a529/OPERA_L3_DIST-ALERT-S1_T49MEN_20240501T105049Z_20251215T205702Z_S1A_30_v0.1.png,2025-12-15T20:44:42+00:00,165.608,4.5,49MEN,1,23,4,none,False,transformer_v1_32,high,32,10,2024-05-01,54,2.5,4,best,none,False
park_fire_2024__2024-07-24__10TEK__transformer_v1_32-10mc,https://hyp3-tibet-jpl-test-contentbucket-hratibh1y9pa.s3.us-west-2.amazonaws.com/40a29c1d-6d54-4c48-9ef5-8f10c51b1885/OPERA_L3_DIST-ALERT-S1_T10TEK_20240904T020034Z_20251215T210202Z_S1A_30_v0.1.zip,s3://hyp3-tibet-jpl-test-contentbucket-hratibh1y9pa40a29c1d-6d54-4c48-9ef5-8f10c51b1885/OPERA_L3_DIST-ALERT-S1_T10TEK_20240904T020034Z_20251215T210202Z_S1A_30_v0.1,https://hyp3-tibet-jpl-test-contentbucket-hratibh1y9pa.s3.us-west-2.amazonaws.com/40a29c1d-6d54-4c48-9ef5-8f10c51b1885/OPERA_L3_DIST-ALERT-S1_T10TEK_20240904T020034Z_20251215T210202Z_S1A_30_v0.1.png,2025-12-15T20:44:42+00:00,471.06,4.5,10TEK,1,23,4,none,False,transformer_v1_32,high,32,10,2024-09-04,137,2.5,4,best,none,False
papau_new_guinea_landslide_2024__2024-05-24__54MYV__transformer_v1_32-10mc,https://hyp3-tibet-jpl-test-contentbucket-hratibh1y9pa.s3.us-west-2.amazonaws.com/091183e7-91d1-4e20-8e55-0cd09297c45b/OPERA_L3_DIST-ALERT-S1_T54MYV_20240721T084741Z_20251215T210910Z_S1A_30_v0.1.zip,s3://hyp3-tibet-jpl-test-contentbucket-hratibh1y9pa091183e7-91d1-4e20-8e55-0cd09297c45b/OPERA_L3_DIST-ALERT-S1_T54MYV_20240721T084741Z_20251215T210910Z_S1A_30_v0.1,https://hyp3-tibet-jpl-test-contentbucket-hratibh1y9pa.s3.us-west-2.amazonaws.com/091183e7-91d1-4e20-8e55-0cd09297c45b/OPERA_L3_DIST-ALERT-S1_T54MYV_20240721T084741Z_20251215T210910Z_S1A_30_v0.1.png,2025-12-15T20:44:42+00:00,904.041,4.5,54MYV,1,23,4,none,False,transformer_v1_32,high,32,10,2024-07-21,9,2.5,4,best,none,False
bioko_fire_2024__2024-02-07__32NMJ__transformer_v1_32-10mc,https://hyp3-tibet-jpl-test-contentbucket-hratibh1y9pa.s3.us-west-2.amazonaws.com/e6722f0a-a0bd-4855-8941-fea225556c1c/OPERA_L3_DIST-ALERT-S1_T32NMJ_20240312T174456Z_20251215T210004Z_S1A_30_v0.1.zip,s3://hyp3-tibet-jpl-test-contentbucket-hratibh1y9pae6722f0a-a0bd-4855-8941-fea225556c1c/OPERA_L3_DIST-ALERT-S1_T32NMJ_20240312T174456Z_20251215T210004Z_S1A_30_v0.1,https://hyp3-tibet-jpl-test-contentbucket-hratibh1y9pa.s3.us-west-2.amazonaws.com/e6722f0a-a0bd-4855-8941-fea225556c1c/OPERA_L3_DIST-ALERT-S1_T32NMJ_20240312T174456Z_20251215T210004Z_S1A_30_v0.1.png,2025-12-15T20:44:42+00:00,353.581,4.5,32NMJ,1,23,4,none,False,transformer_v1_32,high,32,10,2024-03-12,30,2.5,4,best,none,False
papau_new_guinea_landslide_2024__2024-05-24__54MYV__transformer_v1_32-10mc,https://hyp3-tibet-jpl-test-contentbucket-hratibh1y9pa.s3.us-west-2.amazonaws.com/9bc405c8-01b1-4ac5-a21e-5ac2431da85f/OPERA_L3_DIST-ALERT-S1_T54MYV_20240710T201347Z_20251215T205806Z_S1A_30_v0.1.zip,s3://hyp3-tibet-jpl-test-contentbucket-hratibh1y9pa9bc405c8-01b1-4ac5-a21e-5ac2431da85f/OPERA_L3_DIST-ALERT-S1_T54MYV_20240710T201347Z_20251215T205806Z_S1A_30_v0.1,https://hyp3-tibet-jpl-test-contentbucket-hratibh1y9pa.s3.us-west-2.amazonaws.com/9bc405c8-01b1-4ac5-a21e-5ac2431da85f/OPERA_L3_DIST-ALERT-S1_T54MYV_20240710T201347Z_20251215T205806Z_S1A_30_v0.1.png,2025-12-15T20:44:42+00:00,224.307,4.5,54MYV,1,23,4,none,False,transformer_v1_32,high,32,10,2024-07-10,31,2.5,4,best,none,False
demak_flood_2024__2024-03-15__49MDN__transformer_v1_32-10mc,https://hyp3-tibet-jpl-test-contentbucket-hratibh1y9pa.s3.us-west-2.amazonaws.com/cff15d54-a973-4ee0-8189-22c447f9800f/OPERA_L3_DIST-ALERT-S1_T49MDN_20240429T110702Z_20251215T205903Z_S1A_30_v0.1.zip,s3://hyp3-tibet-jpl-test-contentbucket-hratibh1y9pacff15d54-a973-4ee0-8189-22c447f9800f/OPERA_L3_DIST-ALERT-S1_T49MDN_20240429T110702Z_20251215T205903Z_S1A_30_v0.1,https://hyp3-tibet-jpl-test-contentbucket-hratibh1y9pa.s3.us-west-2.amazonaws.com/cff15d54-a973-4ee0-8189-22c447f9800f/OPERA_L3_DIST-ALERT-S1_T49MDN_20240429T110702Z_20251215T205903Z_S1A_30_v0.1.png,2025-12-15T20:44:42+00:00,289.904,4.5,49MDN,1,23,4,none,False,transformer_v1_32,high,32,10,2024-04-29,25,2.5,4,best,none,False
bioko_fire_2024__2024-02-07__32NMJ__transformer_v1_32-10mc,https://hyp3-tibet-jpl-test-contentbucket-hratibh1y9pa.s3.us-west-2.amazonaws.com/c22d8778-e9a4-4baf-a078-71b5451bbe36/OPERA_L3_DIST-ALERT-S1_T32NMJ_20240224T051440Z_20251215T205749Z_S1A_30_v0.1.zip,s3://hyp3-tibet-jpl-test-contentbucket-hratibh1y9pac22d8778-e9a4-4baf-a078-71b5451bbe36/OPERA_L3_DIST-ALERT-S1_T32NMJ_20240224T051440Z_20251215T205749Z_S1A_30_v0.1,https://hyp3-tibet-jpl-test-contentbucket-hratibh1y9pa.s3.us-west-2.amazonaws.com/c22d8778-e9a4-4baf-a078-71b5451bbe36/OPERA_L3_DIST-ALERT-S1_T32NMJ_20240224T051440Z_20251215T205749Z_S1A_30_v0.1.png,2025-12-15T20:44:42+00:00,215.214,4.5,32NMJ,1,23,4,none,False,transformer_v1_32,high,32,10,2024-02-24,124,2.5,4,best,none,False
chilcotin_river_landslide_and_flood_2024__2024-07-30__10UEC__transformer_v1_32-10mc,https://hyp3-tibet-jpl-test-contentbucket-hratibh1y9pa.s3.us-west-2.amazonaws.com/8b02e629-3d6f-4587-823b-0c99335bb7c8/OPERA_L3_DIST-ALERT-S1_T10UEC_20240826T142048Z_20251215T210653Z_S1A_30_v0.1.zip,s3://hyp3-tibet-jpl-test-contentbucket-hratibh1y9pa8b02e629-3d6f-4587-823b-0c99335bb7c8/OPERA_L3_DIST-ALERT-S1_T10UEC_20240826T142048Z_20251215T210653Z_S1A_30_v0.1,https://hyp3-tibet-jpl-test-contentbucket-hratibh1y9pa.s3.us-west-2.amazonaws.com/8b02e629-3d6f-4587-823b-0c99335bb7c8/OPERA_L3_DIST-ALERT-S1_T10UEC_20240826T142048Z_20251215T210653Z_S1A_30_v0.1.png,2025-12-15T20:44:42+00:00,772.838,4.5,10UEC,1,23,4,none,False,transformer_v1_32,high,32,10,2024-08-26,13,2.5,4,best,none,False
papau_new_guinea_landslide_2024__2024-05-24__54MYV__transformer_v1_32-10mc,https://hyp3-tibet-jpl-test-contentbucket-hratibh1y9pa.s3.us-west-2.amazonaws.com/88b61c87-4886-4fa8-9901-6d961a99c613/OPERA_L3_DIST-ALERT-S1_T54MYV_20240424T200540Z_20251215T211051Z_S1A_30_v0.1.zip,s3://hyp3-tibet-jpl-test-contentbucket-hratibh1y9pa88b61c87-4886-4fa8-9901-6d961a99c613/OPERA_L3_DIST-ALERT-S1_T54MYV_20240424T200540Z_20251215T211051Z_S1A_30_v0.1,https://hyp3-tibet-jpl-test-contentbucket-hratibh1y9pa.s3.us-west-2.amazonaws.com/88b61c87-4886-4fa8-9901-6d961a99c613/OPERA_L3_DIST-ALERT-S1_T54MYV_20240424T200540Z_20251215T211051Z_S1A_30_v0.1.png,2025-12-15T20:44:42+00:00,1015.046,4.5,54MYV,1,23,4,none,False,transformer_v1_32,high,32,10,2024-04-24,133,2.5,4,best,none,False
bioko_fire_2024__2024-02-07__32NMJ__transformer_v1_32-10mc,https://hyp3-tibet-jpl-test-contentbucket-hratibh1y9pa.s3.us-west-2.amazonaws.com/9af527c5-5ae6-412e-8c3d-35a0ec4f3fba/OPERA_L3_DIST-ALERT-S1_T32NMJ_20240126T050634Z_20251215T205805Z_S1A_30_v0.1.zip,s3://hyp3-tibet-jpl-test-contentbucket-hratibh1y9pa9af527c5-5ae6-412e-8c3d-35a0ec4f3fba/OPERA_L3_DIST-ALERT-S1_T32NMJ_20240126T050634Z_20251215T205805Z_S1A_30_v0.1,https://hyp3-tibet-jpl-test-contentbucket-hratibh1y9pa.s3.us-west-2.amazonaws.com/9af527c5-5ae6-412e-8c3d-35a0ec4f3fba/OPERA_L3_DIST-ALERT-S1_T32NMJ_20240126T050634Z_20251215T205805Z_S1A_30_v0.1.png,2025-12-15T20:44:42+00:00,229.5,4.5,32NMJ,1,23,4,none,False,transformer_v1_32,high,32,10,2024-01-26,51,2.5,4,best,none,False
demak_flood_2024__2024-03-15__49MEN__transformer_v1_32-10mc,https://hyp3-tibet-jpl-test-contentbucket-hratibh1y9pa.s3.us-west-2.amazonaws.com/bb2a1d86-8733-4e7a-a8ce-f7ddb9509c6c/OPERA_L3_DIST-ALERT-S1_T49MEN_20240419T105049Z_20251215T205658Z_S1A_30_v0.1.zip,s3://hyp3-tibet-jpl-test-contentbucket-hratibh1y9pabb2a1d86-8733-4e7a-a8ce-f7ddb9509c6c/OPERA_L3_DIST-ALERT-S1_T49MEN_20240419T105049Z_20251215T205658Z_S1A_30_v0.1,https://hyp3-tibet-jpl-test-contentbucket-hratibh1y9pa.s3.us-west-2.amazonaws.com/bb2a1d86-8733-4e7a-a8ce-f7ddb9509c6c/OPERA_L3_DIST-ALERT-S1_T49MEN_20240419T105049Z_20251215T205658Z_S1A_30_v0.1.png,2025-12-15T20:44:42+00:00,163.476,4.5,49MEN,1,23,4,none,False,transformer_v1_32,high,32,10,2024-04-19,54,2.5,4,best,none,False
tuscany_flood_2023__2023-11-02__32TPP__transformer_v1_32-10mc,https://hyp3-tibet-jpl-test-contentbucket-hratibh1y9pa.s3.us-west-2.amazonaws.com/202cbd43-62f5-4fe7-8a25-aee05d3f87b0/OPERA_L3_DIST-ALERT-S1_T32TPP_20231206T171452Z_20251215T210925Z_S1A_30_v0.1.zip,s3://hyp3-tibet-jpl-test-contentbucket-hratibh1y9pa202cbd43-62f5-4fe7-8a25-aee05d3f87b0/OPERA_L3_DIST-ALERT-S1_T32TPP_20231206T171452Z_20251215T210925Z_S1A_30_v0.1,https://hyp3-tibet-jpl-test-contentbucket-hratibh1y9pa.s3.us-west-2.amazonaws.com/202cbd43-62f5-4fe7-8a25-aee05d3f87b0/OPERA_L3_DIST-ALERT-S1_T32TPP_20231206T171452Z_20251215T210925Z_S1A_30_v0.1.png,2025-12-15T20:44:42+00:00,918.637,4.5,32TPP,1,23,4,none,False,transformer_v1_32,high,32,10,2023-12-06,15,2.5,4,best,none,False
park_fire_2024__2024-07-24__10TFK__transformer_v1_32-10mc,https://hyp3-tibet-jpl-test-contentbucket-hratibh1y9pa.s3.us-west-2.amazonaws.com/d4ed4a85-3d42-4986-b29e-fae41c92f8f1/OPERA_L3_DIST-ALERT-S1_T10TFK_20240909T020841Z_20251215T210117Z_S1A_30_v0.1.zip,s3://hyp3-tibet-jpl-test-contentbucket-hratibh1y9pad4ed4a85-3d42-4986-b29e-fae41c92f8f1/OPERA_L3_DIST-ALERT-S1_T10TFK_20240909T020841Z_20251215T210117Z_S1A_30_v0.1,https://hyp3-tibet-jpl-test-contentbucket-hratibh1y9pa.s3.us-west-2.amazonaws.com/d4ed4a85-3d42-4986-b29e-fae41c92f8f1/OPERA_L3_DIST-ALERT-S1_T10TFK_20240909T020841Z_20251215T210117Z_S1A_30_v0.1.png,2025-12-15T20:44:42+00:00,424.811,4.5,10TFK,1,23,4,none,False,transformer_v1_32,high,32,10,2024-09-09,35,2.5,4,best,none,False
attica_fire_2024__2024-08-11__34SGH__transformer_v1_32-10mc,https://hyp3-tibet-jpl-test-contentbucket-hratibh1y9pa.s3.us-west-2.amazonaws.com/8daaa798-ad4f-4bfb-aebd-74df9fccb0db/OPERA_L3_DIST-ALERT-S1_T34SGH_20240728T042353Z_20251215T210320Z_S1A_30_v0.1.zip,s3://hyp3-tibet-jpl-test-contentbucket-hratibh1y9pa8daaa798-ad4f-4bfb-aebd-74df9fccb0db/OPERA_L3_DIST-ALERT-S1_T34SGH_20240728T042353Z_20251215T210320Z_S1A_30_v0.1,https://hyp3-tibet-jpl-test-contentbucket-hratibh1y9pa.s3.us-west-2.amazonaws.com/8daaa798-ad4f-4bfb-aebd-74df9fccb0db/OPERA_L3_DIST-ALERT-S1_T34SGH_20240728T042353Z_20251215T210320Z_S1A_30_v0.1.png,2025-12-15T20:44:42+00:00,550.098,4.5,34SGH,1,23,4,none,False,transformer_v1_32,high,32,10,2024-07-28,109,2.5,4,best,none,False
demak_flood_2024__2024-03-15__49MDN__transformer_v1_32-10mc,https://hyp3-tibet-jpl-test-contentbucket-hratibh1y9pa.s3.us-west-2.amazonaws.com/d13ef581-dcef-468e-9966-535234f3bb20/OPERA_L3_DIST-ALERT-S1_T49MDN_20240220T221748Z_20251215T211022Z_S1A_30_v0.1.zip,s3://hyp3-tibet-jpl-test-contentbucket-hratibh1y9pad13ef581-dcef-468e-9966-535234f3bb20/OPERA_L3_DIST-ALERT-S1_T49MDN_20240220T221748Z_20251215T211022Z_S1A_30_v0.1,https://hyp3-tibet-jpl-test-contentbucket-hratibh1y9pa.s3.us-west-2.amazonaws.com/d13ef581-dcef-468e-9966-535234f3bb20/OPERA_L3_DIST-ALERT-S1_T49MDN_20240220T221748Z_20251215T211022Z_S1A_30_v0.1.png,2025-12-15T20:44:42+00:00,983.439,4.5,49MDN,1,23,4,none,False,transformer_v1_32,high,32,10,2024-02-20,76,2.5,4,best,none,False
demak_flood_2024__2024-03-15__49MEN__transformer_v1_32-10mc,https://hyp3-tibet-jpl-test-contentbucket-hratibh1y9pa.s3.us-west-2.amazonaws.com/747cb85c-78b3-4517-8131-04d55ce9b879/OPERA_L3_DIST-ALERT-S1_T49MEN_20240407T105049Z_20251215T205647Z_S1A_30_v0.1.zip,s3://hyp3-tibet-jpl-test-contentbucket-hratibh1y9pa747cb85c-78b3-4517-8131-04d55ce9b879/OPERA_L3_DIST-ALERT-S1_T49MEN_20240407T105049Z_20251215T205647Z_S1A_30_v0.1,https://hyp3-tibet-jpl-test-contentbucket-hratibh1y9pa.s3.us-west-2.amazonaws.com/747cb85c-78b3-4517-8131-04d55ce9b879/OPERA_L3_DIST-ALERT-S1_T49MEN_20240407T105049Z_20251215T205647Z_S1A_30_v0.1.png,2025-12-15T20:44:42+00:00,152.921,4.5,49MEN,1,23,4,none,False,transformer_v1_32,high,32,10,2024-04-07,54,2.5,4,best,none,False
papau_new_guinea_landslide_2024__2024-05-24__54MYV__transformer_v1_32-10mc,https://hyp3-tibet-jpl-test-contentbucket-hratibh1y9pa.s3.us-west-2.amazonaws.com/45ac6a46-972e-4e25-939d-d530f6181462/OPERA_L3_DIST-ALERT-S1_T54MYV_20240627T084742Z_20251215T211010Z_S1A_30_v0.1.zip,s3://hyp3-tibet-jpl-test-contentbucket-hratibh1y9pa45ac6a46-972e-4e25-939d-d530f6181462/OPERA_L3_DIST-ALERT-S1_T54MYV_20240627T084742Z_20251215T211010Z_S1A_30_v0.1,https://hyp3-tibet-jpl-test-contentbucket-hratibh1y9pa.s3.us-west-2.amazonaws.com/45ac6a46-972e-4e25-939d-d530f6181462/OPERA_L3_DIST-ALERT-S1_T54MYV_20240627T084742Z_20251215T211010Z_S1A_30_v0.1.png,2025-12-15T20:44:42+00:00,969.569,4.5,54MYV,1,23,4,none,False,transformer_v1_32,high,32,10,2024-06-27,9,2.5,4,best,none,False
demak_flood_2024__2024-03-15__49MEN__transformer_v1_32-10mc,https://hyp3-tibet-jpl-test-contentbucket-hratibh1y9pa.s3.us-west-2.amazonaws.com/78e067f6-ba13-4fb9-8cd9-af1783b1975d/OPERA_L3_DIST-ALERT-S1_T49MEN_20240424T105849Z_20251215T211000Z_S1A_30_v0.1.zip,s3://hyp3-tibet-jpl-test-contentbucket-hratibh1y9pa78e067f6-ba13-4fb9-8cd9-af1783b1975d/OPERA_L3_DIST-ALERT-S1_T49MEN_20240424T105849Z_20251215T211000Z_S1A_30_v0.1,https://hyp3-tibet-jpl-test-contentbucket-hratibh1y9pa.s3.us-west-2.amazonaws.com/78e067f6-ba13-4fb9-8cd9-af1783b1975d/OPERA_L3_DIST-ALERT-S1_T49MEN_20240424T105849Z_20251215T211000Z_S1A_30_v0.1.png,2025-12-15T20:44:42+00:00,955.577,4.5,49MEN,1,23,4,none,False,transformer_v1_32,high,32,10,2024-04-24,127,2.5,4,best,none,False
papau_new_guinea_landslide_2024__2024-05-24__54MYV__transformer_v1_32-10mc,https://hyp3-tibet-jpl-test-contentbucket-hratibh1y9pa.s3.us-west-2.amazonaws.com/6ca83ad1-ebc5-4eab-85a2-2f0ac0a15294/OPERA_L3_DIST-ALERT-S1_T54MYV_20240615T084742Z_20251215T210811Z_S1A_30_v0.1.zip,s3://hyp3-tibet-jpl-test-contentbucket-hratibh1y9pa6ca83ad1-ebc5-4eab-85a2-2f0ac0a15294/OPERA_L3_DIST-ALERT-S1_T54MYV_20240615T084742Z_20251215T210811Z_S1A_30_v0.1,https://hyp3-tibet-jpl-test-contentbucket-hratibh1y9pa.s3.us-west-2.amazonaws.com/6ca83ad1-ebc5-4eab-85a2-2f0ac0a15294/OPERA_L3_DIST-ALERT-S1_T54MYV_20240615T084742Z_20251215T210811Z_S1A_30_v0.1.png,2025-12-15T20:44:42+00:00,855.486,4.5,54MYV,1,23,4,none,False,transformer_v1_32,high,32,10,2024-06-15,9,2.5,4,best,none,False
demak_flood_2024__2024-03-15__49MEN__transformer_v1_32-10mc,https://hyp3-tibet-jpl-test-contentbucket-hratibh1y9pa.s3.us-west-2.amazonaws.com/02b5a85b-9caa-4a0f-b5e6-ed608e63c62b/OPERA_L3_DIST-ALERT-S1_T49MEN_20240220T221748Z_20251215T210049Z_S1A_30_v0.1.zip,s3://hyp3-tibet-jpl-test-contentbucket-hratibh1y9pa02b5a85b-9caa-4a0f-b5e6-ed608e63c62b/OPERA_L3_DIST-ALERT-S1_T49MEN_20240220T221748Z_20251215T210049Z_S1A_30_v0.1,https://hyp3-tibet-jpl-test-contentbucket-hratibh1y9pa.s3.us-west-2.amazonaws.com/02b5a85b-9caa-4a0f-b5e6-ed608e63c62b/OPERA_L3_DIST-ALERT-S1_T49MEN_20240220T221748Z_20251215T210049Z_S1A_30_v0.1.png,2025-12-15T20:44:42+00:00,397.124,4.5,49MEN,1,23,4,none,False,transformer_v1_32,high,32,10,2024-02-20,76,2.5,4,best,none,False
attica_fire_2024__2024-08-11__34SGH__transformer_v1_32-10mc,https://hyp3-tibet-jpl-test-contentbucket-hratibh1y9pa.s3.us-west-2.amazonaws.com/60f2c4b3-ce83-4293-8be2-d33511ba5fb6/OPERA_L3_DIST-ALERT-S1_T34SGH_20240902T042353Z_20251215T210526Z_S1A_30_v0.1.zip,s3://hyp3-tibet-jpl-test-contentbucket-hratibh1y9pa60f2c4b3-ce83-4293-8be2-d33511ba5fb6/OPERA_L3_DIST-ALERT-S1_T34SGH_20240902T042353Z_20251215T210526Z_S1A_30_v0.1,https://hyp3-tibet-jpl-test-contentbucket-hratibh1y9pa.s3.us-west-2.amazonaws.com/60f2c4b3-ce83-4293-8be2-d33511ba5fb6/OPERA_L3_DIST-ALERT-S1_T34SGH_20240902T042353Z_20251215T210526Z_S1A_30_v0.1.png,2025-12-15T20:44:42+00:00,680.561,4.5,34SGH,1,23,4,none,False,transformer_v1_32,high,32,10,2024-09-02,109,2.5,4,best,none,False
hokkaido_landslides_2018__2018-09-06__54TWN__transformer_v1_32-10mc,https://hyp3-tibet-jpl-test-contentbucket-hratibh1y9pa.s3.us-west-2.amazonaws.com/c2eaf36e-fff2-4391-a546-52786212a12a/OPERA_L3_DIST-ALERT-S1_T54TWN_20180812T204118Z_20251215T210121Z_S1A_30_v0.1.zip,s3://hyp3-tibet-jpl-test-contentbucket-hratibh1y9pac2eaf36e-fff2-4391-a546-52786212a12a/OPERA_L3_DIST-ALERT-S1_T54TWN_20180812T204118Z_20251215T210121Z_S1A_30_v0.1,https://hyp3-tibet-jpl-test-contentbucket-hratibh1y9pa.s3.us-west-2.amazonaws.com/c2eaf36e-fff2-4391-a546-52786212a12a/OPERA_L3_DIST-ALERT-S1_T54TWN_20180812T204118Z_20251215T210121Z_S1A_30_v0.1.png,2025-12-15T20:44:42+00:00,436.954,4.5,54TWN,1,23,4,none,False,transformer_v1_32,high,32,10,2018-08-12,46,2.5,4,best,none,False
park_fire_2024__2024-07-24__10TFK__transformer_v1_32-10mc,https://hyp3-tibet-jpl-test-contentbucket-hratibh1y9pa.s3.us-west-2.amazonaws.com/2adf1446-462a-4573-aff7-0d3bc39b0276/OPERA_L3_DIST-ALERT-S1_T10TFK_20240921T020841Z_20251215T210059Z_S1A_30_v0.1.zip,s3://hyp3-tibet-jpl-test-contentbucket-hratibh1y9pa2adf1446-462a-4573-aff7-0d3bc39b0276/OPERA_L3_DIST-ALERT-S1_T10TFK_20240921T020841Z_20251215T210059Z_S1A_30_v0.1,https://hyp3-tibet-jpl-test-contentbucket-hratibh1y9pa.s3.us-west-2.amazonaws.com/2adf1446-462a-4573-aff7-0d3bc39b0276/OPERA_L3_DIST-ALERT-S1_T10TFK_20240921T020841Z_20251215T210059Z_S1A_30_v0.1.png,2025-12-15T20:44:42+00:00,406.923,4.5,10TFK,1,23,4,none,False,transformer_v1_32,high,32,10,2024-09-21,35,2.5,4,best,none,False
tuscany_flood_2023__2023-11-02__32TPP__transformer_v1_32-10mc,https://hyp3-tibet-jpl-test-contentbucket-hratibh1y9pa.s3.us-west-2.amazonaws.com/ad078fcd-7f5c-4317-a889-54b0bffbfbbf/OPERA_L3_DIST-ALERT-S1_T32TPP_20231112T171453Z_20251215T210842Z_S1A_30_v0.1.zip,s3://hyp3-tibet-jpl-test-contentbucket-hratibh1y9paad078fcd-7f5c-4317-a889-54b0bffbfbbf/OPERA_L3_DIST-ALERT-S1_T32TPP_20231112T171453Z_20251215T210842Z_S1A_30_v0.1,https://hyp3-tibet-jpl-test-contentbucket-hratibh1y9pa.s3.us-west-2.amazonaws.com/ad078fcd-7f5c-4317-a889-54b0bffbfbbf/OPERA_L3_DIST-ALERT-S1_T32TPP_20231112T171453Z_20251215T210842Z_S1A_30_v0.1.png,2025-12-15T20:44:42+00:00,877.16,4.5,32TPP,1,23,4,none,False,transformer_v1_32,high,32,10,2023-11-12,15,2.5,4,best,none,False
demak_flood_2024__2024-03-15__49MDN__transformer_v1_32-10mc,https://hyp3-tibet-jpl-test-contentbucket-hratibh1y9pa.s3.us-west-2.amazonaws.com/3450395d-69f1-455e-a773-295ed6ce9d7a/OPERA_L3_DIST-ALERT-S1_T49MDN_20240420T221749Z_20251215T210805Z_S1A_30_v0.1.zip,s3://hyp3-tibet-jpl-test-contentbucket-hratibh1y9pa3450395d-69f1-455e-a773-295ed6ce9d7a/OPERA_L3_DIST-ALERT-S1_T49MDN_20240420T221749Z_20251215T210805Z_S1A_30_v0.1,https://hyp3-tibet-jpl-test-contentbucket-hratibh1y9pa.s3.us-west-2.amazonaws.com/3450395d-69f1-455e-a773-295ed6ce9d7a/OPERA_L3_DIST-ALERT-S1_T49MDN_20240420T221749Z_20251215T210805Z_S1A_30_v0.1.png,2025-12-15T20:44:42+00:00,836.66,4.5,49MDN,1,23,4,none,False,transformer_v1_32,high,32,10,2024-04-20,76,2.5,4,best,none,False
papau_new_guinea_landslide_2024__2024-05-24__54MYV__transformer_v1_32-10mc,https://hyp3-tibet-jpl-test-contentbucket-hratibh1y9pa.s3.us-west-2.amazonaws.com/539415c6-a2b5-47c6-9325-a0d66c909b1b/OPERA_L3_DIST-ALERT-S1_T54MYV_20240628T201348Z_20251215T205810Z_S1A_30_v0.1.zip,s3://hyp3-tibet-jpl-test-contentbucket-hratibh1y9pa539415c6-a2b5-47c6-9325-a0d66c909b1b/OPERA_L3_DIST-ALERT-S1_T54MYV_20240628T201348Z_20251215T205810Z_S1A_30_v0.1,https://hyp3-tibet-jpl-test-contentbucket-hratibh1y9pa.s3.us-west-2.amazonaws.com/539415c6-a2b5-47c6-9325-a0d66c909b1b/OPERA_L3_DIST-ALERT-S1_T54MYV_20240628T201348Z_20251215T205810Z_S1A_30_v0.1.png,2025-12-15T20:44:42+00:00,233.879,4.5,54MYV,1,23,4,none,False,transformer_v1_32,high,32,10,2024-06-28,31,2.5,4,best,none,False
demak_flood_2024__2024-03-15__49MDN__transformer_v1_32-10mc,https://hyp3-tibet-jpl-test-contentbucket-hratibh1y9pa.s3.us-west-2.amazonaws.com/c80768d0-a29c-4481-8c0c-9f69ea16a34f/OPERA_L3_DIST-ALERT-S1_T49MDN_20240424T105853Z_20251215T210644Z_S1A_30_v0.1.zip,s3://hyp3-tibet-jpl-test-contentbucket-hratibh1y9pac80768d0-a29c-4481-8c0c-9f69ea16a34f/OPERA_L3_DIST-ALERT-S1_T49MDN_20240424T105853Z_20251215T210644Z_S1A_30_v0.1,https://hyp3-tibet-jpl-test-contentbucket-hratibh1y9pa.s3.us-west-2.amazonaws.com/c80768d0-a29c-4481-8c0c-9f69ea16a34f/OPERA_L3_DIST-ALERT-S1_T49MDN_20240424T105853Z_20251215T210644Z_S1A_30_v0.1.png,2025-12-15T20:44:42+00:00,764.178,4.5,49MDN,1,23,4,none,False,transformer_v1_32,high,32,10,2024-04-24,127,2.5,4,best,none,False
bioko_fire_2024__2024-02-07__32NMJ__transformer_v1_32-10mc,https://hyp3-tibet-jpl-test-contentbucket-hratibh1y9pa.s3.us-west-2.amazonaws.com/a3a28f03-bd84-4b17-b21b-ff3e3e099a7e/OPERA_L3_DIST-ALERT-S1_T32NMJ_20240405T174457Z_20251215T210043Z_S1A_30_v0.1.zip,s3://hyp3-tibet-jpl-test-contentbucket-hratibh1y9paa3a28f03-bd84-4b17-b21b-ff3e3e099a7e/OPERA_L3_DIST-ALERT-S1_T32NMJ_20240405T174457Z_20251215T210043Z_S1A_30_v0.1,https://hyp3-tibet-jpl-test-contentbucket-hratibh1y9pa.s3.us-west-2.amazonaws.com/a3a28f03-bd84-4b17-b21b-ff3e3e099a7e/OPERA_L3_DIST-ALERT-S1_T32NMJ_20240405T174457Z_20251215T210043Z_S1A_30_v0.1.png,2025-12-15T20:44:42+00:00,388.338,4.5,32NMJ,1,23,4,none,False,transformer_v1_32,high,32,10,2024-04-05,30,2.5,4,best,none,False
hokkaido_landslides_2018__2018-09-06__54TWN__transformer_v1_32-10mc,https://hyp3-tibet-jpl-test-contentbucket-hratibh1y9pa.s3.us-west-2.amazonaws.com/63ec1e51-3eb6-4935-8799-e9c8bdd3ab90/OPERA_L3_DIST-ALERT-S1_T54TWN_20180917T204120Z_20251215T210139Z_S1A_30_v0.1.zip,s3://hyp3-tibet-jpl-test-contentbucket-hratibh1y9pa63ec1e51-3eb6-4935-8799-e9c8bdd3ab90/OPERA_L3_DIST-ALERT-S1_T54TWN_20180917T204120Z_20251215T210139Z_S1A_30_v0.1,https://hyp3-tibet-jpl-test-contentbucket-hratibh1y9pa.s3.us-west-2.amazonaws.com/63ec1e51-3eb6-4935-8799-e9c8bdd3ab90/OPERA_L3_DIST-ALERT-S1_T54TWN_20180917T204120Z_20251215T210139Z_S1A_30_v0.1.png,2025-12-15T20:44:42+00:00,462.939,4.5,54TWN,1,23,4,none,False,transformer_v1_32,high,32,10,2018-09-17,46,2.5,4,best,none,False
tuscany_flood_2023__2023-11-02__32TPP__transformer_v1_32-10mc,https://hyp3-tibet-jpl-test-contentbucket-hratibh1y9pa.s3.us-west-2.amazonaws.com/2dfad073-8f7c-46dc-a68e-07b8575eb115/OPERA_L3_DIST-ALERT-S1_T32TPP_20231205T052812Z_20251215T211142Z_S1A_30_v0.1.zip,s3://hyp3-tibet-jpl-test-contentbucket-hratibh1y9pa2dfad073-8f7c-46dc-a68e-07b8575eb115/OPERA_L3_DIST-ALERT-S1_T32TPP_20231205T052812Z_20251215T211142Z_S1A_30_v0.1,https://hyp3-tibet-jpl-test-contentbucket-hratibh1y9pa.s3.us-west-2.amazonaws.com/2dfad073-8f7c-46dc-a68e-07b8575eb115/OPERA_L3_DIST-ALERT-S1_T32TPP_20231205T052812Z_20251215T211142Z_S1A_30_v0.1.png,2025-12-15T20:44:42+00:00,1063.075,4.5,32TPP,1,23,4,none,False,transformer_v1_32,high,32,10,2023-12-05,168,2.5,4,best,none,False
chilcotin_river_landslide_and_flood_2024__2024-07-30__10UEC__transformer_v1_32-10mc,https://hyp3-tibet-jpl-test-contentbucket-hratibh1y9pa.s3.us-west-2.amazonaws.com/5a3780ca-bd83-4e4c-9146-fca9ebfdeab3/OPERA_L3_DIST-ALERT-S1_T10UEC_20240907T142048Z_20251215T210659Z_S1A_30_v0.1.zip,s3://hyp3-tibet-jpl-test-contentbucket-hratibh1y9pa5a3780ca-bd83-4e4c-9146-fca9ebfdeab3/OPERA_L3_DIST-ALERT-S1_T10UEC_20240907T142048Z_20251215T210659Z_S1A_30_v0.1,https://hyp3-tibet-jpl-test-contentbucket-hratibh1y9pa.s3.us-west-2.amazonaws.com/5a3780ca-bd83-4e4c-9146-fca9ebfdeab3/OPERA_L3_DIST-ALERT-S1_T10UEC_20240907T142048Z_20251215T210659Z_S1A_30_v0.1.png,2025-12-15T20:44:42+00:00,782.482,4.5,10UEC,1,23,4,none,False,transformer_v1_32,high,32,10,2024-09-07,13,2.5,4,best,none,False
attica_fire_2024__2024-08-11__34SGH__transformer_v1_32-10mc,https://hyp3-tibet-jpl-test-contentbucket-hratibh1y9pa.s3.us-west-2.amazonaws.com/9a3df52d-683a-40a5-9e0d-b88c9c85e026/OPERA_L3_DIST-ALERT-S1_T34SGH_20240809T042353Z_20251215T210543Z_S1A_30_v0.1.zip,s3://hyp3-tibet-jpl-test-contentbucket-hratibh1y9pa9a3df52d-683a-40a5-9e0d-b88c9c85e026/OPERA_L3_DIST-ALERT-S1_T34SGH_20240809T042353Z_20251215T210543Z_S1A_30_v0.1,https://hyp3-tibet-jpl-test-contentbucket-hratibh1y9pa.s3.us-west-2.amazonaws.com/9a3df52d-683a-40a5-9e0d-b88c9c85e026/OPERA_L3_DIST-ALERT-S1_T34SGH_20240809T042353Z_20251215T210543Z_S1A_30_v0.1.png,2025-12-15T20:44:42+00:00,691.341,4.5,34SGH,1,23,4,none,False,transformer_v1_32,high,32,10,2024-08-09,109,2.5,4,best,none,False
papau_new_guinea_landslide_2024__2024-05-24__54MYV__transformer_v1_32-10mc,https://hyp3-tibet-jpl-test-contentbucket-hratibh1y9pa.s3.us-west-2.amazonaws.com/d60a7074-ea52-4810-b3eb-0553e304d82f/OPERA_L3_DIST-ALERT-S1_T54MYV_20240616T201349Z_20251215T205752Z_S1A_30_v0.1.zip,s3://hyp3-tibet-jpl-test-contentbucket-hratibh1y9pad60a7074-ea52-4810-b3eb-0553e304d82f/OPERA_L3_DIST-ALERT-S1_T54MYV_20240616T201349Z_20251215T205752Z_S1A_30_v0.1,https://hyp3-tibet-jpl-test-contentbucket-hratibh1y9pa.s3.us-west-2.amazonaws.com/d60a7074-ea52-4810-b3eb-0553e304d82f/OPERA_L3_DIST-ALERT-S1_T54MYV_20240616T201349Z_20251215T205752Z_S1A_30_v0.1.png,2025-12-15T20:44:42+00:00,219.519,4.5,54MYV,1,23,4,none,False,transformer_v1_32,high,32,10,2024-06-16,31,2.5,4,best,none,False
park_fire_2024__2024-07-24__10TEK__transformer_v1_32-10mc,https://hyp3-tibet-jpl-test-contentbucket-hratibh1y9pa.s3.us-west-2.amazonaws.com/38d4b417-6fd8-4739-a423-3a2e8d4fbb8c/OPERA_L3_DIST-ALERT-S1_T10TEK_20240902T141547Z_20251215T210630Z_S1A_30_v0.1.zip,s3://hyp3-tibet-jpl-test-contentbucket-hratibh1y9pa38d4b417-6fd8-4739-a423-3a2e8d4fbb8c/OPERA_L3_DIST-ALERT-S1_T10TEK_20240902T141547Z_20251215T210630Z_S1A_30_v0.1,https://hyp3-tibet-jpl-test-contentbucket-hratibh1y9pa.s3.us-west-2.amazonaws.com/38d4b417-6fd8-4739-a423-3a2e8d4fbb8c/OPERA_L3_DIST-ALERT-S1_T10TEK_20240902T141547Z_20251215T210630Z_S1A_30_v0.1.png,2025-12-15T20:44:42+00:00,740.878,4.5,10TEK,1,23,4,none,False,transformer_v1_32,high,32,10,2024-09-02,115,2.5,4,best,none,False
bioko_fire_2024__2024-02-07__32NMJ__transformer_v1_32-10mc,https://hyp3-tibet-jpl-test-contentbucket-hratibh1y9pa.s3.us-west-2.amazonaws.com/edbef4e4-7f69-4c99-8df0-c41eabc55662/OPERA_L3_DIST-ALERT-S1_T32NMJ_20240131T173650Z_20251215T205722Z_S1A_30_v0.1.zip,s3://hyp3-tibet-jpl-test-contentbucket-hratibh1y9paedbef4e4-7f69-4c99-8df0-c41eabc55662/OPERA_L3_DIST-ALERT-S1_T32NMJ_20240131T173650Z_20251215T205722Z_S1A_30_v0.1,https://hyp3-tibet-jpl-test-contentbucket-hratibh1y9pa.s3.us-west-2.amazonaws.com/edbef4e4-7f69-4c99-8df0-c41eabc55662/OPERA_L3_DIST-ALERT-S1_T32NMJ_20240131T173650Z_20251215T205722Z_S1A_30_v0.1.png,2025-12-15T20:44:42+00:00,185.373,4.5,32NMJ,1,23,4,none,False,transformer_v1_32,high,32,10,2024-01-31,132,2.5,4,best,none,False
papau_new_guinea_landslide_2024__2024-05-24__54MYV__transformer_v1_32-10mc,https://hyp3-tibet-jpl-test-contentbucket-hratibh1y9pa.s3.us-west-2.amazonaws.com/99cab1f2-8cfa-41ef-b260-435713ac9d13/OPERA_L3_DIST-ALERT-S1_T54MYV_20240429T201350Z_20251215T205744Z_S1A_30_v0.1.zip,s3://hyp3-tibet-jpl-test-contentbucket-hratibh1y9pa99cab1f2-8cfa-41ef-b260-435713ac9d13/OPERA_L3_DIST-ALERT-S1_T54MYV_20240429T201350Z_20251215T205744Z_S1A_30_v0.1,https://hyp3-tibet-jpl-test-contentbucket-hratibh1y9pa.s3.us-west-2.amazonaws.com/99cab1f2-8cfa-41ef-b260-435713ac9d13/OPERA_L3_DIST-ALERT-S1_T54MYV_20240429T201350Z_20251215T205744Z_S1A_30_v0.1.png,2025-12-15T20:44:42+00:00,205.518,4.5,54MYV,1,23,4,none,False,transformer_v1_32,high,32,10,2024-04-29,31,2.5,4,best,none,False
demak_flood_2024__2024-03-15__49MEN__transformer_v1_32-10mc,https://hyp3-tibet-jpl-test-contentbucket-hratibh1y9pa.s3.us-west-2.amazonaws.com/6197ac33-2e18-41b7-96b5-0485b641a08b/OPERA_L3_DIST-ALERT-S1_T49MEN_20240420T221749Z_20251215T210124Z_S1A_30_v0.1.zip,s3://hyp3-tibet-jpl-test-contentbucket-hratibh1y9pa6197ac33-2e18-41b7-96b5-0485b641a08b/OPERA_L3_DIST-ALERT-S1_T49MEN_20240420T221749Z_20251215T210124Z_S1A_30_v0.1,https://hyp3-tibet-jpl-test-contentbucket-hratibh1y9pa.s3.us-west-2.amazonaws.com/6197ac33-2e18-41b7-96b5-0485b641a08b/OPERA_L3_DIST-ALERT-S1_T49MEN_20240420T221749Z_20251215T210124Z_S1A_30_v0.1.png,2025-12-15T20:44:42+00:00,435.052,4.5,49MEN,1,23,4,none,False,transformer_v1_32,high,32,10,2024-04-20,76,2.5,4,best,none,False
attica_fire_2024__2024-08-11__34SGH__transformer_v1_32-10mc,https://hyp3-tibet-jpl-test-contentbucket-hratibh1y9pa.s3.us-west-2.amazonaws.com/f460bd28-aee8-4769-8682-9e179f9c380a/OPERA_L3_DIST-ALERT-S1_T34SGH_20240914T042354Z_20251215T210331Z_S1A_30_v0.1.zip,s3://hyp3-tibet-jpl-test-contentbucket-hratibh1y9paf460bd28-aee8-4769-8682-9e179f9c380a/OPERA_L3_DIST-ALERT-S1_T34SGH_20240914T042354Z_20251215T210331Z_S1A_30_v0.1,https://hyp3-tibet-jpl-test-contentbucket-hratibh1y9pa.s3.us-west-2.amazonaws.com/f460bd28-aee8-4769-8682-9e179f9c380a/OPERA_L3_DIST-ALERT-S1_T34SGH_20240914T042354Z_20251215T210331Z_S1A_30_v0.1.png,2025-12-15T20:44:42+00:00,554.479,4.5,34SGH,1,23,4,none,False,transformer_v1_32,high,32,10,2024-09-14,109,2.5,4,best,none,False
papau_new_guinea_landslide_2024__2024-05-24__54MYV__transformer_v1_32-10mc,https://hyp3-tibet-jpl-test-contentbucket-hratibh1y9pa.s3.us-west-2.amazonaws.com/353b2838-6b23-4e92-9e5a-3ab4aae539c8/OPERA_L3_DIST-ALERT-S1_T54MYV_20240530T200540Z_20251215T210840Z_S1A_30_v0.1.zip,s3://hyp3-tibet-jpl-test-contentbucket-hratibh1y9pa353b2838-6b23-4e92-9e5a-3ab4aae539c8/OPERA_L3_DIST-ALERT-S1_T54MYV_20240530T200540Z_20251215T210840Z_S1A_30_v0.1,https://hyp3-tibet-jpl-test-contentbucket-hratibh1y9pa.s3.us-west-2.amazonaws.com/353b2838-6b23-4e92-9e5a-3ab4aae539c8/OPERA_L3_DIST-ALERT-S1_T54MYV_20240530T200540Z_20251215T210840Z_S1A_30_v0.1.png,2025-12-15T20:44:42+00:00,873.553,4.5,54MYV,1,23,4,none,False,transformer_v1_32,high,32,10,2024-05-30,133,2.5,4,best,none,False
demak_flood_2024__2024-03-15__49MDN__transformer_v1_32-10mc,https://hyp3-tibet-jpl-test-contentbucket-hratibh1y9pa.s3.us-west-2.amazonaws.com/07395f2a-1d0a-401f-9595-8f23e0bf4a6a/OPERA_L3_DIST-ALERT-S1_T49MDN_20240511T110702Z_20251215T205913Z_S1A_30_v0.1.zip,s3://hyp3-tibet-jpl-test-contentbucket-hratibh1y9pa07395f2a-1d0a-401f-9595-8f23e0bf4a6a/OPERA_L3_DIST-ALERT-S1_T49MDN_20240511T110702Z_20251215T205913Z_S1A_30_v0.1,https://hyp3-tibet-jpl-test-contentbucket-hratibh1y9pa.s3.us-west-2.amazonaws.com/07395f2a-1d0a-401f-9595-8f23e0bf4a6a/OPERA_L3_DIST-ALERT-S1_T49MDN_20240511T110702Z_20251215T205913Z_S1A_30_v0.1.png,2025-12-15T20:44:42+00:00,292.783,4.5,49MDN,1,23,4,none,False,transformer_v1_32,high,32,10,2024-05-11,25,2.5,4,best,none,False
demak_flood_2024__2024-03-15__49MDN__transformer_v1_32-10mc,https://hyp3-tibet-jpl-test-contentbucket-hratibh1y9pa.s3.us-west-2.amazonaws.com/75114452-5b95-479a-8115-7b873f9c061f/OPERA_L3_DIST-ALERT-S1_T49MDN_20240412T105852Z_20251215T210658Z_S1A_30_v0.1.zip,s3://hyp3-tibet-jpl-test-contentbucket-hratibh1y9pa75114452-5b95-479a-8115-7b873f9c061f/OPERA_L3_DIST-ALERT-S1_T49MDN_20240412T105852Z_20251215T210658Z_S1A_30_v0.1,https://hyp3-tibet-jpl-test-contentbucket-hratibh1y9pa.s3.us-west-2.amazonaws.com/75114452-5b95-479a-8115-7b873f9c061f/OPERA_L3_DIST-ALERT-S1_T49MDN_20240412T105852Z_20251215T210658Z_S1A_30_v0.1.png,2025-12-15T20:44:42+00:00,769.789,4.5,49MDN,1,23,4,none,False,transformer_v1_32,high,32,10,2024-04-12,127,2.5,4,best,none,False
chilcotin_river_landslide_and_flood_2024__2024-07-30__10UEC__transformer_v1_32-10mc,https://hyp3-tibet-jpl-test-contentbucket-hratibh1y9pa.s3.us-west-2.amazonaws.com/67d15792-208a-48c1-b254-da3e098a648f/OPERA_L3_DIST-ALERT-S1_T10UEC_20240709T142048Z_20251215T210507Z_S1A_30_v0.1.zip,s3://hyp3-tibet-jpl-test-contentbucket-hratibh1y9pa67d15792-208a-48c1-b254-da3e098a648f/OPERA_L3_DIST-ALERT-S1_T10UEC_20240709T142048Z_20251215T210507Z_S1A_30_v0.1,https://hyp3-tibet-jpl-test-contentbucket-hratibh1y9pa.s3.us-west-2.amazonaws.com/67d15792-208a-48c1-b254-da3e098a648f/OPERA_L3_DIST-ALERT-S1_T10UEC_20240709T142048Z_20251215T210507Z_S1A_30_v0.1.png,2025-12-15T20:44:42+00:00,654.878,4.5,10UEC,1,23,4,none,False,transformer_v1_32,high,32,10,2024-07-09,13,2.5,4,best,none,False
attica_fire_2024__2024-08-11__34SGH__transformer_v1_32-10mc,https://hyp3-tibet-jpl-test-contentbucket-hratibh1y9pa.s3.us-west-2.amazonaws.com/e9cf1215-9b90-4572-af22-e6787991fea1/OPERA_L3_DIST-ALERT-S1_T34SGH_20240908T161551Z_20251215T210053Z_S1A_30_v0.1.zip,s3://hyp3-tibet-jpl-test-contentbucket-hratibh1y9pae9cf1215-9b90-4572-af22-e6787991fea1/OPERA_L3_DIST-ALERT-S1_T34SGH_20240908T161551Z_20251215T210053Z_S1A_30_v0.1,https://hyp3-tibet-jpl-test-contentbucket-hratibh1y9pa.s3.us-west-2.amazonaws.com/e9cf1215-9b90-4572-af22-e6787991fea1/OPERA_L3_DIST-ALERT-S1_T34SGH_20240908T161551Z_20251215T210053Z_S1A_30_v0.1.png,2025-12-15T20:44:42+00:00,399.905,4.5,34SGH,1,23,4,none,False,transformer_v1_32,high,32,10,2024-09-08,29,2.5,4,best,none,False
hokkaido_landslides_2018__2018-09-06__54TWN__transformer_v1_32-10mc,https://hyp3-tibet-jpl-test-contentbucket-hratibh1y9pa.s3.us-west-2.amazonaws.com/93ba45ec-6b34-4568-b32f-e4b8c67966c4/OPERA_L3_DIST-ALERT-S1_T54TWN_20180825T083503Z_20251215T205635Z_S1B_30_v0.1.zip,s3://hyp3-tibet-jpl-test-contentbucket-hratibh1y9pa93ba45ec-6b34-4568-b32f-e4b8c67966c4/OPERA_L3_DIST-ALERT-S1_T54TWN_20180825T083503Z_20251215T205635Z_S1B_30_v0.1,https://hyp3-tibet-jpl-test-contentbucket-hratibh1y9pa.s3.us-west-2.amazonaws.com/93ba45ec-6b34-4568-b32f-e4b8c67966c4/OPERA_L3_DIST-ALERT-S1_T54TWN_20180825T083503Z_20251215T205635Z_S1B_30_v0.1.png,2025-12-15T20:44:42+00:00,137.089,4.5,54TWN,1,23,4,none,False,transformer_v1_32,high,32,10,2018-08-25,141,2.5,4,best,none,False
hokkaido_landslides_2018__2018-09-06__54TWN__transformer_v1_32-10mc,https://hyp3-tibet-jpl-test-contentbucket-hratibh1y9pa.s3.us-west-2.amazonaws.com/0ed32f56-34b8-4e46-b92e-ea63f30248c4/OPERA_L3_DIST-ALERT-S1_T54TWN_20180905T204119Z_20251215T210001Z_S1A_30_v0.1.zip,s3://hyp3-tibet-jpl-test-contentbucket-hratibh1y9pa0ed32f56-34b8-4e46-b92e-ea63f30248c4/OPERA_L3_DIST-ALERT-S1_T54TWN_20180905T204119Z_20251215T210001Z_S1A_30_v0.1,https://hyp3-tibet-jpl-test-contentbucket-hratibh1y9pa.s3.us-west-2.amazonaws.com/0ed32f56-34b8-4e46-b92e-ea63f30248c4/OPERA_L3_DIST-ALERT-S1_T54TWN_20180905T204119Z_20251215T210001Z_S1A_30_v0.1.png,2025-12-15T20:44:42+00:00,350.981,4.5,54TWN,1,23,4,none,False,transformer_v1_32,high,32,10,2018-09-05,46,2.5,4,best,none,False
demak_flood_2024__2024-03-15__49MDN__transformer_v1_32-10mc,https://hyp3-tibet-jpl-test-contentbucket-hratibh1y9pa.s3.us-west-2.amazonaws.com/db95b49d-b6e5-4d2e-b31b-b36045f838da/OPERA_L3_DIST-ALERT-S1_T49MDN_20240307T105852Z_20251215T210723Z_S1A_30_v0.1.zip,s3://hyp3-tibet-jpl-test-contentbucket-hratibh1y9padb95b49d-b6e5-4d2e-b31b-b36045f838da/OPERA_L3_DIST-ALERT-S1_T49MDN_20240307T105852Z_20251215T210723Z_S1A_30_v0.1,https://hyp3-tibet-jpl-test-contentbucket-hratibh1y9pa.s3.us-west-2.amazonaws.com/db95b49d-b6e5-4d2e-b31b-b36045f838da/OPERA_L3_DIST-ALERT-S1_T49MDN_20240307T105852Z_20251215T210723Z_S1A_30_v0.1.png,2025-12-15T20:44:42+00:00,796.824,4.5,49MDN,1,23,4,none,False,transformer_v1_32,high,32,10,2024-03-07,127,2.5,4,best,none,False
park_fire_2024__2024-07-24__10TFK__transformer_v1_32-10mc,https://hyp3-tibet-jpl-test-contentbucket-hratibh1y9pa.s3.us-west-2.amazonaws.com/1548804c-2b5f-4bc1-8e94-96d9e28f594d/OPERA_L3_DIST-ALERT-S1_T10TFK_20240904T020029Z_20251215T210833Z_S1A_30_v0.1.zip,s3://hyp3-tibet-jpl-test-contentbucket-hratibh1y9pa1548804c-2b5f-4bc1-8e94-96d9e28f594d/OPERA_L3_DIST-ALERT-S1_T10TFK_20240904T020029Z_20251215T210833Z_S1A_30_v0.1,https://hyp3-tibet-jpl-test-contentbucket-hratibh1y9pa.s3.us-west-2.amazonaws.com/1548804c-2b5f-4bc1-8e94-96d9e28f594d/OPERA_L3_DIST-ALERT-S1_T10TFK_20240904T020029Z_20251215T210833Z_S1A_30_v0.1.png,2025-12-15T20:44:42+00:00,862.476,4.5,10TFK,1,23,4,none,False,transformer_v1_32,high,32,10,2024-09-04,137,2.5,4,best,none,False
demak_flood_2024__2024-03-15__49MEN__transformer_v1_32-10mc,https://hyp3-tibet-jpl-test-contentbucket-hratibh1y9pa.s3.us-west-2.amazonaws.com/dbf684b7-9bce-4c09-958c-a6b7149203ec/OPERA_L3_DIST-ALERT-S1_T49MEN_20240513T105049Z_20251215T205719Z_S1A_30_v0.1.zip,s3://hyp3-tibet-jpl-test-contentbucket-hratibh1y9padbf684b7-9bce-4c09-958c-a6b7149203ec/OPERA_L3_DIST-ALERT-S1_T49MEN_20240513T105049Z_20251215T205719Z_S1A_30_v0.1,https://hyp3-tibet-jpl-test-contentbucket-hratibh1y9pa.s3.us-west-2.amazonaws.com/dbf684b7-9bce-4c09-958c-a6b7149203ec/OPERA_L3_DIST-ALERT-S1_T49MEN_20240513T105049Z_20251215T205719Z_S1A_30_v0.1.png,2025-12-15T20:44:42+00:00,177.106,4.5,49MEN,1,23,4,none,False,transformer_v1_32,high,32,10,2024-05-13,54,2.5,4,best,none,False
tuscany_flood_2023__2023-11-02__32TPP__transformer_v1_32-10mc,https://hyp3-tibet-jpl-test-contentbucket-hratibh1y9pa.s3.us-west-2.amazonaws.com/420a0095-b5a2-4821-8987-8c8dcc941341/OPERA_L3_DIST-ALERT-S1_T32TPP_20231229T052810Z_20251215T210806Z_S1A_30_v0.1.zip,s3://hyp3-tibet-jpl-test-contentbucket-hratibh1y9pa420a0095-b5a2-4821-8987-8c8dcc941341/OPERA_L3_DIST-ALERT-S1_T32TPP_20231229T052810Z_20251215T210806Z_S1A_30_v0.1,https://hyp3-tibet-jpl-test-contentbucket-hratibh1y9pa.s3.us-west-2.amazonaws.com/420a0095-b5a2-4821-8987-8c8dcc941341/OPERA_L3_DIST-ALERT-S1_T32TPP_20231229T052810Z_20251215T210806Z_S1A_30_v0.1.png,2025-12-15T20:44:42+00:00,839.527,4.5,32TPP,1,23,4,none,False,transformer_v1_32,high,32,10,2023-12-29,168,2.5,4,best,none,False
demak_flood_2024__2024-03-15__49MDN__transformer_v1_32-10mc,https://hyp3-tibet-jpl-test-contentbucket-hratibh1y9pa.s3.us-west-2.amazonaws.com/eec1f1c1-4a85-4283-b605-4dbe91baf120/OPERA_L3_DIST-ALERT-S1_T49MDN_20240324T110701Z_20251215T205819Z_S1A_30_v0.1.zip,s3://hyp3-tibet-jpl-test-contentbucket-hratibh1y9paeec1f1c1-4a85-4283-b605-4dbe91baf120/OPERA_L3_DIST-ALERT-S1_T49MDN_20240324T110701Z_20251215T205819Z_S1A_30_v0.1,https://hyp3-tibet-jpl-test-contentbucket-hratibh1y9pa.s3.us-west-2.amazonaws.com/eec1f1c1-4a85-4283-b605-4dbe91baf120/OPERA_L3_DIST-ALERT-S1_T49MDN_20240324T110701Z_20251215T205819Z_S1A_30_v0.1.png,2025-12-15T20:44:42+00:00,243.894,4.5,49MDN,1,23,4,none,False,transformer_v1_32,high,32,10,2024-03-24,25,2.5,4,best,none,False
chilcotin_river_landslide_and_flood_2024__2024-07-30__10UEC__transformer_v1_32-10mc,https://hyp3-tibet-jpl-test-contentbucket-hratibh1y9pa.s3.us-west-2.amazonaws.com/bc825367-6862-4638-90b6-49ab15ab24d1/OPERA_L3_DIST-ALERT-S1_T10UEC_20240802T142047Z_20251215T210501Z_S1A_30_v0.1.zip,s3://hyp3-tibet-jpl-test-contentbucket-hratibh1y9pabc825367-6862-4638-90b6-49ab15ab24d1/OPERA_L3_DIST-ALERT-S1_T10UEC_20240802T142047Z_20251215T210501Z_S1A_30_v0.1,https://hyp3-tibet-jpl-test-contentbucket-hratibh1y9pa.s3.us-west-2.amazonaws.com/bc825367-6862-4638-90b6-49ab15ab24d1/OPERA_L3_DIST-ALERT-S1_T10UEC_20240802T142047Z_20251215T210501Z_S1A_30_v0.1.png,2025-12-15T20:44:42+00:00,653.673,4.5,10UEC,1,23,4,none,False,transformer_v1_32,high,32,10,2024-08-02,13,2.5,4,best,none,False
demak_flood_2024__2024-03-15__49MDN__transformer_v1_32-10mc,https://hyp3-tibet-jpl-test-contentbucket-hratibh1y9pa.s3.us-west-2.amazonaws.com/8a96b2f3-3104-4afb-92e5-07a64d19eab2/OPERA_L3_DIST-ALERT-S1_T49MDN_20240327T221748Z_20251215T210639Z_S1A_30_v0.1.zip,s3://hyp3-tibet-jpl-test-contentbucket-hratibh1y9pa8a96b2f3-3104-4afb-92e5-07a64d19eab2/OPERA_L3_DIST-ALERT-S1_T49MDN_20240327T221748Z_20251215T210639Z_S1A_30_v0.1,https://hyp3-tibet-jpl-test-contentbucket-hratibh1y9pa.s3.us-west-2.amazonaws.com/8a96b2f3-3104-4afb-92e5-07a64d19eab2/OPERA_L3_DIST-ALERT-S1_T49MDN_20240327T221748Z_20251215T210639Z_S1A_30_v0.1.png,2025-12-15T20:44:42+00:00,747.267,4.5,49MDN,1,23,4,none,False,transformer_v1_32,high,32,10,2024-03-27,76,2.5,4,best,none,False
bioko_fire_2024__2024-02-07__32NMJ__transformer_v1_32-10mc,https://hyp3-tibet-jpl-test-contentbucket-hratibh1y9pa.s3.us-west-2.amazonaws.com/77488590-11b6-4c8a-919a-40a6e4886604/OPERA_L3_DIST-ALERT-S1_T32NMJ_20240124T174457Z_20251215T210022Z_S1A_30_v0.1.zip,s3://hyp3-tibet-jpl-test-contentbucket-hratibh1y9pa77488590-11b6-4c8a-919a-40a6e4886604/OPERA_L3_DIST-ALERT-S1_T32NMJ_20240124T174457Z_20251215T210022Z_S1A_30_v0.1,https://hyp3-tibet-jpl-test-contentbucket-hratibh1y9pa.s3.us-west-2.amazonaws.com/77488590-11b6-4c8a-919a-40a6e4886604/OPERA_L3_DIST-ALERT-S1_T32NMJ_20240124T174457Z_20251215T210022Z_S1A_30_v0.1.png,2025-12-15T20:44:42+00:00,362.423,4.5,32NMJ,1,23,4,none,False,transformer_v1_32,high,32,10,2024-01-24,30,2.5,4,best,none,False
tuscany_flood_2023__2023-11-02__32TPP__transformer_v1_32-10mc,https://hyp3-tibet-jpl-test-contentbucket-hratibh1y9pa.s3.us-west-2.amazonaws.com/14f4e802-98aa-4e75-8ed8-49d42019c1b8/OPERA_L3_DIST-ALERT-S1_T32TPP_20231025T052002Z_20251215T210721Z_S1A_30_v0.1.zip,s3://hyp3-tibet-jpl-test-contentbucket-hratibh1y9pa14f4e802-98aa-4e75-8ed8-49d42019c1b8/OPERA_L3_DIST-ALERT-S1_T32TPP_20231025T052002Z_20251215T210721Z_S1A_30_v0.1,https://hyp3-tibet-jpl-test-contentbucket-hratibh1y9pa.s3.us-west-2.amazonaws.com/14f4e802-98aa-4e75-8ed8-49d42019c1b8/OPERA_L3_DIST-ALERT-S1_T32TPP_20231025T052002Z_20251215T210721Z_S1A_30_v0.1.png,2025-12-15T20:44:42+00:00,797.371,4.5,32TPP,1,23,4,none,False,transformer_v1_32,high,32,10,2023-10-25,95,2.5,4,best,none,False
papau_new_guinea_landslide_2024__2024-05-24__54MYV__transformer_v1_32-10mc,https://hyp3-tibet-jpl-test-contentbucket-hratibh1y9pa.s3.us-west-2.amazonaws.com/2c4edc6f-32b2-44b7-a3d9-a7b22d69dc2a/OPERA_L3_DIST-ALERT-S1_T54MYV_20240511T201350Z_20251215T205807Z_S1A_30_v0.1.zip,s3://hyp3-tibet-jpl-test-contentbucket-hratibh1y9pa2c4edc6f-32b2-44b7-a3d9-a7b22d69dc2a/OPERA_L3_DIST-ALERT-S1_T54MYV_20240511T201350Z_20251215T205807Z_S1A_30_v0.1,https://hyp3-tibet-jpl-test-contentbucket-hratibh1y9pa.s3.us-west-2.amazonaws.com/2c4edc6f-32b2-44b7-a3d9-a7b22d69dc2a/OPERA_L3_DIST-ALERT-S1_T54MYV_20240511T201350Z_20251215T205807Z_S1A_30_v0.1.png,2025-12-15T20:44:42+00:00,226.396,4.5,54MYV,1,23,4,none,False,transformer_v1_32,high,32,10,2024-05-11,31,2.5,4,best,none,False
attica_fire_2024__2024-08-11__34SGH__transformer_v1_32-10mc,https://hyp3-tibet-jpl-test-contentbucket-hratibh1y9pa.s3.us-west-2.amazonaws.com/5f7265f8-39b6-4756-b0ad-770c6fc736d9/OPERA_L3_DIST-ALERT-S1_T34SGH_20240920T161551Z_20251215T210022Z_S1A_30_v0.1.zip,s3://hyp3-tibet-jpl-test-contentbucket-hratibh1y9pa5f7265f8-39b6-4756-b0ad-770c6fc736d9/OPERA_L3_DIST-ALERT-S1_T34SGH_20240920T161551Z_20251215T210022Z_S1A_30_v0.1,https://hyp3-tibet-jpl-test-contentbucket-hratibh1y9pa.s3.us-west-2.amazonaws.com/5f7265f8-39b6-4756-b0ad-770c6fc736d9/OPERA_L3_DIST-ALERT-S1_T34SGH_20240920T161551Z_20251215T210022Z_S1A_30_v0.1.png,2025-12-15T20:44:42+00:00,361.791,4.5,34SGH,1,23,4,none,False,transformer_v1_32,high,32,10,2024-09-20,29,2.5,4,best,none,False
tuscany_flood_2023__2023-11-02__32TPP__transformer_v1_32-10mc,https://hyp3-tibet-jpl-test-contentbucket-hratibh1y9pa.s3.us-west-2.amazonaws.com/6d8269d8-e7e7-4883-81d3-c958225c96b7/OPERA_L3_DIST-ALERT-S1_T32TPP_20231213T170643Z_20251215T210728Z_S1A_30_v0.1.zip,s3://hyp3-tibet-jpl-test-contentbucket-hratibh1y9pa6d8269d8-e7e7-4883-81d3-c958225c96b7/OPERA_L3_DIST-ALERT-S1_T32TPP_20231213T170643Z_20251215T210728Z_S1A_30_v0.1,https://hyp3-tibet-jpl-test-contentbucket-hratibh1y9pa.s3.us-west-2.amazonaws.com/6d8269d8-e7e7-4883-81d3-c958225c96b7/OPERA_L3_DIST-ALERT-S1_T32TPP_20231213T170643Z_20251215T210728Z_S1A_30_v0.1.png,2025-12-15T20:44:42+00:00,796.361,4.5,32TPP,1,23,4,none,False,transformer_v1_32,high,32,10,2023-12-13,117,2.5,4,best,none,False
tuscany_flood_2023__2023-11-02__32TPP__transformer_v1_32-10mc,https://hyp3-tibet-jpl-test-contentbucket-hratibh1y9pa.s3.us-west-2.amazonaws.com/8b286db1-2b55-4743-923f-1739f6d962e3/OPERA_L3_DIST-ALERT-S1_T32TPP_20231006T052813Z_20251215T210721Z_S1A_30_v0.1.zip,s3://hyp3-tibet-jpl-test-contentbucket-hratibh1y9pa8b286db1-2b55-4743-923f-1739f6d962e3/OPERA_L3_DIST-ALERT-S1_T32TPP_20231006T052813Z_20251215T210721Z_S1A_30_v0.1,https://hyp3-tibet-jpl-test-contentbucket-hratibh1y9pa.s3.us-west-2.amazonaws.com/8b286db1-2b55-4743-923f-1739f6d962e3/OPERA_L3_DIST-ALERT-S1_T32TPP_20231006T052813Z_20251215T210721Z_S1A_30_v0.1.png,2025-12-15T20:44:42+00:00,808.389,4.5,32TPP,1,23,4,none,False,transformer_v1_32,high,32,10,2023-10-06,168,2.5,4,best,none,False
attica_fire_2024__2024-08-11__34SGH__transformer_v1_32-10mc,https://hyp3-tibet-jpl-test-contentbucket-hratibh1y9pa.s3.us-west-2.amazonaws.com/2948a8df-c57f-4b81-8089-dd613496c861/OPERA_L3_DIST-ALERT-S1_T34SGH_20240919T043202Z_20251215T210812Z_S1A_30_v0.1.zip,s3://hyp3-tibet-jpl-test-contentbucket-hratibh1y9pa2948a8df-c57f-4b81-8089-dd613496c861/OPERA_L3_DIST-ALERT-S1_T34SGH_20240919T043202Z_20251215T210812Z_S1A_30_v0.1,https://hyp3-tibet-jpl-test-contentbucket-hratibh1y9pa.s3.us-west-2.amazonaws.com/2948a8df-c57f-4b81-8089-dd613496c861/OPERA_L3_DIST-ALERT-S1_T34SGH_20240919T043202Z_20251215T210812Z_S1A_30_v0.1.png,2025-12-15T20:44:42+00:00,838.159,4.5,34SGH,1,23,4,none,False,transformer_v1_32,high,32,10,2024-09-19,7,2.5,4,best,none,False
demak_flood_2024__2024-03-15__49MEN__transformer_v1_32-10mc,https://hyp3-tibet-jpl-test-contentbucket-hratibh1y9pa.s3.us-west-2.amazonaws.com/acfa40b6-c035-4528-8a70-4f352b85f453/OPERA_L3_DIST-ALERT-S1_T49MEN_20240224T105848Z_20251215T210728Z_S1A_30_v0.1.zip,s3://hyp3-tibet-jpl-test-contentbucket-hratibh1y9paacfa40b6-c035-4528-8a70-4f352b85f453/OPERA_L3_DIST-ALERT-S1_T49MEN_20240224T105848Z_20251215T210728Z_S1A_30_v0.1,https://hyp3-tibet-jpl-test-contentbucket-hratibh1y9pa.s3.us-west-2.amazonaws.com/acfa40b6-c035-4528-8a70-4f352b85f453/OPERA_L3_DIST-ALERT-S1_T49MEN_20240224T105848Z_20251215T210728Z_S1A_30_v0.1.png,2025-12-15T20:44:42+00:00,797.844,4.5,49MEN,1,23,4,none,False,transformer_v1_32,high,32,10,2024-02-24,127,2.5,4,best,none,False
chilcotin_river_landslide_and_flood_2024__2024-07-30__10UEC__transformer_v1_32-10mc,https://hyp3-tibet-jpl-test-contentbucket-hratibh1y9pa.s3.us-west-2.amazonaws.com/0922e34f-4742-4e70-85ed-19830f7b7394/OPERA_L3_DIST-ALERT-S1_T10UEC_20240721T142047Z_20251215T210535Z_S1A_30_v0.1.zip,s3://hyp3-tibet-jpl-test-contentbucket-hratibh1y9pa0922e34f-4742-4e70-85ed-19830f7b7394/OPERA_L3_DIST-ALERT-S1_T10UEC_20240721T142047Z_20251215T210535Z_S1A_30_v0.1,https://hyp3-tibet-jpl-test-contentbucket-hratibh1y9pa.s3.us-west-2.amazonaws.com/0922e34f-4742-4e70-85ed-19830f7b7394/OPERA_L3_DIST-ALERT-S1_T10UEC_20240721T142047Z_20251215T210535Z_S1A_30_v0.1.png,2025-12-15T20:44:42+00:00,691.619,4.5,10UEC,1,23,4,none,False,transformer_v1_32,high,32,10,2024-07-21,13,2.5,4,best,none,False
park_fire_2024__2024-07-24__10TEK__transformer_v1_32-10mc,https://hyp3-tibet-jpl-test-contentbucket-hratibh1y9pa.s3.us-west-2.amazonaws.com/4b6c9df3-707b-4720-ae7c-76e925e80afd/OPERA_L3_DIST-ALERT-S1_T10TEK_20240914T141548Z_20251215T210629Z_S1A_30_v0.1.zip,s3://hyp3-tibet-jpl-test-contentbucket-hratibh1y9pa4b6c9df3-707b-4720-ae7c-76e925e80afd/OPERA_L3_DIST-ALERT-S1_T10TEK_20240914T141548Z_20251215T210629Z_S1A_30_v0.1,https://hyp3-tibet-jpl-test-contentbucket-hratibh1y9pa.s3.us-west-2.amazonaws.com/4b6c9df3-707b-4720-ae7c-76e925e80afd/OPERA_L3_DIST-ALERT-S1_T10TEK_20240914T141548Z_20251215T210629Z_S1A_30_v0.1.png,2025-12-15T20:44:42+00:00,747.058,4.5,10TEK,1,23,4,none,False,transformer_v1_32,high,32,10,2024-09-14,115,2.5,4,best,none,False
bioko_fire_2024__2024-02-07__32NMJ__transformer_v1_32-10mc,https://hyp3-tibet-jpl-test-contentbucket-hratibh1y9pa.s3.us-west-2.amazonaws.com/32c6e6c8-c833-4723-b7c1-7d1f830ba09e/OPERA_L3_DIST-ALERT-S1_T32NMJ_20240229T174456Z_20251215T210031Z_S1A_30_v0.1.zip,s3://hyp3-tibet-jpl-test-contentbucket-hratibh1y9pa32c6e6c8-c833-4723-b7c1-7d1f830ba09e/OPERA_L3_DIST-ALERT-S1_T32NMJ_20240229T174456Z_20251215T210031Z_S1A_30_v0.1,https://hyp3-tibet-jpl-test-contentbucket-hratibh1y9pa.s3.us-west-2.amazonaws.com/32c6e6c8-c833-4723-b7c1-7d1f830ba09e/OPERA_L3_DIST-ALERT-S1_T32NMJ_20240229T174456Z_20251215T210031Z_S1A_30_v0.1.png,2025-12-15T20:44:42+00:00,370.289,4.5,32NMJ,1,23,4,none,False,transformer_v1_32,high,32,10,2024-02-29,30,2.5,4,best,none,False
tuscany_flood_2023__2023-11-02__32TPP__transformer_v1_32-10mc,https://hyp3-tibet-jpl-test-contentbucket-hratibh1y9pa.s3.us-west-2.amazonaws.com/f81a6b2c-454d-4ea7-8656-992b6426d414/OPERA_L3_DIST-ALERT-S1_T32TPP_20231224T052000Z_20251215T210611Z_S1A_30_v0.1.zip,s3://hyp3-tibet-jpl-test-contentbucket-hratibh1y9paf81a6b2c-454d-4ea7-8656-992b6426d414/OPERA_L3_DIST-ALERT-S1_T32TPP_20231224T052000Z_20251215T210611Z_S1A_30_v0.1,https://hyp3-tibet-jpl-test-contentbucket-hratibh1y9pa.s3.us-west-2.amazonaws.com/f81a6b2c-454d-4ea7-8656-992b6426d414/OPERA_L3_DIST-ALERT-S1_T32TPP_20231224T052000Z_20251215T210611Z_S1A_30_v0.1.png,2025-12-15T20:44:42+00:00,720.973,4.5,32TPP,1,23,4,none,False,transformer_v1_32,high,32,10,2023-12-24,95,2.5,4,best,none,False
papau_new_guinea_landslide_2024__2024-05-24__54MYV__transformer_v1_32-10mc,https://hyp3-tibet-jpl-test-contentbucket-hratibh1y9pa.s3.us-west-2.amazonaws.com/423c7824-2bc2-49f8-b971-7585c274f5bd/OPERA_L3_DIST-ALERT-S1_T54MYV_20240717T200538Z_20251215T210741Z_S1A_30_v0.1.zip,s3://hyp3-tibet-jpl-test-contentbucket-hratibh1y9pa423c7824-2bc2-49f8-b971-7585c274f5bd/OPERA_L3_DIST-ALERT-S1_T54MYV_20240717T200538Z_20251215T210741Z_S1A_30_v0.1,https://hyp3-tibet-jpl-test-contentbucket-hratibh1y9pa.s3.us-west-2.amazonaws.com/423c7824-2bc2-49f8-b971-7585c274f5bd/OPERA_L3_DIST-ALERT-S1_T54MYV_20240717T200538Z_20251215T210741Z_S1A_30_v0.1.png,2025-12-15T20:44:42+00:00,811.124,4.5,54MYV,1,23,4,none,False,transformer_v1_32,high,32,10,2024-07-17,133,2.5,4,best,none,False
tuscany_flood_2023__2023-11-02__32TPP__transformer_v1_32-10mc,https://hyp3-tibet-jpl-test-contentbucket-hratibh1y9pa.s3.us-west-2.amazonaws.com/023678bf-a143-440c-9f66-f7fb5106d2ca/OPERA_L3_DIST-ALERT-S1_T32TPP_20231013T052002Z_20251215T210655Z_S1A_30_v0.1.zip,s3://hyp3-tibet-jpl-test-contentbucket-hratibh1y9pa023678bf-a143-440c-9f66-f7fb5106d2ca/OPERA_L3_DIST-ALERT-S1_T32TPP_20231013T052002Z_20251215T210655Z_S1A_30_v0.1,https://hyp3-tibet-jpl-test-contentbucket-hratibh1y9pa.s3.us-west-2.amazonaws.com/023678bf-a143-440c-9f66-f7fb5106d2ca/OPERA_L3_DIST-ALERT-S1_T32TPP_20231013T052002Z_20251215T210655Z_S1A_30_v0.1.png,2025-12-15T20:44:42+00:00,768.108,4.5,32TPP,1,23,4,none,False,transformer_v1_32,high,32,10,2023-10-13,95,2.5,4,best,none,False
attica_fire_2024__2024-08-11__34SGH__transformer_v1_32-10mc,https://hyp3-tibet-jpl-test-contentbucket-hratibh1y9pa.s3.us-west-2.amazonaws.com/3293d850-a3f7-4acb-8211-5a7043caee93/OPERA_L3_DIST-ALERT-S1_T34SGH_20240925T162359Z_20251215T210612Z_S1A_30_v0.1.zip,s3://hyp3-tibet-jpl-test-contentbucket-hratibh1y9pa3293d850-a3f7-4acb-8211-5a7043caee93/OPERA_L3_DIST-ALERT-S1_T34SGH_20240925T162359Z_20251215T210612Z_S1A_30_v0.1,https://hyp3-tibet-jpl-test-contentbucket-hratibh1y9pa.s3.us-west-2.amazonaws.com/3293d850-a3f7-4acb-8211-5a7043caee93/OPERA_L3_DIST-ALERT-S1_T34SGH_20240925T162359Z_20251215T210612Z_S1A_30_v0.1.png,2025-12-15T20:44:42+00:00,718.444,4.5,34SGH,1,23,4,none,False,transformer_v1_32,high,32,10,2024-09-25,102,2.5,4,best,none,False
bioko_fire_2024__2024-02-07__32NMJ__transformer_v1_32-10mc,https://hyp3-tibet-jpl-test-contentbucket-hratibh1y9pa.s3.us-west-2.amazonaws.com/581b2b3d-6c9a-472e-aae4-42b35af022bf/OPERA_L3_DIST-ALERT-S1_T32NMJ_20240324T174456Z_20251215T210012Z_S1A_30_v0.1.zip,s3://hyp3-tibet-jpl-test-contentbucket-hratibh1y9pa581b2b3d-6c9a-472e-aae4-42b35af022bf/OPERA_L3_DIST-ALERT-S1_T32NMJ_20240324T174456Z_20251215T210012Z_S1A_30_v0.1,https://hyp3-tibet-jpl-test-contentbucket-hratibh1y9pa.s3.us-west-2.amazonaws.com/581b2b3d-6c9a-472e-aae4-42b35af022bf/OPERA_L3_DIST-ALERT-S1_T32NMJ_20240324T174456Z_20251215T210012Z_S1A_30_v0.1.png,2025-12-15T20:44:42+00:00,353.304,4.5,32NMJ,1,23,4,none,False,transformer_v1_32,high,32,10,2024-03-24,30,2.5,4,best,none,False
attica_fire_2024__2024-08-11__34SGH__transformer_v1_32-10mc,https://hyp3-tibet-jpl-test-contentbucket-hratibh1y9pa.s3.us-west-2.amazonaws.com/0f8409c3-aaf2-4165-99bb-2f971c3273d6/OPERA_L3_DIST-ALERT-S1_T34SGH_20241001T043202Z_20251215T210722Z_S1A_30_v0.1.zip,s3://hyp3-tibet-jpl-test-contentbucket-hratibh1y9pa0f8409c3-aaf2-4165-99bb-2f971c3273d6/OPERA_L3_DIST-ALERT-S1_T34SGH_20241001T043202Z_20251215T210722Z_S1A_30_v0.1,https://hyp3-tibet-jpl-test-contentbucket-hratibh1y9pa.s3.us-west-2.amazonaws.com/0f8409c3-aaf2-4165-99bb-2f971c3273d6/OPERA_L3_DIST-ALERT-S1_T34SGH_20241001T043202Z_20251215T210722Z_S1A_30_v0.1.png,2025-12-15T20:44:42+00:00,788.222,4.5,34SGH,1,23,4,none,False,transformer_v1_32,high,32,10,2024-10-01,7,2.5,4,best,none,False
attica_fire_2024__2024-08-11__34SGH__transformer_v1_32-10mc,https://hyp3-tibet-jpl-test-contentbucket-hratibh1y9pa.s3.us-west-2.amazonaws.com/01a50424-1f82-4fa2-9587-660786d92f19/OPERA_L3_DIST-ALERT-S1_T34SGH_20240716T042353Z_20251215T210257Z_S1A_30_v0.1.zip,s3://hyp3-tibet-jpl-test-contentbucket-hratibh1y9pa01a50424-1f82-4fa2-9587-660786d92f19/OPERA_L3_DIST-ALERT-S1_T34SGH_20240716T042353Z_20251215T210257Z_S1A_30_v0.1,https://hyp3-tibet-jpl-test-contentbucket-hratibh1y9pa.s3.us-west-2.amazonaws.com/01a50424-1f82-4fa2-9587-660786d92f19/OPERA_L3_DIST-ALERT-S1_T34SGH_20240716T042353Z_20251215T210257Z_S1A_30_v0.1.png,2025-12-15T20:44:42+00:00,523.197,4.5,34SGH,1,23,4,none,False,transformer_v1_32,high,32,10,2024-07-16,109,2.5,4,best,none,False
bioko_fire_2024__2024-02-07__32NMJ__transformer_v1_32-10mc,https://hyp3-tibet-jpl-test-contentbucket-hratibh1y9pa.s3.us-west-2.amazonaws.com/5591ffab-3b98-47f5-a771-fc34a96d3940/OPERA_L3_DIST-ALERT-S1_T32NMJ_20240119T051441Z_20251215T205813Z_S1A_30_v0.1.zip,s3://hyp3-tibet-jpl-test-contentbucket-hratibh1y9pa5591ffab-3b98-47f5-a771-fc34a96d3940/OPERA_L3_DIST-ALERT-S1_T32NMJ_20240119T051441Z_20251215T205813Z_S1A_30_v0.1,https://hyp3-tibet-jpl-test-contentbucket-hratibh1y9pa.s3.us-west-2.amazonaws.com/5591ffab-3b98-47f5-a771-fc34a96d3940/OPERA_L3_DIST-ALERT-S1_T32NMJ_20240119T051441Z_20251215T205813Z_S1A_30_v0.1.png,2025-12-15T20:44:42+00:00,234.366,4.5,32NMJ,1,23,4,none,False,transformer_v1_32,high,32,10,2024-01-19,124,2.5,4,best,none,False
park_fire_2024__2024-07-24__10TEK__transformer_v1_32-10mc,https://hyp3-tibet-jpl-test-contentbucket-hratibh1y9pa.s3.us-west-2.amazonaws.com/07f3813c-148c-4c02-aa75-1f2681c632f7/OPERA_L3_DIST-ALERT-S1_T10TEK_20240916T020035Z_20251215T210048Z_S1A_30_v0.1.zip,s3://hyp3-tibet-jpl-test-contentbucket-hratibh1y9pa07f3813c-148c-4c02-aa75-1f2681c632f7/OPERA_L3_DIST-ALERT-S1_T10TEK_20240916T020035Z_20251215T210048Z_S1A_30_v0.1,https://hyp3-tibet-jpl-test-contentbucket-hratibh1y9pa.s3.us-west-2.amazonaws.com/07f3813c-148c-4c02-aa75-1f2681c632f7/OPERA_L3_DIST-ALERT-S1_T10TEK_20240916T020035Z_20251215T210048Z_S1A_30_v0.1.png,2025-12-15T20:44:42+00:00,392.003,4.5,10TEK,1,23,4,none,False,transformer_v1_32,high,32,10,2024-09-16,137,2.5,4,best,none,False
attica_fire_2024__2024-08-11__34SGH__transformer_v1_32-10mc,https://hyp3-tibet-jpl-test-contentbucket-hratibh1y9pa.s3.us-west-2.amazonaws.com/696b8201-73ad-420b-9386-fd81788468b0/OPERA_L3_DIST-ALERT-S1_T34SGH_20240808T162358Z_20251215T210742Z_S1A_30_v0.1.zip,s3://hyp3-tibet-jpl-test-contentbucket-hratibh1y9pa696b8201-73ad-420b-9386-fd81788468b0/OPERA_L3_DIST-ALERT-S1_T34SGH_20240808T162358Z_20251215T210742Z_S1A_30_v0.1,https://hyp3-tibet-jpl-test-contentbucket-hratibh1y9pa.s3.us-west-2.amazonaws.com/696b8201-73ad-420b-9386-fd81788468b0/OPERA_L3_DIST-ALERT-S1_T34SGH_20240808T162358Z_20251215T210742Z_S1A_30_v0.1.png,2025-12-15T20:44:42+00:00,809.004,4.5,34SGH,1,23,4,none,False,transformer_v1_32,high,32,10,2024-08-08,102,2.5,4,best,none,False
attica_fire_2024__2024-08-11__34SGH__transformer_v1_32-10mc,https://hyp3-tibet-jpl-test-contentbucket-hratibh1y9pa.s3.us-west-2.amazonaws.com/cf854914-b6e2-4134-88d8-67f722d4be8d/OPERA_L3_DIST-ALERT-S1_T34SGH_20240715T162359Z_20251215T210724Z_S1A_30_v0.1.zip,s3://hyp3-tibet-jpl-test-contentbucket-hratibh1y9pacf854914-b6e2-4134-88d8-67f722d4be8d/OPERA_L3_DIST-ALERT-S1_T34SGH_20240715T162359Z_20251215T210724Z_S1A_30_v0.1,https://hyp3-tibet-jpl-test-contentbucket-hratibh1y9pa.s3.us-west-2.amazonaws.com/cf854914-b6e2-4134-88d8-67f722d4be8d/OPERA_L3_DIST-ALERT-S1_T34SGH_20240715T162359Z_20251215T210724Z_S1A_30_v0.1.png,2025-12-15T20:44:42+00:00,789.799,4.5,34SGH,1,23,4,none,False,transformer_v1_32,high,32,10,2024-07-15,102,2.5,4,best,none,False
hokkaido_landslides_2018__2018-09-06__54TWN__transformer_v1_32-10mc,https://hyp3-tibet-jpl-test-contentbucket-hratibh1y9pa.s3.us-west-2.amazonaws.com/44da2e35-eb5f-4ff2-8c04-c79073e3ac7c/OPERA_L3_DIST-ALERT-S1_T54TWN_20180831T203311Z_20251215T205649Z_S1A_30_v0.1.zip,s3://hyp3-tibet-jpl-test-contentbucket-hratibh1y9pa44da2e35-eb5f-4ff2-8c04-c79073e3ac7c/OPERA_L3_DIST-ALERT-S1_T54TWN_20180831T203311Z_20251215T205649Z_S1A_30_v0.1,https://hyp3-tibet-jpl-test-contentbucket-hratibh1y9pa.s3.us-west-2.amazonaws.com/44da2e35-eb5f-4ff2-8c04-c79073e3ac7c/OPERA_L3_DIST-ALERT-S1_T54TWN_20180831T203311Z_20251215T205649Z_S1A_30_v0.1.png,2025-12-15T20:44:42+00:00,156.232,4.5,54TWN,1,23,4,none,False,transformer_v1_32,high,32,10,2018-08-31,148,2.5,4,best,none,False
tuscany_flood_2023__2023-11-02__32TPP__transformer_v1_32-10mc,https://hyp3-tibet-jpl-test-contentbucket-hratibh1y9pa.s3.us-west-2.amazonaws.com/d3aa4578-3591-4692-8c67-57f12a929500/OPERA_L3_DIST-ALERT-S1_T32TPP_20231118T052002Z_20251215T210658Z_S1A_30_v0.1.zip,s3://hyp3-tibet-jpl-test-contentbucket-hratibh1y9pad3aa4578-3591-4692-8c67-57f12a929500/OPERA_L3_DIST-ALERT-S1_T32TPP_20231118T052002Z_20251215T210658Z_S1A_30_v0.1,https://hyp3-tibet-jpl-test-contentbucket-hratibh1y9pa.s3.us-west-2.amazonaws.com/d3aa4578-3591-4692-8c67-57f12a929500/OPERA_L3_DIST-ALERT-S1_T32TPP_20231118T052002Z_20251215T210658Z_S1A_30_v0.1.png,2025-12-15T20:44:42+00:00,767.227,4.5,32TPP,1,23,4,none,False,transformer_v1_32,high,32,10,2023-11-18,95,2.5,4,best,none,False
demak_flood_2024__2024-03-15__49MEN__transformer_v1_32-10mc,https://hyp3-tibet-jpl-test-contentbucket-hratibh1y9pa.s3.us-west-2.amazonaws.com/08feeb57-3047-42a2-b9cd-cccb8df1f8c3/OPERA_L3_DIST-ALERT-S1_T49MEN_20240219T105048Z_20251215T205709Z_S1A_30_v0.1.zip,s3://hyp3-tibet-jpl-test-contentbucket-hratibh1y9pa08feeb57-3047-42a2-b9cd-cccb8df1f8c3/OPERA_L3_DIST-ALERT-S1_T49MEN_20240219T105048Z_20251215T205709Z_S1A_30_v0.1,https://hyp3-tibet-jpl-test-contentbucket-hratibh1y9pa.s3.us-west-2.amazonaws.com/08feeb57-3047-42a2-b9cd-cccb8df1f8c3/OPERA_L3_DIST-ALERT-S1_T49MEN_20240219T105048Z_20251215T205709Z_S1A_30_v0.1.png,2025-12-15T20:44:42+00:00,168.149,4.5,49MEN,1,23,4,none,False,transformer_v1_32,high,32,10,2024-02-19,54,2.5,4,best,none,False
bioko_fire_2024__2024-02-07__32NMJ__transformer_v1_32-10mc,https://hyp3-tibet-jpl-test-contentbucket-hratibh1y9pa.s3.us-west-2.amazonaws.com/6eb6c551-8808-4377-b02c-514f3f9eef83/OPERA_L3_DIST-ALERT-S1_T32NMJ_20240314T050633Z_20251215T205740Z_S1A_30_v0.1.zip,s3://hyp3-tibet-jpl-test-contentbucket-hratibh1y9pa6eb6c551-8808-4377-b02c-514f3f9eef83/OPERA_L3_DIST-ALERT-S1_T32NMJ_20240314T050633Z_20251215T205740Z_S1A_30_v0.1,https://hyp3-tibet-jpl-test-contentbucket-hratibh1y9pa.s3.us-west-2.amazonaws.com/6eb6c551-8808-4377-b02c-514f3f9eef83/OPERA_L3_DIST-ALERT-S1_T32NMJ_20240314T050633Z_20251215T205740Z_S1A_30_v0.1.png,2025-12-15T20:44:42+00:00,199.881,4.5,32NMJ,1,23,4,none,False,transformer_v1_32,high,32,10,2024-03-14,51,2.5,4,best,none,False
papau_new_guinea_landslide_2024__2024-05-24__54MYV__transformer_v1_32-10mc,https://hyp3-tibet-jpl-test-contentbucket-hratibh1y9pa.s3.us-west-2.amazonaws.com/8f406a3d-c220-4807-8f67-43bc83195245/OPERA_L3_DIST-ALERT-S1_T54MYV_20240604T201349Z_20251215T205802Z_S1A_30_v0.1.zip,s3://hyp3-tibet-jpl-test-contentbucket-hratibh1y9pa8f406a3d-c220-4807-8f67-43bc83195245/OPERA_L3_DIST-ALERT-S1_T54MYV_20240604T201349Z_20251215T205802Z_S1A_30_v0.1,https://hyp3-tibet-jpl-test-contentbucket-hratibh1y9pa.s3.us-west-2.amazonaws.com/8f406a3d-c220-4807-8f67-43bc83195245/OPERA_L3_DIST-ALERT-S1_T54MYV_20240604T201349Z_20251215T205802Z_S1A_30_v0.1.png,2025-12-15T20:44:42+00:00,220.508,4.5,54MYV,1,23,4,none,False,transformer_v1_32,high,32,10,2024-06-04,31,2.5,4,best,none,False
demak_flood_2024__2024-03-15__49MEN__transformer_v1_32-10mc,https://hyp3-tibet-jpl-test-contentbucket-hratibh1y9pa.s3.us-west-2.amazonaws.com/e62a38d2-b0c2-46ea-838d-b274915bb3fa/OPERA_L3_DIST-ALERT-S1_T49MEN_20240506T105849Z_20251215T210446Z_S1A_30_v0.1.zip,s3://hyp3-tibet-jpl-test-contentbucket-hratibh1y9pae62a38d2-b0c2-46ea-838d-b274915bb3fa/OPERA_L3_DIST-ALERT-S1_T49MEN_20240506T105849Z_20251215T210446Z_S1A_30_v0.1,https://hyp3-tibet-jpl-test-contentbucket-hratibh1y9pa.s3.us-west-2.amazonaws.com/e62a38d2-b0c2-46ea-838d-b274915bb3fa/OPERA_L3_DIST-ALERT-S1_T49MEN_20240506T105849Z_20251215T210446Z_S1A_30_v0.1.png,2025-12-15T20:44:42+00:00,640.33,4.5,49MEN,1,23,4,none,False,transformer_v1_32,high,32,10,2024-05-06,127,2.5,4,best,none,False
demak_flood_2024__2024-03-15__49MEN__transformer_v1_32-10mc,https://hyp3-tibet-jpl-test-contentbucket-hratibh1y9pa.s3.us-west-2.amazonaws.com/50de7e16-473a-4d4c-93a3-dbc1c03abf2d/OPERA_L3_DIST-ALERT-S1_T49MEN_20240303T221748Z_20251215T210040Z_S1A_30_v0.1.zip,s3://hyp3-tibet-jpl-test-contentbucket-hratibh1y9pa50de7e16-473a-4d4c-93a3-dbc1c03abf2d/OPERA_L3_DIST-ALERT-S1_T49MEN_20240303T221748Z_20251215T210040Z_S1A_30_v0.1,https://hyp3-tibet-jpl-test-contentbucket-hratibh1y9pa.s3.us-west-2.amazonaws.com/50de7e16-473a-4d4c-93a3-dbc1c03abf2d/OPERA_L3_DIST-ALERT-S1_T49MEN_20240303T221748Z_20251215T210040Z_S1A_30_v0.1.png,2025-12-15T20:44:42+00:00,383.2,4.5,49MEN,1,23,4,none,False,transformer_v1_32,high,32,10,2024-03-03,76,2.5,4,best,none,False
bioko_fire_2024__2024-02-07__32NMJ__transformer_v1_32-10mc,https://hyp3-tibet-jpl-test-contentbucket-hratibh1y9pa.s3.us-west-2.amazonaws.com/c47bbe0c-3128-44af-83cb-ff344eb3bc31/OPERA_L3_DIST-ALERT-S1_T32NMJ_20240212T173650Z_20251215T205724Z_S1A_30_v0.1.zip,s3://hyp3-tibet-jpl-test-contentbucket-hratibh1y9pac47bbe0c-3128-44af-83cb-ff344eb3bc31/OPERA_L3_DIST-ALERT-S1_T32NMJ_20240212T173650Z_20251215T205724Z_S1A_30_v0.1,https://hyp3-tibet-jpl-test-contentbucket-hratibh1y9pa.s3.us-west-2.amazonaws.com/c47bbe0c-3128-44af-83cb-ff344eb3bc31/OPERA_L3_DIST-ALERT-S1_T32NMJ_20240212T173650Z_20251215T205724Z_S1A_30_v0.1.png,2025-12-15T20:44:42+00:00,182.518,4.5,32NMJ,1,23,4,none,False,transformer_v1_32,high,32,10,2024-02-12,132,2.5,4,best,none,False
demak_flood_2024__2024-03-15__49MEN__transformer_v1_32-10mc,https://hyp3-tibet-jpl-test-contentbucket-hratibh1y9pa.s3.us-west-2.amazonaws.com/4f2308c6-4c99-4ede-a644-9efd2cba5301/OPERA_L3_DIST-ALERT-S1_T49MEN_20240502T221749Z_20251215T210051Z_S1A_30_v0.1.zip,s3://hyp3-tibet-jpl-test-contentbucket-hratibh1y9pa4f2308c6-4c99-4ede-a644-9efd2cba5301/OPERA_L3_DIST-ALERT-S1_T49MEN_20240502T221749Z_20251215T210051Z_S1A_30_v0.1,https://hyp3-tibet-jpl-test-contentbucket-hratibh1y9pa.s3.us-west-2.amazonaws.com/4f2308c6-4c99-4ede-a644-9efd2cba5301/OPERA_L3_DIST-ALERT-S1_T49MEN_20240502T221749Z_20251215T210051Z_S1A_30_v0.1.png,2025-12-15T20:44:42+00:00,394.228,4.5,49MEN,1,23,4,none,False,transformer_v1_32,high,32,10,2024-05-02,76,2.5,4,best,none,False
chilcotin_river_landslide_and_flood_2024__2024-07-30__10UEC__transformer_v1_32-10mc,https://hyp3-tibet-jpl-test-contentbucket-hratibh1y9pa.s3.us-west-2.amazonaws.com/52ec7a79-b2df-4791-bb3e-a0c43b474d16/OPERA_L3_DIST-ALERT-S1_T10UEC_20240730T020343Z_20251215T210123Z_S1A_30_v0.1.zip,s3://hyp3-tibet-jpl-test-contentbucket-hratibh1y9pa52ec7a79-b2df-4791-bb3e-a0c43b474d16/OPERA_L3_DIST-ALERT-S1_T10UEC_20240730T020343Z_20251215T210123Z_S1A_30_v0.1,https://hyp3-tibet-jpl-test-contentbucket-hratibh1y9pa.s3.us-west-2.amazonaws.com/52ec7a79-b2df-4791-bb3e-a0c43b474d16/OPERA_L3_DIST-ALERT-S1_T10UEC_20240730T020343Z_20251215T210123Z_S1A_30_v0.1.png,2025-12-15T20:44:42+00:00,429.817,4.5,10UEC,1,23,4,none,False,transformer_v1_32,high,32,10,2024-07-30,137,2.5,4,best,none,False
tuscany_flood_2023__2023-11-02__32TPP__transformer_v1_32-10mc,https://hyp3-tibet-jpl-test-contentbucket-hratibh1y9pa.s3.us-west-2.amazonaws.com/cc21ab88-5fba-4f41-8078-e94613b4dd74/OPERA_L3_DIST-ALERT-S1_T32TPP_20231030T052813Z_20251215T210807Z_S1A_30_v0.1.zip,s3://hyp3-tibet-jpl-test-contentbucket-hratibh1y9pacc21ab88-5fba-4f41-8078-e94613b4dd74/OPERA_L3_DIST-ALERT-S1_T32TPP_20231030T052813Z_20251215T210807Z_S1A_30_v0.1,https://hyp3-tibet-jpl-test-contentbucket-hratibh1y9pa.s3.us-west-2.amazonaws.com/cc21ab88-5fba-4f41-8078-e94613b4dd74/OPERA_L3_DIST-ALERT-S1_T32TPP_20231030T052813Z_20251215T210807Z_S1A_30_v0.1.png,2025-12-15T20:44:42+00:00,841.492,4.5,32TPP,1,23,4,none,False,transformer_v1_32,high,32,10,2023-10-30,168,2.5,4,best,none,False
chilcotin_river_landslide_and_flood_2024__2024-07-30__10UEC__transformer_v1_32-10mc,https://hyp3-tibet-jpl-test-contentbucket-hratibh1y9pa.s3.us-west-2.amazonaws.com/8f524bcd-aea2-4ace-ac5f-457eacac3157/OPERA_L3_DIST-ALERT-S1_T10UEC_20240904T020343Z_20251215T210103Z_S1A_30_v0.1.zip,s3://hyp3-tibet-jpl-test-contentbucket-hratibh1y9pa8f524bcd-aea2-4ace-ac5f-457eacac3157/OPERA_L3_DIST-ALERT-S1_T10UEC_20240904T020343Z_20251215T210103Z_S1A_30_v0.1,https://hyp3-tibet-jpl-test-contentbucket-hratibh1y9pa.s3.us-west-2.amazonaws.com/8f524bcd-aea2-4ace-ac5f-457eacac3157/OPERA_L3_DIST-ALERT-S1_T10UEC_20240904T020343Z_20251215T210103Z_S1A_30_v0.1.png,2025-12-15T20:44:42+00:00,408.984,4.5,10UEC,1,23,4,none,False,transformer_v1_32,high,32,10,2024-09-04,137,2.5,4,best,none,False
tuscany_flood_2023__2023-11-02__32TPP__transformer_v1_32-10mc,https://hyp3-tibet-jpl-test-contentbucket-hratibh1y9pa.s3.us-west-2.amazonaws.com/927f1701-b896-4eb8-8fad-8baf08cad7d1/OPERA_L3_DIST-ALERT-S1_T32TPP_20231018T052813Z_20251215T210822Z_S1A_30_v0.1.zip,s3://hyp3-tibet-jpl-test-contentbucket-hratibh1y9pa927f1701-b896-4eb8-8fad-8baf08cad7d1/OPERA_L3_DIST-ALERT-S1_T32TPP_20231018T052813Z_20251215T210822Z_S1A_30_v0.1,https://hyp3-tibet-jpl-test-contentbucket-hratibh1y9pa.s3.us-west-2.amazonaws.com/927f1701-b896-4eb8-8fad-8baf08cad7d1/OPERA_L3_DIST-ALERT-S1_T32TPP_20231018T052813Z_20251215T210822Z_S1A_30_v0.1.png,2025-12-15T20:44:42+00:00,850.946,4.5,32TPP,1,23,4,none,False,transformer_v1_32,high,32,10,2023-10-18,168,2.5,4,best,none,False
attica_fire_2024__2024-08-11__34SGH__transformer_v1_32-10mc,https://hyp3-tibet-jpl-test-contentbucket-hratibh1y9pa.s3.us-west-2.amazonaws.com/049379f8-db03-4b03-bac4-4eb68408ecff/OPERA_L3_DIST-ALERT-S1_T34SGH_20240721T043201Z_20251215T210623Z_S1A_30_v0.1.zip,s3://hyp3-tibet-jpl-test-contentbucket-hratibh1y9pa049379f8-db03-4b03-bac4-4eb68408ecff/OPERA_L3_DIST-ALERT-S1_T34SGH_20240721T043201Z_20251215T210623Z_S1A_30_v0.1,https://hyp3-tibet-jpl-test-contentbucket-hratibh1y9pa.s3.us-west-2.amazonaws.com/049379f8-db03-4b03-bac4-4eb68408ecff/OPERA_L3_DIST-ALERT-S1_T34SGH_20240721T043201Z_20251215T210623Z_S1A_30_v0.1.png,2025-12-15T20:44:42+00:00,727.407,4.5,34SGH,1,23,4,none,False,transformer_v1_32,high,32,10,2024-07-21,7,2.5,4,best,none,False
tuscany_flood_2023__2023-11-02__32TPP__transformer_v1_32-10mc,https://hyp3-tibet-jpl-test-contentbucket-hratibh1y9pa.s3.us-west-2.amazonaws.com/383ae577-77ec-4d27-8b33-e6ac7f733adf/OPERA_L3_DIST-ALERT-S1_T32TPP_20231123T052812Z_20251215T210702Z_S1A_30_v0.1.zip,s3://hyp3-tibet-jpl-test-contentbucket-hratibh1y9pa383ae577-77ec-4d27-8b33-e6ac7f733adf/OPERA_L3_DIST-ALERT-S1_T32TPP_20231123T052812Z_20251215T210702Z_S1A_30_v0.1,https://hyp3-tibet-jpl-test-contentbucket-hratibh1y9pa.s3.us-west-2.amazonaws.com/383ae577-77ec-4d27-8b33-e6ac7f733adf/OPERA_L3_DIST-ALERT-S1_T32TPP_20231123T052812Z_20251215T210702Z_S1A_30_v0.1.png,2025-12-15T20:44:42+00:00,772.502,4.5,32TPP,1,23,4,none,False,transformer_v1_32,high,32,10,2023-11-23,168,2.5,4,best,none,False
bioko_fire_2024__2024-02-07__32NMJ__transformer_v1_32-10mc,https://hyp3-tibet-jpl-test-contentbucket-hratibh1y9pa.s3.us-west-2.amazonaws.com/aec281d1-cf8d-4d34-9c4f-02bb98a6c460/OPERA_L3_DIST-ALERT-S1_T32NMJ_20240219T050633Z_20251215T205734Z_S1A_30_v0.1.zip,s3://hyp3-tibet-jpl-test-contentbucket-hratibh1y9paaec281d1-cf8d-4d34-9c4f-02bb98a6c460/OPERA_L3_DIST-ALERT-S1_T32NMJ_20240219T050633Z_20251215T205734Z_S1A_30_v0.1,https://hyp3-tibet-jpl-test-contentbucket-hratibh1y9pa.s3.us-west-2.amazonaws.com/aec281d1-cf8d-4d34-9c4f-02bb98a6c460/OPERA_L3_DIST-ALERT-S1_T32NMJ_20240219T050633Z_20251215T205734Z_S1A_30_v0.1.png,2025-12-15T20:44:42+00:00,197.711,4.5,32NMJ,1,23,4,none,False,transformer_v1_32,high,32,10,2024-02-19,51,2.5,4,best,none,False
hokkaido_landslides_2018__2018-09-06__54TWN__transformer_v1_32-10mc,https://hyp3-tibet-jpl-test-contentbucket-hratibh1y9pa.s3.us-west-2.amazonaws.com/0f3aa648-5838-424a-baa8-bae882e7f8f2/OPERA_L3_DIST-ALERT-S1_T54TWN_20180820T082650Z_20251215T210252Z_S1B_30_v0.1.zip,s3://hyp3-tibet-jpl-test-contentbucket-hratibh1y9pa0f3aa648-5838-424a-baa8-bae882e7f8f2/OPERA_L3_DIST-ALERT-S1_T54TWN_20180820T082650Z_20251215T210252Z_S1B_30_v0.1,https://hyp3-tibet-jpl-test-contentbucket-hratibh1y9pa.s3.us-west-2.amazonaws.com/0f3aa648-5838-424a-baa8-bae882e7f8f2/OPERA_L3_DIST-ALERT-S1_T54TWN_20180820T082650Z_20251215T210252Z_S1B_30_v0.1.png,2025-12-15T20:44:42+00:00,519.694,4.5,54TWN,1,23,4,none,False,transformer_v1_32,high,32,10,2018-08-20,68,2.5,4,best,none,False
papau_new_guinea_landslide_2024__2024-05-24__54MYV__transformer_v1_32-10mc,https://hyp3-tibet-jpl-test-contentbucket-hratibh1y9pa.s3.us-west-2.amazonaws.com/f2f103fe-ef10-441f-9417-a7fa43c12911/OPERA_L3_DIST-ALERT-S1_T54MYV_20240603T084743Z_20251215T210743Z_S1A_30_v0.1.zip,s3://hyp3-tibet-jpl-test-contentbucket-hratibh1y9paf2f103fe-ef10-441f-9417-a7fa43c12911/OPERA_L3_DIST-ALERT-S1_T54MYV_20240603T084743Z_20251215T210743Z_S1A_30_v0.1,https://hyp3-tibet-jpl-test-contentbucket-hratibh1y9pa.s3.us-west-2.amazonaws.com/f2f103fe-ef10-441f-9417-a7fa43c12911/OPERA_L3_DIST-ALERT-S1_T54MYV_20240603T084743Z_20251215T210743Z_S1A_30_v0.1.png,2025-12-15T20:44:42+00:00,822.142,4.5,54MYV,1,23,4,none,False,transformer_v1_32,high,32,10,2024-06-03,9,2.5,4,best,none,False
demak_flood_2024__2024-03-15__49MDN__transformer_v1_32-10mc,https://hyp3-tibet-jpl-test-contentbucket-hratibh1y9pa.s3.us-west-2.amazonaws.com/418701a7-dfda-4802-b790-8c108ac6c21e/OPERA_L3_DIST-ALERT-S1_T49MDN_20240312T110700Z_20251215T205851Z_S1A_30_v0.1.zip,s3://hyp3-tibet-jpl-test-contentbucket-hratibh1y9pa418701a7-dfda-4802-b790-8c108ac6c21e/OPERA_L3_DIST-ALERT-S1_T49MDN_20240312T110700Z_20251215T205851Z_S1A_30_v0.1,https://hyp3-tibet-jpl-test-contentbucket-hratibh1y9pa.s3.us-west-2.amazonaws.com/418701a7-dfda-4802-b790-8c108ac6c21e/OPERA_L3_DIST-ALERT-S1_T49MDN_20240312T110700Z_20251215T205851Z_S1A_30_v0.1.png,2025-12-15T20:44:42+00:00,270.358,4.5,49MDN,1,23,4,none,False,transformer_v1_32,high,32,10,2024-03-12,25,2.5,4,best,none,False
papau_new_guinea_landslide_2024__2024-05-24__54MYV__transformer_v1_32-10mc,https://hyp3-tibet-jpl-test-contentbucket-hratibh1y9pa.s3.us-west-2.amazonaws.com/10e8f2a2-ee9b-4a8a-8c69-8e6869897443/OPERA_L3_DIST-ALERT-S1_T54MYV_20240506T200541Z_20251215T210756Z_S1A_30_v0.1.zip,s3://hyp3-tibet-jpl-test-contentbucket-hratibh1y9pa10e8f2a2-ee9b-4a8a-8c69-8e6869897443/OPERA_L3_DIST-ALERT-S1_T54MYV_20240506T200541Z_20251215T210756Z_S1A_30_v0.1,https://hyp3-tibet-jpl-test-contentbucket-hratibh1y9pa.s3.us-west-2.amazonaws.com/10e8f2a2-ee9b-4a8a-8c69-8e6869897443/OPERA_L3_DIST-ALERT-S1_T54MYV_20240506T200541Z_20251215T210756Z_S1A_30_v0.1.png,2025-12-15T20:44:42+00:00,826.16,4.5,54MYV,1,23,4,none,False,transformer_v1_32,high,32,10,2024-05-06,133,2.5,4,best,none,False
bioko_fire_2024__2024-02-07__32NMJ__transformer_v1_32-10mc,https://hyp3-tibet-jpl-test-contentbucket-hratibh1y9pa.s3.us-west-2.amazonaws.com/b38805eb-9c44-4c7a-b9e6-7791da5b1f5d/OPERA_L3_DIST-ALERT-S1_T32NMJ_20240119T173650Z_20251215T205707Z_S1A_30_v0.1.zip,s3://hyp3-tibet-jpl-test-contentbucket-hratibh1y9pab38805eb-9c44-4c7a-b9e6-7791da5b1f5d/OPERA_L3_DIST-ALERT-S1_T32NMJ_20240119T173650Z_20251215T205707Z_S1A_30_v0.1,https://hyp3-tibet-jpl-test-contentbucket-hratibh1y9pa.s3.us-west-2.amazonaws.com/b38805eb-9c44-4c7a-b9e6-7791da5b1f5d/OPERA_L3_DIST-ALERT-S1_T32NMJ_20240119T173650Z_20251215T205707Z_S1A_30_v0.1.png,2025-12-15T20:44:42+00:00,164.942,4.5,32NMJ,1,23,4,none,False,transformer_v1_32,high,32,10,2024-01-19,132,2.5,4,best,none,False
chilcotin_river_landslide_and_flood_2024__2024-07-30__10UEC__transformer_v1_32-10mc,https://hyp3-tibet-jpl-test-contentbucket-hratibh1y9pa.s3.us-west-2.amazonaws.com/0e3173ed-4296-4a55-b1e0-31c040c69d3f/OPERA_L3_DIST-ALERT-S1_T10UEC_20240811T020343Z_20251215T210023Z_S1A_30_v0.1.zip,s3://hyp3-tibet-jpl-test-contentbucket-hratibh1y9pa0e3173ed-4296-4a55-b1e0-31c040c69d3f/OPERA_L3_DIST-ALERT-S1_T10UEC_20240811T020343Z_20251215T210023Z_S1A_30_v0.1,https://hyp3-tibet-jpl-test-contentbucket-hratibh1y9pa.s3.us-west-2.amazonaws.com/0e3173ed-4296-4a55-b1e0-31c040c69d3f/OPERA_L3_DIST-ALERT-S1_T10UEC_20240811T020343Z_20251215T210023Z_S1A_30_v0.1.png,2025-12-15T20:44:42+00:00,367.869,4.5,10UEC,1,23,4,none,False,transformer_v1_32,high,32,10,2024-08-11,137,2.5,4,best,none,False
attica_fire_2024__2024-08-11__34SGH__transformer_v1_32-10mc,https://hyp3-tibet-jpl-test-contentbucket-hratibh1y9pa.s3.us-west-2.amazonaws.com/b1371717-124b-4443-a95b-6f352df46b40/OPERA_L3_DIST-ALERT-S1_T34SGH_20240802T043201Z_20251215T210736Z_S1A_30_v0.1.zip,s3://hyp3-tibet-jpl-test-contentbucket-hratibh1y9pab1371717-124b-4443-a95b-6f352df46b40/OPERA_L3_DIST-ALERT-S1_T34SGH_20240802T043201Z_20251215T210736Z_S1A_30_v0.1,https://hyp3-tibet-jpl-test-contentbucket-hratibh1y9pa.s3.us-west-2.amazonaws.com/b1371717-124b-4443-a95b-6f352df46b40/OPERA_L3_DIST-ALERT-S1_T34SGH_20240802T043201Z_20251215T210736Z_S1A_30_v0.1.png,2025-12-15T20:44:42+00:00,801.267,4.5,34SGH,1,23,4,none,False,transformer_v1_32,high,32,10,2024-08-02,7,2.5,4,best,none,False
attica_fire_2024__2024-08-11__34SGH__transformer_v1_32-10mc,https://hyp3-tibet-jpl-test-contentbucket-hratibh1y9pa.s3.us-west-2.amazonaws.com/1a58f882-2aaa-4551-abea-defdfbaa1852/OPERA_L3_DIST-ALERT-S1_T34SGH_20240913T162359Z_20251215T210533Z_S1A_30_v0.1.zip,s3://hyp3-tibet-jpl-test-contentbucket-hratibh1y9pa1a58f882-2aaa-4551-abea-defdfbaa1852/OPERA_L3_DIST-ALERT-S1_T34SGH_20240913T162359Z_20251215T210533Z_S1A_30_v0.1,https://hyp3-tibet-jpl-test-contentbucket-hratibh1y9pa.s3.us-west-2.amazonaws.com/1a58f882-2aaa-4551-abea-defdfbaa1852/OPERA_L3_DIST-ALERT-S1_T34SGH_20240913T162359Z_20251215T210533Z_S1A_30_v0.1.png,2025-12-15T20:44:42+00:00,679.589,4.5,34SGH,1,23,4,none,False,transformer_v1_32,high,32,10,2024-09-13,102,2.5,4,best,none,False
attica_fire_2024__2024-08-11__34SGH__transformer_v1_32-10mc,https://hyp3-tibet-jpl-test-contentbucket-hratibh1y9pa.s3.us-west-2.amazonaws.com/05c1bd46-4843-460d-9d2d-e4e230141d05/OPERA_L3_DIST-ALERT-S1_T34SGH_20240907T043201Z_20251215T210633Z_S1A_30_v0.1.zip,s3://hyp3-tibet-jpl-test-contentbucket-hratibh1y9pa05c1bd46-4843-460d-9d2d-e4e230141d05/OPERA_L3_DIST-ALERT-S1_T34SGH_20240907T043201Z_20251215T210633Z_S1A_30_v0.1,https://hyp3-tibet-jpl-test-contentbucket-hratibh1y9pa.s3.us-west-2.amazonaws.com/05c1bd46-4843-460d-9d2d-e4e230141d05/OPERA_L3_DIST-ALERT-S1_T34SGH_20240907T043201Z_20251215T210633Z_S1A_30_v0.1.png,2025-12-15T20:44:42+00:00,739.342,4.5,34SGH,1,23,4,none,False,transformer_v1_32,high,32,10,2024-09-07,7,2.5,4,best,none,False
bioko_fire_2024__2024-02-07__32NMJ__transformer_v1_32-10mc,https://hyp3-tibet-jpl-test-contentbucket-hratibh1y9pa.s3.us-west-2.amazonaws.com/6d53f67d-3679-4f83-b856-4a9d092b4a0d/OPERA_L3_DIST-ALERT-S1_T32NMJ_20240207T050633Z_20251215T205734Z_S1A_30_v0.1.zip,s3://hyp3-tibet-jpl-test-contentbucket-hratibh1y9pa6d53f67d-3679-4f83-b856-4a9d092b4a0d/OPERA_L3_DIST-ALERT-S1_T32NMJ_20240207T050633Z_20251215T205734Z_S1A_30_v0.1,https://hyp3-tibet-jpl-test-contentbucket-hratibh1y9pa.s3.us-west-2.amazonaws.com/6d53f67d-3679-4f83-b856-4a9d092b4a0d/OPERA_L3_DIST-ALERT-S1_T32NMJ_20240207T050633Z_20251215T205734Z_S1A_30_v0.1.png,2025-12-15T20:44:42+00:00,194.196,4.5,32NMJ,1,23,4,none,False,transformer_v1_32,high,32,10,2024-02-07,51,2.5,4,best,none,False
papau_new_guinea_landslide_2024__2024-05-24__54MYV__transformer_v1_32-10mc,https://hyp3-tibet-jpl-test-contentbucket-hratibh1y9pa.s3.us-west-2.amazonaws.com/4d2b6625-1f5d-4581-95ac-ce312a974494/OPERA_L3_DIST-ALERT-S1_T54MYV_20240722T201347Z_20251215T205757Z_S1A_30_v0.1.zip,s3://hyp3-tibet-jpl-test-contentbucket-hratibh1y9pa4d2b6625-1f5d-4581-95ac-ce312a974494/OPERA_L3_DIST-ALERT-S1_T54MYV_20240722T201347Z_20251215T205757Z_S1A_30_v0.1,https://hyp3-tibet-jpl-test-contentbucket-hratibh1y9pa.s3.us-west-2.amazonaws.com/4d2b6625-1f5d-4581-95ac-ce312a974494/OPERA_L3_DIST-ALERT-S1_T54MYV_20240722T201347Z_20251215T205757Z_S1A_30_v0.1.png,2025-12-15T20:44:42+00:00,215.521,4.5,54MYV,1,23,4,none,False,transformer_v1_32,high,32,10,2024-07-22,31,2.5,4,best,none,False
papau_new_guinea_landslide_2024__2024-05-24__54MYV__transformer_v1_32-10mc,https://hyp3-tibet-jpl-test-contentbucket-hratibh1y9pa.s3.us-west-2.amazonaws.com/5c9956d8-4f49-4934-b1e3-ba096a23dd0d/OPERA_L3_DIST-ALERT-S1_T54MYV_20240518T200541Z_20251215T210708Z_S1A_30_v0.1.zip,s3://hyp3-tibet-jpl-test-contentbucket-hratibh1y9pa5c9956d8-4f49-4934-b1e3-ba096a23dd0d/OPERA_L3_DIST-ALERT-S1_T54MYV_20240518T200541Z_20251215T210708Z_S1A_30_v0.1,https://hyp3-tibet-jpl-test-contentbucket-hratibh1y9pa.s3.us-west-2.amazonaws.com/5c9956d8-4f49-4934-b1e3-ba096a23dd0d/OPERA_L3_DIST-ALERT-S1_T54MYV_20240518T200541Z_20251215T210708Z_S1A_30_v0.1.png,2025-12-15T20:44:42+00:00,780.025,4.5,54MYV,1,23,4,none,False,transformer_v1_32,high,32,10,2024-05-18,133,2.5,4,best,none,False
hokkaido_landslides_2018__2018-09-06__54TWN__transformer_v1_32-10mc,https://hyp3-tibet-jpl-test-contentbucket-hratibh1y9pa.s3.us-west-2.amazonaws.com/351b90ff-463c-4ad1-975a-b030a8eb98df/OPERA_L3_DIST-ALERT-S1_T54TWN_20180813T083502Z_20251215T205639Z_S1B_30_v0.1.zip,s3://hyp3-tibet-jpl-test-contentbucket-hratibh1y9pa351b90ff-463c-4ad1-975a-b030a8eb98df/OPERA_L3_DIST-ALERT-S1_T54TWN_20180813T083502Z_20251215T205639Z_S1B_30_v0.1,https://hyp3-tibet-jpl-test-contentbucket-hratibh1y9pa.s3.us-west-2.amazonaws.com/351b90ff-463c-4ad1-975a-b030a8eb98df/OPERA_L3_DIST-ALERT-S1_T54TWN_20180813T083502Z_20251215T205639Z_S1B_30_v0.1.png,2025-12-15T20:44:42+00:00,140.86,4.5,54TWN,1,23,4,none,False,transformer_v1_32,high,32,10,2018-08-13,141,2.5,4,best,none,False
demak_flood_2024__2024-03-15__49MEN__transformer_v1_32-10mc,https://hyp3-tibet-jpl-test-contentbucket-hratibh1y9pa.s3.us-west-2.amazonaws.com/4ba31162-0ab6-4915-960d-e1afea09152a/OPERA_L3_DIST-ALERT-S1_T49MEN_20240215T220942Z_20251215T210349Z_S1A_30_v0.1.zip,s3://hyp3-tibet-jpl-test-contentbucket-hratibh1y9pa4ba31162-0ab6-4915-960d-e1afea09152a/OPERA_L3_DIST-ALERT-S1_T49MEN_20240215T220942Z_20251215T210349Z_S1A_30_v0.1,https://hyp3-tibet-jpl-test-contentbucket-hratibh1y9pa.s3.us-west-2.amazonaws.com/4ba31162-0ab6-4915-960d-e1afea09152a/OPERA_L3_DIST-ALERT-S1_T49MEN_20240215T220942Z_20251215T210349Z_S1A_30_v0.1.png,2025-12-15T20:44:42+00:00,573.438,4.5,49MEN,1,23,4,none,False,transformer_v1_32,high,32,10,2024-02-15,3,2.5,4,best,none,False
demak_flood_2024__2024-03-15__49MDN__transformer_v1_32-10mc,https://hyp3-tibet-jpl-test-contentbucket-hratibh1y9pa.s3.us-west-2.amazonaws.com/f80cf200-9f88-46c4-bdfb-a76a285dd2b0/OPERA_L3_DIST-ALERT-S1_T49MDN_20240506T105854Z_20251215T210350Z_S1A_30_v0.1.zip,s3://hyp3-tibet-jpl-test-contentbucket-hratibh1y9paf80cf200-9f88-46c4-bdfb-a76a285dd2b0/OPERA_L3_DIST-ALERT-S1_T49MDN_20240506T105854Z_20251215T210350Z_S1A_30_v0.1,https://hyp3-tibet-jpl-test-contentbucket-hratibh1y9pa.s3.us-west-2.amazonaws.com/f80cf200-9f88-46c4-bdfb-a76a285dd2b0/OPERA_L3_DIST-ALERT-S1_T49MDN_20240506T105854Z_20251215T210350Z_S1A_30_v0.1.png,2025-12-15T20:44:42+00:00,578.002,4.5,49MDN,1,23,4,none,False,transformer_v1_32,high,32,10,2024-05-06,127,2.5,4,best,none,False
hokkaido_landslides_2018__2018-09-06__54TWN__transformer_v1_32-10mc,https://hyp3-tibet-jpl-test-contentbucket-hratibh1y9pa.s3.us-west-2.amazonaws.com/0f4ad398-2a56-40c5-8e96-b3fbf4a4491e/OPERA_L3_DIST-ALERT-S1_T54TWN_20180901T082651Z_20251215T210239Z_S1B_30_v0.1.zip,s3://hyp3-tibet-jpl-test-contentbucket-hratibh1y9pa0f4ad398-2a56-40c5-8e96-b3fbf4a4491e/OPERA_L3_DIST-ALERT-S1_T54TWN_20180901T082651Z_20251215T210239Z_S1B_30_v0.1,https://hyp3-tibet-jpl-test-contentbucket-hratibh1y9pa.s3.us-west-2.amazonaws.com/0f4ad398-2a56-40c5-8e96-b3fbf4a4491e/OPERA_L3_DIST-ALERT-S1_T54TWN_20180901T082651Z_20251215T210239Z_S1B_30_v0.1.png,2025-12-15T20:44:42+00:00,507.819,4.5,54TWN,1,23,4,none,False,transformer_v1_32,high,32,10,2018-09-01,68,2.5,4,best,none,False
park_fire_2024__2024-07-24__10TFK__transformer_v1_32-10mc,https://hyp3-tibet-jpl-test-contentbucket-hratibh1y9pa.s3.us-west-2.amazonaws.com/0d2b35cd-0599-4d90-9b3c-124481a2a508/OPERA_L3_DIST-ALERT-S1_T10TFK_20240921T140735Z_20251215T210530Z_S1A_30_v0.1.zip,s3://hyp3-tibet-jpl-test-contentbucket-hratibh1y9pa0d2b35cd-0599-4d90-9b3c-124481a2a508/OPERA_L3_DIST-ALERT-S1_T10TFK_20240921T140735Z_20251215T210530Z_S1A_30_v0.1,https://hyp3-tibet-jpl-test-contentbucket-hratibh1y9pa.s3.us-west-2.amazonaws.com/0d2b35cd-0599-4d90-9b3c-124481a2a508/OPERA_L3_DIST-ALERT-S1_T10TFK_20240921T140735Z_20251215T210530Z_S1A_30_v0.1.png,2025-12-15T20:44:42+00:00,679.654,4.5,10TFK,1,23,4,none,False,transformer_v1_32,high,32,10,2024-09-21,42,2.5,4,best,none,False
demak_flood_2024__2024-03-15__49MEN__transformer_v1_32-10mc,https://hyp3-tibet-jpl-test-contentbucket-hratibh1y9pa.s3.us-west-2.amazonaws.com/a7550fea-d8b8-4c81-aecc-f6447199ed46/OPERA_L3_DIST-ALERT-S1_T49MEN_20240315T221748Z_20251215T210038Z_S1A_30_v0.1.zip,s3://hyp3-tibet-jpl-test-contentbucket-hratibh1y9paa7550fea-d8b8-4c81-aecc-f6447199ed46/OPERA_L3_DIST-ALERT-S1_T49MEN_20240315T221748Z_20251215T210038Z_S1A_30_v0.1,https://hyp3-tibet-jpl-test-contentbucket-hratibh1y9pa.s3.us-west-2.amazonaws.com/a7550fea-d8b8-4c81-aecc-f6447199ed46/OPERA_L3_DIST-ALERT-S1_T49MEN_20240315T221748Z_20251215T210038Z_S1A_30_v0.1.png,2025-12-15T20:44:42+00:00,380.997,4.5,49MEN,1,23,4,none,False,transformer_v1_32,high,32,10,2024-03-15,76,2.5,4,best,none,False
hokkaido_landslides_2018__2018-09-06__54TWN__transformer_v1_32-10mc,https://hyp3-tibet-jpl-test-contentbucket-hratibh1y9pa.s3.us-west-2.amazonaws.com/d3746b7b-89b8-4584-b6a1-8a0f49bd0e55/OPERA_L3_DIST-ALERT-S1_T54TWN_20180807T203309Z_20251215T205652Z_S1A_30_v0.1.zip,s3://hyp3-tibet-jpl-test-contentbucket-hratibh1y9pad3746b7b-89b8-4584-b6a1-8a0f49bd0e55/OPERA_L3_DIST-ALERT-S1_T54TWN_20180807T203309Z_20251215T205652Z_S1A_30_v0.1,https://hyp3-tibet-jpl-test-contentbucket-hratibh1y9pa.s3.us-west-2.amazonaws.com/d3746b7b-89b8-4584-b6a1-8a0f49bd0e55/OPERA_L3_DIST-ALERT-S1_T54TWN_20180807T203309Z_20251215T205652Z_S1A_30_v0.1.png,2025-12-15T20:44:42+00:00,156.322,4.5,54TWN,1,23,4,none,False,transformer_v1_32,high,32,10,2018-08-07,148,2.5,4,best,none,False
demak_flood_2024__2024-03-15__49MDN__transformer_v1_32-10mc,https://hyp3-tibet-jpl-test-contentbucket-hratibh1y9pa.s3.us-west-2.amazonaws.com/d46abf99-7bb9-4a58-803f-b8405ca5df54/OPERA_L3_DIST-ALERT-S1_T49MDN_20240217T110700Z_20251215T205908Z_S1A_30_v0.1.zip,s3://hyp3-tibet-jpl-test-contentbucket-hratibh1y9pad46abf99-7bb9-4a58-803f-b8405ca5df54/OPERA_L3_DIST-ALERT-S1_T49MDN_20240217T110700Z_20251215T205908Z_S1A_30_v0.1,https://hyp3-tibet-jpl-test-contentbucket-hratibh1y9pa.s3.us-west-2.amazonaws.com/d46abf99-7bb9-4a58-803f-b8405ca5df54/OPERA_L3_DIST-ALERT-S1_T49MDN_20240217T110700Z_20251215T205908Z_S1A_30_v0.1.png,2025-12-15T20:44:42+00:00,287.778,4.5,49MDN,1,23,4,none,False,transformer_v1_32,high,32,10,2024-02-17,25,2.5,4,best,none,False
demak_flood_2024__2024-03-15__49MDN__transformer_v1_32-10mc,https://hyp3-tibet-jpl-test-contentbucket-hratibh1y9pa.s3.us-west-2.amazonaws.com/407f5be0-6171-4c07-ad31-2a59d4474066/OPERA_L3_DIST-ALERT-S1_T49MDN_20240331T105853Z_20251215T210550Z_S1A_30_v0.1.zip,s3://hyp3-tibet-jpl-test-contentbucket-hratibh1y9pa407f5be0-6171-4c07-ad31-2a59d4474066/OPERA_L3_DIST-ALERT-S1_T49MDN_20240331T105853Z_20251215T210550Z_S1A_30_v0.1,https://hyp3-tibet-jpl-test-contentbucket-hratibh1y9pa.s3.us-west-2.amazonaws.com/407f5be0-6171-4c07-ad31-2a59d4474066/OPERA_L3_DIST-ALERT-S1_T49MDN_20240331T105853Z_20251215T210550Z_S1A_30_v0.1.png,2025-12-15T20:44:42+00:00,699.154,4.5,49MDN,1,23,4,none,False,transformer_v1_32,high,32,10,2024-03-31,127,2.5,4,best,none,False
attica_fire_2024__2024-08-11__34SGH__transformer_v1_32-10mc,https://hyp3-tibet-jpl-test-contentbucket-hratibh1y9pa.s3.us-west-2.amazonaws.com/bdd2e175-13a0-4105-8ec9-6856d7c4271e/OPERA_L3_DIST-ALERT-S1_T34SGH_20240827T161551Z_20251215T210045Z_S1A_30_v0.1.zip,s3://hyp3-tibet-jpl-test-contentbucket-hratibh1y9pabdd2e175-13a0-4105-8ec9-6856d7c4271e/OPERA_L3_DIST-ALERT-S1_T34SGH_20240827T161551Z_20251215T210045Z_S1A_30_v0.1,https://hyp3-tibet-jpl-test-contentbucket-hratibh1y9pa.s3.us-west-2.amazonaws.com/bdd2e175-13a0-4105-8ec9-6856d7c4271e/OPERA_L3_DIST-ALERT-S1_T34SGH_20240827T161551Z_20251215T210045Z_S1A_30_v0.1.png,2025-12-15T20:44:42+00:00,386.776,4.5,34SGH,1,23,4,none,False,transformer_v1_32,high,32,10,2024-08-27,29,2.5,4,best,none,False
attica_fire_2024__2024-08-11__34SGH__transformer_v1_32-10mc,https://hyp3-tibet-jpl-test-contentbucket-hratibh1y9pa.s3.us-west-2.amazonaws.com/94b914eb-357f-4fdf-9035-ee2d7732e43a/OPERA_L3_DIST-ALERT-S1_T34SGH_20240814T043201Z_20251215T210728Z_S1A_30_v0.1.zip,s3://hyp3-tibet-jpl-test-contentbucket-hratibh1y9pa94b914eb-357f-4fdf-9035-ee2d7732e43a/OPERA_L3_DIST-ALERT-S1_T34SGH_20240814T043201Z_20251215T210728Z_S1A_30_v0.1,https://hyp3-tibet-jpl-test-contentbucket-hratibh1y9pa.s3.us-west-2.amazonaws.com/94b914eb-357f-4fdf-9035-ee2d7732e43a/OPERA_L3_DIST-ALERT-S1_T34SGH_20240814T043201Z_20251215T210728Z_S1A_30_v0.1.png,2025-12-15T20:44:42+00:00,795.826,4.5,34SGH,1,23,4,none,False,transformer_v1_32,high,32,10,2024-08-14,7,2.5,4,best,none,False
demak_flood_2024__2024-03-15__49MDN__transformer_v1_32-10mc,https://hyp3-tibet-jpl-test-contentbucket-hratibh1y9pa.s3.us-west-2.amazonaws.com/fc1d3562-58da-4a1f-ba4c-e6834e2ea60b/OPERA_L3_DIST-ALERT-S1_T49MDN_20240417T110702Z_20251215T205850Z_S1A_30_v0.1.zip,s3://hyp3-tibet-jpl-test-contentbucket-hratibh1y9pafc1d3562-58da-4a1f-ba4c-e6834e2ea60b/OPERA_L3_DIST-ALERT-S1_T49MDN_20240417T110702Z_20251215T205850Z_S1A_30_v0.1,https://hyp3-tibet-jpl-test-contentbucket-hratibh1y9pa.s3.us-west-2.amazonaws.com/fc1d3562-58da-4a1f-ba4c-e6834e2ea60b/OPERA_L3_DIST-ALERT-S1_T49MDN_20240417T110702Z_20251215T205850Z_S1A_30_v0.1.png,2025-12-15T20:44:42+00:00,268.335,4.5,49MDN,1,23,4,none,False,transformer_v1_32,high,32,10,2024-04-17,25,2.5,4,best,none,False
demak_flood_2024__2024-03-15__49MDN__transformer_v1_32-10mc,https://hyp3-tibet-jpl-test-contentbucket-hratibh1y9pa.s3.us-west-2.amazonaws.com/beebc8ea-2c64-47a9-8209-44310b00fd02/OPERA_L3_DIST-ALERT-S1_T49MDN_20240224T105852Z_20251215T210511Z_S1A_30_v0.1.zip,s3://hyp3-tibet-jpl-test-contentbucket-hratibh1y9pabeebc8ea-2c64-47a9-8209-44310b00fd02/OPERA_L3_DIST-ALERT-S1_T49MDN_20240224T105852Z_20251215T210511Z_S1A_30_v0.1,https://hyp3-tibet-jpl-test-contentbucket-hratibh1y9pa.s3.us-west-2.amazonaws.com/beebc8ea-2c64-47a9-8209-44310b00fd02/OPERA_L3_DIST-ALERT-S1_T49MDN_20240224T105852Z_20251215T210511Z_S1A_30_v0.1.png,2025-12-15T20:44:42+00:00,657.907,4.5,49MDN,1,23,4,none,False,transformer_v1_32,high,32,10,2024-02-24,127,2.5,4,best,none,False
demak_flood_2024__2024-03-15__49MEN__transformer_v1_32-10mc,https://hyp3-tibet-jpl-test-contentbucket-hratibh1y9pa.s3.us-west-2.amazonaws.com/3523ed69-89e1-4e31-8a45-97457486a43a/OPERA_L3_DIST-ALERT-S1_T49MEN_20240408T221749Z_20251215T210054Z_S1A_30_v0.1.zip,s3://hyp3-tibet-jpl-test-contentbucket-hratibh1y9pa3523ed69-89e1-4e31-8a45-97457486a43a/OPERA_L3_DIST-ALERT-S1_T49MEN_20240408T221749Z_20251215T210054Z_S1A_30_v0.1,https://hyp3-tibet-jpl-test-contentbucket-hratibh1y9pa.s3.us-west-2.amazonaws.com/3523ed69-89e1-4e31-8a45-97457486a43a/OPERA_L3_DIST-ALERT-S1_T49MEN_20240408T221749Z_20251215T210054Z_S1A_30_v0.1.png,2025-12-15T20:44:42+00:00,397.922,4.5,49MEN,1,23,4,none,False,transformer_v1_32,high,32,10,2024-04-08,76,2.5,4,best,none,False
bioko_fire_2024__2024-02-07__32NMJ__transformer_v1_32-10mc,https://hyp3-tibet-jpl-test-contentbucket-hratibh1y9pa.s3.us-west-2.amazonaws.com/8d5f2cd0-cde4-4f10-9d1c-31f17ec7cd53/OPERA_L3_DIST-ALERT-S1_T32NMJ_20240302T050633Z_20251215T205752Z_S1A_30_v0.1.zip,s3://hyp3-tibet-jpl-test-contentbucket-hratibh1y9pa8d5f2cd0-cde4-4f10-9d1c-31f17ec7cd53/OPERA_L3_DIST-ALERT-S1_T32NMJ_20240302T050633Z_20251215T205752Z_S1A_30_v0.1,https://hyp3-tibet-jpl-test-contentbucket-hratibh1y9pa.s3.us-west-2.amazonaws.com/8d5f2cd0-cde4-4f10-9d1c-31f17ec7cd53/OPERA_L3_DIST-ALERT-S1_T32NMJ_20240302T050633Z_20251215T205752Z_S1A_30_v0.1.png,2025-12-15T20:44:42+00:00,212.214,4.5,32NMJ,1,23,4,none,False,transformer_v1_32,high,32,10,2024-03-02,51,2.5,4,best,none,False
attica_fire_2024__2024-08-11__34SGH__transformer_v1_32-10mc,https://hyp3-tibet-jpl-test-contentbucket-hratibh1y9pa.s3.us-west-2.amazonaws.com/8a97eebf-4bf8-470f-a2b5-73a2b08306ae/OPERA_L3_DIST-ALERT-S1_T34SGH_20240826T043201Z_20251215T210515Z_S1A_30_v0.1.zip,s3://hyp3-tibet-jpl-test-contentbucket-hratibh1y9pa8a97eebf-4bf8-470f-a2b5-73a2b08306ae/OPERA_L3_DIST-ALERT-S1_T34SGH_20240826T043201Z_20251215T210515Z_S1A_30_v0.1,https://hyp3-tibet-jpl-test-contentbucket-hratibh1y9pa.s3.us-west-2.amazonaws.com/8a97eebf-4bf8-470f-a2b5-73a2b08306ae/OPERA_L3_DIST-ALERT-S1_T34SGH_20240826T043201Z_20251215T210515Z_S1A_30_v0.1.png,2025-12-15T20:44:42+00:00,926.843,4.5,34SGH,1,23,4,none,False,transformer_v1_32,high,32,10,2024-08-26,7,2.5,4,best,none,False
bioko_fire_2024__2024-02-07__32NMJ__transformer_v1_32-10mc,https://hyp3-tibet-jpl-test-contentbucket-hratibh1y9pa.s3.us-west-2.amazonaws.com/d1e5f482-f351-4476-8a48-1638dc2583af/OPERA_L3_DIST-ALERT-S1_T32NMJ_20240212T051440Z_20251215T205334Z_S1A_30_v0.1.zip,s3://hyp3-tibet-jpl-test-contentbucket-hratibh1y9pad1e5f482-f351-4476-8a48-1638dc2583af/OPERA_L3_DIST-ALERT-S1_T32NMJ_20240212T051440Z_20251215T205334Z_S1A_30_v0.1,https://hyp3-tibet-jpl-test-contentbucket-hratibh1y9pa.s3.us-west-2.amazonaws.com/d1e5f482-f351-4476-8a48-1638dc2583af/OPERA_L3_DIST-ALERT-S1_T32NMJ_20240212T051440Z_20251215T205334Z_S1A_30_v0.1.png,2025-12-15T20:44:42+00:00,220.685,4.5,32NMJ,1,23,4,none,False,transformer_v1_32,high,32,10,2024-02-12,124,2.5,4,best,none,False
bioko_fire_2024__2024-02-07__32NMJ__transformer_v1_32-10mc,https://hyp3-tibet-jpl-test-contentbucket-hratibh1y9pa.s3.us-west-2.amazonaws.com/40de00f2-3b06-4277-a7f0-2a01b0b1a673/OPERA_L3_DIST-ALERT-S1_T32NMJ_20240224T173650Z_20251215T205239Z_S1A_30_v0.1.zip,s3://hyp3-tibet-jpl-test-contentbucket-hratibh1y9pa40de00f2-3b06-4277-a7f0-2a01b0b1a673/OPERA_L3_DIST-ALERT-S1_T32NMJ_20240224T173650Z_20251215T205239Z_S1A_30_v0.1,https://hyp3-tibet-jpl-test-contentbucket-hratibh1y9pa.s3.us-west-2.amazonaws.com/40de00f2-3b06-4277-a7f0-2a01b0b1a673/OPERA_L3_DIST-ALERT-S1_T32NMJ_20240224T173650Z_20251215T205239Z_S1A_30_v0.1.png,2025-12-15T20:44:42+00:00,164.019,4.5,32NMJ,1,23,4,none,False,transformer_v1_32,high,32,10,2024-02-24,132,2.5,4,best,none,False
demak_flood_2024__2024-03-15__49MDN__transformer_v1_32-10mc,https://hyp3-tibet-jpl-test-contentbucket-hratibh1y9pa.s3.us-west-2.amazonaws.com/80aa3e4d-b013-4ac6-b723-9177324cbc22/OPERA_L3_DIST-ALERT-S1_T49MDN_20240405T110701Z_20251215T205416Z_S1A_30_v0.1.zip,s3://hyp3-tibet-jpl-test-contentbucket-hratibh1y9pa80aa3e4d-b013-4ac6-b723-9177324cbc22/OPERA_L3_DIST-ALERT-S1_T49MDN_20240405T110701Z_20251215T205416Z_S1A_30_v0.1,https://hyp3-tibet-jpl-test-contentbucket-hratibh1y9pa.s3.us-west-2.amazonaws.com/80aa3e4d-b013-4ac6-b723-9177324cbc22/OPERA_L3_DIST-ALERT-S1_T49MDN_20240405T110701Z_20251215T205416Z_S1A_30_v0.1.png,2025-12-15T20:44:42+00:00,261.821,4.5,49MDN,1,23,4,none,False,transformer_v1_32,high,32,10,2024-04-05,25,2.5,4,best,none,False
papau_new_guinea_landslide_2024__2024-05-24__54MYV__transformer_v1_32-10mc,https://hyp3-tibet-jpl-test-contentbucket-hratibh1y9pa.s3.us-west-2.amazonaws.com/fbb98093-a276-4799-80a9-48922cd4f7cb/OPERA_L3_DIST-ALERT-S1_T54MYV_20240709T084741Z_20251215T210248Z_S1A_30_v0.1.zip,s3://hyp3-tibet-jpl-test-contentbucket-hratibh1y9pafbb98093-a276-4799-80a9-48922cd4f7cb/OPERA_L3_DIST-ALERT-S1_T54MYV_20240709T084741Z_20251215T210248Z_S1A_30_v0.1,https://hyp3-tibet-jpl-test-contentbucket-hratibh1y9pa.s3.us-west-2.amazonaws.com/fbb98093-a276-4799-80a9-48922cd4f7cb/OPERA_L3_DIST-ALERT-S1_T54MYV_20240709T084741Z_20251215T210248Z_S1A_30_v0.1.png,2025-12-15T20:44:42+00:00,793.465,4.5,54MYV,1,23,4,none,False,transformer_v1_32,high,32,10,2024-07-09,9,2.5,4,best,none,False
demak_flood_2024__2024-03-15__49MEN__transformer_v1_32-10mc,https://hyp3-tibet-jpl-test-contentbucket-hratibh1y9pa.s3.us-west-2.amazonaws.com/b423b388-8023-4730-af14-b650f49618ab/OPERA_L3_DIST-ALERT-S1_T49MEN_20240319T105848Z_20251215T210422Z_S1A_30_v0.1.zip,s3://hyp3-tibet-jpl-test-contentbucket-hratibh1y9pab423b388-8023-4730-af14-b650f49618ab/OPERA_L3_DIST-ALERT-S1_T49MEN_20240319T105848Z_20251215T210422Z_S1A_30_v0.1,https://hyp3-tibet-jpl-test-contentbucket-hratibh1y9pa.s3.us-west-2.amazonaws.com/b423b388-8023-4730-af14-b650f49618ab/OPERA_L3_DIST-ALERT-S1_T49MEN_20240319T105848Z_20251215T210422Z_S1A_30_v0.1.png,2025-12-15T20:44:42+00:00,874.517,4.5,49MEN,1,23,4,none,False,transformer_v1_32,high,32,10,2024-03-19,127,2.5,4,best,none,False
papau_new_guinea_landslide_2024__2024-05-24__54MYV__transformer_v1_32-10mc,https://hyp3-tibet-jpl-test-contentbucket-hratibh1y9pa.s3.us-west-2.amazonaws.com/3c740b3d-7db2-46ad-8ef8-75c5793a0a67/OPERA_L3_DIST-ALERT-S1_T54MYV_20240522T084743Z_20251215T210132Z_S1A_30_v0.1.zip,s3://hyp3-tibet-jpl-test-contentbucket-hratibh1y9pa3c740b3d-7db2-46ad-8ef8-75c5793a0a67/OPERA_L3_DIST-ALERT-S1_T54MYV_20240522T084743Z_20251215T210132Z_S1A_30_v0.1,https://hyp3-tibet-jpl-test-contentbucket-hratibh1y9pa.s3.us-west-2.amazonaws.com/3c740b3d-7db2-46ad-8ef8-75c5793a0a67/OPERA_L3_DIST-ALERT-S1_T54MYV_20240522T084743Z_20251215T210132Z_S1A_30_v0.1.png,2025-12-15T20:44:42+00:00,708.276,4.5,54MYV,1,23,4,none,False,transformer_v1_32,high,32,10,2024-05-22,9,2.5,4,best,none,False
demak_flood_2024__2024-03-15__49MEN__transformer_v1_32-10mc,https://hyp3-tibet-jpl-test-contentbucket-hratibh1y9pa.s3.us-west-2.amazonaws.com/de4f9e18-a72a-4423-863d-618f283c439e/OPERA_L3_DIST-ALERT-S1_T49MEN_20240307T105848Z_20251215T210308Z_S1A_30_v0.1.zip,s3://hyp3-tibet-jpl-test-contentbucket-hratibh1y9pade4f9e18-a72a-4423-863d-618f283c439e/OPERA_L3_DIST-ALERT-S1_T49MEN_20240307T105848Z_20251215T210308Z_S1A_30_v0.1,https://hyp3-tibet-jpl-test-contentbucket-hratibh1y9pa.s3.us-west-2.amazonaws.com/de4f9e18-a72a-4423-863d-618f283c439e/OPERA_L3_DIST-ALERT-S1_T49MEN_20240307T105848Z_20251215T210308Z_S1A_30_v0.1.png,2025-12-15T20:44:42+00:00,801.16,4.5,49MEN,1,23,4,none,False,transformer_v1_32,high,32,10,2024-03-07,127,2.5,4,best,none,False
tuscany_flood_2023__2023-11-02__32TPP__transformer_v1_32-10mc,https://hyp3-tibet-jpl-test-contentbucket-hratibh1y9pa.s3.us-west-2.amazonaws.com/59fdaeba-e538-4b77-b4d2-c4f33b0a3fc1/OPERA_L3_DIST-ALERT-S1_T32TPP_20231212T052001Z_20251215T210404Z_S1A_30_v0.1.zip,s3://hyp3-tibet-jpl-test-contentbucket-hratibh1y9pa59fdaeba-e538-4b77-b4d2-c4f33b0a3fc1/OPERA_L3_DIST-ALERT-S1_T32TPP_20231212T052001Z_20251215T210404Z_S1A_30_v0.1,https://hyp3-tibet-jpl-test-contentbucket-hratibh1y9pa.s3.us-west-2.amazonaws.com/59fdaeba-e538-4b77-b4d2-c4f33b0a3fc1/OPERA_L3_DIST-ALERT-S1_T32TPP_20231212T052001Z_20251215T210404Z_S1A_30_v0.1.png,2025-12-15T20:44:42+00:00,859.689,4.5,32TPP,1,23,4,none,False,transformer_v1_32,high,32,10,2023-12-12,95,2.5,4,best,none,False
demak_flood_2024__2024-03-15__49MDN__transformer_v1_32-10mc,https://hyp3-tibet-jpl-test-contentbucket-hratibh1y9pa.s3.us-west-2.amazonaws.com/77a35201-ebbb-4037-a7fe-0a1bb7f7c257/OPERA_L3_DIST-ALERT-S1_T49MDN_20240229T110700Z_20251215T205420Z_S1A_30_v0.1.zip,s3://hyp3-tibet-jpl-test-contentbucket-hratibh1y9pa77a35201-ebbb-4037-a7fe-0a1bb7f7c257/OPERA_L3_DIST-ALERT-S1_T49MDN_20240229T110700Z_20251215T205420Z_S1A_30_v0.1,https://hyp3-tibet-jpl-test-contentbucket-hratibh1y9pa.s3.us-west-2.amazonaws.com/77a35201-ebbb-4037-a7fe-0a1bb7f7c257/OPERA_L3_DIST-ALERT-S1_T49MDN_20240229T110700Z_20251215T205420Z_S1A_30_v0.1.png,2025-12-15T20:44:42+00:00,265.674,4.5,49MDN,1,23,4,none,False,transformer_v1_32,high,32,10,2024-02-29,25,2.5,4,best,none,False
attica_fire_2024__2024-08-11__34SGH__transformer_v1_32-10mc,https://hyp3-tibet-jpl-test-contentbucket-hratibh1y9pa.s3.us-west-2.amazonaws.com/f3f04562-c768-42fc-80e3-9318175da5b6/OPERA_L3_DIST-ALERT-S1_T34SGH_20240803T161551Z_20251215T205605Z_S1A_30_v0.1.zip,s3://hyp3-tibet-jpl-test-contentbucket-hratibh1y9paf3f04562-c768-42fc-80e3-9318175da5b6/OPERA_L3_DIST-ALERT-S1_T34SGH_20240803T161551Z_20251215T205605Z_S1A_30_v0.1,https://hyp3-tibet-jpl-test-contentbucket-hratibh1y9pa.s3.us-west-2.amazonaws.com/f3f04562-c768-42fc-80e3-9318175da5b6/OPERA_L3_DIST-ALERT-S1_T34SGH_20240803T161551Z_20251215T205605Z_S1A_30_v0.1.png,2025-12-15T20:44:42+00:00,375.179,4.5,34SGH,1,23,4,none,False,transformer_v1_32,high,32,10,2024-08-03,29,2.5,4,best,none,False
attica_fire_2024__2024-08-11__34SGH__transformer_v1_32-10mc,https://hyp3-tibet-jpl-test-contentbucket-hratibh1y9pa.s3.us-west-2.amazonaws.com/6ab20a4a-fcc9-468c-8199-a4241c0a3e0f/OPERA_L3_DIST-ALERT-S1_T34SGH_20240820T162359Z_20251215T210335Z_S1A_30_v0.1.zip,s3://hyp3-tibet-jpl-test-contentbucket-hratibh1y9pa6ab20a4a-fcc9-468c-8199-a4241c0a3e0f/OPERA_L3_DIST-ALERT-S1_T34SGH_20240820T162359Z_20251215T210335Z_S1A_30_v0.1,https://hyp3-tibet-jpl-test-contentbucket-hratibh1y9pa.s3.us-west-2.amazonaws.com/6ab20a4a-fcc9-468c-8199-a4241c0a3e0f/OPERA_L3_DIST-ALERT-S1_T34SGH_20240820T162359Z_20251215T210335Z_S1A_30_v0.1.png,2025-12-15T20:44:42+00:00,833.446,4.5,34SGH,1,23,4,none,False,transformer_v1_32,high,32,10,2024-08-20,102,2.5,4,best,none,False
demak_flood_2024__2024-03-15__49MEN__transformer_v1_32-10mc,https://hyp3-tibet-jpl-test-contentbucket-hratibh1y9pa.s3.us-west-2.amazonaws.com/59a467ca-b22e-4b11-b557-15ce89955e97/OPERA_L3_DIST-ALERT-S1_T49MEN_20240302T105048Z_20251215T205246Z_S1A_30_v0.1.zip,s3://hyp3-tibet-jpl-test-contentbucket-hratibh1y9pa59a467ca-b22e-4b11-b557-15ce89955e97/OPERA_L3_DIST-ALERT-S1_T49MEN_20240302T105048Z_20251215T205246Z_S1A_30_v0.1,https://hyp3-tibet-jpl-test-contentbucket-hratibh1y9pa.s3.us-west-2.amazonaws.com/59a467ca-b22e-4b11-b557-15ce89955e97/OPERA_L3_DIST-ALERT-S1_T49MEN_20240302T105048Z_20251215T205246Z_S1A_30_v0.1.png,2025-12-15T20:44:42+00:00,171.991,4.5,49MEN,1,23,4,none,False,transformer_v1_32,high,32,10,2024-03-02,54,2.5,4,best,none,False
papau_new_guinea_landslide_2024__2024-05-24__54MYV__transformer_v1_32-10mc,https://hyp3-tibet-jpl-test-contentbucket-hratibh1y9pa.s3.us-west-2.amazonaws.com/0d9bca19-0d5c-4c1a-91c8-48b63f6db849/OPERA_L3_DIST-ALERT-S1_T54MYV_20240523T201349Z_20251215T205336Z_S1A_30_v0.1.zip,s3://hyp3-tibet-jpl-test-contentbucket-hratibh1y9pa0d9bca19-0d5c-4c1a-91c8-48b63f6db849/OPERA_L3_DIST-ALERT-S1_T54MYV_20240523T201349Z_20251215T205336Z_S1A_30_v0.1,https://hyp3-tibet-jpl-test-contentbucket-hratibh1y9pa.s3.us-west-2.amazonaws.com/0d9bca19-0d5c-4c1a-91c8-48b63f6db849/OPERA_L3_DIST-ALERT-S1_T54MYV_20240523T201349Z_20251215T205336Z_S1A_30_v0.1.png,2025-12-15T20:44:42+00:00,220.847,4.5,54MYV,1,23,4,none,False,transformer_v1_32,high,32,10,2024-05-23,31,2.5,4,best,none,False
bioko_fire_2024__2024-02-07__32NMJ__transformer_v1_32-10mc,https://hyp3-tibet-jpl-test-contentbucket-hratibh1y9pa.s3.us-west-2.amazonaws.com/5a816a89-de4d-448f-b0e4-38463b9ba6ec/OPERA_L3_DIST-ALERT-S1_T32NMJ_20240217T174456Z_20251215T205551Z_S1A_30_v0.1.zip,s3://hyp3-tibet-jpl-test-contentbucket-hratibh1y9pa5a816a89-de4d-448f-b0e4-38463b9ba6ec/OPERA_L3_DIST-ALERT-S1_T32NMJ_20240217T174456Z_20251215T205551Z_S1A_30_v0.1,https://hyp3-tibet-jpl-test-contentbucket-hratibh1y9pa.s3.us-west-2.amazonaws.com/5a816a89-de4d-448f-b0e4-38463b9ba6ec/OPERA_L3_DIST-ALERT-S1_T32NMJ_20240217T174456Z_20251215T205551Z_S1A_30_v0.1.png,2025-12-15T20:44:42+00:00,358.238,4.5,32NMJ,1,23,4,none,False,transformer_v1_32,high,32,10,2024-02-17,30,2.5,4,best,none,False
chilcotin_river_landslide_and_flood_2024__2024-07-30__10UEC__transformer_v1_32-10mc,https://hyp3-tibet-jpl-test-contentbucket-hratibh1y9pa.s3.us-west-2.amazonaws.com/ef39fdfb-fc0a-48bb-96b0-d37c6e245628/OPERA_L3_DIST-ALERT-S1_T10UEC_20240718T020343Z_20251215T205718Z_S1A_30_v0.1.zip,s3://hyp3-tibet-jpl-test-contentbucket-hratibh1y9paef39fdfb-fc0a-48bb-96b0-d37c6e245628/OPERA_L3_DIST-ALERT-S1_T10UEC_20240718T020343Z_20251215T205718Z_S1A_30_v0.1,https://hyp3-tibet-jpl-test-contentbucket-hratibh1y9pa.s3.us-west-2.amazonaws.com/ef39fdfb-fc0a-48bb-96b0-d37c6e245628/OPERA_L3_DIST-ALERT-S1_T10UEC_20240718T020343Z_20251215T205718Z_S1A_30_v0.1.png,2025-12-15T20:44:42+00:00,458.788,4.5,10UEC,1,23,4,none,False,transformer_v1_32,high,32,10,2024-07-18,137,2.5,4,best,none,False
demak_flood_2024__2024-03-15__49MEN__transformer_v1_32-10mc,https://hyp3-tibet-jpl-test-contentbucket-hratibh1y9pa.s3.us-west-2.amazonaws.com/ede9d810-398a-475c-b3ae-3d799dfff775/OPERA_L3_DIST-ALERT-S1_T49MEN_20240326T105048Z_20251215T205331Z_S1A_30_v0.1.zip,s3://hyp3-tibet-jpl-test-contentbucket-hratibh1y9paede9d810-398a-475c-b3ae-3d799dfff775/OPERA_L3_DIST-ALERT-S1_T49MEN_20240326T105048Z_20251215T205331Z_S1A_30_v0.1,https://hyp3-tibet-jpl-test-contentbucket-hratibh1y9pa.s3.us-west-2.amazonaws.com/ede9d810-398a-475c-b3ae-3d799dfff775/OPERA_L3_DIST-ALERT-S1_T49MEN_20240326T105048Z_20251215T205331Z_S1A_30_v0.1.png,2025-12-15T20:44:42+00:00,217.127,4.5,49MEN,1,23,4,none,False,transformer_v1_32,high,32,10,2024-03-26,54,2.5,4,best,none,False
park_fire_2024__2024-07-24__10TEK__transformer_v1_32-10mc,https://hyp3-tibet-jpl-test-contentbucket-hratibh1y9pa.s3.us-west-2.amazonaws.com/6615f453-a99f-4001-b940-58c4729bd87e/OPERA_L3_DIST-ALERT-S1_T10TEK_20240921T140738Z_20251215T205452Z_S1A_30_v0.1.zip,s3://hyp3-tibet-jpl-test-contentbucket-hratibh1y9pa6615f453-a99f-4001-b940-58c4729bd87e/OPERA_L3_DIST-ALERT-S1_T10TEK_20240921T140738Z_20251215T205452Z_S1A_30_v0.1,https://hyp3-tibet-jpl-test-contentbucket-hratibh1y9pa.s3.us-west-2.amazonaws.com/6615f453-a99f-4001-b940-58c4729bd87e/OPERA_L3_DIST-ALERT-S1_T10TEK_20240921T140738Z_20251215T205452Z_S1A_30_v0.1.png,2025-12-15T20:44:42+00:00,301.041,4.5,10TEK,1,23,4,none,False,transformer_v1_32,high,32,10,2024-09-21,42,2.5,4,best,none,False
tuscany_flood_2023__2023-11-02__32TPP__transformer_v1_32-10mc,https://hyp3-tibet-jpl-test-contentbucket-hratibh1y9pa.s3.us-west-2.amazonaws.com/76063bce-b5ab-49ad-8e9f-977b5de1550a/OPERA_L3_DIST-ALERT-S1_T32TPP_20231130T052001Z_20251215T210303Z_S1A_30_v0.1.zip,s3://hyp3-tibet-jpl-test-contentbucket-hratibh1y9pa76063bce-b5ab-49ad-8e9f-977b5de1550a/OPERA_L3_DIST-ALERT-S1_T32TPP_20231130T052001Z_20251215T210303Z_S1A_30_v0.1,https://hyp3-tibet-jpl-test-contentbucket-hratibh1y9pa.s3.us-west-2.amazonaws.com/76063bce-b5ab-49ad-8e9f-977b5de1550a/OPERA_L3_DIST-ALERT-S1_T32TPP_20231130T052001Z_20251215T210303Z_S1A_30_v0.1.png,2025-12-15T20:44:42+00:00,808.099,4.5,32TPP,1,23,4,none,False,transformer_v1_32,high,32,10,2023-11-30,95,2.5,4,best,none,False
park_fire_2024__2024-07-24__10TFK__transformer_v1_32-10mc,https://hyp3-tibet-jpl-test-contentbucket-hratibh1y9pa.s3.us-west-2.amazonaws.com/0acc8b87-d13e-4713-b463-918da4f2b6d0/OPERA_L3_DIST-ALERT-S1_T10TFK_20240902T141544Z_20251215T205652Z_S1A_30_v0.1.zip,s3://hyp3-tibet-jpl-test-contentbucket-hratibh1y9pa0acc8b87-d13e-4713-b463-918da4f2b6d0/OPERA_L3_DIST-ALERT-S1_T10TFK_20240902T141544Z_20251215T205652Z_S1A_30_v0.1,https://hyp3-tibet-jpl-test-contentbucket-hratibh1y9pa.s3.us-west-2.amazonaws.com/0acc8b87-d13e-4713-b463-918da4f2b6d0/OPERA_L3_DIST-ALERT-S1_T10TFK_20240902T141544Z_20251215T205652Z_S1A_30_v0.1.png,2025-12-15T20:44:42+00:00,422.803,4.5,10TFK,1,23,4,none,False,transformer_v1_32,high,32,10,2024-09-02,115,2.5,4,best,none,False
attica_fire_2024__2024-08-11__34SGH__transformer_v1_32-10mc,https://hyp3-tibet-jpl-test-contentbucket-hratibh1y9pa.s3.us-west-2.amazonaws.com/1188bcc2-740f-439f-9771-66b6bab97904/OPERA_L3_DIST-ALERT-S1_T34SGH_20241002T161552Z_20251215T205639Z_S1A_30_v0.1.zip,s3://hyp3-tibet-jpl-test-contentbucket-hratibh1y9pa1188bcc2-740f-439f-9771-66b6bab97904/OPERA_L3_DIST-ALERT-S1_T34SGH_20241002T161552Z_20251215T205639Z_S1A_30_v0.1,https://hyp3-tibet-jpl-test-contentbucket-hratibh1y9pa.s3.us-west-2.amazonaws.com/1188bcc2-740f-439f-9771-66b6bab97904/OPERA_L3_DIST-ALERT-S1_T34SGH_20241002T161552Z_20251215T205639Z_S1A_30_v0.1.png,2025-12-15T20:44:42+00:00,404.989,4.5,34SGH,1,23,4,none,False,transformer_v1_32,high,32,10,2024-10-02,29,2.5,4,best,none,False
park_fire_2024__2024-07-24__10TFK__transformer_v1_32-10mc,https://hyp3-tibet-jpl-test-contentbucket-hratibh1y9pa.s3.us-west-2.amazonaws.com/36a5b4d3-ee12-4e8e-bd70-cc89b41d106a/OPERA_L3_DIST-ALERT-S1_T10TFK_20240909T140735Z_20251215T210454Z_S1A_30_v0.1.zip,s3://hyp3-tibet-jpl-test-contentbucket-hratibh1y9pa36a5b4d3-ee12-4e8e-bd70-cc89b41d106a/OPERA_L3_DIST-ALERT-S1_T10TFK_20240909T140735Z_20251215T210454Z_S1A_30_v0.1,https://hyp3-tibet-jpl-test-contentbucket-hratibh1y9pa.s3.us-west-2.amazonaws.com/36a5b4d3-ee12-4e8e-bd70-cc89b41d106a/OPERA_L3_DIST-ALERT-S1_T10TFK_20240909T140735Z_20251215T210454Z_S1A_30_v0.1.png,2025-12-15T20:44:42+00:00,909.749,4.5,10TFK,1,23,4,none,False,transformer_v1_32,high,32,10,2024-09-09,42,2.5,4,best,none,False
tuscany_flood_2023__2023-11-02__32TPP__transformer_v1_32-10mc,https://hyp3-tibet-jpl-test-contentbucket-hratibh1y9pa.s3.us-west-2.amazonaws.com/7fe49cb2-af7f-47e3-b5e1-2333e9ebba8e/OPERA_L3_DIST-ALERT-S1_T32TPP_20231107T170644Z_20251215T210408Z_S1A_30_v0.1.zip,s3://hyp3-tibet-jpl-test-contentbucket-hratibh1y9pa7fe49cb2-af7f-47e3-b5e1-2333e9ebba8e/OPERA_L3_DIST-ALERT-S1_T32TPP_20231107T170644Z_20251215T210408Z_S1A_30_v0.1,https://hyp3-tibet-jpl-test-contentbucket-hratibh1y9pa.s3.us-west-2.amazonaws.com/7fe49cb2-af7f-47e3-b5e1-2333e9ebba8e/OPERA_L3_DIST-ALERT-S1_T32TPP_20231107T170644Z_20251215T210408Z_S1A_30_v0.1.png,2025-12-15T20:44:42+00:00,872.787,4.5,32TPP,1,23,4,none,False,transformer_v1_32,high,32,10,2023-11-07,117,2.5,4,best,none,False
papau_new_guinea_landslide_2024__2024-05-24__54MYV__transformer_v1_32-10mc,https://hyp3-tibet-jpl-test-contentbucket-hratibh1y9pa.s3.us-west-2.amazonaws.com/c1f601ad-4a91-4049-ab98-70a913d21d30/OPERA_L3_DIST-ALERT-S1_T54MYV_20240623T200539Z_20251215T210512Z_S1A_30_v0.1.zip,s3://hyp3-tibet-jpl-test-contentbucket-hratibh1y9pac1f601ad-4a91-4049-ab98-70a913d21d30/OPERA_L3_DIST-ALERT-S1_T54MYV_20240623T200539Z_20251215T210512Z_S1A_30_v0.1,https://hyp3-tibet-jpl-test-contentbucket-hratibh1y9pa.s3.us-west-2.amazonaws.com/c1f601ad-4a91-4049-ab98-70a913d21d30/OPERA_L3_DIST-ALERT-S1_T54MYV_20240623T200539Z_20251215T210512Z_S1A_30_v0.1.png,2025-12-15T20:44:42+00:00,926.904,4.5,54MYV,1,23,4,none,False,transformer_v1_32,high,32,10,2024-06-23,133,2.5,4,best,none,False
attica_fire_2024__2024-08-11__34SGH__transformer_v1_32-10mc,https://hyp3-tibet-jpl-test-contentbucket-hratibh1y9pa.s3.us-west-2.amazonaws.com/75362db6-942a-4426-b741-fff8ea6f739f/OPERA_L3_DIST-ALERT-S1_T34SGH_20240727T162358Z_20251215T210436Z_S1A_30_v0.1.zip,s3://hyp3-tibet-jpl-test-contentbucket-hratibh1y9pa75362db6-942a-4426-b741-fff8ea6f739f/OPERA_L3_DIST-ALERT-S1_T34SGH_20240727T162358Z_20251215T210436Z_S1A_30_v0.1,https://hyp3-tibet-jpl-test-contentbucket-hratibh1y9pa.s3.us-west-2.amazonaws.com/75362db6-942a-4426-b741-fff8ea6f739f/OPERA_L3_DIST-ALERT-S1_T34SGH_20240727T162358Z_20251215T210436Z_S1A_30_v0.1.png,2025-12-15T20:44:42+00:00,896.93,4.5,34SGH,1,23,4,none,False,transformer_v1_32,high,32,10,2024-07-27,102,2.5,4,best,none,False
bioko_fire_2024__2024-02-07__32NMJ__transformer_v1_32-10mc,https://hyp3-tibet-jpl-test-contentbucket-hratibh1y9pa.s3.us-west-2.amazonaws.com/e25ee3b7-f534-4c0c-af4e-722121b0651b/OPERA_L3_DIST-ALERT-S1_T32NMJ_20240307T173650Z_20251215T205331Z_S1A_30_v0.1.zip,s3://hyp3-tibet-jpl-test-contentbucket-hratibh1y9pae25ee3b7-f534-4c0c-af4e-722121b0651b/OPERA_L3_DIST-ALERT-S1_T32NMJ_20240307T173650Z_20251215T205331Z_S1A_30_v0.1,https://hyp3-tibet-jpl-test-contentbucket-hratibh1y9pa.s3.us-west-2.amazonaws.com/e25ee3b7-f534-4c0c-af4e-722121b0651b/OPERA_L3_DIST-ALERT-S1_T32NMJ_20240307T173650Z_20251215T205331Z_S1A_30_v0.1.png,2025-12-15T20:44:42+00:00,216.543,4.5,32NMJ,1,23,4,none,False,transformer_v1_32,high,32,10,2024-03-07,132,2.5,4,best,none,False
park_fire_2024__2024-07-24__10TEK__transformer_v1_32-10mc,https://hyp3-tibet-jpl-test-contentbucket-hratibh1y9pa.s3.us-west-2.amazonaws.com/3e25445d-4bed-43d8-a97d-f3de4b977ed0/OPERA_L3_DIST-ALERT-S1_T10TEK_20240909T020843Z_20251215T210506Z_S1A_30_v0.1.zip,s3://hyp3-tibet-jpl-test-contentbucket-hratibh1y9pa3e25445d-4bed-43d8-a97d-f3de4b977ed0/OPERA_L3_DIST-ALERT-S1_T10TEK_20240909T020843Z_20251215T210506Z_S1A_30_v0.1,https://hyp3-tibet-jpl-test-contentbucket-hratibh1y9pa.s3.us-west-2.amazonaws.com/3e25445d-4bed-43d8-a97d-f3de4b977ed0/OPERA_L3_DIST-ALERT-S1_T10TEK_20240909T020843Z_20251215T210506Z_S1A_30_v0.1.png,2025-12-15T20:44:42+00:00,933.907,4.5,10TEK,1,23,4,none,False,transformer_v1_32,high,32,10,2024-09-09,35,2.5,4,best,none,False
tuscany_flood_2023__2023-11-02__32TPP__transformer_v1_32-10mc,https://hyp3-tibet-jpl-test-contentbucket-hratibh1y9pa.s3.us-west-2.amazonaws.com/6863fac6-1692-41cd-8cd5-111832ac65cf/OPERA_L3_DIST-ALERT-S1_T32TPP_20231124T171452Z_20251215T210425Z_S1A_30_v0.1.zip,s3://hyp3-tibet-jpl-test-contentbucket-hratibh1y9pa6863fac6-1692-41cd-8cd5-111832ac65cf/OPERA_L3_DIST-ALERT-S1_T32TPP_20231124T171452Z_20251215T210425Z_S1A_30_v0.1,https://hyp3-tibet-jpl-test-contentbucket-hratibh1y9pa.s3.us-west-2.amazonaws.com/6863fac6-1692-41cd-8cd5-111832ac65cf/OPERA_L3_DIST-ALERT-S1_T32TPP_20231124T171452Z_20251215T210425Z_S1A_30_v0.1.png,2025-12-15T20:44:42+00:00,878.896,4.5,32TPP,1,23,4,none,False,transformer_v1_32,high,32,10,2023-11-24,15,2.5,4,best,none,False
bioko_fire_2024__2024-02-07__32NMJ__transformer_v1_32-10mc,https://hyp3-tibet-jpl-test-contentbucket-hratibh1y9pa.s3.us-west-2.amazonaws.com/34d09d6f-f194-48b6-96b0-04da00f9cf42/OPERA_L3_DIST-ALERT-S1_T32NMJ_20240319T173653Z_20251215T205152Z_S1A_30_v0.1.zip,s3://hyp3-tibet-jpl-test-contentbucket-hratibh1y9pa34d09d6f-f194-48b6-96b0-04da00f9cf42/OPERA_L3_DIST-ALERT-S1_T32NMJ_20240319T173653Z_20251215T205152Z_S1A_30_v0.1,https://hyp3-tibet-jpl-test-contentbucket-hratibh1y9pa.s3.us-west-2.amazonaws.com/34d09d6f-f194-48b6-96b0-04da00f9cf42/OPERA_L3_DIST-ALERT-S1_T32NMJ_20240319T173653Z_20251215T205152Z_S1A_30_v0.1.png,2025-12-15T20:44:42+00:00,116.842,4.5,32NMJ,1,23,4,none,False,transformer_v1_32,high,32,10,2024-03-19,132,2.5,4,best,none,False
demak_flood_2024__2024-03-15__49MDN__transformer_v1_32-10mc,https://hyp3-tibet-jpl-test-contentbucket-hratibh1y9pa.s3.us-west-2.amazonaws.com/8401ea73-2b76-4ea0-97f0-c6c59dcf9236/OPERA_L3_DIST-ALERT-S1_T49MDN_20240502T221749Z_20251215T210207Z_S1A_30_v0.1.zip,s3://hyp3-tibet-jpl-test-contentbucket-hratibh1y9pa8401ea73-2b76-4ea0-97f0-c6c59dcf9236/OPERA_L3_DIST-ALERT-S1_T49MDN_20240502T221749Z_20251215T210207Z_S1A_30_v0.1,https://hyp3-tibet-jpl-test-contentbucket-hratibh1y9pa.s3.us-west-2.amazonaws.com/8401ea73-2b76-4ea0-97f0-c6c59dcf9236/OPERA_L3_DIST-ALERT-S1_T49MDN_20240502T221749Z_20251215T210207Z_S1A_30_v0.1.png,2025-12-15T20:44:42+00:00,747.069,4.5,49MDN,1,23,4,none,False,transformer_v1_32,high,32,10,2024-05-02,76,2.5,4,best,none,False
bioko_fire_2024__2024-02-07__32NMJ__transformer_v1_32-10mc,https://hyp3-tibet-jpl-test-contentbucket-hratibh1y9pa.s3.us-west-2.amazonaws.com/d64f15d1-df7f-4dcb-ba47-8d6bd382703b/OPERA_L3_DIST-ALERT-S1_T32NMJ_20240131T051441Z_20251215T205340Z_S1A_30_v0.1.zip,s3://hyp3-tibet-jpl-test-contentbucket-hratibh1y9pad64f15d1-df7f-4dcb-ba47-8d6bd382703b/OPERA_L3_DIST-ALERT-S1_T32NMJ_20240131T051441Z_20251215T205340Z_S1A_30_v0.1,https://hyp3-tibet-jpl-test-contentbucket-hratibh1y9pa.s3.us-west-2.amazonaws.com/d64f15d1-df7f-4dcb-ba47-8d6bd382703b/OPERA_L3_DIST-ALERT-S1_T32NMJ_20240131T051441Z_20251215T205340Z_S1A_30_v0.1.png,2025-12-15T20:44:42+00:00,226.443,4.5,32NMJ,1,23,4,none,False,transformer_v1_32,high,32,10,2024-01-31,124,2.5,4,best,none,False
attica_fire_2024__2024-08-11__34SGH__transformer_v1_32-10mc,https://hyp3-tibet-jpl-test-contentbucket-hratibh1y9pa.s3.us-west-2.amazonaws.com/1eb627d5-65cd-4e25-b9f3-4b1c96296c95/OPERA_L3_DIST-ALERT-S1_T34SGH_20240722T161551Z_20251215T205632Z_S1A_30_v0.1.zip,s3://hyp3-tibet-jpl-test-contentbucket-hratibh1y9pa1eb627d5-65cd-4e25-b9f3-4b1c96296c95/OPERA_L3_DIST-ALERT-S1_T34SGH_20240722T161551Z_20251215T205632Z_S1A_30_v0.1,https://hyp3-tibet-jpl-test-contentbucket-hratibh1y9pa.s3.us-west-2.amazonaws.com/1eb627d5-65cd-4e25-b9f3-4b1c96296c95/OPERA_L3_DIST-ALERT-S1_T34SGH_20240722T161551Z_20251215T205632Z_S1A_30_v0.1.png,2025-12-15T20:44:42+00:00,398.265,4.5,34SGH,1,23,4,none,False,transformer_v1_32,high,32,10,2024-07-22,29,2.5,4,best,none,False
park_fire_2024__2024-07-24__10TEK__transformer_v1_32-10mc,https://hyp3-tibet-jpl-test-contentbucket-hratibh1y9pa.s3.us-west-2.amazonaws.com/9a9ad682-9195-4dad-b87a-66234dd58926/OPERA_L3_DIST-ALERT-S1_T10TEK_20240921T020843Z_20251215T210304Z_S1A_30_v0.1.zip,s3://hyp3-tibet-jpl-test-contentbucket-hratibh1y9pa9a9ad682-9195-4dad-b87a-66234dd58926/OPERA_L3_DIST-ALERT-S1_T10TEK_20240921T020843Z_20251215T210304Z_S1A_30_v0.1,https://hyp3-tibet-jpl-test-contentbucket-hratibh1y9pa.s3.us-west-2.amazonaws.com/9a9ad682-9195-4dad-b87a-66234dd58926/OPERA_L3_DIST-ALERT-S1_T10TEK_20240921T020843Z_20251215T210304Z_S1A_30_v0.1.png,2025-12-15T20:44:42+00:00,800.021,4.5,10TEK,1,23,4,none,False,transformer_v1_32,high,32,10,2024-09-21,35,2.5,4,best,none,False
attica_fire_2024__2024-08-11__34SGH__transformer_v1_32-10mc,https://hyp3-tibet-jpl-test-contentbucket-hratibh1y9pa.s3.us-west-2.amazonaws.com/cdc5d4bf-3e3d-4b08-bb26-0dce24134ebb/OPERA_L3_DIST-ALERT-S1_T34SGH_20241008T042355Z_20251215T205828Z_S1A_30_v0.1.zip,s3://hyp3-tibet-jpl-test-contentbucket-hratibh1y9pacdc5d4bf-3e3d-4b08-bb26-0dce24134ebb/OPERA_L3_DIST-ALERT-S1_T34SGH_20241008T042355Z_20251215T205828Z_S1A_30_v0.1,https://hyp3-tibet-jpl-test-contentbucket-hratibh1y9pa.s3.us-west-2.amazonaws.com/cdc5d4bf-3e3d-4b08-bb26-0dce24134ebb/OPERA_L3_DIST-ALERT-S1_T34SGH_20241008T042355Z_20251215T205828Z_S1A_30_v0.1.png,2025-12-15T20:44:42+00:00,523.082,4.5,34SGH,1,23,4,none,False,transformer_v1_32,high,32,10,2024-10-08,109,2.5,4,best,none,False
bioko_fire_2024__2024-02-07__32NMJ__transformer_v1_32-10mc,https://hyp3-tibet-jpl-test-contentbucket-hratibh1y9pa.s3.us-west-2.amazonaws.com/394a006c-9c56-4ced-8119-352c48d3ff73/OPERA_L3_DIST-ALERT-S1_T32NMJ_20240331T051441Z_20251215T205331Z_S1A_30_v0.1.zip,s3://hyp3-tibet-jpl-test-contentbucket-hratibh1y9pa394a006c-9c56-4ced-8119-352c48d3ff73/OPERA_L3_DIST-ALERT-S1_T32NMJ_20240331T051441Z_20251215T205331Z_S1A_30_v0.1,https://hyp3-tibet-jpl-test-contentbucket-hratibh1y9pa.s3.us-west-2.amazonaws.com/394a006c-9c56-4ced-8119-352c48d3ff73/OPERA_L3_DIST-ALERT-S1_T32NMJ_20240331T051441Z_20251215T205331Z_S1A_30_v0.1.png,2025-12-15T20:44:42+00:00,218.169,4.5,32NMJ,1,23,4,none,False,transformer_v1_32,high,32,10,2024-03-31,124,2.5,4,best,none,False
tuscany_flood_2023__2023-11-02__32TPP__transformer_v1_32-10mc,https://hyp3-tibet-jpl-test-contentbucket-hratibh1y9pa.s3.us-west-2.amazonaws.com/f14f993e-9cc3-49b8-b967-a304db089c6b/OPERA_L3_DIST-ALERT-S1_T32TPP_20231031T171453Z_20251215T210330Z_S1A_30_v0.1.zip,s3://hyp3-tibet-jpl-test-contentbucket-hratibh1y9paf14f993e-9cc3-49b8-b967-a304db089c6b/OPERA_L3_DIST-ALERT-S1_T32TPP_20231031T171453Z_20251215T210330Z_S1A_30_v0.1,https://hyp3-tibet-jpl-test-contentbucket-hratibh1y9pa.s3.us-west-2.amazonaws.com/f14f993e-9cc3-49b8-b967-a304db089c6b/OPERA_L3_DIST-ALERT-S1_T32TPP_20231031T171453Z_20251215T210330Z_S1A_30_v0.1.png,2025-12-15T20:44:42+00:00,826.44,4.5,32TPP,1,23,4,none,False,transformer_v1_32,high,32,10,2023-10-31,15,2.5,4,best,none,False
papau_new_guinea_landslide_2024__2024-05-24__54MYV__transformer_v1_32-10mc,https://hyp3-tibet-jpl-test-contentbucket-hratibh1y9pa.s3.us-west-2.amazonaws.com/e5e0a61f-85cf-44ac-a11f-6c0e84bce167/OPERA_L3_DIST-ALERT-S1_T54MYV_20240705T200539Z_20251215T210428Z_S1A_30_v0.1.zip,s3://hyp3-tibet-jpl-test-contentbucket-hratibh1y9pae5e0a61f-85cf-44ac-a11f-6c0e84bce167/OPERA_L3_DIST-ALERT-S1_T54MYV_20240705T200539Z_20251215T210428Z_S1A_30_v0.1,https://hyp3-tibet-jpl-test-contentbucket-hratibh1y9pa.s3.us-west-2.amazonaws.com/e5e0a61f-85cf-44ac-a11f-6c0e84bce167/OPERA_L3_DIST-ALERT-S1_T54MYV_20240705T200539Z_20251215T210428Z_S1A_30_v0.1.png,2025-12-15T20:44:42+00:00,884.468,4.5,54MYV,1,23,4,none,False,transformer_v1_32,high,32,10,2024-07-05,133,2.5,4,best,none,False
chilcotin_river_landslide_and_flood_2024__2024-07-30__10UEC__transformer_v1_32-10mc,https://hyp3-tibet-jpl-test-contentbucket-hratibh1y9pa.s3.us-west-2.amazonaws.com/54e96ac8-7501-430e-aae4-b054c0ad27c2/OPERA_L3_DIST-ALERT-S1_T10UEC_20240706T020344Z_20251215T205625Z_S1A_30_v0.1.zip,s3://hyp3-tibet-jpl-test-contentbucket-hratibh1y9pa54e96ac8-7501-430e-aae4-b054c0ad27c2/OPERA_L3_DIST-ALERT-S1_T10UEC_20240706T020344Z_20251215T205625Z_S1A_30_v0.1,https://hyp3-tibet-jpl-test-contentbucket-hratibh1y9pa.s3.us-west-2.amazonaws.com/54e96ac8-7501-430e-aae4-b054c0ad27c2/OPERA_L3_DIST-ALERT-S1_T10UEC_20240706T020344Z_20251215T205625Z_S1A_30_v0.1.png,2025-12-15T20:44:42+00:00,406.27,4.5,10UEC,1,23,4,none,False,transformer_v1_32,high,32,10,2024-07-06,137,2.5,4,best,none,False
tuscany_flood_2023__2023-11-02__32TPP__transformer_v1_32-10mc,https://hyp3-tibet-jpl-test-contentbucket-hratibh1y9pa.s3.us-west-2.amazonaws.com/6efb7f6d-35d4-4320-ac30-271b29318c25/OPERA_L3_DIST-ALERT-S1_T32TPP_20231019T171454Z_20251215T210545Z_S1A_30_v0.1.zip,s3://hyp3-tibet-jpl-test-contentbucket-hratibh1y9pa6efb7f6d-35d4-4320-ac30-271b29318c25/OPERA_L3_DIST-ALERT-S1_T32TPP_20231019T171454Z_20251215T210545Z_S1A_30_v0.1,https://hyp3-tibet-jpl-test-contentbucket-hratibh1y9pa.s3.us-west-2.amazonaws.com/6efb7f6d-35d4-4320-ac30-271b29318c25/OPERA_L3_DIST-ALERT-S1_T32TPP_20231019T171454Z_20251215T210545Z_S1A_30_v0.1.png,2025-12-15T20:44:42+00:00,960.565,4.5,32TPP,1,23,4,none,False,transformer_v1_32,high,32,10,2023-10-19,15,2.5,4,best,none,False
bioko_fire_2024__2024-02-07__32NMJ__transformer_v1_32-10mc,https://hyp3-tibet-jpl-test-contentbucket-hratibh1y9pa.s3.us-west-2.amazonaws.com/1a6ba122-b760-4c05-adf7-4a03c181fa5f/OPERA_L3_DIST-ALERT-S1_T32NMJ_20240114T050634Z_20251215T205332Z_S1A_30_v0.1.zip,s3://hyp3-tibet-jpl-test-contentbucket-hratibh1y9pa1a6ba122-b760-4c05-adf7-4a03c181fa5f/OPERA_L3_DIST-ALERT-S1_T32NMJ_20240114T050634Z_20251215T205332Z_S1A_30_v0.1,https://hyp3-tibet-jpl-test-contentbucket-hratibh1y9pa.s3.us-west-2.amazonaws.com/1a6ba122-b760-4c05-adf7-4a03c181fa5f/OPERA_L3_DIST-ALERT-S1_T32NMJ_20240114T050634Z_20251215T205332Z_S1A_30_v0.1.png,2025-12-15T20:44:42+00:00,222.284,4.5,32NMJ,1,23,4,none,False,transformer_v1_32,high,32,10,2024-01-14,51,2.5,4,best,none,False
hokkaido_landslides_2018__2018-09-06__54TWN__transformer_v1_32-10mc,https://hyp3-tibet-jpl-test-contentbucket-hratibh1y9pa.s3.us-west-2.amazonaws.com/63a24b21-8cbc-4dba-b37a-6b2a22f98315/OPERA_L3_DIST-ALERT-S1_T54TWN_20180819T203310Z_20251215T205214Z_S1A_30_v0.1.zip,s3://hyp3-tibet-jpl-test-contentbucket-hratibh1y9pa63a24b21-8cbc-4dba-b37a-6b2a22f98315/OPERA_L3_DIST-ALERT-S1_T54TWN_20180819T203310Z_20251215T205214Z_S1A_30_v0.1,https://hyp3-tibet-jpl-test-contentbucket-hratibh1y9pa.s3.us-west-2.amazonaws.com/63a24b21-8cbc-4dba-b37a-6b2a22f98315/OPERA_L3_DIST-ALERT-S1_T54TWN_20180819T203310Z_20251215T205214Z_S1A_30_v0.1.png,2025-12-15T20:44:42+00:00,143.356,4.5,54TWN,1,23,4,none,False,transformer_v1_32,high,32,10,2018-08-19,148,2.5,4,best,none,False
chilcotin_river_landslide_and_flood_2024__2024-07-30__10UEC__transformer_v1_32-10mc,https://hyp3-tibet-jpl-test-contentbucket-hratibh1y9pa.s3.us-west-2.amazonaws.com/0b68b8ee-cbef-4197-94fe-478f4e26b5f1/OPERA_L3_DIST-ALERT-S1_T10UEC_20240919T142048Z_20251215T210147Z_S1A_30_v0.1.zip,s3://hyp3-tibet-jpl-test-contentbucket-hratibh1y9pa0b68b8ee-cbef-4197-94fe-478f4e26b5f1/OPERA_L3_DIST-ALERT-S1_T10UEC_20240919T142048Z_20251215T210147Z_S1A_30_v0.1,https://hyp3-tibet-jpl-test-contentbucket-hratibh1y9pa.s3.us-west-2.amazonaws.com/0b68b8ee-cbef-4197-94fe-478f4e26b5f1/OPERA_L3_DIST-ALERT-S1_T10UEC_20240919T142048Z_20251215T210147Z_S1A_30_v0.1.png,2025-12-15T20:44:42+00:00,732.782,4.5,10UEC,1,23,4,none,False,transformer_v1_32,high,32,10,2024-09-19,13,2.5,4,best,none,False
tuscany_flood_2023__2023-11-02__32TPP__transformer_v1_32-10mc,https://hyp3-tibet-jpl-test-contentbucket-hratibh1y9pa.s3.us-west-2.amazonaws.com/6ee42f3d-69ba-4cba-aad5-638f783bd20d/OPERA_L3_DIST-ALERT-S1_T32TPP_20231201T170643Z_20251215T210151Z_S1A_30_v0.1.zip,s3://hyp3-tibet-jpl-test-contentbucket-hratibh1y9pa6ee42f3d-69ba-4cba-aad5-638f783bd20d/OPERA_L3_DIST-ALERT-S1_T32TPP_20231201T170643Z_20251215T210151Z_S1A_30_v0.1,https://hyp3-tibet-jpl-test-contentbucket-hratibh1y9pa.s3.us-west-2.amazonaws.com/6ee42f3d-69ba-4cba-aad5-638f783bd20d/OPERA_L3_DIST-ALERT-S1_T32TPP_20231201T170643Z_20251215T210151Z_S1A_30_v0.1.png,2025-12-15T20:44:42+00:00,727.784,4.5,32TPP,1,23,4,none,False,transformer_v1_32,high,32,10,2023-12-01,117,2.5,4,best,none,False
park_fire_2024__2024-07-24__10TFK__transformer_v1_32-10mc,https://hyp3-tibet-jpl-test-contentbucket-hratibh1y9pa.s3.us-west-2.amazonaws.com/6146c371-cb1b-407b-a5ca-5b50c6daffcb/OPERA_L3_DIST-ALERT-S1_T10TFK_20240914T141545Z_20251215T205635Z_S1A_30_v0.1.zip,s3://hyp3-tibet-jpl-test-contentbucket-hratibh1y9pa6146c371-cb1b-407b-a5ca-5b50c6daffcb/OPERA_L3_DIST-ALERT-S1_T10TFK_20240914T141545Z_20251215T205635Z_S1A_30_v0.1,https://hyp3-tibet-jpl-test-contentbucket-hratibh1y9pa.s3.us-west-2.amazonaws.com/6146c371-cb1b-407b-a5ca-5b50c6daffcb/OPERA_L3_DIST-ALERT-S1_T10TFK_20240914T141545Z_20251215T205635Z_S1A_30_v0.1.png,2025-12-15T20:44:42+00:00,406.343,4.5,10TFK,1,23,4,none,False,transformer_v1_32,high,32,10,2024-09-14,115,2.5,4,best,none,False
park_fire_2024__2024-07-24__10TFK__transformer_v1_32-10mc,https://hyp3-tibet-jpl-test-contentbucket-hratibh1y9pa.s3.us-west-2.amazonaws.com/5f9bbc49-80e3-4efe-b6c0-0d62af618963/OPERA_L3_DIST-ALERT-S1_T10TFK_20240916T020030Z_20251215T210516Z_S1A_30_v0.1.zip,s3://hyp3-tibet-jpl-test-contentbucket-hratibh1y9pa5f9bbc49-80e3-4efe-b6c0-0d62af618963/OPERA_L3_DIST-ALERT-S1_T10TFK_20240916T020030Z_20251215T210516Z_S1A_30_v0.1,https://hyp3-tibet-jpl-test-contentbucket-hratibh1y9pa.s3.us-west-2.amazonaws.com/5f9bbc49-80e3-4efe-b6c0-0d62af618963/OPERA_L3_DIST-ALERT-S1_T10TFK_20240916T020030Z_20251215T210516Z_S1A_30_v0.1.png,2025-12-15T20:44:42+00:00,931.385,4.5,10TFK,1,23,4,none,False,transformer_v1_32,high,32,10,2024-09-16,137,2.5,4,best,none,False
tuscany_flood_2023__2023-11-02__32TPP__transformer_v1_32-10mc,https://hyp3-tibet-jpl-test-contentbucket-hratibh1y9pa.s3.us-west-2.amazonaws.com/8f0b9936-5c6b-4498-a78b-ad16b60f2c65/OPERA_L3_DIST-ALERT-S1_T32TPP_20231111T052812Z_20251215T210542Z_S1A_30_v0.1.zip,s3://hyp3-tibet-jpl-test-contentbucket-hratibh1y9pa8f0b9936-5c6b-4498-a78b-ad16b60f2c65/OPERA_L3_DIST-ALERT-S1_T32TPP_20231111T052812Z_20251215T210542Z_S1A_30_v0.1,https://hyp3-tibet-jpl-test-contentbucket-hratibh1y9pa.s3.us-west-2.amazonaws.com/8f0b9936-5c6b-4498-a78b-ad16b60f2c65/OPERA_L3_DIST-ALERT-S1_T32TPP_20231111T052812Z_20251215T210542Z_S1A_30_v0.1.png,2025-12-15T20:44:42+00:00,965.826,4.5,32TPP,1,23,4,none,False,transformer_v1_32,high,32,10,2023-11-11,168,2.5,4,best,none,False
demak_flood_2024__2024-03-15__49MEN__transformer_v1_32-10mc,https://hyp3-tibet-jpl-test-contentbucket-hratibh1y9pa.s3.us-west-2.amazonaws.com/e7fd2fcc-a9d3-4027-ac61-189128b07172/OPERA_L3_DIST-ALERT-S1_T49MEN_20240327T221748Z_20251215T205604Z_S1A_30_v0.1.zip,s3://hyp3-tibet-jpl-test-contentbucket-hratibh1y9pae7fd2fcc-a9d3-4027-ac61-189128b07172/OPERA_L3_DIST-ALERT-S1_T49MEN_20240327T221748Z_20251215T205604Z_S1A_30_v0.1,https://hyp3-tibet-jpl-test-contentbucket-hratibh1y9pa.s3.us-west-2.amazonaws.com/e7fd2fcc-a9d3-4027-ac61-189128b07172/OPERA_L3_DIST-ALERT-S1_T49MEN_20240327T221748Z_20251215T205604Z_S1A_30_v0.1.png,2025-12-15T20:44:42+00:00,374.216,4.5,49MEN,1,23,4,none,False,transformer_v1_32,high,32,10,2024-03-27,76,2.5,4,best,none,False
chilcotin_river_landslide_and_flood_2024__2024-07-30__10UEC__transformer_v1_32-10mc,https://hyp3-tibet-jpl-test-contentbucket-hratibh1y9pa.s3.us-west-2.amazonaws.com/d35b92fe-44c2-46a7-ad4c-be44ff29a6bf/OPERA_L3_DIST-ALERT-S1_T10UEC_20240814T142047Z_20251215T210058Z_S1A_30_v0.1.zip,s3://hyp3-tibet-jpl-test-contentbucket-hratibh1y9pad35b92fe-44c2-46a7-ad4c-be44ff29a6bf/OPERA_L3_DIST-ALERT-S1_T10UEC_20240814T142047Z_20251215T210058Z_S1A_30_v0.1,https://hyp3-tibet-jpl-test-contentbucket-hratibh1y9pa.s3.us-west-2.amazonaws.com/d35b92fe-44c2-46a7-ad4c-be44ff29a6bf/OPERA_L3_DIST-ALERT-S1_T10UEC_20240814T142047Z_20251215T210058Z_S1A_30_v0.1.png,2025-12-15T20:44:42+00:00,681.713,4.5,10UEC,1,23,4,none,False,transformer_v1_32,high,32,10,2024-08-14,13,2.5,4,best,none,False
tuscany_flood_2023__2023-11-02__32TPP__transformer_v1_32-10mc,https://hyp3-tibet-jpl-test-contentbucket-hratibh1y9pa.s3.us-west-2.amazonaws.com/2c4f3bc6-cb6d-4e14-8de7-6fd8969c5445/OPERA_L3_DIST-ALERT-S1_T32TPP_20231230T171451Z_20251215T210221Z_S1A_30_v0.1.zip,s3://hyp3-tibet-jpl-test-contentbucket-hratibh1y9pa2c4f3bc6-cb6d-4e14-8de7-6fd8969c5445/OPERA_L3_DIST-ALERT-S1_T32TPP_20231230T171451Z_20251215T210221Z_S1A_30_v0.1,https://hyp3-tibet-jpl-test-contentbucket-hratibh1y9pa.s3.us-west-2.amazonaws.com/2c4f3bc6-cb6d-4e14-8de7-6fd8969c5445/OPERA_L3_DIST-ALERT-S1_T32TPP_20231230T171451Z_20251215T210221Z_S1A_30_v0.1.png,2025-12-15T20:44:42+00:00,755.891,4.5,32TPP,1,23,4,none,False,transformer_v1_32,high,32,10,2023-12-30,15,2.5,4,best,none,False
chilcotin_river_landslide_and_flood_2024__2024-07-30__10UEC__transformer_v1_32-10mc,https://hyp3-tibet-jpl-test-contentbucket-hratibh1y9pa.s3.us-west-2.amazonaws.com/ac8f3440-6312-4cd3-874c-692c1058d3b5/OPERA_L3_DIST-ALERT-S1_T10UEC_20240916T020344Z_20251215T205553Z_S1A_30_v0.1.zip,s3://hyp3-tibet-jpl-test-contentbucket-hratibh1y9paac8f3440-6312-4cd3-874c-692c1058d3b5/OPERA_L3_DIST-ALERT-S1_T10UEC_20240916T020344Z_20251215T205553Z_S1A_30_v0.1,https://hyp3-tibet-jpl-test-contentbucket-hratibh1y9pa.s3.us-west-2.amazonaws.com/ac8f3440-6312-4cd3-874c-692c1058d3b5/OPERA_L3_DIST-ALERT-S1_T10UEC_20240916T020344Z_20251215T205553Z_S1A_30_v0.1.png,2025-12-15T20:44:42+00:00,365.896,4.5,10UEC,1,23,4,none,False,transformer_v1_32,high,32,10,2024-09-16,137,2.5,4,best,none,False
hokkaido_landslides_2018__2018-09-06__54TWN__transformer_v1_32-10mc,https://hyp3-tibet-jpl-test-contentbucket-hratibh1y9pa.s3.us-west-2.amazonaws.com/3d8accb5-3855-4c53-986d-95bf8728b0b6/OPERA_L3_DIST-ALERT-S1_T54TWN_20180824T204119Z_20251215T205615Z_S1A_30_v0.1.zip,s3://hyp3-tibet-jpl-test-contentbucket-hratibh1y9pa3d8accb5-3855-4c53-986d-95bf8728b0b6/OPERA_L3_DIST-ALERT-S1_T54TWN_20180824T204119Z_20251215T205615Z_S1A_30_v0.1,https://hyp3-tibet-jpl-test-contentbucket-hratibh1y9pa.s3.us-west-2.amazonaws.com/3d8accb5-3855-4c53-986d-95bf8728b0b6/OPERA_L3_DIST-ALERT-S1_T54TWN_20180824T204119Z_20251215T205615Z_S1A_30_v0.1.png,2025-12-15T20:44:42+00:00,390.058,4.5,54TWN,1,23,4,none,False,transformer_v1_32,high,32,10,2018-08-24,46,2.5,4,best,none,False
hokkaido_landslides_2018__2018-09-06__54TWN__transformer_v1_32-10mc,https://hyp3-tibet-jpl-test-contentbucket-hratibh1y9pa.s3.us-west-2.amazonaws.com/ec0d2abe-90ee-4231-ba82-491a126cf52d/OPERA_L3_DIST-ALERT-S1_T54TWN_20180808T082649Z_20251215T205927Z_S1B_30_v0.1.zip,s3://hyp3-tibet-jpl-test-contentbucket-hratibh1y9paec0d2abe-90ee-4231-ba82-491a126cf52d/OPERA_L3_DIST-ALERT-S1_T54TWN_20180808T082649Z_20251215T205927Z_S1B_30_v0.1,https://hyp3-tibet-jpl-test-contentbucket-hratibh1y9pa.s3.us-west-2.amazonaws.com/ec0d2abe-90ee-4231-ba82-491a126cf52d/OPERA_L3_DIST-ALERT-S1_T54TWN_20180808T082649Z_20251215T205927Z_S1B_30_v0.1.png,2025-12-15T20:44:42+00:00,587.739,4.5,54TWN,1,23,4,none,False,transformer_v1_32,high,32,10,2018-08-08,68,2.5,4,best,none,False
demak_flood_2024__2024-03-15__49MEN__transformer_v1_32-10mc,https://hyp3-tibet-jpl-test-contentbucket-hratibh1y9pa.s3.us-west-2.amazonaws.com/5ec33432-131f-4b2f-9b0a-d0cc493bd1cc/OPERA_L3_DIST-ALERT-S1_T49MEN_20240331T105849Z_20251215T210331Z_S1A_30_v0.1.zip,s3://hyp3-tibet-jpl-test-contentbucket-hratibh1y9pa5ec33432-131f-4b2f-9b0a-d0cc493bd1cc/OPERA_L3_DIST-ALERT-S1_T49MEN_20240331T105849Z_20251215T210331Z_S1A_30_v0.1,https://hyp3-tibet-jpl-test-contentbucket-hratibh1y9pa.s3.us-west-2.amazonaws.com/5ec33432-131f-4b2f-9b0a-d0cc493bd1cc/OPERA_L3_DIST-ALERT-S1_T49MEN_20240331T105849Z_20251215T210331Z_S1A_30_v0.1.png,2025-12-15T20:44:42+00:00,831.34,4.5,49MEN,1,23,4,none,False,transformer_v1_32,high,32,10,2024-03-31,127,2.5,4,best,none,False
chilcotin_river_landslide_and_flood_2024__2024-07-30__10UEC__transformer_v1_32-10mc,https://hyp3-tibet-jpl-test-contentbucket-hratibh1y9pa.s3.us-west-2.amazonaws.com/d413f8a5-f0e1-4a34-aa95-1133dc6f9160/OPERA_L3_DIST-ALERT-S1_T10UEC_20240823T020343Z_20251215T205635Z_S1A_30_v0.1.zip,s3://hyp3-tibet-jpl-test-contentbucket-hratibh1y9pad413f8a5-f0e1-4a34-aa95-1133dc6f9160/OPERA_L3_DIST-ALERT-S1_T10UEC_20240823T020343Z_20251215T205635Z_S1A_30_v0.1,https://hyp3-tibet-jpl-test-contentbucket-hratibh1y9pa.s3.us-west-2.amazonaws.com/d413f8a5-f0e1-4a34-aa95-1133dc6f9160/OPERA_L3_DIST-ALERT-S1_T10UEC_20240823T020343Z_20251215T205635Z_S1A_30_v0.1.png,2025-12-15T20:44:42+00:00,413.419,4.5,10UEC,1,23,4,none,False,transformer_v1_32,high,32,10,2024-08-23,137,2.5,4,best,none,False
bangladesh_coastal_flood_2024__2024-07-08__45QYE__transformer_v1_32-10mc,https://hyp3-tibet-jpl-test-contentbucket-hratibh1y9pa.s3.us-west-2.amazonaws.com/8dd762b0-5fac-47b2-beec-eda08606b2a5/OPERA_L3_DIST-ALERT-S1_T45QYE_20240823T235647Z_20251215T211455Z_S1A_30_v0.1.zip,s3://hyp3-tibet-jpl-test-contentbucket-hratibh1y9pa8dd762b0-5fac-47b2-beec-eda08606b2a5/OPERA_L3_DIST-ALERT-S1_T45QYE_20240823T235647Z_20251215T211455Z_S1A_30_v0.1,https://hyp3-tibet-jpl-test-contentbucket-hratibh1y9pa.s3.us-west-2.amazonaws.com/8dd762b0-5fac-47b2-beec-eda08606b2a5/OPERA_L3_DIST-ALERT-S1_T45QYE_20240823T235647Z_20251215T211455Z_S1A_30_v0.1.png,2025-12-15T20:44:41+00:00,1137.101,4.5,45QYE,1,23,4,none,False,transformer_v1_32,high,32,10,2024-08-23,150,2.5,4,best,none,False
yajiang_fire_2024__2024-03-15__47RPP__transformer_v1_32-10mc,https://hyp3-tibet-jpl-test-contentbucket-hratibh1y9pa.s3.us-west-2.amazonaws.com/18cfb12d-b2ae-4f20-b2a3-08515a5fb4f0/OPERA_L3_DIST-ALERT-S1_T47RPP_20240307T231325Z_20251215T211241Z_S1A_30_v0.1.zip,s3://hyp3-tibet-jpl-test-contentbucket-hratibh1y9pa18cfb12d-b2ae-4f20-b2a3-08515a5fb4f0/OPERA_L3_DIST-ALERT-S1_T47RPP_20240307T231325Z_20251215T211241Z_S1A_30_v0.1,https://hyp3-tibet-jpl-test-contentbucket-hratibh1y9pa.s3.us-west-2.amazonaws.com/18cfb12d-b2ae-4f20-b2a3-08515a5fb4f0/OPERA_L3_DIST-ALERT-S1_T47RPP_20240307T231325Z_20251215T211241Z_S1A_30_v0.1.png,2025-12-15T20:44:41+00:00,1004.245,4.5,47RPP,1,23,4,none,False,transformer_v1_32,high,32,10,2024-03-07,135,2.5,4,best,none,False
bangladesh_coastal_flood_2024__2024-07-08__45QYF__transformer_v1_32-10mc,https://hyp3-tibet-jpl-test-contentbucket-hratibh1y9pa.s3.us-west-2.amazonaws.com/694ced04-177f-4049-b274-e58bdc3eb59a/OPERA_L3_DIST-ALERT-S1_T45QYF_20240805T000442Z_20251215T210151Z_S1A_30_v0.1.zip,s3://hyp3-tibet-jpl-test-contentbucket-hratibh1y9pa694ced04-177f-4049-b274-e58bdc3eb59a/OPERA_L3_DIST-ALERT-S1_T45QYF_20240805T000442Z_20251215T210151Z_S1A_30_v0.1,https://hyp3-tibet-jpl-test-contentbucket-hratibh1y9pa.s3.us-west-2.amazonaws.com/694ced04-177f-4049-b274-e58bdc3eb59a/OPERA_L3_DIST-ALERT-S1_T45QYF_20240805T000442Z_20251215T210151Z_S1A_30_v0.1.png,2025-12-15T20:44:41+00:00,337.87,4.5,45QYF,1,23,4,none,False,transformer_v1_32,high,32,10,2024-08-05,48,2.5,4,best,none,False
bangladesh_coastal_flood_2024__2024-07-08__45QYE__transformer_v1_32-10mc,https://hyp3-tibet-jpl-test-contentbucket-hratibh1y9pa.s3.us-west-2.amazonaws.com/f1b34420-0f20-45ea-95ba-9c5ea6bec992/OPERA_L3_DIST-ALERT-S1_T45QYE_20240624T235648Z_20251215T211051Z_S1A_30_v0.1.zip,s3://hyp3-tibet-jpl-test-contentbucket-hratibh1y9paf1b34420-0f20-45ea-95ba-9c5ea6bec992/OPERA_L3_DIST-ALERT-S1_T45QYE_20240624T235648Z_20251215T211051Z_S1A_30_v0.1,https://hyp3-tibet-jpl-test-contentbucket-hratibh1y9pa.s3.us-west-2.amazonaws.com/f1b34420-0f20-45ea-95ba-9c5ea6bec992/OPERA_L3_DIST-ALERT-S1_T45QYE_20240624T235648Z_20251215T211051Z_S1A_30_v0.1.png,2025-12-15T20:44:41+00:00,886.001,4.5,45QYE,1,23,4,none,False,transformer_v1_32,high,32,10,2024-06-24,150,2.5,4,best,none,False
yajiang_fire_2024__2024-03-15__47RPP__transformer_v1_32-10mc,https://hyp3-tibet-jpl-test-contentbucket-hratibh1y9pa.s3.us-west-2.amazonaws.com/628132c7-a3d2-4f3b-b045-18e730ca5b1c/OPERA_L3_DIST-ALERT-S1_T47RPP_20240222T112530Z_20251215T210341Z_S1A_30_v0.1.zip,s3://hyp3-tibet-jpl-test-contentbucket-hratibh1y9pa628132c7-a3d2-4f3b-b045-18e730ca5b1c/OPERA_L3_DIST-ALERT-S1_T47RPP_20240222T112530Z_20251215T210341Z_S1A_30_v0.1,https://hyp3-tibet-jpl-test-contentbucket-hratibh1y9pa.s3.us-west-2.amazonaws.com/628132c7-a3d2-4f3b-b045-18e730ca5b1c/OPERA_L3_DIST-ALERT-S1_T47RPP_20240222T112530Z_20251215T210341Z_S1A_30_v0.1.png,2025-12-15T20:44:41+00:00,457.612,4.5,47RPP,1,23,4,none,False,transformer_v1_32,high,32,10,2024-02-22,99,2.5,4,best,none,False
bangladesh_coastal_flood_2024__2024-07-08__45QZE__transformer_v1_32-10mc,https://hyp3-tibet-jpl-test-contentbucket-hratibh1y9pa.s3.us-west-2.amazonaws.com/30179ef1-9bdf-449f-903c-0df29a3155a2/OPERA_L3_DIST-ALERT-S1_T45QZE_20240823T235643Z_20251215T210949Z_S1A_30_v0.1.zip,s3://hyp3-tibet-jpl-test-contentbucket-hratibh1y9pa30179ef1-9bdf-449f-903c-0df29a3155a2/OPERA_L3_DIST-ALERT-S1_T45QZE_20240823T235643Z_20251215T210949Z_S1A_30_v0.1,https://hyp3-tibet-jpl-test-contentbucket-hratibh1y9pa.s3.us-west-2.amazonaws.com/30179ef1-9bdf-449f-903c-0df29a3155a2/OPERA_L3_DIST-ALERT-S1_T45QZE_20240823T235643Z_20251215T210949Z_S1A_30_v0.1.png,2025-12-15T20:44:41+00:00,894.379,4.5,45QZE,1,23,4,none,False,transformer_v1_32,high,32,10,2024-08-23,150,2.5,4,best,none,False
porto_alegre_flood_2024__2024-05-28__22JDM__transformer_v1_32-10mc,https://hyp3-tibet-jpl-test-contentbucket-hratibh1y9pa.s3.us-west-2.amazonaws.com/cb4622e0-4d37-4934-bd05-74492704bd6b/OPERA_L3_DIST-ALERT-S1_T22JDM_20240530T084133Z_20251215T210037Z_S1A_30_v0.1.zip,s3://hyp3-tibet-jpl-test-contentbucket-hratibh1y9pacb4622e0-4d37-4934-bd05-74492704bd6b/OPERA_L3_DIST-ALERT-S1_T22JDM_20240530T084133Z_20251215T210037Z_S1A_30_v0.1,https://hyp3-tibet-jpl-test-contentbucket-hratibh1y9pa.s3.us-west-2.amazonaws.com/cb4622e0-4d37-4934-bd05-74492704bd6b/OPERA_L3_DIST-ALERT-S1_T22JDM_20240530T084133Z_20251215T210037Z_S1A_30_v0.1.png,2025-12-15T20:44:41+00:00,334.585,4.5,22JDM,1,23,4,none,False,transformer_v1_32,high,32,10,2024-05-30,126,2.5,4,best,none,False
park_fire_2024__2024-07-24__10TEK__transformer_v1_32-10mc,https://hyp3-tibet-jpl-test-contentbucket-hratibh1y9pa.s3.us-west-2.amazonaws.com/6984440f-4dca-42d5-b193-3a92ce3b523f/OPERA_L3_DIST-ALERT-S1_T10TEK_20240629T140738Z_20251215T210312Z_S1A_30_v0.1.zip,s3://hyp3-tibet-jpl-test-contentbucket-hratibh1y9pa6984440f-4dca-42d5-b193-3a92ce3b523f/OPERA_L3_DIST-ALERT-S1_T10TEK_20240629T140738Z_20251215T210312Z_S1A_30_v0.1,https://hyp3-tibet-jpl-test-contentbucket-hratibh1y9pa.s3.us-west-2.amazonaws.com/6984440f-4dca-42d5-b193-3a92ce3b523f/OPERA_L3_DIST-ALERT-S1_T10TEK_20240629T140738Z_20251215T210312Z_S1A_30_v0.1.png,2025-12-15T20:44:41+00:00,488.525,4.5,10TEK,1,23,4,none,False,transformer_v1_32,high,32,10,2024-06-29,42,2.5,4,best,none,False
bangladesh_coastal_flood_2024__2024-07-08__45QZE__transformer_v1_32-10mc,https://hyp3-tibet-jpl-test-contentbucket-hratibh1y9pa.s3.us-west-2.amazonaws.com/17564684-83fa-4454-b45c-b66476a5b65e/OPERA_L3_DIST-ALERT-S1_T45QZE_20240818T234836Z_20251215T210113Z_S1A_30_v0.1.zip,s3://hyp3-tibet-jpl-test-contentbucket-hratibh1y9pa17564684-83fa-4454-b45c-b66476a5b65e/OPERA_L3_DIST-ALERT-S1_T45QZE_20240818T234836Z_20251215T210113Z_S1A_30_v0.1,https://hyp3-tibet-jpl-test-contentbucket-hratibh1y9pa.s3.us-west-2.amazonaws.com/17564684-83fa-4454-b45c-b66476a5b65e/OPERA_L3_DIST-ALERT-S1_T45QZE_20240818T234836Z_20251215T210113Z_S1A_30_v0.1.png,2025-12-15T20:44:41+00:00,401.644,4.5,45QZE,1,23,4,none,False,transformer_v1_32,high,32,10,2024-08-18,77,2.5,4,best,none,False
park_fire_2024__2024-07-24__10TEK__transformer_v1_32-10mc,https://hyp3-tibet-jpl-test-contentbucket-hratibh1y9pa.s3.us-west-2.amazonaws.com/c3a3f18f-4f9e-4517-b8d8-03c0466f2707/OPERA_L3_DIST-ALERT-S1_T10TEK_20240711T140737Z_20251215T205948Z_S1A_30_v0.1.zip,s3://hyp3-tibet-jpl-test-contentbucket-hratibh1y9pac3a3f18f-4f9e-4517-b8d8-03c0466f2707/OPERA_L3_DIST-ALERT-S1_T10TEK_20240711T140737Z_20251215T205948Z_S1A_30_v0.1,https://hyp3-tibet-jpl-test-contentbucket-hratibh1y9pa.s3.us-west-2.amazonaws.com/c3a3f18f-4f9e-4517-b8d8-03c0466f2707/OPERA_L3_DIST-ALERT-S1_T10TEK_20240711T140737Z_20251215T205948Z_S1A_30_v0.1.png,2025-12-15T20:44:41+00:00,344.357,4.5,10TEK,1,23,4,none,False,transformer_v1_32,high,32,10,2024-07-11,42,2.5,4,best,none,False
bangladesh_coastal_flood_2024__2024-07-08__45QZF__transformer_v1_32-10mc,https://hyp3-tibet-jpl-test-contentbucket-hratibh1y9pa.s3.us-west-2.amazonaws.com/d2f7cbbf-a780-4cf4-9dd2-aeda49f7243c/OPERA_L3_DIST-ALERT-S1_T45QZF_20240902T120438Z_20251215T211151Z_S1A_30_v0.1.zip,s3://hyp3-tibet-jpl-test-contentbucket-hratibh1y9pad2f7cbbf-a780-4cf4-9dd2-aeda49f7243c/OPERA_L3_DIST-ALERT-S1_T45QZF_20240902T120438Z_20251215T211151Z_S1A_30_v0.1,https://hyp3-tibet-jpl-test-contentbucket-hratibh1y9pa.s3.us-west-2.amazonaws.com/d2f7cbbf-a780-4cf4-9dd2-aeda49f7243c/OPERA_L3_DIST-ALERT-S1_T45QZF_20240902T120438Z_20251215T211151Z_S1A_30_v0.1.png,2025-12-15T20:44:41+00:00,1106.28,4.5,45QZF,1,23,4,none,False,transformer_v1_32,high,32,10,2024-09-02,114,2.5,4,best,none,False
bangladesh_coastal_flood_2024__2024-07-08__45QZE__transformer_v1_32-10mc,https://hyp3-tibet-jpl-test-contentbucket-hratibh1y9pa.s3.us-west-2.amazonaws.com/1bf840c9-2c81-4a43-b194-4af82a80ceb5/OPERA_L3_DIST-ALERT-S1_T45QZE_20240904T235643Z_20251215T210523Z_S1A_30_v0.1.zip,s3://hyp3-tibet-jpl-test-contentbucket-hratibh1y9pa1bf840c9-2c81-4a43-b194-4af82a80ceb5/OPERA_L3_DIST-ALERT-S1_T45QZE_20240904T235643Z_20251215T210523Z_S1A_30_v0.1,https://hyp3-tibet-jpl-test-contentbucket-hratibh1y9pa.s3.us-west-2.amazonaws.com/1bf840c9-2c81-4a43-b194-4af82a80ceb5/OPERA_L3_DIST-ALERT-S1_T45QZE_20240904T235643Z_20251215T210523Z_S1A_30_v0.1.png,2025-12-15T20:44:41+00:00,719.975,4.5,45QZE,1,23,4,none,False,transformer_v1_32,high,32,10,2024-09-04,150,2.5,4,best,none,False
yajiang_fire_2024__2024-03-15__47RPP__transformer_v1_32-10mc,https://hyp3-tibet-jpl-test-contentbucket-hratibh1y9pa.s3.us-west-2.amazonaws.com/ef09b9f9-21fd-4845-8b16-70eb2137dcec/OPERA_L3_DIST-ALERT-S1_T47RPP_20240217T111719Z_20251215T210750Z_S1A_30_v0.1.zip,s3://hyp3-tibet-jpl-test-contentbucket-hratibh1y9paef09b9f9-21fd-4845-8b16-70eb2137dcec/OPERA_L3_DIST-ALERT-S1_T47RPP_20240217T111719Z_20251215T210750Z_S1A_30_v0.1,https://hyp3-tibet-jpl-test-contentbucket-hratibh1y9pa.s3.us-west-2.amazonaws.com/ef09b9f9-21fd-4845-8b16-70eb2137dcec/OPERA_L3_DIST-ALERT-S1_T47RPP_20240217T111719Z_20251215T210750Z_S1A_30_v0.1.png,2025-12-15T20:44:41+00:00,901.028,4.5,47RPP,1,23,4,none,False,transformer_v1_32,high,32,10,2024-02-17,26,2.5,4,best,none,False
bangladesh_coastal_flood_2024__2024-07-08__45QZE__transformer_v1_32-10mc,https://hyp3-tibet-jpl-test-contentbucket-hratibh1y9pa.s3.us-west-2.amazonaws.com/9228034a-a7da-485f-9638-78322506c444/OPERA_L3_DIST-ALERT-S1_T45QZE_20240826T121238Z_20251215T205631Z_S1A_30_v0.1.zip,s3://hyp3-tibet-jpl-test-contentbucket-hratibh1y9pa9228034a-a7da-485f-9638-78322506c444/OPERA_L3_DIST-ALERT-S1_T45QZE_20240826T121238Z_20251215T205631Z_S1A_30_v0.1,https://hyp3-tibet-jpl-test-contentbucket-hratibh1y9pa.s3.us-west-2.amazonaws.com/9228034a-a7da-485f-9638-78322506c444/OPERA_L3_DIST-ALERT-S1_T45QZE_20240826T121238Z_20251215T205631Z_S1A_30_v0.1.png,2025-12-15T20:44:41+00:00,206.338,4.5,45QZE,1,23,4,none,False,transformer_v1_32,high,32,10,2024-08-26,12,2.5,4,best,none,False
bangladesh_coastal_flood_2024__2024-07-08__45QZF__transformer_v1_32-10mc,https://hyp3-tibet-jpl-test-contentbucket-hratibh1y9pa.s3.us-west-2.amazonaws.com/5f920acc-f7d9-4271-8833-d9fbf638e6d1/OPERA_L3_DIST-ALERT-S1_T45QZF_20240806T234822Z_20251215T205930Z_S1A_30_v0.1.zip,s3://hyp3-tibet-jpl-test-contentbucket-hratibh1y9pa5f920acc-f7d9-4271-8833-d9fbf638e6d1/OPERA_L3_DIST-ALERT-S1_T45QZF_20240806T234822Z_20251215T205930Z_S1A_30_v0.1,https://hyp3-tibet-jpl-test-contentbucket-hratibh1y9pa.s3.us-west-2.amazonaws.com/5f920acc-f7d9-4271-8833-d9fbf638e6d1/OPERA_L3_DIST-ALERT-S1_T45QZF_20240806T234822Z_20251215T205930Z_S1A_30_v0.1.png,2025-12-15T20:44:41+00:00,321.999,4.5,45QZF,1,23,4,none,False,transformer_v1_32,high,32,10,2024-08-06,77,2.5,4,best,none,False
park_fire_2024__2024-07-24__10TFK__transformer_v1_32-10mc,https://hyp3-tibet-jpl-test-contentbucket-hratibh1y9pa.s3.us-west-2.amazonaws.com/87762ae7-e82a-45c3-ba58-8b0f34db767c/OPERA_L3_DIST-ALERT-S1_T10TFK_20240728T141544Z_20251215T210110Z_S1A_30_v0.1.zip,s3://hyp3-tibet-jpl-test-contentbucket-hratibh1y9pa87762ae7-e82a-45c3-ba58-8b0f34db767c/OPERA_L3_DIST-ALERT-S1_T10TFK_20240728T141544Z_20251215T210110Z_S1A_30_v0.1,https://hyp3-tibet-jpl-test-contentbucket-hratibh1y9pa.s3.us-west-2.amazonaws.com/87762ae7-e82a-45c3-ba58-8b0f34db767c/OPERA_L3_DIST-ALERT-S1_T10TFK_20240728T141544Z_20251215T210110Z_S1A_30_v0.1.png,2025-12-15T20:44:41+00:00,426.227,4.5,10TFK,1,23,4,none,False,transformer_v1_32,high,32,10,2024-07-28,115,2.5,4,best,none,False
yajiang_fire_2024__2024-03-15__47RPP__transformer_v1_32-10mc,https://hyp3-tibet-jpl-test-contentbucket-hratibh1y9pa.s3.us-west-2.amazonaws.com/bffb857b-3744-490d-9996-68eb297717e3/OPERA_L3_DIST-ALERT-S1_T47RPP_20240324T232136Z_20251215T210144Z_S1A_30_v0.1.zip,s3://hyp3-tibet-jpl-test-contentbucket-hratibh1y9pabffb857b-3744-490d-9996-68eb297717e3/OPERA_L3_DIST-ALERT-S1_T47RPP_20240324T232136Z_20251215T210144Z_S1A_30_v0.1,https://hyp3-tibet-jpl-test-contentbucket-hratibh1y9pa.s3.us-west-2.amazonaws.com/bffb857b-3744-490d-9996-68eb297717e3/OPERA_L3_DIST-ALERT-S1_T47RPP_20240324T232136Z_20251215T210144Z_S1A_30_v0.1.png,2025-12-15T20:44:41+00:00,450.69,4.5,47RPP,1,23,4,none,False,transformer_v1_32,high,32,10,2024-03-24,33,2.5,4,best,none,False
park_fire_2024__2024-07-24__10TEK__transformer_v1_32-10mc,https://hyp3-tibet-jpl-test-contentbucket-hratibh1y9pa.s3.us-west-2.amazonaws.com/12994572-4683-4cdf-8213-4960a823255b/OPERA_L3_DIST-ALERT-S1_T10TEK_20240816T020842Z_20251215T210650Z_S1A_30_v0.1.zip,s3://hyp3-tibet-jpl-test-contentbucket-hratibh1y9pa12994572-4683-4cdf-8213-4960a823255b/OPERA_L3_DIST-ALERT-S1_T10TEK_20240816T020842Z_20251215T210650Z_S1A_30_v0.1,https://hyp3-tibet-jpl-test-contentbucket-hratibh1y9pa.s3.us-west-2.amazonaws.com/12994572-4683-4cdf-8213-4960a823255b/OPERA_L3_DIST-ALERT-S1_T10TEK_20240816T020842Z_20251215T210650Z_S1A_30_v0.1.png,2025-12-15T20:44:41+00:00,760.08,4.5,10TEK,1,23,4,none,False,transformer_v1_32,high,32,10,2024-08-16,35,2.5,4,best,none,False
park_fire_2024__2024-07-24__10TFK__transformer_v1_32-10mc,https://hyp3-tibet-jpl-test-contentbucket-hratibh1y9pa.s3.us-west-2.amazonaws.com/6ff9ec4d-4105-4503-b9ff-2404dc22bf0a/OPERA_L3_DIST-ALERT-S1_T10TFK_20240711T140735Z_20251215T210601Z_S1A_30_v0.1.zip,s3://hyp3-tibet-jpl-test-contentbucket-hratibh1y9pa6ff9ec4d-4105-4503-b9ff-2404dc22bf0a/OPERA_L3_DIST-ALERT-S1_T10TFK_20240711T140735Z_20251215T210601Z_S1A_30_v0.1,https://hyp3-tibet-jpl-test-contentbucket-hratibh1y9pa.s3.us-west-2.amazonaws.com/6ff9ec4d-4105-4503-b9ff-2404dc22bf0a/OPERA_L3_DIST-ALERT-S1_T10TFK_20240711T140735Z_20251215T210601Z_S1A_30_v0.1.png,2025-12-15T20:44:41+00:00,710.766,4.5,10TFK,1,23,4,none,False,transformer_v1_32,high,32,10,2024-07-11,42,2.5,4,best,none,False
bangladesh_coastal_flood_2024__2024-07-08__45QYE__transformer_v1_32-10mc,https://hyp3-tibet-jpl-test-contentbucket-hratibh1y9pa.s3.us-west-2.amazonaws.com/11246017-55b8-4b12-8334-a1d889efb044/OPERA_L3_DIST-ALERT-S1_T45QYE_20240704T120430Z_20251215T210049Z_S1A_30_v0.1.zip,s3://hyp3-tibet-jpl-test-contentbucket-hratibh1y9pa11246017-55b8-4b12-8334-a1d889efb044/OPERA_L3_DIST-ALERT-S1_T45QYE_20240704T120430Z_20251215T210049Z_S1A_30_v0.1,https://hyp3-tibet-jpl-test-contentbucket-hratibh1y9pa.s3.us-west-2.amazonaws.com/11246017-55b8-4b12-8334-a1d889efb044/OPERA_L3_DIST-ALERT-S1_T45QYE_20240704T120430Z_20251215T210049Z_S1A_30_v0.1.png,2025-12-15T20:44:41+00:00,393.851,4.5,45QYE,1,23,4,none,False,transformer_v1_32,high,32,10,2024-07-04,114,2.5,4,best,none,False
bangladesh_coastal_flood_2024__2024-07-08__45QZE__transformer_v1_32-10mc,https://hyp3-tibet-jpl-test-contentbucket-hratibh1y9pa.s3.us-west-2.amazonaws.com/b032c92f-0b95-411d-8706-2058d28d1137/OPERA_L3_DIST-ALERT-S1_T45QZE_20240809T120429Z_20251215T210512Z_S1A_30_v0.1.zip,s3://hyp3-tibet-jpl-test-contentbucket-hratibh1y9pab032c92f-0b95-411d-8706-2058d28d1137/OPERA_L3_DIST-ALERT-S1_T45QZE_20240809T120429Z_20251215T210512Z_S1A_30_v0.1,https://hyp3-tibet-jpl-test-contentbucket-hratibh1y9pa.s3.us-west-2.amazonaws.com/b032c92f-0b95-411d-8706-2058d28d1137/OPERA_L3_DIST-ALERT-S1_T45QZE_20240809T120429Z_20251215T210512Z_S1A_30_v0.1.png,2025-12-15T20:44:41+00:00,661.474,4.5,45QZE,1,23,4,none,False,transformer_v1_32,high,32,10,2024-08-09,114,2.5,4,best,none,False
park_fire_2024__2024-07-24__10TFK__transformer_v1_32-10mc,https://hyp3-tibet-jpl-test-contentbucket-hratibh1y9pa.s3.us-west-2.amazonaws.com/98422067-d016-43c2-8cee-fd2f8b9e27e1/OPERA_L3_DIST-ALERT-S1_T10TFK_20240816T020840Z_20251215T210020Z_S1A_30_v0.1.zip,s3://hyp3-tibet-jpl-test-contentbucket-hratibh1y9pa98422067-d016-43c2-8cee-fd2f8b9e27e1/OPERA_L3_DIST-ALERT-S1_T10TFK_20240816T020840Z_20251215T210020Z_S1A_30_v0.1,https://hyp3-tibet-jpl-test-contentbucket-hratibh1y9pa.s3.us-west-2.amazonaws.com/98422067-d016-43c2-8cee-fd2f8b9e27e1/OPERA_L3_DIST-ALERT-S1_T10TFK_20240816T020840Z_20251215T210020Z_S1A_30_v0.1.png,2025-12-15T20:44:41+00:00,361.07,4.5,10TFK,1,23,4,none,False,transformer_v1_32,high,32,10,2024-08-16,35,2.5,4,best,none,False
park_fire_2024__2024-07-24__10TFK__transformer_v1_32-10mc,https://hyp3-tibet-jpl-test-contentbucket-hratibh1y9pa.s3.us-west-2.amazonaws.com/a72d4d92-7806-4f87-9087-87237c55bbc5/OPERA_L3_DIST-ALERT-S1_T10TFK_20240823T020029Z_20251215T210806Z_S1A_30_v0.1.zip,s3://hyp3-tibet-jpl-test-contentbucket-hratibh1y9paa72d4d92-7806-4f87-9087-87237c55bbc5/OPERA_L3_DIST-ALERT-S1_T10TFK_20240823T020029Z_20251215T210806Z_S1A_30_v0.1,https://hyp3-tibet-jpl-test-contentbucket-hratibh1y9pa.s3.us-west-2.amazonaws.com/a72d4d92-7806-4f87-9087-87237c55bbc5/OPERA_L3_DIST-ALERT-S1_T10TFK_20240823T020029Z_20251215T210806Z_S1A_30_v0.1.png,2025-12-15T20:44:41+00:00,837.941,4.5,10TFK,1,23,4,none,False,transformer_v1_32,high,32,10,2024-08-23,137,2.5,4,best,none,False
bangladesh_coastal_flood_2024__2024-07-08__45QYF__transformer_v1_32-10mc,https://hyp3-tibet-jpl-test-contentbucket-hratibh1y9pa.s3.us-west-2.amazonaws.com/b9cf674c-a455-41af-a81e-de54cd81c48b/OPERA_L3_DIST-ALERT-S1_T45QYF_20240704T120443Z_20251215T210210Z_S1A_30_v0.1.zip,s3://hyp3-tibet-jpl-test-contentbucket-hratibh1y9pab9cf674c-a455-41af-a81e-de54cd81c48b/OPERA_L3_DIST-ALERT-S1_T45QYF_20240704T120443Z_20251215T210210Z_S1A_30_v0.1,https://hyp3-tibet-jpl-test-contentbucket-hratibh1y9pa.s3.us-west-2.amazonaws.com/b9cf674c-a455-41af-a81e-de54cd81c48b/OPERA_L3_DIST-ALERT-S1_T45QYF_20240704T120443Z_20251215T210210Z_S1A_30_v0.1.png,2025-12-15T20:44:41+00:00,478.222,4.5,45QYF,1,23,4,none,False,transformer_v1_32,high,32,10,2024-07-04,114,2.5,4,best,none,False
park_fire_2024__2024-07-24__10TFK__transformer_v1_32-10mc,https://hyp3-tibet-jpl-test-contentbucket-hratibh1y9pa.s3.us-west-2.amazonaws.com/58420d03-099d-4a5f-ab8c-e45b2092b85d/OPERA_L3_DIST-ALERT-S1_T10TFK_20240809T141544Z_20251215T210058Z_S1A_30_v0.1.zip,s3://hyp3-tibet-jpl-test-contentbucket-hratibh1y9pa58420d03-099d-4a5f-ab8c-e45b2092b85d/OPERA_L3_DIST-ALERT-S1_T10TFK_20240809T141544Z_20251215T210058Z_S1A_30_v0.1,https://hyp3-tibet-jpl-test-contentbucket-hratibh1y9pa.s3.us-west-2.amazonaws.com/58420d03-099d-4a5f-ab8c-e45b2092b85d/OPERA_L3_DIST-ALERT-S1_T10TFK_20240809T141544Z_20251215T210058Z_S1A_30_v0.1.png,2025-12-15T20:44:41+00:00,403.801,4.5,10TFK,1,23,4,none,False,transformer_v1_32,high,32,10,2024-08-09,115,2.5,4,best,none,False
park_fire_2024__2024-07-24__10TEK__transformer_v1_32-10mc,https://hyp3-tibet-jpl-test-contentbucket-hratibh1y9pa.s3.us-west-2.amazonaws.com/0f42ab5e-cf59-4646-9407-c6cc78c53a93/OPERA_L3_DIST-ALERT-S1_T10TEK_20240730T020034Z_20251215T210217Z_S1A_30_v0.1.zip,s3://hyp3-tibet-jpl-test-contentbucket-hratibh1y9pa0f42ab5e-cf59-4646-9407-c6cc78c53a93/OPERA_L3_DIST-ALERT-S1_T10TEK_20240730T020034Z_20251215T210217Z_S1A_30_v0.1,https://hyp3-tibet-jpl-test-contentbucket-hratibh1y9pa.s3.us-west-2.amazonaws.com/0f42ab5e-cf59-4646-9407-c6cc78c53a93/OPERA_L3_DIST-ALERT-S1_T10TEK_20240730T020034Z_20251215T210217Z_S1A_30_v0.1.png,2025-12-15T20:44:41+00:00,494.38,4.5,10TEK,1,23,4,none,False,transformer_v1_32,high,32,10,2024-07-30,137,2.5,4,best,none,False
bangladesh_coastal_flood_2024__2024-07-08__45QZF__transformer_v1_32-10mc,https://hyp3-tibet-jpl-test-contentbucket-hratibh1y9pa.s3.us-west-2.amazonaws.com/bf9a3180-e823-4d2d-a618-909a63cead17/OPERA_L3_DIST-ALERT-S1_T45QZF_20240821T120438Z_20251215T211140Z_S1A_30_v0.1.zip,s3://hyp3-tibet-jpl-test-contentbucket-hratibh1y9pabf9a3180-e823-4d2d-a618-909a63cead17/OPERA_L3_DIST-ALERT-S1_T45QZF_20240821T120438Z_20251215T211140Z_S1A_30_v0.1,https://hyp3-tibet-jpl-test-contentbucket-hratibh1y9pa.s3.us-west-2.amazonaws.com/bf9a3180-e823-4d2d-a618-909a63cead17/OPERA_L3_DIST-ALERT-S1_T45QZF_20240821T120438Z_20251215T211140Z_S1A_30_v0.1.png,2025-12-15T20:44:41+00:00,1059.966,4.5,45QZF,1,23,4,none,False,transformer_v1_32,high,32,10,2024-08-21,114,2.5,4,best,none,False
bangladesh_coastal_flood_2024__2024-07-08__45QYE__transformer_v1_32-10mc,https://hyp3-tibet-jpl-test-contentbucket-hratibh1y9pa.s3.us-west-2.amazonaws.com/d9f7a907-c4f3-4804-af1e-77ba17d334c1/OPERA_L3_DIST-ALERT-S1_T45QYE_20240709T121238Z_20251215T210808Z_S1A_30_v0.1.zip,s3://hyp3-tibet-jpl-test-contentbucket-hratibh1y9pad9f7a907-c4f3-4804-af1e-77ba17d334c1/OPERA_L3_DIST-ALERT-S1_T45QYE_20240709T121238Z_20251215T210808Z_S1A_30_v0.1,https://hyp3-tibet-jpl-test-contentbucket-hratibh1y9pa.s3.us-west-2.amazonaws.com/d9f7a907-c4f3-4804-af1e-77ba17d334c1/OPERA_L3_DIST-ALERT-S1_T45QYE_20240709T121238Z_20251215T210808Z_S1A_30_v0.1.png,2025-12-15T20:44:41+00:00,847.681,4.5,45QYE,1,23,4,none,False,transformer_v1_32,high,32,10,2024-07-09,12,2.5,4,best,none,False
bangladesh_coastal_flood_2024__2024-07-08__45QZF__transformer_v1_32-10mc,https://hyp3-tibet-jpl-test-contentbucket-hratibh1y9pa.s3.us-west-2.amazonaws.com/51bbc824-9834-44b9-8488-b2f80be1e288/OPERA_L3_DIST-ALERT-S1_T45QZF_20240811T235629Z_20251215T210957Z_S1A_30_v0.1.zip,s3://hyp3-tibet-jpl-test-contentbucket-hratibh1y9pa51bbc824-9834-44b9-8488-b2f80be1e288/OPERA_L3_DIST-ALERT-S1_T45QZF_20240811T235629Z_20251215T210957Z_S1A_30_v0.1,https://hyp3-tibet-jpl-test-contentbucket-hratibh1y9pa.s3.us-west-2.amazonaws.com/51bbc824-9834-44b9-8488-b2f80be1e288/OPERA_L3_DIST-ALERT-S1_T45QZF_20240811T235629Z_20251215T210957Z_S1A_30_v0.1.png,2025-12-15T20:44:41+00:00,962.937,4.5,45QZF,1,23,4,none,False,transformer_v1_32,high,32,10,2024-08-11,150,2.5,4,best,none,False
bangladesh_coastal_flood_2024__2024-07-08__45QZE__transformer_v1_32-10mc,https://hyp3-tibet-jpl-test-contentbucket-hratibh1y9pa.s3.us-west-2.amazonaws.com/cd1724b1-4217-49d1-9ebd-e3ff02860770/OPERA_L3_DIST-ALERT-S1_T45QZE_20240814T121238Z_20251215T205639Z_S1A_30_v0.1.zip,s3://hyp3-tibet-jpl-test-contentbucket-hratibh1y9pacd1724b1-4217-49d1-9ebd-e3ff02860770/OPERA_L3_DIST-ALERT-S1_T45QZE_20240814T121238Z_20251215T205639Z_S1A_30_v0.1,https://hyp3-tibet-jpl-test-contentbucket-hratibh1y9pa.s3.us-west-2.amazonaws.com/cd1724b1-4217-49d1-9ebd-e3ff02860770/OPERA_L3_DIST-ALERT-S1_T45QZE_20240814T121238Z_20251215T205639Z_S1A_30_v0.1.png,2025-12-15T20:44:41+00:00,143.464,4.5,45QZE,1,23,4,none,False,transformer_v1_32,high,32,10,2024-08-14,12,2.5,4,best,none,False
bangladesh_coastal_flood_2024__2024-07-08__45QYF__transformer_v1_32-10mc,https://hyp3-tibet-jpl-test-contentbucket-hratibh1y9pa.s3.us-west-2.amazonaws.com/0d87a9ac-0f30-4e44-a31a-cfe5effe62c7/OPERA_L3_DIST-ALERT-S1_T45QYF_20240615T121253Z_20251215T210629Z_S1A_30_v0.1.zip,s3://hyp3-tibet-jpl-test-contentbucket-hratibh1y9pa0d87a9ac-0f30-4e44-a31a-cfe5effe62c7/OPERA_L3_DIST-ALERT-S1_T45QYF_20240615T121253Z_20251215T210629Z_S1A_30_v0.1,https://hyp3-tibet-jpl-test-contentbucket-hratibh1y9pa.s3.us-west-2.amazonaws.com/0d87a9ac-0f30-4e44-a31a-cfe5effe62c7/OPERA_L3_DIST-ALERT-S1_T45QYF_20240615T121253Z_20251215T210629Z_S1A_30_v0.1.png,2025-12-15T20:44:41+00:00,750.018,4.5,45QYF,1,23,4,none,False,transformer_v1_32,high,32,10,2024-06-15,12,2.5,4,best,none,False
bangladesh_coastal_flood_2024__2024-07-08__45QZF__transformer_v1_32-10mc,https://hyp3-tibet-jpl-test-contentbucket-hratibh1y9pa.s3.us-west-2.amazonaws.com/12866a10-0cb8-424a-992c-8fcdafa42ebf/OPERA_L3_DIST-ALERT-S1_T45QZF_20240622T120439Z_20251215T211145Z_S1A_30_v0.1.zip,s3://hyp3-tibet-jpl-test-contentbucket-hratibh1y9pa12866a10-0cb8-424a-992c-8fcdafa42ebf/OPERA_L3_DIST-ALERT-S1_T45QZF_20240622T120439Z_20251215T211145Z_S1A_30_v0.1,https://hyp3-tibet-jpl-test-contentbucket-hratibh1y9pa.s3.us-west-2.amazonaws.com/12866a10-0cb8-424a-992c-8fcdafa42ebf/OPERA_L3_DIST-ALERT-S1_T45QZF_20240622T120439Z_20251215T211145Z_S1A_30_v0.1.png,2025-12-15T20:44:41+00:00,1074.842,4.5,45QZF,1,23,4,none,False,transformer_v1_32,high,32,10,2024-06-22,114,2.5,4,best,none,False
yajiang_fire_2024__2024-03-15__47RQP__transformer_v1_32-10mc,https://hyp3-tibet-jpl-test-contentbucket-hratibh1y9pa.s3.us-west-2.amazonaws.com/be5d6219-5e2f-48e4-adbb-de4d506346c6/OPERA_L3_DIST-ALERT-S1_T47RQP_20240331T110910Z_20251215T210006Z_S1A_30_v0.1.zip,s3://hyp3-tibet-jpl-test-contentbucket-hratibh1y9pabe5d6219-5e2f-48e4-adbb-de4d506346c6/OPERA_L3_DIST-ALERT-S1_T47RQP_20240331T110910Z_20251215T210006Z_S1A_30_v0.1,https://hyp3-tibet-jpl-test-contentbucket-hratibh1y9pa.s3.us-west-2.amazonaws.com/be5d6219-5e2f-48e4-adbb-de4d506346c6/OPERA_L3_DIST-ALERT-S1_T47RQP_20240331T110910Z_20251215T210006Z_S1A_30_v0.1.png,2025-12-15T20:44:41+00:00,350.51,4.5,47RQP,1,23,4,none,False,transformer_v1_32,high,32,10,2024-03-31,128,2.5,4,best,none,False
park_fire_2024__2024-07-24__10TFK__transformer_v1_32-10mc,https://hyp3-tibet-jpl-test-contentbucket-hratibh1y9pa.s3.us-west-2.amazonaws.com/4d6ac207-591a-4cc8-a70e-a8c43f7e7ad2/OPERA_L3_DIST-ALERT-S1_T10TFK_20240816T140734Z_20251215T210907Z_S1A_30_v0.1.zip,s3://hyp3-tibet-jpl-test-contentbucket-hratibh1y9pa4d6ac207-591a-4cc8-a70e-a8c43f7e7ad2/OPERA_L3_DIST-ALERT-S1_T10TFK_20240816T140734Z_20251215T210907Z_S1A_30_v0.1,https://hyp3-tibet-jpl-test-contentbucket-hratibh1y9pa.s3.us-west-2.amazonaws.com/4d6ac207-591a-4cc8-a70e-a8c43f7e7ad2/OPERA_L3_DIST-ALERT-S1_T10TFK_20240816T140734Z_20251215T210907Z_S1A_30_v0.1.png,2025-12-15T20:44:41+00:00,903.569,4.5,10TFK,1,23,4,none,False,transformer_v1_32,high,32,10,2024-08-16,42,2.5,4,best,none,False
yajiang_fire_2024__2024-03-15__47RPP__transformer_v1_32-10mc,https://hyp3-tibet-jpl-test-contentbucket-hratibh1y9pa.s3.us-west-2.amazonaws.com/ae516404-5d99-48a1-93c3-37deacf71f02/OPERA_L3_DIST-ALERT-S1_T47RPP_20240317T112530Z_20251215T210055Z_S1A_30_v0.1.zip,s3://hyp3-tibet-jpl-test-contentbucket-hratibh1y9paae516404-5d99-48a1-93c3-37deacf71f02/OPERA_L3_DIST-ALERT-S1_T47RPP_20240317T112530Z_20251215T210055Z_S1A_30_v0.1,https://hyp3-tibet-jpl-test-contentbucket-hratibh1y9pa.s3.us-west-2.amazonaws.com/ae516404-5d99-48a1-93c3-37deacf71f02/OPERA_L3_DIST-ALERT-S1_T47RPP_20240317T112530Z_20251215T210055Z_S1A_30_v0.1.png,2025-12-15T20:44:41+00:00,405.681,4.5,47RPP,1,23,4,none,False,transformer_v1_32,high,32,10,2024-03-17,99,2.5,4,best,none,False
chiapas_fire_2024__2024-03-24__15QUU__transformer_v1_32-10mc,https://hyp3-tibet-jpl-test-contentbucket-hratibh1y9pa.s3.us-west-2.amazonaws.com/bf2a5792-2d50-44aa-bdf4-50b827ab7cba/OPERA_L3_DIST-ALERT-S1_T15QUU_20240509T121039Z_20251215T210535Z_S1A_30_v0.1.zip,s3://hyp3-tibet-jpl-test-contentbucket-hratibh1y9pabf2a5792-2d50-44aa-bdf4-50b827ab7cba/OPERA_L3_DIST-ALERT-S1_T15QUU_20240509T121039Z_20251215T210535Z_S1A_30_v0.1,https://hyp3-tibet-jpl-test-contentbucket-hratibh1y9pa.s3.us-west-2.amazonaws.com/bf2a5792-2d50-44aa-bdf4-50b827ab7cba/OPERA_L3_DIST-ALERT-S1_T15QUU_20240509T121039Z_20251215T210535Z_S1A_30_v0.1.png,2025-12-15T20:44:41+00:00,695.182,4.5,15QUU,1,23,4,none,False,transformer_v1_32,high,32,10,2024-05-09,172,2.5,4,best,none,False
bangladesh_coastal_flood_2024__2024-07-08__45QYE__transformer_v1_32-10mc,https://hyp3-tibet-jpl-test-contentbucket-hratibh1y9pa.s3.us-west-2.amazonaws.com/530f92f0-e253-4fd9-abd3-67af5ab641b3/OPERA_L3_DIST-ALERT-S1_T45QYE_20240622T120430Z_20251215T210200Z_S1A_30_v0.1.zip,s3://hyp3-tibet-jpl-test-contentbucket-hratibh1y9pa530f92f0-e253-4fd9-abd3-67af5ab641b3/OPERA_L3_DIST-ALERT-S1_T45QYE_20240622T120430Z_20251215T210200Z_S1A_30_v0.1,https://hyp3-tibet-jpl-test-contentbucket-hratibh1y9pa.s3.us-west-2.amazonaws.com/530f92f0-e253-4fd9-abd3-67af5ab641b3/OPERA_L3_DIST-ALERT-S1_T45QYE_20240622T120430Z_20251215T210200Z_S1A_30_v0.1.png,2025-12-15T20:44:41+00:00,471.752,4.5,45QYE,1,23,4,none,False,transformer_v1_32,high,32,10,2024-06-22,114,2.5,4,best,none,False
bangladesh_coastal_flood_2024__2024-07-08__45QYE__transformer_v1_32-10mc,https://hyp3-tibet-jpl-test-contentbucket-hratibh1y9pa.s3.us-west-2.amazonaws.com/3e2e8a1d-42fd-4647-a35a-47c6d3a08a40/OPERA_L3_DIST-ALERT-S1_T45QYE_20240821T120429Z_20251215T210044Z_S1A_30_v0.1.zip,s3://hyp3-tibet-jpl-test-contentbucket-hratibh1y9pa3e2e8a1d-42fd-4647-a35a-47c6d3a08a40/OPERA_L3_DIST-ALERT-S1_T45QYE_20240821T120429Z_20251215T210044Z_S1A_30_v0.1,https://hyp3-tibet-jpl-test-contentbucket-hratibh1y9pa.s3.us-west-2.amazonaws.com/3e2e8a1d-42fd-4647-a35a-47c6d3a08a40/OPERA_L3_DIST-ALERT-S1_T45QYE_20240821T120429Z_20251215T210044Z_S1A_30_v0.1.png,2025-12-15T20:44:41+00:00,395.057,4.5,45QYE,1,23,4,none,False,transformer_v1_32,high,32,10,2024-08-21,114,2.5,4,best,none,False
chiapas_fire_2024__2024-03-24__15QUU__transformer_v1_32-10mc,https://hyp3-tibet-jpl-test-contentbucket-hratibh1y9pa.s3.us-west-2.amazonaws.com/6eaa1a94-9d89-40b4-830b-8848cd9ff3d6/OPERA_L3_DIST-ALERT-S1_T15QUU_20240418T002335Z_20251215T210225Z_S1A_30_v0.1.zip,s3://hyp3-tibet-jpl-test-contentbucket-hratibh1y9pa6eaa1a94-9d89-40b4-830b-8848cd9ff3d6/OPERA_L3_DIST-ALERT-S1_T15QUU_20240418T002335Z_20251215T210225Z_S1A_30_v0.1,https://hyp3-tibet-jpl-test-contentbucket-hratibh1y9pa.s3.us-west-2.amazonaws.com/6eaa1a94-9d89-40b4-830b-8848cd9ff3d6/OPERA_L3_DIST-ALERT-S1_T15QUU_20240418T002335Z_20251215T210225Z_S1A_30_v0.1.png,2025-12-15T20:44:41+00:00,492.406,4.5,15QUU,1,23,4,none,False,transformer_v1_32,high,32,10,2024-04-18,34,2.5,4,best,none,False
yajiang_fire_2024__2024-03-15__47RPP__transformer_v1_32-10mc,https://hyp3-tibet-jpl-test-contentbucket-hratibh1y9pa.s3.us-west-2.amazonaws.com/87f4bd1e-6545-4cea-8e74-5e11848b0e1e/OPERA_L3_DIST-ALERT-S1_T47RPP_20240424T231326Z_20251215T210816Z_S1A_30_v0.1.zip,s3://hyp3-tibet-jpl-test-contentbucket-hratibh1y9pa87f4bd1e-6545-4cea-8e74-5e11848b0e1e/OPERA_L3_DIST-ALERT-S1_T47RPP_20240424T231326Z_20251215T210816Z_S1A_30_v0.1,https://hyp3-tibet-jpl-test-contentbucket-hratibh1y9pa.s3.us-west-2.amazonaws.com/87f4bd1e-6545-4cea-8e74-5e11848b0e1e/OPERA_L3_DIST-ALERT-S1_T47RPP_20240424T231326Z_20251215T210816Z_S1A_30_v0.1.png,2025-12-15T20:44:41+00:00,853.556,4.5,47RPP,1,23,4,none,False,transformer_v1_32,high,32,10,2024-04-24,135,2.5,4,best,none,False
park_fire_2024__2024-07-24__10TFK__transformer_v1_32-10mc,https://hyp3-tibet-jpl-test-contentbucket-hratibh1y9pa.s3.us-west-2.amazonaws.com/b52d5ff3-ea52-47e7-8928-8ff3b9372ff7/OPERA_L3_DIST-ALERT-S1_T10TFK_20240718T020029Z_20251215T210853Z_S1A_30_v0.1.zip,s3://hyp3-tibet-jpl-test-contentbucket-hratibh1y9pab52d5ff3-ea52-47e7-8928-8ff3b9372ff7/OPERA_L3_DIST-ALERT-S1_T10TFK_20240718T020029Z_20251215T210853Z_S1A_30_v0.1,https://hyp3-tibet-jpl-test-contentbucket-hratibh1y9pa.s3.us-west-2.amazonaws.com/b52d5ff3-ea52-47e7-8928-8ff3b9372ff7/OPERA_L3_DIST-ALERT-S1_T10TFK_20240718T020029Z_20251215T210853Z_S1A_30_v0.1.png,2025-12-15T20:44:41+00:00,885.595,4.5,10TFK,1,23,4,none,False,transformer_v1_32,high,32,10,2024-07-18,137,2.5,4,best,none,False
bangladesh_coastal_flood_2024__2024-07-08__45QYF__transformer_v1_32-10mc,https://hyp3-tibet-jpl-test-contentbucket-hratibh1y9pa.s3.us-west-2.amazonaws.com/d44fedcc-a4e4-451d-b4a6-4d87fcf670f5/OPERA_L3_DIST-ALERT-S1_T45QYF_20240712T000442Z_20251215T205911Z_S1A_30_v0.1.zip,s3://hyp3-tibet-jpl-test-contentbucket-hratibh1y9pad44fedcc-a4e4-451d-b4a6-4d87fcf670f5/OPERA_L3_DIST-ALERT-S1_T45QYF_20240712T000442Z_20251215T205911Z_S1A_30_v0.1,https://hyp3-tibet-jpl-test-contentbucket-hratibh1y9pa.s3.us-west-2.amazonaws.com/d44fedcc-a4e4-451d-b4a6-4d87fcf670f5/OPERA_L3_DIST-ALERT-S1_T45QYF_20240712T000442Z_20251215T205911Z_S1A_30_v0.1.png,2025-12-15T20:44:41+00:00,298.911,4.5,45QYF,1,23,4,none,False,transformer_v1_32,high,32,10,2024-07-12,48,2.5,4,best,none,False
bangladesh_coastal_flood_2024__2024-07-08__45QYF__transformer_v1_32-10mc,https://hyp3-tibet-jpl-test-contentbucket-hratibh1y9pa.s3.us-west-2.amazonaws.com/afd2c090-c2ee-4107-b39f-c95f8d9f6ce4/OPERA_L3_DIST-ALERT-S1_T45QYF_20240624T235634Z_20251215T210712Z_S1A_30_v0.1.zip,s3://hyp3-tibet-jpl-test-contentbucket-hratibh1y9paafd2c090-c2ee-4107-b39f-c95f8d9f6ce4/OPERA_L3_DIST-ALERT-S1_T45QYF_20240624T235634Z_20251215T210712Z_S1A_30_v0.1,https://hyp3-tibet-jpl-test-contentbucket-hratibh1y9pa.s3.us-west-2.amazonaws.com/afd2c090-c2ee-4107-b39f-c95f8d9f6ce4/OPERA_L3_DIST-ALERT-S1_T45QYF_20240624T235634Z_20251215T210712Z_S1A_30_v0.1.png,2025-12-15T20:44:41+00:00,787.815,4.5,45QYF,1,23,4,none,False,transformer_v1_32,high,32,10,2024-06-24,150,2.5,4,best,none,False
bangladesh_coastal_flood_2024__2024-07-08__45QYF__transformer_v1_32-10mc,https://hyp3-tibet-jpl-test-contentbucket-hratibh1y9pa.s3.us-west-2.amazonaws.com/25092d65-de74-44f0-9075-3874457ee949/OPERA_L3_DIST-ALERT-S1_T45QYF_20240716T120443Z_20251215T210201Z_S1A_30_v0.1.zip,s3://hyp3-tibet-jpl-test-contentbucket-hratibh1y9pa25092d65-de74-44f0-9075-3874457ee949/OPERA_L3_DIST-ALERT-S1_T45QYF_20240716T120443Z_20251215T210201Z_S1A_30_v0.1,https://hyp3-tibet-jpl-test-contentbucket-hratibh1y9pa.s3.us-west-2.amazonaws.com/25092d65-de74-44f0-9075-3874457ee949/OPERA_L3_DIST-ALERT-S1_T45QYF_20240716T120443Z_20251215T210201Z_S1A_30_v0.1.png,2025-12-15T20:44:41+00:00,473.438,4.5,45QYF,1,23,4,none,False,transformer_v1_32,high,32,10,2024-07-16,114,2.5,4,best,none,False
bangladesh_coastal_flood_2024__2024-07-08__45QYF__transformer_v1_32-10mc,https://hyp3-tibet-jpl-test-contentbucket-hratibh1y9pa.s3.us-west-2.amazonaws.com/955dabf8-f069-4893-9e71-67920b5e69be/OPERA_L3_DIST-ALERT-S1_T45QYF_20240902T120443Z_20251215T210223Z_S1A_30_v0.1.zip,s3://hyp3-tibet-jpl-test-contentbucket-hratibh1y9pa955dabf8-f069-4893-9e71-67920b5e69be/OPERA_L3_DIST-ALERT-S1_T45QYF_20240902T120443Z_20251215T210223Z_S1A_30_v0.1,https://hyp3-tibet-jpl-test-contentbucket-hratibh1y9pa.s3.us-west-2.amazonaws.com/955dabf8-f069-4893-9e71-67920b5e69be/OPERA_L3_DIST-ALERT-S1_T45QYF_20240902T120443Z_20251215T210223Z_S1A_30_v0.1.png,2025-12-15T20:44:41+00:00,498.917,4.5,45QYF,1,23,4,none,False,transformer_v1_32,high,32,10,2024-09-02,114,2.5,4,best,none,False
bangladesh_coastal_flood_2024__2024-07-08__45QYF__transformer_v1_32-10mc,https://hyp3-tibet-jpl-test-contentbucket-hratibh1y9pa.s3.us-west-2.amazonaws.com/4b99aa7d-ab06-47db-a6b0-b63ba368b866/OPERA_L3_DIST-ALERT-S1_T45QYF_20240709T121252Z_20251215T210505Z_S1A_30_v0.1.zip,s3://hyp3-tibet-jpl-test-contentbucket-hratibh1y9pa4b99aa7d-ab06-47db-a6b0-b63ba368b866/OPERA_L3_DIST-ALERT-S1_T45QYF_20240709T121252Z_20251215T210505Z_S1A_30_v0.1,https://hyp3-tibet-jpl-test-contentbucket-hratibh1y9pa.s3.us-west-2.amazonaws.com/4b99aa7d-ab06-47db-a6b0-b63ba368b866/OPERA_L3_DIST-ALERT-S1_T45QYF_20240709T121252Z_20251215T210505Z_S1A_30_v0.1.png,2025-12-15T20:44:41+00:00,651.689,4.5,45QYF,1,23,4,none,False,transformer_v1_32,high,32,10,2024-07-09,12,2.5,4,best,none,False
park_fire_2024__2024-07-24__10TFK__transformer_v1_32-10mc,https://hyp3-tibet-jpl-test-contentbucket-hratibh1y9pa.s3.us-west-2.amazonaws.com/b64fb59c-5bd5-4774-84d2-7477c24a62bd/OPERA_L3_DIST-ALERT-S1_T10TFK_20240716T141544Z_20251215T210018Z_S1A_30_v0.1.zip,s3://hyp3-tibet-jpl-test-contentbucket-hratibh1y9pab64fb59c-5bd5-4774-84d2-7477c24a62bd/OPERA_L3_DIST-ALERT-S1_T10TFK_20240716T141544Z_20251215T210018Z_S1A_30_v0.1,https://hyp3-tibet-jpl-test-contentbucket-hratibh1y9pa.s3.us-west-2.amazonaws.com/b64fb59c-5bd5-4774-84d2-7477c24a62bd/OPERA_L3_DIST-ALERT-S1_T10TFK_20240716T141544Z_20251215T210018Z_S1A_30_v0.1.png,2025-12-15T20:44:41+00:00,372.789,4.5,10TFK,1,23,4,none,False,transformer_v1_32,high,32,10,2024-07-16,115,2.5,4,best,none,False
yajiang_fire_2024__2024-03-15__47RQP__transformer_v1_32-10mc,https://hyp3-tibet-jpl-test-contentbucket-hratibh1y9pa.s3.us-west-2.amazonaws.com/0c9d1564-b157-4297-abdd-6385bb05e9fe/OPERA_L3_DIST-ALERT-S1_T47RQP_20240506T110911Z_20251215T205956Z_S1A_30_v0.1.zip,s3://hyp3-tibet-jpl-test-contentbucket-hratibh1y9pa0c9d1564-b157-4297-abdd-6385bb05e9fe/OPERA_L3_DIST-ALERT-S1_T47RQP_20240506T110911Z_20251215T205956Z_S1A_30_v0.1,https://hyp3-tibet-jpl-test-contentbucket-hratibh1y9pa.s3.us-west-2.amazonaws.com/0c9d1564-b157-4297-abdd-6385bb05e9fe/OPERA_L3_DIST-ALERT-S1_T47RQP_20240506T110911Z_20251215T205956Z_S1A_30_v0.1.png,2025-12-15T20:44:41+00:00,339.828,4.5,47RQP,1,23,4,none,False,transformer_v1_32,high,32,10,2024-05-06,128,2.5,4,best,none,False
park_fire_2024__2024-07-24__10TFK__transformer_v1_32-10mc,https://hyp3-tibet-jpl-test-contentbucket-hratibh1y9pa.s3.us-west-2.amazonaws.com/e0aefb30-4fe0-4885-a0b2-dccabb9be57f/OPERA_L3_DIST-ALERT-S1_T10TFK_20240821T141544Z_20251215T210108Z_S1A_30_v0.1.zip,s3://hyp3-tibet-jpl-test-contentbucket-hratibh1y9pae0aefb30-4fe0-4885-a0b2-dccabb9be57f/OPERA_L3_DIST-ALERT-S1_T10TFK_20240821T141544Z_20251215T210108Z_S1A_30_v0.1,https://hyp3-tibet-jpl-test-contentbucket-hratibh1y9pa.s3.us-west-2.amazonaws.com/e0aefb30-4fe0-4885-a0b2-dccabb9be57f/OPERA_L3_DIST-ALERT-S1_T10TFK_20240821T141544Z_20251215T210108Z_S1A_30_v0.1.png,2025-12-15T20:44:41+00:00,422.051,4.5,10TFK,1,23,4,none,False,transformer_v1_32,high,32,10,2024-08-21,115,2.5,4,best,none,False
bangladesh_coastal_flood_2024__2024-07-08__45QZF__transformer_v1_32-10mc,https://hyp3-tibet-jpl-test-contentbucket-hratibh1y9pa.s3.us-west-2.amazonaws.com/29cd8865-a38b-4be3-b6c0-f11a02c47cc8/OPERA_L3_DIST-ALERT-S1_T45QZF_20240619T234824Z_20251215T210024Z_S1A_30_v0.1.zip,s3://hyp3-tibet-jpl-test-contentbucket-hratibh1y9pa29cd8865-a38b-4be3-b6c0-f11a02c47cc8/OPERA_L3_DIST-ALERT-S1_T45QZF_20240619T234824Z_20251215T210024Z_S1A_30_v0.1,https://hyp3-tibet-jpl-test-contentbucket-hratibh1y9pa.s3.us-west-2.amazonaws.com/29cd8865-a38b-4be3-b6c0-f11a02c47cc8/OPERA_L3_DIST-ALERT-S1_T45QZF_20240619T234824Z_20251215T210024Z_S1A_30_v0.1.png,2025-12-15T20:44:41+00:00,380.059,4.5,45QZF,1,23,4,none,False,transformer_v1_32,high,32,10,2024-06-19,77,2.5,4,best,none,False
bangladesh_coastal_flood_2024__2024-07-08__45QZE__transformer_v1_32-10mc,https://hyp3-tibet-jpl-test-contentbucket-hratibh1y9pa.s3.us-west-2.amazonaws.com/0fc4caf2-0459-4d0c-bf3e-62ac3ca71ff2/OPERA_L3_DIST-ALERT-S1_T45QZE_20240811T235643Z_20251215T210743Z_S1A_30_v0.1.zip,s3://hyp3-tibet-jpl-test-contentbucket-hratibh1y9pa0fc4caf2-0459-4d0c-bf3e-62ac3ca71ff2/OPERA_L3_DIST-ALERT-S1_T45QZE_20240811T235643Z_20251215T210743Z_S1A_30_v0.1,https://hyp3-tibet-jpl-test-contentbucket-hratibh1y9pa.s3.us-west-2.amazonaws.com/0fc4caf2-0459-4d0c-bf3e-62ac3ca71ff2/OPERA_L3_DIST-ALERT-S1_T45QZE_20240811T235643Z_20251215T210743Z_S1A_30_v0.1.png,2025-12-15T20:44:41+00:00,825.053,4.5,45QZE,1,23,4,none,False,transformer_v1_32,high,32,10,2024-08-11,150,2.5,4,best,none,False
bangladesh_coastal_flood_2024__2024-07-08__45QZE__transformer_v1_32-10mc,https://hyp3-tibet-jpl-test-contentbucket-hratibh1y9pa.s3.us-west-2.amazonaws.com/0588093f-5f4c-44c6-9bdb-e85a7eb7d6e9/OPERA_L3_DIST-ALERT-S1_T45QZE_20240902T120429Z_20251215T210737Z_S1A_30_v0.1.zip,s3://hyp3-tibet-jpl-test-contentbucket-hratibh1y9pa0588093f-5f4c-44c6-9bdb-e85a7eb7d6e9/OPERA_L3_DIST-ALERT-S1_T45QZE_20240902T120429Z_20251215T210737Z_S1A_30_v0.1,https://hyp3-tibet-jpl-test-contentbucket-hratibh1y9pa.s3.us-west-2.amazonaws.com/0588093f-5f4c-44c6-9bdb-e85a7eb7d6e9/OPERA_L3_DIST-ALERT-S1_T45QZE_20240902T120429Z_20251215T210737Z_S1A_30_v0.1.png,2025-12-15T20:44:41+00:00,811.868,4.5,45QZE,1,23,4,none,False,transformer_v1_32,high,32,10,2024-09-02,114,2.5,4,best,none,False
bangladesh_coastal_flood_2024__2024-07-08__45QYF__transformer_v1_32-10mc,https://hyp3-tibet-jpl-test-contentbucket-hratibh1y9pa.s3.us-west-2.amazonaws.com/5be4d76e-99fb-4afa-86ad-0391637dcdd7/OPERA_L3_DIST-ALERT-S1_T45QYF_20240612T235635Z_20251215T210734Z_S1A_30_v0.1.zip,s3://hyp3-tibet-jpl-test-contentbucket-hratibh1y9pa5be4d76e-99fb-4afa-86ad-0391637dcdd7/OPERA_L3_DIST-ALERT-S1_T45QYF_20240612T235635Z_20251215T210734Z_S1A_30_v0.1,https://hyp3-tibet-jpl-test-contentbucket-hratibh1y9pa.s3.us-west-2.amazonaws.com/5be4d76e-99fb-4afa-86ad-0391637dcdd7/OPERA_L3_DIST-ALERT-S1_T45QYF_20240612T235635Z_20251215T210734Z_S1A_30_v0.1.png,2025-12-15T20:44:41+00:00,811.584,4.5,45QYF,1,23,4,none,False,transformer_v1_32,high,32,10,2024-06-12,150,2.5,4,best,none,False
bangladesh_coastal_flood_2024__2024-07-08__45QYF__transformer_v1_32-10mc,https://hyp3-tibet-jpl-test-contentbucket-hratibh1y9pa.s3.us-west-2.amazonaws.com/2160fd2f-0908-4677-9fae-5c8471fb29e3/OPERA_L3_DIST-ALERT-S1_T45QYF_20240817T000442Z_20251215T205919Z_S1A_30_v0.1.zip,s3://hyp3-tibet-jpl-test-contentbucket-hratibh1y9pa2160fd2f-0908-4677-9fae-5c8471fb29e3/OPERA_L3_DIST-ALERT-S1_T45QYF_20240817T000442Z_20251215T205919Z_S1A_30_v0.1,https://hyp3-tibet-jpl-test-contentbucket-hratibh1y9pa.s3.us-west-2.amazonaws.com/2160fd2f-0908-4677-9fae-5c8471fb29e3/OPERA_L3_DIST-ALERT-S1_T45QYF_20240817T000442Z_20251215T205919Z_S1A_30_v0.1.png,2025-12-15T20:44:41+00:00,306.588,4.5,45QYF,1,23,4,none,False,transformer_v1_32,high,32,10,2024-08-17,48,2.5,4,best,none,False
park_fire_2024__2024-07-24__10TEK__transformer_v1_32-10mc,https://hyp3-tibet-jpl-test-contentbucket-hratibh1y9pa.s3.us-west-2.amazonaws.com/10506f5f-a303-4d08-8442-0ce97bad8adc/OPERA_L3_DIST-ALERT-S1_T10TEK_20240811T020034Z_20251215T210038Z_S1A_30_v0.1.zip,s3://hyp3-tibet-jpl-test-contentbucket-hratibh1y9pa10506f5f-a303-4d08-8442-0ce97bad8adc/OPERA_L3_DIST-ALERT-S1_T10TEK_20240811T020034Z_20251215T210038Z_S1A_30_v0.1,https://hyp3-tibet-jpl-test-contentbucket-hratibh1y9pa.s3.us-west-2.amazonaws.com/10506f5f-a303-4d08-8442-0ce97bad8adc/OPERA_L3_DIST-ALERT-S1_T10TEK_20240811T020034Z_20251215T210038Z_S1A_30_v0.1.png,2025-12-15T20:44:41+00:00,382.965,4.5,10TEK,1,23,4,none,False,transformer_v1_32,high,32,10,2024-08-11,137,2.5,4,best,none,False
bangladesh_coastal_flood_2024__2024-07-08__45QYF__transformer_v1_32-10mc,https://hyp3-tibet-jpl-test-contentbucket-hratibh1y9pa.s3.us-west-2.amazonaws.com/425e3d22-7014-4051-bc11-bf180c710375/OPERA_L3_DIST-ALERT-S1_T45QYF_20240610T120444Z_20251215T210358Z_S1A_30_v0.1.zip,s3://hyp3-tibet-jpl-test-contentbucket-hratibh1y9pa425e3d22-7014-4051-bc11-bf180c710375/OPERA_L3_DIST-ALERT-S1_T45QYF_20240610T120444Z_20251215T210358Z_S1A_30_v0.1,https://hyp3-tibet-jpl-test-contentbucket-hratibh1y9pa.s3.us-west-2.amazonaws.com/425e3d22-7014-4051-bc11-bf180c710375/OPERA_L3_DIST-ALERT-S1_T45QYF_20240610T120444Z_20251215T210358Z_S1A_30_v0.1.png,2025-12-15T20:44:41+00:00,594.75,4.5,45QYF,1,23,4,none,False,transformer_v1_32,high,32,10,2024-06-10,114,2.5,4,best,none,False
bangladesh_coastal_flood_2024__2024-07-08__45QYF__transformer_v1_32-10mc,https://hyp3-tibet-jpl-test-contentbucket-hratibh1y9pa.s3.us-west-2.amazonaws.com/ca7ee071-47b0-4ab4-8c1a-09fb89e0d854/OPERA_L3_DIST-ALERT-S1_T45QYF_20240802T121252Z_20251215T210513Z_S1A_30_v0.1.zip,s3://hyp3-tibet-jpl-test-contentbucket-hratibh1y9paca7ee071-47b0-4ab4-8c1a-09fb89e0d854/OPERA_L3_DIST-ALERT-S1_T45QYF_20240802T121252Z_20251215T210513Z_S1A_30_v0.1,https://hyp3-tibet-jpl-test-contentbucket-hratibh1y9pa.s3.us-west-2.amazonaws.com/ca7ee071-47b0-4ab4-8c1a-09fb89e0d854/OPERA_L3_DIST-ALERT-S1_T45QYF_20240802T121252Z_20251215T210513Z_S1A_30_v0.1.png,2025-12-15T20:44:41+00:00,663.01,4.5,45QYF,1,23,4,none,False,transformer_v1_32,high,32,10,2024-08-02,12,2.5,4,best,none,False
porto_alegre_flood_2024__2024-05-28__22JDM__transformer_v1_32-10mc,https://hyp3-tibet-jpl-test-contentbucket-hratibh1y9pa.s3.us-west-2.amazonaws.com/20fd83f2-7233-4cc2-a70f-202d9083211c/OPERA_L3_DIST-ALERT-S1_T22JDM_20240511T084941Z_20251215T210529Z_S1A_30_v0.1.zip,s3://hyp3-tibet-jpl-test-contentbucket-hratibh1y9pa20fd83f2-7233-4cc2-a70f-202d9083211c/OPERA_L3_DIST-ALERT-S1_T22JDM_20240511T084941Z_20251215T210529Z_S1A_30_v0.1,https://hyp3-tibet-jpl-test-contentbucket-hratibh1y9pa.s3.us-west-2.amazonaws.com/20fd83f2-7233-4cc2-a70f-202d9083211c/OPERA_L3_DIST-ALERT-S1_T22JDM_20240511T084941Z_20251215T210529Z_S1A_30_v0.1.png,2025-12-15T20:44:41+00:00,699.094,4.5,22JDM,1,23,4,none,False,transformer_v1_32,high,32,10,2024-05-11,24,2.5,4,best,none,False
bangladesh_coastal_flood_2024__2024-07-08__45QZE__transformer_v1_32-10mc,https://hyp3-tibet-jpl-test-contentbucket-hratibh1y9pa.s3.us-west-2.amazonaws.com/50d09926-1b39-4751-ae2e-e2a23399ebc1/OPERA_L3_DIST-ALERT-S1_T45QZE_20240806T234836Z_20251215T205946Z_S1A_30_v0.1.zip,s3://hyp3-tibet-jpl-test-contentbucket-hratibh1y9pa50d09926-1b39-4751-ae2e-e2a23399ebc1/OPERA_L3_DIST-ALERT-S1_T45QZE_20240806T234836Z_20251215T205946Z_S1A_30_v0.1,https://hyp3-tibet-jpl-test-contentbucket-hratibh1y9pa.s3.us-west-2.amazonaws.com/50d09926-1b39-4751-ae2e-e2a23399ebc1/OPERA_L3_DIST-ALERT-S1_T45QZE_20240806T234836Z_20251215T205946Z_S1A_30_v0.1.png,2025-12-15T20:44:41+00:00,342.317,4.5,45QZE,1,23,4,none,False,transformer_v1_32,high,32,10,2024-08-06,77,2.5,4,best,none,False
chiapas_fire_2024__2024-03-24__15QUU__transformer_v1_32-10mc,https://hyp3-tibet-jpl-test-contentbucket-hratibh1y9pa.s3.us-west-2.amazonaws.com/eb78e9af-5e70-4a17-8e57-9c47afb973db/OPERA_L3_DIST-ALERT-S1_T15QUU_20240517T003144Z_20251215T210259Z_S1A_30_v0.1.zip,s3://hyp3-tibet-jpl-test-contentbucket-hratibh1y9paeb78e9af-5e70-4a17-8e57-9c47afb973db/OPERA_L3_DIST-ALERT-S1_T15QUU_20240517T003144Z_20251215T210259Z_S1A_30_v0.1,https://hyp3-tibet-jpl-test-contentbucket-hratibh1y9pa.s3.us-west-2.amazonaws.com/eb78e9af-5e70-4a17-8e57-9c47afb973db/OPERA_L3_DIST-ALERT-S1_T15QUU_20240517T003144Z_20251215T210259Z_S1A_30_v0.1.png,2025-12-15T20:44:41+00:00,533.832,4.5,15QUU,1,23,4,none,False,transformer_v1_32,high,32,10,2024-05-17,107,2.5,4,best,none,False
chiapas_fire_2024__2024-03-24__15QUU__transformer_v1_32-10mc,https://hyp3-tibet-jpl-test-contentbucket-hratibh1y9pa.s3.us-west-2.amazonaws.com/e23f68ac-5ec1-4f5d-ac43-3276574074e7/OPERA_L3_DIST-ALERT-S1_T15QUU_20240512T002335Z_20251215T210507Z_S1A_30_v0.1.zip,s3://hyp3-tibet-jpl-test-contentbucket-hratibh1y9pae23f68ac-5ec1-4f5d-ac43-3276574074e7/OPERA_L3_DIST-ALERT-S1_T15QUU_20240512T002335Z_20251215T210507Z_S1A_30_v0.1,https://hyp3-tibet-jpl-test-contentbucket-hratibh1y9pa.s3.us-west-2.amazonaws.com/e23f68ac-5ec1-4f5d-ac43-3276574074e7/OPERA_L3_DIST-ALERT-S1_T15QUU_20240512T002335Z_20251215T210507Z_S1A_30_v0.1.png,2025-12-15T20:44:41+00:00,667.937,4.5,15QUU,1,23,4,none,False,transformer_v1_32,high,32,10,2024-05-12,34,2.5,4,best,none,False
yajiang_fire_2024__2024-03-15__47RQP__transformer_v1_32-10mc,https://hyp3-tibet-jpl-test-contentbucket-hratibh1y9pa.s3.us-west-2.amazonaws.com/d9be30b5-8aae-48ea-9b21-43fb5d0d9e4c/OPERA_L3_DIST-ALERT-S1_T47RQP_20240312T111717Z_20251215T211117Z_S1A_30_v0.1.zip,s3://hyp3-tibet-jpl-test-contentbucket-hratibh1y9pad9be30b5-8aae-48ea-9b21-43fb5d0d9e4c/OPERA_L3_DIST-ALERT-S1_T47RQP_20240312T111717Z_20251215T211117Z_S1A_30_v0.1,https://hyp3-tibet-jpl-test-contentbucket-hratibh1y9pa.s3.us-west-2.amazonaws.com/d9be30b5-8aae-48ea-9b21-43fb5d0d9e4c/OPERA_L3_DIST-ALERT-S1_T47RQP_20240312T111717Z_20251215T211117Z_S1A_30_v0.1.png,2025-12-15T20:44:41+00:00,1032.375,4.5,47RQP,1,23,4,none,False,transformer_v1_32,high,32,10,2024-03-12,26,2.5,4,best,none,False
yajiang_fire_2024__2024-03-15__47RPP__transformer_v1_32-10mc,https://hyp3-tibet-jpl-test-contentbucket-hratibh1y9pa.s3.us-west-2.amazonaws.com/086e0a46-46ca-499f-b5fe-c3d0efd32b90/OPERA_L3_DIST-ALERT-S1_T47RPP_20240422T112531Z_20251215T210209Z_S1A_30_v0.1.zip,s3://hyp3-tibet-jpl-test-contentbucket-hratibh1y9pa086e0a46-46ca-499f-b5fe-c3d0efd32b90/OPERA_L3_DIST-ALERT-S1_T47RPP_20240422T112531Z_20251215T210209Z_S1A_30_v0.1,https://hyp3-tibet-jpl-test-contentbucket-hratibh1y9pa.s3.us-west-2.amazonaws.com/086e0a46-46ca-499f-b5fe-c3d0efd32b90/OPERA_L3_DIST-ALERT-S1_T47RPP_20240422T112531Z_20251215T210209Z_S1A_30_v0.1.png,2025-12-15T20:44:41+00:00,482.054,4.5,47RPP,1,23,4,none,False,transformer_v1_32,high,32,10,2024-04-22,99,2.5,4,best,none,False
bangladesh_coastal_flood_2024__2024-07-08__45QZE__transformer_v1_32-10mc,https://hyp3-tibet-jpl-test-contentbucket-hratibh1y9pa.s3.us-west-2.amazonaws.com/7b2df8ae-2b86-4b08-8fb6-f02a8369293b/OPERA_L3_DIST-ALERT-S1_T45QZE_20240619T234837Z_20251215T205925Z_S1A_30_v0.1.zip,s3://hyp3-tibet-jpl-test-contentbucket-hratibh1y9pa7b2df8ae-2b86-4b08-8fb6-f02a8369293b/OPERA_L3_DIST-ALERT-S1_T45QZE_20240619T234837Z_20251215T205925Z_S1A_30_v0.1,https://hyp3-tibet-jpl-test-contentbucket-hratibh1y9pa.s3.us-west-2.amazonaws.com/7b2df8ae-2b86-4b08-8fb6-f02a8369293b/OPERA_L3_DIST-ALERT-S1_T45QZE_20240619T234837Z_20251215T205925Z_S1A_30_v0.1.png,2025-12-15T20:44:41+00:00,320.62,4.5,45QZE,1,23,4,none,False,transformer_v1_32,high,32,10,2024-06-19,77,2.5,4,best,none,False
park_fire_2024__2024-07-24__10TEK__transformer_v1_32-10mc,https://hyp3-tibet-jpl-test-contentbucket-hratibh1y9pa.s3.us-west-2.amazonaws.com/b66cbf63-fbaa-4ce3-b6ff-dce0733c89b2/OPERA_L3_DIST-ALERT-S1_T10TEK_20240828T140737Z_20251215T210045Z_S1A_30_v0.1.zip,s3://hyp3-tibet-jpl-test-contentbucket-hratibh1y9pab66cbf63-fbaa-4ce3-b6ff-dce0733c89b2/OPERA_L3_DIST-ALERT-S1_T10TEK_20240828T140737Z_20251215T210045Z_S1A_30_v0.1,https://hyp3-tibet-jpl-test-contentbucket-hratibh1y9pa.s3.us-west-2.amazonaws.com/b66cbf63-fbaa-4ce3-b6ff-dce0733c89b2/OPERA_L3_DIST-ALERT-S1_T10TEK_20240828T140737Z_20251215T210045Z_S1A_30_v0.1.png,2025-12-15T20:44:41+00:00,396.726,4.5,10TEK,1,23,4,none,False,transformer_v1_32,high,32,10,2024-08-28,42,2.5,4,best,none,False
bangladesh_coastal_flood_2024__2024-07-08__45QZE__transformer_v1_32-10mc,https://hyp3-tibet-jpl-test-contentbucket-hratibh1y9pa.s3.us-west-2.amazonaws.com/42d4acec-95b2-494e-8d4b-7fbfe41df2cd/OPERA_L3_DIST-ALERT-S1_T45QZE_20240802T121238Z_20251215T205658Z_S1A_30_v0.1.zip,s3://hyp3-tibet-jpl-test-contentbucket-hratibh1y9pa42d4acec-95b2-494e-8d4b-7fbfe41df2cd/OPERA_L3_DIST-ALERT-S1_T45QZE_20240802T121238Z_20251215T205658Z_S1A_30_v0.1,https://hyp3-tibet-jpl-test-contentbucket-hratibh1y9pa.s3.us-west-2.amazonaws.com/42d4acec-95b2-494e-8d4b-7fbfe41df2cd/OPERA_L3_DIST-ALERT-S1_T45QZE_20240802T121238Z_20251215T205658Z_S1A_30_v0.1.png,2025-12-15T20:44:41+00:00,162.385,4.5,45QZE,1,23,4,none,False,transformer_v1_32,high,32,10,2024-08-02,12,2.5,4,best,none,False
bangladesh_coastal_flood_2024__2024-07-08__45QZF__transformer_v1_32-10mc,https://hyp3-tibet-jpl-test-contentbucket-hratibh1y9pa.s3.us-west-2.amazonaws.com/1611b7db-57a7-4792-bf7c-365f58202dc4/OPERA_L3_DIST-ALERT-S1_T45QZF_20240904T235630Z_20251215T210830Z_S1A_30_v0.1.zip,s3://hyp3-tibet-jpl-test-contentbucket-hratibh1y9pa1611b7db-57a7-4792-bf7c-365f58202dc4/OPERA_L3_DIST-ALERT-S1_T45QZF_20240904T235630Z_20251215T210830Z_S1A_30_v0.1,https://hyp3-tibet-jpl-test-contentbucket-hratibh1y9pa.s3.us-west-2.amazonaws.com/1611b7db-57a7-4792-bf7c-365f58202dc4/OPERA_L3_DIST-ALERT-S1_T45QZF_20240904T235630Z_20251215T210830Z_S1A_30_v0.1.png,2025-12-15T20:44:41+00:00,866.317,4.5,45QZF,1,23,4,none,False,transformer_v1_32,high,32,10,2024-09-04,150,2.5,4,best,none,False
bangladesh_coastal_flood_2024__2024-07-08__45QZE__transformer_v1_32-10mc,https://hyp3-tibet-jpl-test-contentbucket-hratibh1y9pa.s3.us-west-2.amazonaws.com/b04c2e5d-5050-4e1e-8c4b-3f773303a564/OPERA_L3_DIST-ALERT-S1_T45QZE_20240704T120430Z_20251215T210632Z_S1A_30_v0.1.zip,s3://hyp3-tibet-jpl-test-contentbucket-hratibh1y9pab04c2e5d-5050-4e1e-8c4b-3f773303a564/OPERA_L3_DIST-ALERT-S1_T45QZE_20240704T120430Z_20251215T210632Z_S1A_30_v0.1,https://hyp3-tibet-jpl-test-contentbucket-hratibh1y9pa.s3.us-west-2.amazonaws.com/b04c2e5d-5050-4e1e-8c4b-3f773303a564/OPERA_L3_DIST-ALERT-S1_T45QZE_20240704T120430Z_20251215T210632Z_S1A_30_v0.1.png,2025-12-15T20:44:41+00:00,740.287,4.5,45QZE,1,23,4,none,False,transformer_v1_32,high,32,10,2024-07-04,114,2.5,4,best,none,False
park_fire_2024__2024-07-24__10TEK__transformer_v1_32-10mc,https://hyp3-tibet-jpl-test-contentbucket-hratibh1y9pa.s3.us-west-2.amazonaws.com/8f52cf4c-e1fc-4697-b66f-88ce78756602/OPERA_L3_DIST-ALERT-S1_T10TEK_20240706T020034Z_20251215T210045Z_S1A_30_v0.1.zip,s3://hyp3-tibet-jpl-test-contentbucket-hratibh1y9pa8f52cf4c-e1fc-4697-b66f-88ce78756602/OPERA_L3_DIST-ALERT-S1_T10TEK_20240706T020034Z_20251215T210045Z_S1A_30_v0.1,https://hyp3-tibet-jpl-test-contentbucket-hratibh1y9pa.s3.us-west-2.amazonaws.com/8f52cf4c-e1fc-4697-b66f-88ce78756602/OPERA_L3_DIST-ALERT-S1_T10TEK_20240706T020034Z_20251215T210045Z_S1A_30_v0.1.png,2025-12-15T20:44:41+00:00,389.505,4.5,10TEK,1,23,4,none,False,transformer_v1_32,high,32,10,2024-07-06,137,2.5,4,best,none,False
chiapas_fire_2024__2024-03-24__15QUU__transformer_v1_32-10mc,https://hyp3-tibet-jpl-test-contentbucket-hratibh1y9pa.s3.us-west-2.amazonaws.com/ac76891e-8ea3-4505-bfff-9c289ff1c4ad/OPERA_L3_DIST-ALERT-S1_T15QUU_20240415T121038Z_20251215T210728Z_S1A_30_v0.1.zip,s3://hyp3-tibet-jpl-test-contentbucket-hratibh1y9paac76891e-8ea3-4505-bfff-9c289ff1c4ad/OPERA_L3_DIST-ALERT-S1_T15QUU_20240415T121038Z_20251215T210728Z_S1A_30_v0.1,https://hyp3-tibet-jpl-test-contentbucket-hratibh1y9pa.s3.us-west-2.amazonaws.com/ac76891e-8ea3-4505-bfff-9c289ff1c4ad/OPERA_L3_DIST-ALERT-S1_T15QUU_20240415T121038Z_20251215T210728Z_S1A_30_v0.1.png,2025-12-15T20:44:41+00:00,812.203,4.5,15QUU,1,23,4,none,False,transformer_v1_32,high,32,10,2024-04-15,172,2.5,4,best,none,False
bangladesh_coastal_flood_2024__2024-07-08__45QYF__transformer_v1_32-10mc,https://hyp3-tibet-jpl-test-contentbucket-hratibh1y9pa.s3.us-west-2.amazonaws.com/fb5aa78e-8a6f-4a81-8378-b2372cc3091a/OPERA_L3_DIST-ALERT-S1_T45QYF_20240618T000444Z_20251215T205846Z_S1A_30_v0.1.zip,s3://hyp3-tibet-jpl-test-contentbucket-hratibh1y9pafb5aa78e-8a6f-4a81-8378-b2372cc3091a/OPERA_L3_DIST-ALERT-S1_T45QYF_20240618T000444Z_20251215T205846Z_S1A_30_v0.1,https://hyp3-tibet-jpl-test-contentbucket-hratibh1y9pa.s3.us-west-2.amazonaws.com/fb5aa78e-8a6f-4a81-8378-b2372cc3091a/OPERA_L3_DIST-ALERT-S1_T45QYF_20240618T000444Z_20251215T205846Z_S1A_30_v0.1.png,2025-12-15T20:44:41+00:00,265.486,4.5,45QYF,1,23,4,none,False,transformer_v1_32,high,32,10,2024-06-18,48,2.5,4,best,none,False
bangladesh_coastal_flood_2024__2024-07-08__45QYE__transformer_v1_32-10mc,https://hyp3-tibet-jpl-test-contentbucket-hratibh1y9pa.s3.us-west-2.amazonaws.com/44e68d03-3988-45a1-b3c9-bfa4869ab103/OPERA_L3_DIST-ALERT-S1_T45QYE_20240728T120429Z_20251215T210008Z_S1A_30_v0.1.zip,s3://hyp3-tibet-jpl-test-contentbucket-hratibh1y9pa44e68d03-3988-45a1-b3c9-bfa4869ab103/OPERA_L3_DIST-ALERT-S1_T45QYE_20240728T120429Z_20251215T210008Z_S1A_30_v0.1,https://hyp3-tibet-jpl-test-contentbucket-hratibh1y9pa.s3.us-west-2.amazonaws.com/44e68d03-3988-45a1-b3c9-bfa4869ab103/OPERA_L3_DIST-ALERT-S1_T45QYE_20240728T120429Z_20251215T210008Z_S1A_30_v0.1.png,2025-12-15T20:44:41+00:00,353.36,4.5,45QYE,1,23,4,none,False,transformer_v1_32,high,32,10,2024-07-28,114,2.5,4,best,none,False
bangladesh_coastal_flood_2024__2024-07-08__45QYF__transformer_v1_32-10mc,https://hyp3-tibet-jpl-test-contentbucket-hratibh1y9pa.s3.us-west-2.amazonaws.com/989bbfbe-030e-43b4-b3bb-9948797018b1/OPERA_L3_DIST-ALERT-S1_T45QYF_20240811T235633Z_20251215T210620Z_S1A_30_v0.1.zip,s3://hyp3-tibet-jpl-test-contentbucket-hratibh1y9pa989bbfbe-030e-43b4-b3bb-9948797018b1/OPERA_L3_DIST-ALERT-S1_T45QYF_20240811T235633Z_20251215T210620Z_S1A_30_v0.1,https://hyp3-tibet-jpl-test-contentbucket-hratibh1y9pa.s3.us-west-2.amazonaws.com/989bbfbe-030e-43b4-b3bb-9948797018b1/OPERA_L3_DIST-ALERT-S1_T45QYF_20240811T235633Z_20251215T210620Z_S1A_30_v0.1.png,2025-12-15T20:44:41+00:00,732.469,4.5,45QYF,1,23,4,none,False,transformer_v1_32,high,32,10,2024-08-11,150,2.5,4,best,none,False
bangladesh_coastal_flood_2024__2024-07-08__45QZF__transformer_v1_32-10mc,https://hyp3-tibet-jpl-test-contentbucket-hratibh1y9pa.s3.us-west-2.amazonaws.com/98e321a4-6910-4a78-807b-3394b1c1ff47/OPERA_L3_DIST-ALERT-S1_T45QZF_20240610T120440Z_20251215T211114Z_S1A_30_v0.1.zip,s3://hyp3-tibet-jpl-test-contentbucket-hratibh1y9pa98e321a4-6910-4a78-807b-3394b1c1ff47/OPERA_L3_DIST-ALERT-S1_T45QZF_20240610T120440Z_20251215T211114Z_S1A_30_v0.1,https://hyp3-tibet-jpl-test-contentbucket-hratibh1y9pa.s3.us-west-2.amazonaws.com/98e321a4-6910-4a78-807b-3394b1c1ff47/OPERA_L3_DIST-ALERT-S1_T45QZF_20240610T120440Z_20251215T211114Z_S1A_30_v0.1.png,2025-12-15T20:44:41+00:00,1027.894,4.5,45QZF,1,23,4,none,False,transformer_v1_32,high,32,10,2024-06-10,114,2.5,4,best,none,False
chiapas_fire_2024__2024-03-24__15QUU__transformer_v1_32-10mc,https://hyp3-tibet-jpl-test-contentbucket-hratibh1y9pa.s3.us-west-2.amazonaws.com/8e3847fe-7634-4401-bdd0-238e7c7773d8/OPERA_L3_DIST-ALERT-S1_T15QUU_20240330T003143Z_20251215T210215Z_S1A_30_v0.1.zip,s3://hyp3-tibet-jpl-test-contentbucket-hratibh1y9pa8e3847fe-7634-4401-bdd0-238e7c7773d8/OPERA_L3_DIST-ALERT-S1_T15QUU_20240330T003143Z_20251215T210215Z_S1A_30_v0.1,https://hyp3-tibet-jpl-test-contentbucket-hratibh1y9pa.s3.us-west-2.amazonaws.com/8e3847fe-7634-4401-bdd0-238e7c7773d8/OPERA_L3_DIST-ALERT-S1_T15QUU_20240330T003143Z_20251215T210215Z_S1A_30_v0.1.png,2025-12-15T20:44:41+00:00,484.009,4.5,15QUU,1,23,4,none,False,transformer_v1_32,high,32,10,2024-03-30,107,2.5,4,best,none,False
bangladesh_coastal_flood_2024__2024-07-08__45QZF__transformer_v1_32-10mc,https://hyp3-tibet-jpl-test-contentbucket-hratibh1y9pa.s3.us-west-2.amazonaws.com/aab1a847-c906-473d-a41f-4d3934516c1d/OPERA_L3_DIST-ALERT-S1_T45QZF_20240704T120439Z_20251215T211043Z_S1A_30_v0.1.zip,s3://hyp3-tibet-jpl-test-contentbucket-hratibh1y9paaab1a847-c906-473d-a41f-4d3934516c1d/OPERA_L3_DIST-ALERT-S1_T45QZF_20240704T120439Z_20251215T211043Z_S1A_30_v0.1,https://hyp3-tibet-jpl-test-contentbucket-hratibh1y9pa.s3.us-west-2.amazonaws.com/aab1a847-c906-473d-a41f-4d3934516c1d/OPERA_L3_DIST-ALERT-S1_T45QZF_20240704T120439Z_20251215T211043Z_S1A_30_v0.1.png,2025-12-15T20:44:41+00:00,995.902,4.5,45QZF,1,23,4,none,False,transformer_v1_32,high,32,10,2024-07-04,114,2.5,4,best,none,False
bangladesh_coastal_flood_2024__2024-07-08__45QYF__transformer_v1_32-10mc,https://hyp3-tibet-jpl-test-contentbucket-hratibh1y9pa.s3.us-west-2.amazonaws.com/eed3dc4c-815d-4162-81ce-a61173147b66/OPERA_L3_DIST-ALERT-S1_T45QYF_20240809T120443Z_20251215T210235Z_S1A_30_v0.1.zip,s3://hyp3-tibet-jpl-test-contentbucket-hratibh1y9paeed3dc4c-815d-4162-81ce-a61173147b66/OPERA_L3_DIST-ALERT-S1_T45QYF_20240809T120443Z_20251215T210235Z_S1A_30_v0.1,https://hyp3-tibet-jpl-test-contentbucket-hratibh1y9pa.s3.us-west-2.amazonaws.com/eed3dc4c-815d-4162-81ce-a61173147b66/OPERA_L3_DIST-ALERT-S1_T45QYF_20240809T120443Z_20251215T210235Z_S1A_30_v0.1.png,2025-12-15T20:44:41+00:00,506.514,4.5,45QYF,1,23,4,none,False,transformer_v1_32,high,32,10,2024-08-09,114,2.5,4,best,none,False
bangladesh_coastal_flood_2024__2024-07-08__45QZE__transformer_v1_32-10mc,https://hyp3-tibet-jpl-test-contentbucket-hratibh1y9pa.s3.us-west-2.amazonaws.com/ec5561bf-1748-4104-a6f6-ec10d3f45b60/OPERA_L3_DIST-ALERT-S1_T45QZE_20240821T120429Z_20251215T210621Z_S1A_30_v0.1.zip,s3://hyp3-tibet-jpl-test-contentbucket-hratibh1y9paec5561bf-1748-4104-a6f6-ec10d3f45b60/OPERA_L3_DIST-ALERT-S1_T45QZE_20240821T120429Z_20251215T210621Z_S1A_30_v0.1,https://hyp3-tibet-jpl-test-contentbucket-hratibh1y9pa.s3.us-west-2.amazonaws.com/ec5561bf-1748-4104-a6f6-ec10d3f45b60/OPERA_L3_DIST-ALERT-S1_T45QZE_20240821T120429Z_20251215T210621Z_S1A_30_v0.1.png,2025-12-15T20:44:41+00:00,730.87,4.5,45QZE,1,23,4,none,False,transformer_v1_32,high,32,10,2024-08-21,114,2.5,4,best,none,False
bangladesh_coastal_flood_2024__2024-07-08__45QYE__transformer_v1_32-10mc,https://hyp3-tibet-jpl-test-contentbucket-hratibh1y9pa.s3.us-west-2.amazonaws.com/8f7973c7-ec01-4a74-971d-54cfd09d5a81/OPERA_L3_DIST-ALERT-S1_T45QYE_20240610T120431Z_20251215T210111Z_S1A_30_v0.1.zip,s3://hyp3-tibet-jpl-test-contentbucket-hratibh1y9pa8f7973c7-ec01-4a74-971d-54cfd09d5a81/OPERA_L3_DIST-ALERT-S1_T45QYE_20240610T120431Z_20251215T210111Z_S1A_30_v0.1,https://hyp3-tibet-jpl-test-contentbucket-hratibh1y9pa.s3.us-west-2.amazonaws.com/8f7973c7-ec01-4a74-971d-54cfd09d5a81/OPERA_L3_DIST-ALERT-S1_T45QYE_20240610T120431Z_20251215T210111Z_S1A_30_v0.1.png,2025-12-15T20:44:41+00:00,417.703,4.5,45QYE,1,23,4,none,False,transformer_v1_32,high,32,10,2024-06-10,114,2.5,4,best,none,False
bangladesh_coastal_flood_2024__2024-07-08__45QYE__transformer_v1_32-10mc,https://hyp3-tibet-jpl-test-contentbucket-hratibh1y9pa.s3.us-west-2.amazonaws.com/89e8d882-41b1-492f-9006-30a81bd00472/OPERA_L3_DIST-ALERT-S1_T45QYE_20240802T121237Z_20251215T210644Z_S1A_30_v0.1.zip,s3://hyp3-tibet-jpl-test-contentbucket-hratibh1y9pa89e8d882-41b1-492f-9006-30a81bd00472/OPERA_L3_DIST-ALERT-S1_T45QYE_20240802T121237Z_20251215T210644Z_S1A_30_v0.1,https://hyp3-tibet-jpl-test-contentbucket-hratibh1y9pa.s3.us-west-2.amazonaws.com/89e8d882-41b1-492f-9006-30a81bd00472/OPERA_L3_DIST-ALERT-S1_T45QYE_20240802T121237Z_20251215T210644Z_S1A_30_v0.1.png,2025-12-15T20:44:41+00:00,754.241,4.5,45QYE,1,23,4,none,False,transformer_v1_32,high,32,10,2024-08-02,12,2.5,4,best,none,False
porto_alegre_flood_2024__2024-05-28__22JDN__transformer_v1_32-10mc,https://hyp3-tibet-jpl-test-contentbucket-hratibh1y9pa.s3.us-west-2.amazonaws.com/ce56043c-039a-4799-b9c9-563a92c9fba9/OPERA_L3_DIST-ALERT-S1_T22JDN_20240604T084927Z_20251215T210353Z_S1A_30_v0.1.zip,s3://hyp3-tibet-jpl-test-contentbucket-hratibh1y9pace56043c-039a-4799-b9c9-563a92c9fba9/OPERA_L3_DIST-ALERT-S1_T22JDN_20240604T084927Z_20251215T210353Z_S1A_30_v0.1,https://hyp3-tibet-jpl-test-contentbucket-hratibh1y9pa.s3.us-west-2.amazonaws.com/ce56043c-039a-4799-b9c9-563a92c9fba9/OPERA_L3_DIST-ALERT-S1_T22JDN_20240604T084927Z_20251215T210353Z_S1A_30_v0.1.png,2025-12-15T20:44:41+00:00,585.219,4.5,22JDN,1,23,4,none,False,transformer_v1_32,high,32,10,2024-06-04,24,2.5,4,best,none,False
bangladesh_coastal_flood_2024__2024-07-08__45QYE__transformer_v1_32-10mc,https://hyp3-tibet-jpl-test-contentbucket-hratibh1y9pa.s3.us-west-2.amazonaws.com/d94954e9-c79e-4246-8975-0ae1e9e9d288/OPERA_L3_DIST-ALERT-S1_T45QYE_20240826T121237Z_20251215T210745Z_S1A_30_v0.1.zip,s3://hyp3-tibet-jpl-test-contentbucket-hratibh1y9pad94954e9-c79e-4246-8975-0ae1e9e9d288/OPERA_L3_DIST-ALERT-S1_T45QYE_20240826T121237Z_20251215T210745Z_S1A_30_v0.1,https://hyp3-tibet-jpl-test-contentbucket-hratibh1y9pa.s3.us-west-2.amazonaws.com/d94954e9-c79e-4246-8975-0ae1e9e9d288/OPERA_L3_DIST-ALERT-S1_T45QYE_20240826T121237Z_20251215T210745Z_S1A_30_v0.1.png,2025-12-15T20:44:41+00:00,821.64,4.5,45QYE,1,23,4,none,False,transformer_v1_32,high,32,10,2024-08-26,12,2.5,4,best,none,False
bangladesh_coastal_flood_2024__2024-07-08__45QYF__transformer_v1_32-10mc,https://hyp3-tibet-jpl-test-contentbucket-hratibh1y9pa.s3.us-west-2.amazonaws.com/f1a68f83-2519-4fc8-8bf1-b0e12dffe2e7/OPERA_L3_DIST-ALERT-S1_T45QYF_20240627T121253Z_20251215T210429Z_S1A_30_v0.1.zip,s3://hyp3-tibet-jpl-test-contentbucket-hratibh1y9paf1a68f83-2519-4fc8-8bf1-b0e12dffe2e7/OPERA_L3_DIST-ALERT-S1_T45QYF_20240627T121253Z_20251215T210429Z_S1A_30_v0.1,https://hyp3-tibet-jpl-test-contentbucket-hratibh1y9pa.s3.us-west-2.amazonaws.com/f1a68f83-2519-4fc8-8bf1-b0e12dffe2e7/OPERA_L3_DIST-ALERT-S1_T45QYF_20240627T121253Z_20251215T210429Z_S1A_30_v0.1.png,2025-12-15T20:44:41+00:00,620.229,4.5,45QYF,1,23,4,none,False,transformer_v1_32,high,32,10,2024-06-27,12,2.5,4,best,none,False
bangladesh_coastal_flood_2024__2024-07-08__45QZF__transformer_v1_32-10mc,https://hyp3-tibet-jpl-test-contentbucket-hratibh1y9pa.s3.us-west-2.amazonaws.com/0f40a62c-fa8c-4dea-8599-7309371bd0b9/OPERA_L3_DIST-ALERT-S1_T45QZF_20240728T120438Z_20251215T211012Z_S1A_30_v0.1.zip,s3://hyp3-tibet-jpl-test-contentbucket-hratibh1y9pa0f40a62c-fa8c-4dea-8599-7309371bd0b9/OPERA_L3_DIST-ALERT-S1_T45QZF_20240728T120438Z_20251215T211012Z_S1A_30_v0.1,https://hyp3-tibet-jpl-test-contentbucket-hratibh1y9pa.s3.us-west-2.amazonaws.com/0f40a62c-fa8c-4dea-8599-7309371bd0b9/OPERA_L3_DIST-ALERT-S1_T45QZF_20240728T120438Z_20251215T211012Z_S1A_30_v0.1.png,2025-12-15T20:44:41+00:00,965.187,4.5,45QZF,1,23,4,none,False,transformer_v1_32,high,32,10,2024-07-28,114,2.5,4,best,none,False
park_fire_2024__2024-07-24__10TEK__transformer_v1_32-10mc,https://hyp3-tibet-jpl-test-contentbucket-hratibh1y9pa.s3.us-west-2.amazonaws.com/4cee6118-09b9-45f6-81d1-b0d7385326e0/OPERA_L3_DIST-ALERT-S1_T10TEK_20240629T020843Z_20251215T210824Z_S1A_30_v0.1.zip,s3://hyp3-tibet-jpl-test-contentbucket-hratibh1y9pa4cee6118-09b9-45f6-81d1-b0d7385326e0/OPERA_L3_DIST-ALERT-S1_T10TEK_20240629T020843Z_20251215T210824Z_S1A_30_v0.1,https://hyp3-tibet-jpl-test-contentbucket-hratibh1y9pa.s3.us-west-2.amazonaws.com/4cee6118-09b9-45f6-81d1-b0d7385326e0/OPERA_L3_DIST-ALERT-S1_T10TEK_20240629T020843Z_20251215T210824Z_S1A_30_v0.1.png,2025-12-15T20:44:41+00:00,862.343,4.5,10TEK,1,23,4,none,False,transformer_v1_32,high,32,10,2024-06-29,35,2.5,4,best,none,False
bangladesh_coastal_flood_2024__2024-07-08__45QYE__transformer_v1_32-10mc,https://hyp3-tibet-jpl-test-contentbucket-hratibh1y9pa.s3.us-west-2.amazonaws.com/a482634c-5f30-4aea-8dc1-c920cd9fa31f/OPERA_L3_DIST-ALERT-S1_T45QYE_20240627T121238Z_20251215T210712Z_S1A_30_v0.1.zip,s3://hyp3-tibet-jpl-test-contentbucket-hratibh1y9paa482634c-5f30-4aea-8dc1-c920cd9fa31f/OPERA_L3_DIST-ALERT-S1_T45QYE_20240627T121238Z_20251215T210712Z_S1A_30_v0.1,https://hyp3-tibet-jpl-test-contentbucket-hratibh1y9pa.s3.us-west-2.amazonaws.com/a482634c-5f30-4aea-8dc1-c920cd9fa31f/OPERA_L3_DIST-ALERT-S1_T45QYE_20240627T121238Z_20251215T210712Z_S1A_30_v0.1.png,2025-12-15T20:44:41+00:00,780.679,4.5,45QYE,1,23,4,none,False,transformer_v1_32,high,32,10,2024-06-27,12,2.5,4,best,none,False
bangladesh_coastal_flood_2024__2024-07-08__45QZF__transformer_v1_32-10mc,https://hyp3-tibet-jpl-test-contentbucket-hratibh1y9pa.s3.us-west-2.amazonaws.com/d45b84de-2d81-4816-afa7-00072eba9f65/OPERA_L3_DIST-ALERT-S1_T45QZF_20240818T234822Z_20251215T210009Z_S1A_30_v0.1.zip,s3://hyp3-tibet-jpl-test-contentbucket-hratibh1y9pad45b84de-2d81-4816-afa7-00072eba9f65/OPERA_L3_DIST-ALERT-S1_T45QZF_20240818T234822Z_20251215T210009Z_S1A_30_v0.1,https://hyp3-tibet-jpl-test-contentbucket-hratibh1y9pa.s3.us-west-2.amazonaws.com/d45b84de-2d81-4816-afa7-00072eba9f65/OPERA_L3_DIST-ALERT-S1_T45QZF_20240818T234822Z_20251215T210009Z_S1A_30_v0.1.png,2025-12-15T20:44:41+00:00,356.223,4.5,45QZF,1,23,4,none,False,transformer_v1_32,high,32,10,2024-08-18,77,2.5,4,best,none,False
bangladesh_coastal_flood_2024__2024-07-08__45QZF__transformer_v1_32-10mc,https://hyp3-tibet-jpl-test-contentbucket-hratibh1y9pa.s3.us-west-2.amazonaws.com/8c570901-9bc2-4e09-9d70-36187ae51168/OPERA_L3_DIST-ALERT-S1_T45QZF_20240823T235629Z_20251215T210827Z_S1A_30_v0.1.zip,s3://hyp3-tibet-jpl-test-contentbucket-hratibh1y9pa8c570901-9bc2-4e09-9d70-36187ae51168/OPERA_L3_DIST-ALERT-S1_T45QZF_20240823T235629Z_20251215T210827Z_S1A_30_v0.1,https://hyp3-tibet-jpl-test-contentbucket-hratibh1y9pa.s3.us-west-2.amazonaws.com/8c570901-9bc2-4e09-9d70-36187ae51168/OPERA_L3_DIST-ALERT-S1_T45QZF_20240823T235629Z_20251215T210827Z_S1A_30_v0.1.png,2025-12-15T20:44:41+00:00,865.455,4.5,45QZF,1,23,4,none,False,transformer_v1_32,high,32,10,2024-08-23,150,2.5,4,best,none,False
chiapas_fire_2024__2024-03-24__15QUU__transformer_v1_32-10mc,https://hyp3-tibet-jpl-test-contentbucket-hratibh1y9pa.s3.us-west-2.amazonaws.com/d4466f85-6916-4f32-abb7-9a1135a7f21c/OPERA_L3_DIST-ALERT-S1_T15QUU_20240505T003144Z_20251215T210232Z_S1A_30_v0.1.zip,s3://hyp3-tibet-jpl-test-contentbucket-hratibh1y9pad4466f85-6916-4f32-abb7-9a1135a7f21c/OPERA_L3_DIST-ALERT-S1_T15QUU_20240505T003144Z_20251215T210232Z_S1A_30_v0.1,https://hyp3-tibet-jpl-test-contentbucket-hratibh1y9pa.s3.us-west-2.amazonaws.com/d4466f85-6916-4f32-abb7-9a1135a7f21c/OPERA_L3_DIST-ALERT-S1_T15QUU_20240505T003144Z_20251215T210232Z_S1A_30_v0.1.png,2025-12-15T20:44:41+00:00,500.838,4.5,15QUU,1,23,4,none,False,transformer_v1_32,high,32,10,2024-05-05,107,2.5,4,best,none,False
bangladesh_coastal_flood_2024__2024-07-08__45QZF__transformer_v1_32-10mc,https://hyp3-tibet-jpl-test-contentbucket-hratibh1y9pa.s3.us-west-2.amazonaws.com/83b24311-ce26-4a4e-acf8-3f0fc487d73f/OPERA_L3_DIST-ALERT-S1_T45QZF_20240624T235630Z_20251215T210840Z_S1A_30_v0.1.zip,s3://hyp3-tibet-jpl-test-contentbucket-hratibh1y9pa83b24311-ce26-4a4e-acf8-3f0fc487d73f/OPERA_L3_DIST-ALERT-S1_T45QZF_20240624T235630Z_20251215T210840Z_S1A_30_v0.1,https://hyp3-tibet-jpl-test-contentbucket-hratibh1y9pa.s3.us-west-2.amazonaws.com/83b24311-ce26-4a4e-acf8-3f0fc487d73f/OPERA_L3_DIST-ALERT-S1_T45QZF_20240624T235630Z_20251215T210840Z_S1A_30_v0.1.png,2025-12-15T20:44:41+00:00,882.51,4.5,45QZF,1,23,4,none,False,transformer_v1_32,high,32,10,2024-06-24,150,2.5,4,best,none,False
chiapas_fire_2024__2024-03-24__15QUU__transformer_v1_32-10mc,https://hyp3-tibet-jpl-test-contentbucket-hratibh1y9pa.s3.us-west-2.amazonaws.com/92116c4b-b7f6-4942-afd4-a505873e3c77/OPERA_L3_DIST-ALERT-S1_T15QUU_20240430T002335Z_20251215T210219Z_S1A_30_v0.1.zip,s3://hyp3-tibet-jpl-test-contentbucket-hratibh1y9pa92116c4b-b7f6-4942-afd4-a505873e3c77/OPERA_L3_DIST-ALERT-S1_T15QUU_20240430T002335Z_20251215T210219Z_S1A_30_v0.1,https://hyp3-tibet-jpl-test-contentbucket-hratibh1y9pa.s3.us-west-2.amazonaws.com/92116c4b-b7f6-4942-afd4-a505873e3c77/OPERA_L3_DIST-ALERT-S1_T15QUU_20240430T002335Z_20251215T210219Z_S1A_30_v0.1.png,2025-12-15T20:44:41+00:00,492.178,4.5,15QUU,1,23,4,none,False,transformer_v1_32,high,32,10,2024-04-30,34,2.5,4,best,none,False
bangladesh_coastal_flood_2024__2024-07-08__45QYE__transformer_v1_32-10mc,https://hyp3-tibet-jpl-test-contentbucket-hratibh1y9pa.s3.us-west-2.amazonaws.com/34b6323f-2cc9-4569-be95-d1444c304019/OPERA_L3_DIST-ALERT-S1_T45QYE_20240814T121237Z_20251215T210758Z_S1A_30_v0.1.zip,s3://hyp3-tibet-jpl-test-contentbucket-hratibh1y9pa34b6323f-2cc9-4569-be95-d1444c304019/OPERA_L3_DIST-ALERT-S1_T45QYE_20240814T121237Z_20251215T210758Z_S1A_30_v0.1,https://hyp3-tibet-jpl-test-contentbucket-hratibh1y9pa.s3.us-west-2.amazonaws.com/34b6323f-2cc9-4569-be95-d1444c304019/OPERA_L3_DIST-ALERT-S1_T45QYE_20240814T121237Z_20251215T210758Z_S1A_30_v0.1.png,2025-12-15T20:44:41+00:00,833.038,4.5,45QYE,1,23,4,none,False,transformer_v1_32,high,32,10,2024-08-14,12,2.5,4,best,none,False
chiapas_fire_2024__2024-03-24__15QUU__transformer_v1_32-10mc,https://hyp3-tibet-jpl-test-contentbucket-hratibh1y9pa.s3.us-west-2.amazonaws.com/8abe70f6-0e6f-45c3-931e-450463f17e91/OPERA_L3_DIST-ALERT-S1_T15QUU_20240306T003142Z_20251215T210310Z_S1A_30_v0.1.zip,s3://hyp3-tibet-jpl-test-contentbucket-hratibh1y9pa8abe70f6-0e6f-45c3-931e-450463f17e91/OPERA_L3_DIST-ALERT-S1_T15QUU_20240306T003142Z_20251215T210310Z_S1A_30_v0.1,https://hyp3-tibet-jpl-test-contentbucket-hratibh1y9pa.s3.us-west-2.amazonaws.com/8abe70f6-0e6f-45c3-931e-450463f17e91/OPERA_L3_DIST-ALERT-S1_T15QUU_20240306T003142Z_20251215T210310Z_S1A_30_v0.1.png,2025-12-15T20:44:41+00:00,536.409,4.5,15QUU,1,23,4,none,False,transformer_v1_32,high,32,10,2024-03-06,107,2.5,4,best,none,False
chiapas_fire_2024__2024-03-24__15QUU__transformer_v1_32-10mc,https://hyp3-tibet-jpl-test-contentbucket-hratibh1y9pa.s3.us-west-2.amazonaws.com/0cfb41aa-c8bc-414b-8166-8568756bc8a5/OPERA_L3_DIST-ALERT-S1_T15QUU_20240301T002334Z_20251215T210301Z_S1A_30_v0.1.zip,s3://hyp3-tibet-jpl-test-contentbucket-hratibh1y9pa0cfb41aa-c8bc-414b-8166-8568756bc8a5/OPERA_L3_DIST-ALERT-S1_T15QUU_20240301T002334Z_20251215T210301Z_S1A_30_v0.1,https://hyp3-tibet-jpl-test-contentbucket-hratibh1y9pa.s3.us-west-2.amazonaws.com/0cfb41aa-c8bc-414b-8166-8568756bc8a5/OPERA_L3_DIST-ALERT-S1_T15QUU_20240301T002334Z_20251215T210301Z_S1A_30_v0.1.png,2025-12-15T20:44:41+00:00,528.214,4.5,15QUU,1,23,4,none,False,transformer_v1_32,high,32,10,2024-03-01,34,2.5,4,best,none,False
bangladesh_coastal_flood_2024__2024-07-08__45QYF__transformer_v1_32-10mc,https://hyp3-tibet-jpl-test-contentbucket-hratibh1y9pa.s3.us-west-2.amazonaws.com/cd1932c6-ebb4-440a-99cc-6eef712a34d0/OPERA_L3_DIST-ALERT-S1_T45QYF_20240721T121252Z_20251215T210527Z_S1A_30_v0.1.zip,s3://hyp3-tibet-jpl-test-contentbucket-hratibh1y9pacd1932c6-ebb4-440a-99cc-6eef712a34d0/OPERA_L3_DIST-ALERT-S1_T45QYF_20240721T121252Z_20251215T210527Z_S1A_30_v0.1,https://hyp3-tibet-jpl-test-contentbucket-hratibh1y9pa.s3.us-west-2.amazonaws.com/cd1932c6-ebb4-440a-99cc-6eef712a34d0/OPERA_L3_DIST-ALERT-S1_T45QYF_20240721T121252Z_20251215T210527Z_S1A_30_v0.1.png,2025-12-15T20:44:41+00:00,686.515,4.5,45QYF,1,23,4,none,False,transformer_v1_32,high,32,10,2024-07-21,12,2.5,4,best,none,False
yajiang_fire_2024__2024-03-15__47RPP__transformer_v1_32-10mc,https://hyp3-tibet-jpl-test-contentbucket-hratibh1y9pa.s3.us-west-2.amazonaws.com/8c262666-4144-4289-ae5d-a6e1b021a747/OPERA_L3_DIST-ALERT-S1_T47RPP_20240405T232137Z_20251215T210234Z_S1A_30_v0.1.zip,s3://hyp3-tibet-jpl-test-contentbucket-hratibh1y9pa8c262666-4144-4289-ae5d-a6e1b021a747/OPERA_L3_DIST-ALERT-S1_T47RPP_20240405T232137Z_20251215T210234Z_S1A_30_v0.1,https://hyp3-tibet-jpl-test-contentbucket-hratibh1y9pa.s3.us-west-2.amazonaws.com/8c262666-4144-4289-ae5d-a6e1b021a747/OPERA_L3_DIST-ALERT-S1_T47RPP_20240405T232137Z_20251215T210234Z_S1A_30_v0.1.png,2025-12-15T20:44:41+00:00,506.973,4.5,47RPP,1,23,4,none,False,transformer_v1_32,high,32,10,2024-04-05,33,2.5,4,best,none,False
bangladesh_coastal_flood_2024__2024-07-08__45QYF__transformer_v1_32-10mc,https://hyp3-tibet-jpl-test-contentbucket-hratibh1y9pa.s3.us-west-2.amazonaws.com/f316c9a5-be83-4a76-a5d0-da302946c2ec/OPERA_L3_DIST-ALERT-S1_T45QYF_20240814T121251Z_20251215T210528Z_S1A_30_v0.1.zip,s3://hyp3-tibet-jpl-test-contentbucket-hratibh1y9paf316c9a5-be83-4a76-a5d0-da302946c2ec/OPERA_L3_DIST-ALERT-S1_T45QYF_20240814T121251Z_20251215T210528Z_S1A_30_v0.1,https://hyp3-tibet-jpl-test-contentbucket-hratibh1y9pa.s3.us-west-2.amazonaws.com/f316c9a5-be83-4a76-a5d0-da302946c2ec/OPERA_L3_DIST-ALERT-S1_T45QYF_20240814T121251Z_20251215T210528Z_S1A_30_v0.1.png,2025-12-15T20:44:41+00:00,681.423,4.5,45QYF,1,23,4,none,False,transformer_v1_32,high,32,10,2024-08-14,12,2.5,4,best,none,False
bangladesh_coastal_flood_2024__2024-07-08__45QYE__transformer_v1_32-10mc,https://hyp3-tibet-jpl-test-contentbucket-hratibh1y9pa.s3.us-west-2.amazonaws.com/479ef4ea-cedc-4f94-9caf-363fb2bacded/OPERA_L3_DIST-ALERT-S1_T45QYE_20240716T120429Z_20251215T210010Z_S1A_30_v0.1.zip,s3://hyp3-tibet-jpl-test-contentbucket-hratibh1y9pa479ef4ea-cedc-4f94-9caf-363fb2bacded/OPERA_L3_DIST-ALERT-S1_T45QYE_20240716T120429Z_20251215T210010Z_S1A_30_v0.1,https://hyp3-tibet-jpl-test-contentbucket-hratibh1y9pa.s3.us-west-2.amazonaws.com/479ef4ea-cedc-4f94-9caf-363fb2bacded/OPERA_L3_DIST-ALERT-S1_T45QYE_20240716T120429Z_20251215T210010Z_S1A_30_v0.1.png,2025-12-15T20:44:41+00:00,356.566,4.5,45QYE,1,23,4,none,False,transformer_v1_32,high,32,10,2024-07-16,114,2.5,4,best,none,False
bangladesh_coastal_flood_2024__2024-07-08__45QYE__transformer_v1_32-10mc,https://hyp3-tibet-jpl-test-contentbucket-hratibh1y9pa.s3.us-west-2.amazonaws.com/37fe8857-26cb-4a8a-b09b-dbb78aedb4ca/OPERA_L3_DIST-ALERT-S1_T45QYE_20240612T235648Z_20251215T210913Z_S1A_30_v0.1.zip,s3://hyp3-tibet-jpl-test-contentbucket-hratibh1y9pa37fe8857-26cb-4a8a-b09b-dbb78aedb4ca/OPERA_L3_DIST-ALERT-S1_T45QYE_20240612T235648Z_20251215T210913Z_S1A_30_v0.1,https://hyp3-tibet-jpl-test-contentbucket-hratibh1y9pa.s3.us-west-2.amazonaws.com/37fe8857-26cb-4a8a-b09b-dbb78aedb4ca/OPERA_L3_DIST-ALERT-S1_T45QYE_20240612T235648Z_20251215T210913Z_S1A_30_v0.1.png,2025-12-15T20:44:41+00:00,908.937,4.5,45QYE,1,23,4,none,False,transformer_v1_32,high,32,10,2024-06-12,150,2.5,4,best,none,False
yajiang_fire_2024__2024-03-15__47RPP__transformer_v1_32-10mc,https://hyp3-tibet-jpl-test-contentbucket-hratibh1y9pa.s3.us-west-2.amazonaws.com/222b3d77-0201-47af-9a07-4eff6548adcf/OPERA_L3_DIST-ALERT-S1_T47RPP_20240417T232137Z_20251215T210234Z_S1A_30_v0.1.zip,s3://hyp3-tibet-jpl-test-contentbucket-hratibh1y9pa222b3d77-0201-47af-9a07-4eff6548adcf/OPERA_L3_DIST-ALERT-S1_T47RPP_20240417T232137Z_20251215T210234Z_S1A_30_v0.1,https://hyp3-tibet-jpl-test-contentbucket-hratibh1y9pa.s3.us-west-2.amazonaws.com/222b3d77-0201-47af-9a07-4eff6548adcf/OPERA_L3_DIST-ALERT-S1_T47RPP_20240417T232137Z_20251215T210234Z_S1A_30_v0.1.png,2025-12-15T20:44:41+00:00,505.786,4.5,47RPP,1,23,4,none,False,transformer_v1_32,high,32,10,2024-04-17,33,2.5,4,best,none,False
park_fire_2024__2024-07-24__10TFK__transformer_v1_32-10mc,https://hyp3-tibet-jpl-test-contentbucket-hratibh1y9pa.s3.us-west-2.amazonaws.com/33b07953-6e2a-49b8-a200-8eed6a89966d/OPERA_L3_DIST-ALERT-S1_T10TFK_20240804T020840Z_20251215T210104Z_S1A_30_v0.1.zip,s3://hyp3-tibet-jpl-test-contentbucket-hratibh1y9pa33b07953-6e2a-49b8-a200-8eed6a89966d/OPERA_L3_DIST-ALERT-S1_T10TFK_20240804T020840Z_20251215T210104Z_S1A_30_v0.1,https://hyp3-tibet-jpl-test-contentbucket-hratibh1y9pa.s3.us-west-2.amazonaws.com/33b07953-6e2a-49b8-a200-8eed6a89966d/OPERA_L3_DIST-ALERT-S1_T10TFK_20240804T020840Z_20251215T210104Z_S1A_30_v0.1.png,2025-12-15T20:44:41+00:00,407.665,4.5,10TFK,1,23,4,none,False,transformer_v1_32,high,32,10,2024-08-04,35,2.5,4,best,none,False
park_fire_2024__2024-07-24__10TEK__transformer_v1_32-10mc,https://hyp3-tibet-jpl-test-contentbucket-hratibh1y9pa.s3.us-west-2.amazonaws.com/c7e23a2b-ad3b-43c8-a852-bbda611c4718/OPERA_L3_DIST-ALERT-S1_T10TEK_20240718T020034Z_20251215T205943Z_S1A_30_v0.1.zip,s3://hyp3-tibet-jpl-test-contentbucket-hratibh1y9pac7e23a2b-ad3b-43c8-a852-bbda611c4718/OPERA_L3_DIST-ALERT-S1_T10TEK_20240718T020034Z_20251215T205943Z_S1A_30_v0.1,https://hyp3-tibet-jpl-test-contentbucket-hratibh1y9pa.s3.us-west-2.amazonaws.com/c7e23a2b-ad3b-43c8-a852-bbda611c4718/OPERA_L3_DIST-ALERT-S1_T10TEK_20240718T020034Z_20251215T205943Z_S1A_30_v0.1.png,2025-12-15T20:44:41+00:00,328.59,4.5,10TEK,1,23,4,none,False,transformer_v1_32,high,32,10,2024-07-18,137,2.5,4,best,none,False
park_fire_2024__2024-07-24__10TFK__transformer_v1_32-10mc,https://hyp3-tibet-jpl-test-contentbucket-hratibh1y9pa.s3.us-west-2.amazonaws.com/e5c34ad4-4a0c-462b-8ae5-ea49cc44c7f5/OPERA_L3_DIST-ALERT-S1_T10TFK_20240828T140734Z_20251215T210646Z_S1A_30_v0.1.zip,s3://hyp3-tibet-jpl-test-contentbucket-hratibh1y9pae5c34ad4-4a0c-462b-8ae5-ea49cc44c7f5/OPERA_L3_DIST-ALERT-S1_T10TFK_20240828T140734Z_20251215T210646Z_S1A_30_v0.1,https://hyp3-tibet-jpl-test-contentbucket-hratibh1y9pa.s3.us-west-2.amazonaws.com/e5c34ad4-4a0c-462b-8ae5-ea49cc44c7f5/OPERA_L3_DIST-ALERT-S1_T10TFK_20240828T140734Z_20251215T210646Z_S1A_30_v0.1.png,2025-12-15T20:44:41+00:00,760.519,4.5,10TFK,1,23,4,none,False,transformer_v1_32,high,32,10,2024-08-28,42,2.5,4,best,none,False
yajiang_fire_2024__2024-03-15__47RPP__transformer_v1_32-10mc,https://hyp3-tibet-jpl-test-contentbucket-hratibh1y9pa.s3.us-west-2.amazonaws.com/488c0f75-e7b2-45a1-8157-f3a326051306/OPERA_L3_DIST-ALERT-S1_T47RPP_20240429T111721Z_20251215T210737Z_S1A_30_v0.1.zip,s3://hyp3-tibet-jpl-test-contentbucket-hratibh1y9pa488c0f75-e7b2-45a1-8157-f3a326051306/OPERA_L3_DIST-ALERT-S1_T47RPP_20240429T111721Z_20251215T210737Z_S1A_30_v0.1,https://hyp3-tibet-jpl-test-contentbucket-hratibh1y9pa.s3.us-west-2.amazonaws.com/488c0f75-e7b2-45a1-8157-f3a326051306/OPERA_L3_DIST-ALERT-S1_T47RPP_20240429T111721Z_20251215T210737Z_S1A_30_v0.1.png,2025-12-15T20:44:41+00:00,806.619,4.5,47RPP,1,23,4,none,False,transformer_v1_32,high,32,10,2024-04-29,26,2.5,4,best,none,False
yajiang_fire_2024__2024-03-15__47RPP__transformer_v1_32-10mc,https://hyp3-tibet-jpl-test-contentbucket-hratibh1y9pa.s3.us-west-2.amazonaws.com/9f15aec3-ac98-42c6-a5d6-b518a34410d8/OPERA_L3_DIST-ALERT-S1_T47RPP_20240319T231325Z_20251215T210703Z_S1A_30_v0.1.zip,s3://hyp3-tibet-jpl-test-contentbucket-hratibh1y9pa9f15aec3-ac98-42c6-a5d6-b518a34410d8/OPERA_L3_DIST-ALERT-S1_T47RPP_20240319T231325Z_20251215T210703Z_S1A_30_v0.1,https://hyp3-tibet-jpl-test-contentbucket-hratibh1y9pa.s3.us-west-2.amazonaws.com/9f15aec3-ac98-42c6-a5d6-b518a34410d8/OPERA_L3_DIST-ALERT-S1_T47RPP_20240319T231325Z_20251215T210703Z_S1A_30_v0.1.png,2025-12-15T20:44:41+00:00,772.962,4.5,47RPP,1,23,4,none,False,transformer_v1_32,high,32,10,2024-03-19,135,2.5,4,best,none,False
chiapas_fire_2024__2024-03-24__15QUU__transformer_v1_32-10mc,https://hyp3-tibet-jpl-test-contentbucket-hratibh1y9pa.s3.us-west-2.amazonaws.com/80ed27c3-4591-405a-aa99-754b2e58f13a/OPERA_L3_DIST-ALERT-S1_T15QUU_20240318T003142Z_20251215T210243Z_S1A_30_v0.1.zip,s3://hyp3-tibet-jpl-test-contentbucket-hratibh1y9pa80ed27c3-4591-405a-aa99-754b2e58f13a/OPERA_L3_DIST-ALERT-S1_T15QUU_20240318T003142Z_20251215T210243Z_S1A_30_v0.1,https://hyp3-tibet-jpl-test-contentbucket-hratibh1y9pa.s3.us-west-2.amazonaws.com/80ed27c3-4591-405a-aa99-754b2e58f13a/OPERA_L3_DIST-ALERT-S1_T15QUU_20240318T003142Z_20251215T210243Z_S1A_30_v0.1.png,2025-12-15T20:44:41+00:00,508.421,4.5,15QUU,1,23,4,none,False,transformer_v1_32,high,32,10,2024-03-18,107,2.5,4,best,none,False
yajiang_fire_2024__2024-03-15__47RPP__transformer_v1_32-10mc,https://hyp3-tibet-jpl-test-contentbucket-hratibh1y9pa.s3.us-west-2.amazonaws.com/999048cb-081e-40d4-918a-55c7750aa8bc/OPERA_L3_DIST-ALERT-S1_T47RPP_20240412T231324Z_20251215T210634Z_S1A_30_v0.1.zip,s3://hyp3-tibet-jpl-test-contentbucket-hratibh1y9pa999048cb-081e-40d4-918a-55c7750aa8bc/OPERA_L3_DIST-ALERT-S1_T47RPP_20240412T231324Z_20251215T210634Z_S1A_30_v0.1,https://hyp3-tibet-jpl-test-contentbucket-hratibh1y9pa.s3.us-west-2.amazonaws.com/999048cb-081e-40d4-918a-55c7750aa8bc/OPERA_L3_DIST-ALERT-S1_T47RPP_20240412T231324Z_20251215T210634Z_S1A_30_v0.1.png,2025-12-15T20:44:41+00:00,744.755,4.5,47RPP,1,23,4,none,False,transformer_v1_32,high,32,10,2024-04-12,135,2.5,4,best,none,False
bangladesh_coastal_flood_2024__2024-07-08__45QZE__transformer_v1_32-10mc,https://hyp3-tibet-jpl-test-contentbucket-hratibh1y9pa.s3.us-west-2.amazonaws.com/5cbed5f6-621b-48de-a0fb-87b8b022e1bd/OPERA_L3_DIST-ALERT-S1_T45QZE_20240716T120429Z_20251215T210604Z_S1A_30_v0.1.zip,s3://hyp3-tibet-jpl-test-contentbucket-hratibh1y9pa5cbed5f6-621b-48de-a0fb-87b8b022e1bd/OPERA_L3_DIST-ALERT-S1_T45QZE_20240716T120429Z_20251215T210604Z_S1A_30_v0.1,https://hyp3-tibet-jpl-test-contentbucket-hratibh1y9pa.s3.us-west-2.amazonaws.com/5cbed5f6-621b-48de-a0fb-87b8b022e1bd/OPERA_L3_DIST-ALERT-S1_T45QZE_20240716T120429Z_20251215T210604Z_S1A_30_v0.1.png,2025-12-15T20:44:41+00:00,713.091,4.5,45QZE,1,23,4,none,False,transformer_v1_32,high,32,10,2024-07-16,114,2.5,4,best,none,False
bangladesh_coastal_flood_2024__2024-07-08__45QYE__transformer_v1_32-10mc,https://hyp3-tibet-jpl-test-contentbucket-hratibh1y9pa.s3.us-west-2.amazonaws.com/6761605e-08be-4fda-9323-616b8740a397/OPERA_L3_DIST-ALERT-S1_T45QYE_20240811T235647Z_20251215T211006Z_S1A_30_v0.1.zip,s3://hyp3-tibet-jpl-test-contentbucket-hratibh1y9pa6761605e-08be-4fda-9323-616b8740a397/OPERA_L3_DIST-ALERT-S1_T45QYE_20240811T235647Z_20251215T211006Z_S1A_30_v0.1,https://hyp3-tibet-jpl-test-contentbucket-hratibh1y9pa.s3.us-west-2.amazonaws.com/6761605e-08be-4fda-9323-616b8740a397/OPERA_L3_DIST-ALERT-S1_T45QYE_20240811T235647Z_20251215T211006Z_S1A_30_v0.1.png,2025-12-15T20:44:41+00:00,957.648,4.5,45QYE,1,23,4,none,False,transformer_v1_32,high,32,10,2024-08-11,150,2.5,4,best,none,False
bangladesh_coastal_flood_2024__2024-07-08__45QZF__transformer_v1_32-10mc,https://hyp3-tibet-jpl-test-contentbucket-hratibh1y9pa.s3.us-west-2.amazonaws.com/21440aeb-acfd-4754-9324-dda6c52bb42e/OPERA_L3_DIST-ALERT-S1_T45QZF_20240716T120438Z_20251215T211050Z_S1A_30_v0.1.zip,s3://hyp3-tibet-jpl-test-contentbucket-hratibh1y9pa21440aeb-acfd-4754-9324-dda6c52bb42e/OPERA_L3_DIST-ALERT-S1_T45QZF_20240716T120438Z_20251215T211050Z_S1A_30_v0.1,https://hyp3-tibet-jpl-test-contentbucket-hratibh1y9pa.s3.us-west-2.amazonaws.com/21440aeb-acfd-4754-9324-dda6c52bb42e/OPERA_L3_DIST-ALERT-S1_T45QZF_20240716T120438Z_20251215T211050Z_S1A_30_v0.1.png,2025-12-15T20:44:41+00:00,1002.771,4.5,45QZF,1,23,4,none,False,transformer_v1_32,high,32,10,2024-07-16,114,2.5,4,best,none,False
yajiang_fire_2024__2024-03-15__47RPP__transformer_v1_32-10mc,https://hyp3-tibet-jpl-test-contentbucket-hratibh1y9pa.s3.us-west-2.amazonaws.com/adb8bcc8-1ca6-40de-9902-02d74219e3f3/OPERA_L3_DIST-ALERT-S1_T47RPP_20240410T112530Z_20251215T210050Z_S1A_30_v0.1.zip,s3://hyp3-tibet-jpl-test-contentbucket-hratibh1y9paadb8bcc8-1ca6-40de-9902-02d74219e3f3/OPERA_L3_DIST-ALERT-S1_T47RPP_20240410T112530Z_20251215T210050Z_S1A_30_v0.1,https://hyp3-tibet-jpl-test-contentbucket-hratibh1y9pa.s3.us-west-2.amazonaws.com/adb8bcc8-1ca6-40de-9902-02d74219e3f3/OPERA_L3_DIST-ALERT-S1_T47RPP_20240410T112530Z_20251215T210050Z_S1A_30_v0.1.png,2025-12-15T20:44:41+00:00,403.217,4.5,47RPP,1,23,4,none,False,transformer_v1_32,high,32,10,2024-04-10,99,2.5,4,best,none,False
park_fire_2024__2024-07-24__10TEK__transformer_v1_32-10mc,https://hyp3-tibet-jpl-test-contentbucket-hratibh1y9pa.s3.us-west-2.amazonaws.com/798b8d16-2bd5-4f92-a6e4-73e5cf0b0fcb/OPERA_L3_DIST-ALERT-S1_T10TEK_20240809T141547Z_20251215T210631Z_S1A_30_v0.1.zip,s3://hyp3-tibet-jpl-test-contentbucket-hratibh1y9pa798b8d16-2bd5-4f92-a6e4-73e5cf0b0fcb/OPERA_L3_DIST-ALERT-S1_T10TEK_20240809T141547Z_20251215T210631Z_S1A_30_v0.1,https://hyp3-tibet-jpl-test-contentbucket-hratibh1y9pa.s3.us-west-2.amazonaws.com/798b8d16-2bd5-4f92-a6e4-73e5cf0b0fcb/OPERA_L3_DIST-ALERT-S1_T10TEK_20240809T141547Z_20251215T210631Z_S1A_30_v0.1.png,2025-12-15T20:44:41+00:00,740.673,4.5,10TEK,1,23,4,none,False,transformer_v1_32,high,32,10,2024-08-09,115,2.5,4,best,none,False
bangladesh_coastal_flood_2024__2024-07-08__45QZE__transformer_v1_32-10mc,https://hyp3-tibet-jpl-test-contentbucket-hratibh1y9pa.s3.us-west-2.amazonaws.com/26d71eaa-8701-46fc-97b9-f27669bc0bb5/OPERA_L3_DIST-ALERT-S1_T45QZE_20240830T234836Z_20251215T205930Z_S1A_30_v0.1.zip,s3://hyp3-tibet-jpl-test-contentbucket-hratibh1y9pa26d71eaa-8701-46fc-97b9-f27669bc0bb5/OPERA_L3_DIST-ALERT-S1_T45QZE_20240830T234836Z_20251215T205930Z_S1A_30_v0.1,https://hyp3-tibet-jpl-test-contentbucket-hratibh1y9pa.s3.us-west-2.amazonaws.com/26d71eaa-8701-46fc-97b9-f27669bc0bb5/OPERA_L3_DIST-ALERT-S1_T45QZE_20240830T234836Z_20251215T205930Z_S1A_30_v0.1.png,2025-12-15T20:44:41+00:00,317.648,4.5,45QZE,1,23,4,none,False,transformer_v1_32,high,32,10,2024-08-30,77,2.5,4,best,none,False
bangladesh_coastal_flood_2024__2024-07-08__45QYF__transformer_v1_32-10mc,https://hyp3-tibet-jpl-test-contentbucket-hratibh1y9pa.s3.us-west-2.amazonaws.com/60ed494b-e8c1-4a0f-99b8-06b20b59474d/OPERA_L3_DIST-ALERT-S1_T45QYF_20240829T000442Z_20251215T205838Z_S1A_30_v0.1.zip,s3://hyp3-tibet-jpl-test-contentbucket-hratibh1y9pa60ed494b-e8c1-4a0f-99b8-06b20b59474d/OPERA_L3_DIST-ALERT-S1_T45QYF_20240829T000442Z_20251215T205838Z_S1A_30_v0.1,https://hyp3-tibet-jpl-test-contentbucket-hratibh1y9pa.s3.us-west-2.amazonaws.com/60ed494b-e8c1-4a0f-99b8-06b20b59474d/OPERA_L3_DIST-ALERT-S1_T45QYF_20240829T000442Z_20251215T205838Z_S1A_30_v0.1.png,2025-12-15T20:44:41+00:00,257.679,4.5,45QYF,1,23,4,none,False,transformer_v1_32,high,32,10,2024-08-29,48,2.5,4,best,none,False
bangladesh_coastal_flood_2024__2024-07-08__45QZE__transformer_v1_32-10mc,https://hyp3-tibet-jpl-test-contentbucket-hratibh1y9pa.s3.us-west-2.amazonaws.com/0fdccd44-2b0e-49d5-9adc-ceaddce2a23f/OPERA_L3_DIST-ALERT-S1_T45QZE_20240709T121239Z_20251215T205702Z_S1A_30_v0.1.zip,s3://hyp3-tibet-jpl-test-contentbucket-hratibh1y9pa0fdccd44-2b0e-49d5-9adc-ceaddce2a23f/OPERA_L3_DIST-ALERT-S1_T45QZE_20240709T121239Z_20251215T205702Z_S1A_30_v0.1,https://hyp3-tibet-jpl-test-contentbucket-hratibh1y9pa.s3.us-west-2.amazonaws.com/0fdccd44-2b0e-49d5-9adc-ceaddce2a23f/OPERA_L3_DIST-ALERT-S1_T45QZE_20240709T121239Z_20251215T205702Z_S1A_30_v0.1.png,2025-12-15T20:44:41+00:00,162.522,4.5,45QZE,1,23,4,none,False,transformer_v1_32,high,32,10,2024-07-09,12,2.5,4,best,none,False
park_fire_2024__2024-07-24__10TEK__transformer_v1_32-10mc,https://hyp3-tibet-jpl-test-contentbucket-hratibh1y9pa.s3.us-west-2.amazonaws.com/a4553ba3-50b1-43cf-be6a-dc59f485dddb/OPERA_L3_DIST-ALERT-S1_T10TEK_20240804T140737Z_20251215T205946Z_S1A_30_v0.1.zip,s3://hyp3-tibet-jpl-test-contentbucket-hratibh1y9paa4553ba3-50b1-43cf-be6a-dc59f485dddb/OPERA_L3_DIST-ALERT-S1_T10TEK_20240804T140737Z_20251215T205946Z_S1A_30_v0.1,https://hyp3-tibet-jpl-test-contentbucket-hratibh1y9pa.s3.us-west-2.amazonaws.com/a4553ba3-50b1-43cf-be6a-dc59f485dddb/OPERA_L3_DIST-ALERT-S1_T10TEK_20240804T140737Z_20251215T205946Z_S1A_30_v0.1.png,2025-12-15T20:44:41+00:00,328.37,4.5,10TEK,1,23,4,none,False,transformer_v1_32,high,32,10,2024-08-04,42,2.5,4,best,none,False
park_fire_2024__2024-07-24__10TEK__transformer_v1_32-10mc,https://hyp3-tibet-jpl-test-contentbucket-hratibh1y9pa.s3.us-west-2.amazonaws.com/ce464a2f-4a88-49a3-958e-ba78eb5c3fb7/OPERA_L3_DIST-ALERT-S1_T10TEK_20240804T020842Z_20251215T210651Z_S1A_30_v0.1.zip,s3://hyp3-tibet-jpl-test-contentbucket-hratibh1y9pace464a2f-4a88-49a3-958e-ba78eb5c3fb7/OPERA_L3_DIST-ALERT-S1_T10TEK_20240804T020842Z_20251215T210651Z_S1A_30_v0.1,https://hyp3-tibet-jpl-test-contentbucket-hratibh1y9pa.s3.us-west-2.amazonaws.com/ce464a2f-4a88-49a3-958e-ba78eb5c3fb7/OPERA_L3_DIST-ALERT-S1_T10TEK_20240804T020842Z_20251215T210651Z_S1A_30_v0.1.png,2025-12-15T20:44:41+00:00,760.568,4.5,10TEK,1,23,4,none,False,transformer_v1_32,high,32,10,2024-08-04,35,2.5,4,best,none,False
bangladesh_coastal_flood_2024__2024-07-08__45QZE__transformer_v1_32-10mc,https://hyp3-tibet-jpl-test-contentbucket-hratibh1y9pa.s3.us-west-2.amazonaws.com/149d1291-2f62-4746-8644-948d0049cc68/OPERA_L3_DIST-ALERT-S1_T45QZE_20240721T121238Z_20251215T205642Z_S1A_30_v0.1.zip,s3://hyp3-tibet-jpl-test-contentbucket-hratibh1y9pa149d1291-2f62-4746-8644-948d0049cc68/OPERA_L3_DIST-ALERT-S1_T45QZE_20240721T121238Z_20251215T205642Z_S1A_30_v0.1,https://hyp3-tibet-jpl-test-contentbucket-hratibh1y9pa.s3.us-west-2.amazonaws.com/149d1291-2f62-4746-8644-948d0049cc68/OPERA_L3_DIST-ALERT-S1_T45QZE_20240721T121238Z_20251215T205642Z_S1A_30_v0.1.png,2025-12-15T20:44:41+00:00,144.804,4.5,45QZE,1,23,4,none,False,transformer_v1_32,high,32,10,2024-07-21,12,2.5,4,best,none,False
yajiang_fire_2024__2024-03-15__47RPP__transformer_v1_32-10mc,https://hyp3-tibet-jpl-test-contentbucket-hratibh1y9pa.s3.us-west-2.amazonaws.com/b8ad5f5d-7226-46d8-954a-55c06fb3ce7a/OPERA_L3_DIST-ALERT-S1_T47RPP_20240429T232137Z_20251215T210147Z_S1A_30_v0.1.zip,s3://hyp3-tibet-jpl-test-contentbucket-hratibh1y9pab8ad5f5d-7226-46d8-954a-55c06fb3ce7a/OPERA_L3_DIST-ALERT-S1_T47RPP_20240429T232137Z_20251215T210147Z_S1A_30_v0.1,https://hyp3-tibet-jpl-test-contentbucket-hratibh1y9pa.s3.us-west-2.amazonaws.com/b8ad5f5d-7226-46d8-954a-55c06fb3ce7a/OPERA_L3_DIST-ALERT-S1_T47RPP_20240429T232137Z_20251215T210147Z_S1A_30_v0.1.png,2025-12-15T20:44:41+00:00,453.691,4.5,47RPP,1,23,4,none,False,transformer_v1_32,high,32,10,2024-04-29,33,2.5,4,best,none,False
bangladesh_coastal_flood_2024__2024-07-08__45QZE__transformer_v1_32-10mc,https://hyp3-tibet-jpl-test-contentbucket-hratibh1y9pa.s3.us-west-2.amazonaws.com/c0e890c4-1a46-49d0-9da2-5f3ced1f4a7a/OPERA_L3_DIST-ALERT-S1_T45QZE_20240622T120430Z_20251215T210533Z_S1A_30_v0.1.zip,s3://hyp3-tibet-jpl-test-contentbucket-hratibh1y9pac0e890c4-1a46-49d0-9da2-5f3ced1f4a7a/OPERA_L3_DIST-ALERT-S1_T45QZE_20240622T120430Z_20251215T210533Z_S1A_30_v0.1,https://hyp3-tibet-jpl-test-contentbucket-hratibh1y9pa.s3.us-west-2.amazonaws.com/c0e890c4-1a46-49d0-9da2-5f3ced1f4a7a/OPERA_L3_DIST-ALERT-S1_T45QZE_20240622T120430Z_20251215T210533Z_S1A_30_v0.1.png,2025-12-15T20:44:41+00:00,687.69,4.5,45QZE,1,23,4,none,False,transformer_v1_32,high,32,10,2024-06-22,114,2.5,4,best,none,False
chiapas_fire_2024__2024-03-24__15QUU__transformer_v1_32-10mc,https://hyp3-tibet-jpl-test-contentbucket-hratibh1y9pa.s3.us-west-2.amazonaws.com/900d06f2-affd-47f4-af2d-fed4ef23854c/OPERA_L3_DIST-ALERT-S1_T15QUU_20240223T003142Z_20251215T210300Z_S1A_30_v0.1.zip,s3://hyp3-tibet-jpl-test-contentbucket-hratibh1y9pa900d06f2-affd-47f4-af2d-fed4ef23854c/OPERA_L3_DIST-ALERT-S1_T15QUU_20240223T003142Z_20251215T210300Z_S1A_30_v0.1,https://hyp3-tibet-jpl-test-contentbucket-hratibh1y9pa.s3.us-west-2.amazonaws.com/900d06f2-affd-47f4-af2d-fed4ef23854c/OPERA_L3_DIST-ALERT-S1_T15QUU_20240223T003142Z_20251215T210300Z_S1A_30_v0.1.png,2025-12-15T20:44:41+00:00,534.194,4.5,15QUU,1,23,4,none,False,transformer_v1_32,high,32,10,2024-02-23,107,2.5,4,best,none,False
bangladesh_coastal_flood_2024__2024-07-08__45QYF__transformer_v1_32-10mc,https://hyp3-tibet-jpl-test-contentbucket-hratibh1y9pa.s3.us-west-2.amazonaws.com/ff4b0e7c-c28e-433c-974b-2f74760ef0b5/OPERA_L3_DIST-ALERT-S1_T45QYF_20240728T120442Z_20251215T210150Z_S1A_30_v0.1.zip,s3://hyp3-tibet-jpl-test-contentbucket-hratibh1y9paff4b0e7c-c28e-433c-974b-2f74760ef0b5/OPERA_L3_DIST-ALERT-S1_T45QYF_20240728T120442Z_20251215T210150Z_S1A_30_v0.1,https://hyp3-tibet-jpl-test-contentbucket-hratibh1y9pa.s3.us-west-2.amazonaws.com/ff4b0e7c-c28e-433c-974b-2f74760ef0b5/OPERA_L3_DIST-ALERT-S1_T45QYF_20240728T120442Z_20251215T210150Z_S1A_30_v0.1.png,2025-12-15T20:44:41+00:00,459.166,4.5,45QYF,1,23,4,none,False,transformer_v1_32,high,32,10,2024-07-28,114,2.5,4,best,none,False
bangladesh_coastal_flood_2024__2024-07-08__45QZE__transformer_v1_32-10mc,https://hyp3-tibet-jpl-test-contentbucket-hratibh1y9pa.s3.us-west-2.amazonaws.com/24a9b697-3918-4c48-b5d4-dc776f9b6da6/OPERA_L3_DIST-ALERT-S1_T45QZE_20240610T120431Z_20251215T210555Z_S1A_30_v0.1.zip,s3://hyp3-tibet-jpl-test-contentbucket-hratibh1y9pa24a9b697-3918-4c48-b5d4-dc776f9b6da6/OPERA_L3_DIST-ALERT-S1_T45QZE_20240610T120431Z_20251215T210555Z_S1A_30_v0.1,https://hyp3-tibet-jpl-test-contentbucket-hratibh1y9pa.s3.us-west-2.amazonaws.com/24a9b697-3918-4c48-b5d4-dc776f9b6da6/OPERA_L3_DIST-ALERT-S1_T45QZE_20240610T120431Z_20251215T210555Z_S1A_30_v0.1.png,2025-12-15T20:44:41+00:00,703.932,4.5,45QZE,1,23,4,none,False,transformer_v1_32,high,32,10,2024-06-10,114,2.5,4,best,none,False
yajiang_fire_2024__2024-03-15__47RPP__transformer_v1_32-10mc,https://hyp3-tibet-jpl-test-contentbucket-hratibh1y9pa.s3.us-west-2.amazonaws.com/12461f8f-9bad-46ee-bf5b-3bcd13363e3a/OPERA_L3_DIST-ALERT-S1_T47RPP_20240312T111719Z_20251215T210807Z_S1A_30_v0.1.zip,s3://hyp3-tibet-jpl-test-contentbucket-hratibh1y9pa12461f8f-9bad-46ee-bf5b-3bcd13363e3a/OPERA_L3_DIST-ALERT-S1_T47RPP_20240312T111719Z_20251215T210807Z_S1A_30_v0.1,https://hyp3-tibet-jpl-test-contentbucket-hratibh1y9pa.s3.us-west-2.amazonaws.com/12461f8f-9bad-46ee-bf5b-3bcd13363e3a/OPERA_L3_DIST-ALERT-S1_T47RPP_20240312T111719Z_20251215T210807Z_S1A_30_v0.1.png,2025-12-15T20:44:41+00:00,835.63,4.5,47RPP,1,23,4,none,False,transformer_v1_32,high,32,10,2024-03-12,26,2.5,4,best,none,False
yajiang_fire_2024__2024-03-15__47RPP__transformer_v1_32-10mc,https://hyp3-tibet-jpl-test-contentbucket-hratibh1y9pa.s3.us-west-2.amazonaws.com/14791ef0-7cd9-49cb-98c7-3c4a5aaefc2b/OPERA_L3_DIST-ALERT-S1_T47RPP_20240506T231327Z_20251215T210620Z_S1A_30_v0.1.zip,s3://hyp3-tibet-jpl-test-contentbucket-hratibh1y9pa14791ef0-7cd9-49cb-98c7-3c4a5aaefc2b/OPERA_L3_DIST-ALERT-S1_T47RPP_20240506T231327Z_20251215T210620Z_S1A_30_v0.1,https://hyp3-tibet-jpl-test-contentbucket-hratibh1y9pa.s3.us-west-2.amazonaws.com/14791ef0-7cd9-49cb-98c7-3c4a5aaefc2b/OPERA_L3_DIST-ALERT-S1_T47RPP_20240506T231327Z_20251215T210620Z_S1A_30_v0.1.png,2025-12-15T20:44:41+00:00,728.929,4.5,47RPP,1,23,4,none,False,transformer_v1_32,high,32,10,2024-05-06,135,2.5,4,best,none,False
bangladesh_coastal_flood_2024__2024-07-08__45QYE__transformer_v1_32-10mc,https://hyp3-tibet-jpl-test-contentbucket-hratibh1y9pa.s3.us-west-2.amazonaws.com/3893176c-4c0c-4657-9caa-d4a85789a4aa/OPERA_L3_DIST-ALERT-S1_T45QYE_20240615T121239Z_20251215T210818Z_S1A_30_v0.1.zip,s3://hyp3-tibet-jpl-test-contentbucket-hratibh1y9pa3893176c-4c0c-4657-9caa-d4a85789a4aa/OPERA_L3_DIST-ALERT-S1_T45QYE_20240615T121239Z_20251215T210818Z_S1A_30_v0.1,https://hyp3-tibet-jpl-test-contentbucket-hratibh1y9pa.s3.us-west-2.amazonaws.com/3893176c-4c0c-4657-9caa-d4a85789a4aa/OPERA_L3_DIST-ALERT-S1_T45QYE_20240615T121239Z_20251215T210818Z_S1A_30_v0.1.png,2025-12-15T20:44:41+00:00,846.223,4.5,45QYE,1,23,4,none,False,transformer_v1_32,high,32,10,2024-06-15,12,2.5,4,best,none,False
park_fire_2024__2024-07-24__10TFK__transformer_v1_32-10mc,https://hyp3-tibet-jpl-test-contentbucket-hratibh1y9pa.s3.us-west-2.amazonaws.com/615f3c04-ee0a-42b9-a977-d4ad6436c11d/OPERA_L3_DIST-ALERT-S1_T10TFK_20240629T020841Z_20251215T210030Z_S1A_30_v0.1.zip,s3://hyp3-tibet-jpl-test-contentbucket-hratibh1y9pa615f3c04-ee0a-42b9-a977-d4ad6436c11d/OPERA_L3_DIST-ALERT-S1_T10TFK_20240629T020841Z_20251215T210030Z_S1A_30_v0.1,https://hyp3-tibet-jpl-test-contentbucket-hratibh1y9pa.s3.us-west-2.amazonaws.com/615f3c04-ee0a-42b9-a977-d4ad6436c11d/OPERA_L3_DIST-ALERT-S1_T10TFK_20240629T020841Z_20251215T210030Z_S1A_30_v0.1.png,2025-12-15T20:44:41+00:00,372.702,4.5,10TFK,1,23,4,none,False,transformer_v1_32,high,32,10,2024-06-29,35,2.5,4,best,none,False
bangladesh_coastal_flood_2024__2024-07-08__45QYF__transformer_v1_32-10mc,https://hyp3-tibet-jpl-test-contentbucket-hratibh1y9pa.s3.us-west-2.amazonaws.com/fae6d5bb-629f-4c20-ac3b-b692182a4936/OPERA_L3_DIST-ALERT-S1_T45QYF_20240823T235633Z_20251215T210711Z_S1A_30_v0.1.zip,s3://hyp3-tibet-jpl-test-contentbucket-hratibh1y9pafae6d5bb-629f-4c20-ac3b-b692182a4936/OPERA_L3_DIST-ALERT-S1_T45QYF_20240823T235633Z_20251215T210711Z_S1A_30_v0.1,https://hyp3-tibet-jpl-test-contentbucket-hratibh1y9pa.s3.us-west-2.amazonaws.com/fae6d5bb-629f-4c20-ac3b-b692182a4936/OPERA_L3_DIST-ALERT-S1_T45QYF_20240823T235633Z_20251215T210711Z_S1A_30_v0.1.png,2025-12-15T20:44:41+00:00,797.01,4.5,45QYF,1,23,4,none,False,transformer_v1_32,high,32,10,2024-08-23,150,2.5,4,best,none,False
yajiang_fire_2024__2024-03-15__47RPP__transformer_v1_32-10mc,https://hyp3-tibet-jpl-test-contentbucket-hratibh1y9pa.s3.us-west-2.amazonaws.com/70d20a32-d09b-48a7-b568-c57a04b59b74/OPERA_L3_DIST-ALERT-S1_T47RPP_20240224T231325Z_20251215T210644Z_S1A_30_v0.1.zip,s3://hyp3-tibet-jpl-test-contentbucket-hratibh1y9pa70d20a32-d09b-48a7-b568-c57a04b59b74/OPERA_L3_DIST-ALERT-S1_T47RPP_20240224T231325Z_20251215T210644Z_S1A_30_v0.1,https://hyp3-tibet-jpl-test-contentbucket-hratibh1y9pa.s3.us-west-2.amazonaws.com/70d20a32-d09b-48a7-b568-c57a04b59b74/OPERA_L3_DIST-ALERT-S1_T47RPP_20240224T231325Z_20251215T210644Z_S1A_30_v0.1.png,2025-12-15T20:44:41+00:00,753.496,4.5,47RPP,1,23,4,none,False,transformer_v1_32,high,32,10,2024-02-24,135,2.5,4,best,none,False
park_fire_2024__2024-07-24__10TFK__transformer_v1_32-10mc,https://hyp3-tibet-jpl-test-contentbucket-hratibh1y9pa.s3.us-west-2.amazonaws.com/69b7975a-b91a-4950-8b4a-d737913f647d/OPERA_L3_DIST-ALERT-S1_T10TFK_20240629T140735Z_20251215T210709Z_S1A_30_v0.1.zip,s3://hyp3-tibet-jpl-test-contentbucket-hratibh1y9pa69b7975a-b91a-4950-8b4a-d737913f647d/OPERA_L3_DIST-ALERT-S1_T10TFK_20240629T140735Z_20251215T210709Z_S1A_30_v0.1,https://hyp3-tibet-jpl-test-contentbucket-hratibh1y9pa.s3.us-west-2.amazonaws.com/69b7975a-b91a-4950-8b4a-d737913f647d/OPERA_L3_DIST-ALERT-S1_T10TFK_20240629T140735Z_20251215T210709Z_S1A_30_v0.1.png,2025-12-15T20:44:41+00:00,788.814,4.5,10TFK,1,23,4,none,False,transformer_v1_32,high,32,10,2024-06-29,42,2.5,4,best,none,False
bangladesh_coastal_flood_2024__2024-07-08__45QZE__transformer_v1_32-10mc,https://hyp3-tibet-jpl-test-contentbucket-hratibh1y9pa.s3.us-west-2.amazonaws.com/255fd11d-5dd2-4f3f-ab2c-5162a43ec30f/OPERA_L3_DIST-ALERT-S1_T45QZE_20240728T120429Z_20251215T210503Z_S1A_30_v0.1.zip,s3://hyp3-tibet-jpl-test-contentbucket-hratibh1y9pa255fd11d-5dd2-4f3f-ab2c-5162a43ec30f/OPERA_L3_DIST-ALERT-S1_T45QZE_20240728T120429Z_20251215T210503Z_S1A_30_v0.1,https://hyp3-tibet-jpl-test-contentbucket-hratibh1y9pa.s3.us-west-2.amazonaws.com/255fd11d-5dd2-4f3f-ab2c-5162a43ec30f/OPERA_L3_DIST-ALERT-S1_T45QZE_20240728T120429Z_20251215T210503Z_S1A_30_v0.1.png,2025-12-15T20:44:41+00:00,660.519,4.5,45QZE,1,23,4,none,False,transformer_v1_32,high,32,10,2024-07-28,114,2.5,4,best,none,False
bangladesh_coastal_flood_2024__2024-07-08__45QZE__transformer_v1_32-10mc,https://hyp3-tibet-jpl-test-contentbucket-hratibh1y9pa.s3.us-west-2.amazonaws.com/e05f11b2-ab86-47d4-b2d0-d9e45e89d680/OPERA_L3_DIST-ALERT-S1_T45QZE_20240627T121239Z_20251215T205656Z_S1A_30_v0.1.zip,s3://hyp3-tibet-jpl-test-contentbucket-hratibh1y9pae05f11b2-ab86-47d4-b2d0-d9e45e89d680/OPERA_L3_DIST-ALERT-S1_T45QZE_20240627T121239Z_20251215T205656Z_S1A_30_v0.1,https://hyp3-tibet-jpl-test-contentbucket-hratibh1y9pa.s3.us-west-2.amazonaws.com/e05f11b2-ab86-47d4-b2d0-d9e45e89d680/OPERA_L3_DIST-ALERT-S1_T45QZE_20240627T121239Z_20251215T205656Z_S1A_30_v0.1.png,2025-12-15T20:44:41+00:00,156.67,4.5,45QZE,1,23,4,none,False,transformer_v1_32,high,32,10,2024-06-27,12,2.5,4,best,none,False
bangladesh_coastal_flood_2024__2024-07-08__45QYF__transformer_v1_32-10mc,https://hyp3-tibet-jpl-test-contentbucket-hratibh1y9pa.s3.us-west-2.amazonaws.com/01570044-b610-418f-b502-0967eb2be51b/OPERA_L3_DIST-ALERT-S1_T45QYF_20240622T120444Z_20251215T210152Z_S1A_30_v0.1.zip,s3://hyp3-tibet-jpl-test-contentbucket-hratibh1y9pa01570044-b610-418f-b502-0967eb2be51b/OPERA_L3_DIST-ALERT-S1_T45QYF_20240622T120444Z_20251215T210152Z_S1A_30_v0.1,https://hyp3-tibet-jpl-test-contentbucket-hratibh1y9pa.s3.us-west-2.amazonaws.com/01570044-b610-418f-b502-0967eb2be51b/OPERA_L3_DIST-ALERT-S1_T45QYF_20240622T120444Z_20251215T210152Z_S1A_30_v0.1.png,2025-12-15T20:44:41+00:00,459.097,4.5,45QYF,1,23,4,none,False,transformer_v1_32,high,32,10,2024-06-22,114,2.5,4,best,none,False
park_fire_2024__2024-07-24__10TFK__transformer_v1_32-10mc,https://hyp3-tibet-jpl-test-contentbucket-hratibh1y9pa.s3.us-west-2.amazonaws.com/e7dff1dc-2f44-42f1-839c-13cbffc545f6/OPERA_L3_DIST-ALERT-S1_T10TFK_20240706T020030Z_20251215T210755Z_S1A_30_v0.1.zip,s3://hyp3-tibet-jpl-test-contentbucket-hratibh1y9pae7dff1dc-2f44-42f1-839c-13cbffc545f6/OPERA_L3_DIST-ALERT-S1_T10TFK_20240706T020030Z_20251215T210755Z_S1A_30_v0.1,https://hyp3-tibet-jpl-test-contentbucket-hratibh1y9pa.s3.us-west-2.amazonaws.com/e7dff1dc-2f44-42f1-839c-13cbffc545f6/OPERA_L3_DIST-ALERT-S1_T10TFK_20240706T020030Z_20251215T210755Z_S1A_30_v0.1.png,2025-12-15T20:44:41+00:00,824.262,4.5,10TFK,1,23,4,none,False,transformer_v1_32,high,32,10,2024-07-06,137,2.5,4,best,none,False
bangladesh_coastal_flood_2024__2024-07-08__45QYE__transformer_v1_32-10mc,https://hyp3-tibet-jpl-test-contentbucket-hratibh1y9pa.s3.us-west-2.amazonaws.com/d89ae5d1-d63f-4c7b-bcf6-5e2a0b8d4a54/OPERA_L3_DIST-ALERT-S1_T45QYE_20240904T235647Z_20251215T210819Z_S1A_30_v0.1.zip,s3://hyp3-tibet-jpl-test-contentbucket-hratibh1y9pad89ae5d1-d63f-4c7b-bcf6-5e2a0b8d4a54/OPERA_L3_DIST-ALERT-S1_T45QYE_20240904T235647Z_20251215T210819Z_S1A_30_v0.1,https://hyp3-tibet-jpl-test-contentbucket-hratibh1y9pa.s3.us-west-2.amazonaws.com/d89ae5d1-d63f-4c7b-bcf6-5e2a0b8d4a54/OPERA_L3_DIST-ALERT-S1_T45QYE_20240904T235647Z_20251215T210819Z_S1A_30_v0.1.png,2025-12-15T20:44:41+00:00,847.786,4.5,45QYE,1,23,4,none,False,transformer_v1_32,high,32,10,2024-09-04,150,2.5,4,best,none,False
park_fire_2024__2024-07-24__10TEK__transformer_v1_32-10mc,https://hyp3-tibet-jpl-test-contentbucket-hratibh1y9pa.s3.us-west-2.amazonaws.com/804a7a52-cc1a-4e10-b084-7571f9168d99/OPERA_L3_DIST-ALERT-S1_T10TEK_20240716T141547Z_20251215T210441Z_S1A_30_v0.1.zip,s3://hyp3-tibet-jpl-test-contentbucket-hratibh1y9pa804a7a52-cc1a-4e10-b084-7571f9168d99/OPERA_L3_DIST-ALERT-S1_T10TEK_20240716T141547Z_20251215T210441Z_S1A_30_v0.1,https://hyp3-tibet-jpl-test-contentbucket-hratibh1y9pa.s3.us-west-2.amazonaws.com/804a7a52-cc1a-4e10-b084-7571f9168d99/OPERA_L3_DIST-ALERT-S1_T10TEK_20240716T141547Z_20251215T210441Z_S1A_30_v0.1.png,2025-12-15T20:44:41+00:00,631.621,4.5,10TEK,1,23,4,none,False,transformer_v1_32,high,32,10,2024-07-16,115,2.5,4,best,none,False
yajiang_fire_2024__2024-03-15__47RQP__transformer_v1_32-10mc,https://hyp3-tibet-jpl-test-contentbucket-hratibh1y9pa.s3.us-west-2.amazonaws.com/d8b9679a-4e2e-4019-8f72-e008ac69bc71/OPERA_L3_DIST-ALERT-S1_T47RQP_20240424T231324Z_20251215T210904Z_S1A_30_v0.1.zip,s3://hyp3-tibet-jpl-test-contentbucket-hratibh1y9pad8b9679a-4e2e-4019-8f72-e008ac69bc71/OPERA_L3_DIST-ALERT-S1_T47RQP_20240424T231324Z_20251215T210904Z_S1A_30_v0.1,https://hyp3-tibet-jpl-test-contentbucket-hratibh1y9pa.s3.us-west-2.amazonaws.com/d8b9679a-4e2e-4019-8f72-e008ac69bc71/OPERA_L3_DIST-ALERT-S1_T47RQP_20240424T231324Z_20251215T210904Z_S1A_30_v0.1.png,2025-12-15T20:44:41+00:00,893.922,4.5,47RQP,1,23,4,none,False,transformer_v1_32,high,32,10,2024-04-24,135,2.5,4,best,none,False
park_fire_2024__2024-07-24__10TEK__transformer_v1_32-10mc,https://hyp3-tibet-jpl-test-contentbucket-hratibh1y9pa.s3.us-west-2.amazonaws.com/80f5f5fd-56ff-43f1-9c33-413f5430fbc3/OPERA_L3_DIST-ALERT-S1_T10TEK_20240723T140737Z_20251215T205959Z_S1A_30_v0.1.zip,s3://hyp3-tibet-jpl-test-contentbucket-hratibh1y9pa80f5f5fd-56ff-43f1-9c33-413f5430fbc3/OPERA_L3_DIST-ALERT-S1_T10TEK_20240723T140737Z_20251215T205959Z_S1A_30_v0.1,https://hyp3-tibet-jpl-test-contentbucket-hratibh1y9pa.s3.us-west-2.amazonaws.com/80f5f5fd-56ff-43f1-9c33-413f5430fbc3/OPERA_L3_DIST-ALERT-S1_T10TEK_20240723T140737Z_20251215T205959Z_S1A_30_v0.1.png,2025-12-15T20:44:41+00:00,340.448,4.5,10TEK,1,23,4,none,False,transformer_v1_32,high,32,10,2024-07-23,42,2.5,4,best,none,False
yajiang_fire_2024__2024-03-15__47RQP__transformer_v1_32-10mc,https://hyp3-tibet-jpl-test-contentbucket-hratibh1y9pa.s3.us-west-2.amazonaws.com/a2af4c8c-c08b-41d9-a8f7-c95387208119/OPERA_L3_DIST-ALERT-S1_T47RQP_20240424T110910Z_20251215T210155Z_S1A_30_v0.1.zip,s3://hyp3-tibet-jpl-test-contentbucket-hratibh1y9paa2af4c8c-c08b-41d9-a8f7-c95387208119/OPERA_L3_DIST-ALERT-S1_T47RQP_20240424T110910Z_20251215T210155Z_S1A_30_v0.1,https://hyp3-tibet-jpl-test-contentbucket-hratibh1y9pa.s3.us-west-2.amazonaws.com/a2af4c8c-c08b-41d9-a8f7-c95387208119/OPERA_L3_DIST-ALERT-S1_T47RQP_20240424T110910Z_20251215T210155Z_S1A_30_v0.1.png,2025-12-15T20:44:41+00:00,454.335,4.5,47RQP,1,23,4,none,False,transformer_v1_32,high,32,10,2024-04-24,128,2.5,4,best,none,False
bangladesh_coastal_flood_2024__2024-07-08__45QYF__transformer_v1_32-10mc,https://hyp3-tibet-jpl-test-contentbucket-hratibh1y9pa.s3.us-west-2.amazonaws.com/3b6cfabd-dd4d-41b9-8e8c-ddaa3ba1ff2a/OPERA_L3_DIST-ALERT-S1_T45QYF_20240724T000442Z_20251215T205839Z_S1A_30_v0.1.zip,s3://hyp3-tibet-jpl-test-contentbucket-hratibh1y9pa3b6cfabd-dd4d-41b9-8e8c-ddaa3ba1ff2a/OPERA_L3_DIST-ALERT-S1_T45QYF_20240724T000442Z_20251215T205839Z_S1A_30_v0.1,https://hyp3-tibet-jpl-test-contentbucket-hratibh1y9pa.s3.us-west-2.amazonaws.com/3b6cfabd-dd4d-41b9-8e8c-ddaa3ba1ff2a/OPERA_L3_DIST-ALERT-S1_T45QYF_20240724T000442Z_20251215T205839Z_S1A_30_v0.1.png,2025-12-15T20:44:41+00:00,257.643,4.5,45QYF,1,23,4,none,False,transformer_v1_32,high,32,10,2024-07-24,48,2.5,4,best,none,False
bangladesh_coastal_flood_2024__2024-07-08__45QZE__transformer_v1_32-10mc,https://hyp3-tibet-jpl-test-contentbucket-hratibh1y9pa.s3.us-west-2.amazonaws.com/e4f77108-b126-4445-869b-29c3ad822f04/OPERA_L3_DIST-ALERT-S1_T45QZE_20240624T235644Z_20251215T210539Z_S1A_30_v0.1.zip,s3://hyp3-tibet-jpl-test-contentbucket-hratibh1y9pae4f77108-b126-4445-869b-29c3ad822f04/OPERA_L3_DIST-ALERT-S1_T45QZE_20240624T235644Z_20251215T210539Z_S1A_30_v0.1,https://hyp3-tibet-jpl-test-contentbucket-hratibh1y9pa.s3.us-west-2.amazonaws.com/e4f77108-b126-4445-869b-29c3ad822f04/OPERA_L3_DIST-ALERT-S1_T45QZE_20240624T235644Z_20251215T210539Z_S1A_30_v0.1.png,2025-12-15T20:44:41+00:00,688.794,4.5,45QZE,1,23,4,none,False,transformer_v1_32,high,32,10,2024-06-24,150,2.5,4,best,none,False
yajiang_fire_2024__2024-03-15__47RPP__transformer_v1_32-10mc,https://hyp3-tibet-jpl-test-contentbucket-hratibh1y9pa.s3.us-west-2.amazonaws.com/94519dff-2f05-499c-9638-670f736267cd/OPERA_L3_DIST-ALERT-S1_T47RPP_20240324T111719Z_20251215T210702Z_S1A_30_v0.1.zip,s3://hyp3-tibet-jpl-test-contentbucket-hratibh1y9pa94519dff-2f05-499c-9638-670f736267cd/OPERA_L3_DIST-ALERT-S1_T47RPP_20240324T111719Z_20251215T210702Z_S1A_30_v0.1,https://hyp3-tibet-jpl-test-contentbucket-hratibh1y9pa.s3.us-west-2.amazonaws.com/94519dff-2f05-499c-9638-670f736267cd/OPERA_L3_DIST-ALERT-S1_T47RPP_20240324T111719Z_20251215T210702Z_S1A_30_v0.1.png,2025-12-15T20:44:41+00:00,772.824,4.5,47RPP,1,23,4,none,False,transformer_v1_32,high,32,10,2024-03-24,26,2.5,4,best,none,False
park_fire_2024__2024-07-24__10TEK__transformer_v1_32-10mc,https://hyp3-tibet-jpl-test-contentbucket-hratibh1y9pa.s3.us-west-2.amazonaws.com/a4535439-4d4d-4472-9614-225c82bcb861/OPERA_L3_DIST-ALERT-S1_T10TEK_20240723T020842Z_20251215T210551Z_S1A_30_v0.1.zip,s3://hyp3-tibet-jpl-test-contentbucket-hratibh1y9paa4535439-4d4d-4472-9614-225c82bcb861/OPERA_L3_DIST-ALERT-S1_T10TEK_20240723T020842Z_20251215T210551Z_S1A_30_v0.1,https://hyp3-tibet-jpl-test-contentbucket-hratibh1y9pa.s3.us-west-2.amazonaws.com/a4535439-4d4d-4472-9614-225c82bcb861/OPERA_L3_DIST-ALERT-S1_T10TEK_20240723T020842Z_20251215T210551Z_S1A_30_v0.1.png,2025-12-15T20:44:41+00:00,700.358,4.5,10TEK,1,23,4,none,False,transformer_v1_32,high,32,10,2024-07-23,35,2.5,4,best,none,False
chiapas_fire_2024__2024-03-24__15QUU__transformer_v1_32-10mc,https://hyp3-tibet-jpl-test-contentbucket-hratibh1y9pa.s3.us-west-2.amazonaws.com/83285b1f-ab68-4e4c-a7cb-674b2b28eca5/OPERA_L3_DIST-ALERT-S1_T15QUU_20240325T002334Z_20251215T210217Z_S1A_30_v0.1.zip,s3://hyp3-tibet-jpl-test-contentbucket-hratibh1y9pa83285b1f-ab68-4e4c-a7cb-674b2b28eca5/OPERA_L3_DIST-ALERT-S1_T15QUU_20240325T002334Z_20251215T210217Z_S1A_30_v0.1,https://hyp3-tibet-jpl-test-contentbucket-hratibh1y9pa.s3.us-west-2.amazonaws.com/83285b1f-ab68-4e4c-a7cb-674b2b28eca5/OPERA_L3_DIST-ALERT-S1_T15QUU_20240325T002334Z_20251215T210217Z_S1A_30_v0.1.png,2025-12-15T20:44:41+00:00,484.462,4.5,15QUU,1,23,4,none,False,transformer_v1_32,high,32,10,2024-03-25,34,2.5,4,best,none,False
bangladesh_coastal_flood_2024__2024-07-08__45QZE__transformer_v1_32-10mc,https://hyp3-tibet-jpl-test-contentbucket-hratibh1y9pa.s3.us-west-2.amazonaws.com/3188af7e-dc87-4699-9531-20803953ac6b/OPERA_L3_DIST-ALERT-S1_T45QZE_20240615T121240Z_20251215T205716Z_S1A_30_v0.1.zip,s3://hyp3-tibet-jpl-test-contentbucket-hratibh1y9pa3188af7e-dc87-4699-9531-20803953ac6b/OPERA_L3_DIST-ALERT-S1_T45QZE_20240615T121240Z_20251215T205716Z_S1A_30_v0.1,https://hyp3-tibet-jpl-test-contentbucket-hratibh1y9pa.s3.us-west-2.amazonaws.com/3188af7e-dc87-4699-9531-20803953ac6b/OPERA_L3_DIST-ALERT-S1_T45QZE_20240615T121240Z_20251215T205716Z_S1A_30_v0.1.png,2025-12-15T20:44:41+00:00,175.165,4.5,45QZE,1,23,4,none,False,transformer_v1_32,high,32,10,2024-06-15,12,2.5,4,best,none,False
yajiang_fire_2024__2024-03-15__47RPP__transformer_v1_32-10mc,https://hyp3-tibet-jpl-test-contentbucket-hratibh1y9pa.s3.us-west-2.amazonaws.com/8f7f96e2-fc64-463d-a047-8b815d3605e3/OPERA_L3_DIST-ALERT-S1_T47RPP_20240229T232136Z_20251215T205803Z_S1A_30_v0.1.zip,s3://hyp3-tibet-jpl-test-contentbucket-hratibh1y9pa8f7f96e2-fc64-463d-a047-8b815d3605e3/OPERA_L3_DIST-ALERT-S1_T47RPP_20240229T232136Z_20251215T205803Z_S1A_30_v0.1,https://hyp3-tibet-jpl-test-contentbucket-hratibh1y9pa.s3.us-west-2.amazonaws.com/8f7f96e2-fc64-463d-a047-8b815d3605e3/OPERA_L3_DIST-ALERT-S1_T47RPP_20240229T232136Z_20251215T205803Z_S1A_30_v0.1.png,2025-12-15T20:44:41+00:00,500.525,4.5,47RPP,1,23,4,none,False,transformer_v1_32,high,32,10,2024-02-29,33,2.5,4,best,none,False
chiapas_fire_2024__2024-03-24__15QUU__transformer_v1_32-10mc,https://hyp3-tibet-jpl-test-contentbucket-hratibh1y9pa.s3.us-west-2.amazonaws.com/a1b41478-f953-4110-8277-7d242407fb39/OPERA_L3_DIST-ALERT-S1_T15QUU_20240310T121037Z_20251215T205933Z_S1A_30_v0.1.zip,s3://hyp3-tibet-jpl-test-contentbucket-hratibh1y9paa1b41478-f953-4110-8277-7d242407fb39/OPERA_L3_DIST-ALERT-S1_T15QUU_20240310T121037Z_20251215T205933Z_S1A_30_v0.1,https://hyp3-tibet-jpl-test-contentbucket-hratibh1y9pa.s3.us-west-2.amazonaws.com/a1b41478-f953-4110-8277-7d242407fb39/OPERA_L3_DIST-ALERT-S1_T15QUU_20240310T121037Z_20251215T205933Z_S1A_30_v0.1.png,2025-12-15T20:44:41+00:00,594.469,4.5,15QUU,1,23,4,none,False,transformer_v1_32,high,32,10,2024-03-10,172,2.5,4,best,none,False
yajiang_fire_2024__2024-03-15__47RPP__transformer_v1_32-10mc,https://hyp3-tibet-jpl-test-contentbucket-hratibh1y9pa.s3.us-west-2.amazonaws.com/d4895a3a-d4b9-470f-84e2-c5aa9a4a6f4c/OPERA_L3_DIST-ALERT-S1_T47RPP_20240305T112530Z_20251215T205613Z_S1A_30_v0.1.zip,s3://hyp3-tibet-jpl-test-contentbucket-hratibh1y9pad4895a3a-d4b9-470f-84e2-c5aa9a4a6f4c/OPERA_L3_DIST-ALERT-S1_T47RPP_20240305T112530Z_20251215T205613Z_S1A_30_v0.1,https://hyp3-tibet-jpl-test-contentbucket-hratibh1y9pa.s3.us-west-2.amazonaws.com/d4895a3a-d4b9-470f-84e2-c5aa9a4a6f4c/OPERA_L3_DIST-ALERT-S1_T47RPP_20240305T112530Z_20251215T205613Z_S1A_30_v0.1.png,2025-12-15T20:44:41+00:00,385.588,4.5,47RPP,1,23,4,none,False,transformer_v1_32,high,32,10,2024-03-05,99,2.5,4,best,none,False
bangladesh_coastal_flood_2024__2024-07-08__45QYE__transformer_v1_32-10mc,https://hyp3-tibet-jpl-test-contentbucket-hratibh1y9pa.s3.us-west-2.amazonaws.com/e3f2bf1a-1727-4c48-9671-4ab47922b47e/OPERA_L3_DIST-ALERT-S1_T45QYE_20240809T120429Z_20251215T205626Z_S1A_30_v0.1.zip,s3://hyp3-tibet-jpl-test-contentbucket-hratibh1y9pae3f2bf1a-1727-4c48-9671-4ab47922b47e/OPERA_L3_DIST-ALERT-S1_T45QYE_20240809T120429Z_20251215T205626Z_S1A_30_v0.1,https://hyp3-tibet-jpl-test-contentbucket-hratibh1y9pa.s3.us-west-2.amazonaws.com/e3f2bf1a-1727-4c48-9671-4ab47922b47e/OPERA_L3_DIST-ALERT-S1_T45QYE_20240809T120429Z_20251215T205626Z_S1A_30_v0.1.png,2025-12-15T20:44:41+00:00,396.699,4.5,45QYE,1,23,4,none,False,transformer_v1_32,high,32,10,2024-08-09,114,2.5,4,best,none,False
yajiang_fire_2024__2024-03-15__47RQP__transformer_v1_32-10mc,https://hyp3-tibet-jpl-test-contentbucket-hratibh1y9pa.s3.us-west-2.amazonaws.com/a36b9a62-bc77-4e8b-973e-2030969467a5/OPERA_L3_DIST-ALERT-S1_T47RQP_20240319T110909Z_20251215T205610Z_S1A_30_v0.1.zip,s3://hyp3-tibet-jpl-test-contentbucket-hratibh1y9paa36b9a62-bc77-4e8b-973e-2030969467a5/OPERA_L3_DIST-ALERT-S1_T47RQP_20240319T110909Z_20251215T205610Z_S1A_30_v0.1,https://hyp3-tibet-jpl-test-contentbucket-hratibh1y9pa.s3.us-west-2.amazonaws.com/a36b9a62-bc77-4e8b-973e-2030969467a5/OPERA_L3_DIST-ALERT-S1_T47RQP_20240319T110909Z_20251215T205610Z_S1A_30_v0.1.png,2025-12-15T20:44:41+00:00,376.25,4.5,47RQP,1,23,4,none,False,transformer_v1_32,high,32,10,2024-03-19,128,2.5,4,best,none,False
yajiang_fire_2024__2024-03-15__47RQP__transformer_v1_32-10mc,https://hyp3-tibet-jpl-test-contentbucket-hratibh1y9pa.s3.us-west-2.amazonaws.com/f6a20e5b-7a72-4e68-ab16-d6618a581996/OPERA_L3_DIST-ALERT-S1_T47RQP_20240319T231323Z_20251215T210617Z_S1A_30_v0.1.zip,s3://hyp3-tibet-jpl-test-contentbucket-hratibh1y9paf6a20e5b-7a72-4e68-ab16-d6618a581996/OPERA_L3_DIST-ALERT-S1_T47RQP_20240319T231323Z_20251215T210617Z_S1A_30_v0.1,https://hyp3-tibet-jpl-test-contentbucket-hratibh1y9pa.s3.us-west-2.amazonaws.com/f6a20e5b-7a72-4e68-ab16-d6618a581996/OPERA_L3_DIST-ALERT-S1_T47RQP_20240319T231323Z_20251215T210617Z_S1A_30_v0.1.png,2025-12-15T20:44:41+00:00,993.986,4.5,47RQP,1,23,4,none,False,transformer_v1_32,high,32,10,2024-03-19,135,2.5,4,best,none,False
yajiang_fire_2024__2024-03-15__47RQP__transformer_v1_32-10mc,https://hyp3-tibet-jpl-test-contentbucket-hratibh1y9pa.s3.us-west-2.amazonaws.com/8da7f958-a688-4978-9ba7-f7c6fc7ff59c/OPERA_L3_DIST-ALERT-S1_T47RQP_20240307T231323Z_20251215T210812Z_S1A_30_v0.1.zip,s3://hyp3-tibet-jpl-test-contentbucket-hratibh1y9pa8da7f958-a688-4978-9ba7-f7c6fc7ff59c/OPERA_L3_DIST-ALERT-S1_T47RQP_20240307T231323Z_20251215T210812Z_S1A_30_v0.1,https://hyp3-tibet-jpl-test-contentbucket-hratibh1y9pa.s3.us-west-2.amazonaws.com/8da7f958-a688-4978-9ba7-f7c6fc7ff59c/OPERA_L3_DIST-ALERT-S1_T47RQP_20240307T231323Z_20251215T210812Z_S1A_30_v0.1.png,2025-12-15T20:44:41+00:00,1118.201,4.5,47RQP,1,23,4,none,False,transformer_v1_32,high,32,10,2024-03-07,135,2.5,4,best,none,False
bangladesh_coastal_flood_2024__2024-07-08__45QZF__transformer_v1_32-10mc,https://hyp3-tibet-jpl-test-contentbucket-hratibh1y9pa.s3.us-west-2.amazonaws.com/423dad14-9351-4598-8823-5fa35852cab6/OPERA_L3_DIST-ALERT-S1_T45QZF_20240809T120438Z_20251215T210807Z_S1A_30_v0.1.zip,s3://hyp3-tibet-jpl-test-contentbucket-hratibh1y9pa423dad14-9351-4598-8823-5fa35852cab6/OPERA_L3_DIST-ALERT-S1_T45QZF_20240809T120438Z_20251215T210807Z_S1A_30_v0.1,https://hyp3-tibet-jpl-test-contentbucket-hratibh1y9pa.s3.us-west-2.amazonaws.com/423dad14-9351-4598-8823-5fa35852cab6/OPERA_L3_DIST-ALERT-S1_T45QZF_20240809T120438Z_20251215T210807Z_S1A_30_v0.1.png,2025-12-15T20:44:41+00:00,1113.771,4.5,45QZF,1,23,4,none,False,transformer_v1_32,high,32,10,2024-08-09,114,2.5,4,best,none,False
bangladesh_coastal_flood_2024__2024-07-08__45QYF__transformer_v1_32-10mc,https://hyp3-tibet-jpl-test-contentbucket-hratibh1y9pa.s3.us-west-2.amazonaws.com/aefdc5ad-8c7e-4c2c-a5df-40a779e7e9bc/OPERA_L3_DIST-ALERT-S1_T45QYF_20240821T120443Z_20251215T205745Z_S1A_30_v0.1.zip,s3://hyp3-tibet-jpl-test-contentbucket-hratibh1y9paaefdc5ad-8c7e-4c2c-a5df-40a779e7e9bc/OPERA_L3_DIST-ALERT-S1_T45QYF_20240821T120443Z_20251215T205745Z_S1A_30_v0.1,https://hyp3-tibet-jpl-test-contentbucket-hratibh1y9pa.s3.us-west-2.amazonaws.com/aefdc5ad-8c7e-4c2c-a5df-40a779e7e9bc/OPERA_L3_DIST-ALERT-S1_T45QYF_20240821T120443Z_20251215T205745Z_S1A_30_v0.1.png,2025-12-15T20:44:41+00:00,480.693,4.5,45QYF,1,23,4,none,False,transformer_v1_32,high,32,10,2024-08-21,114,2.5,4,best,none,False
chiapas_fire_2024__2024-03-24__15QUU__transformer_v1_32-10mc,https://hyp3-tibet-jpl-test-contentbucket-hratibh1y9pa.s3.us-west-2.amazonaws.com/91bee111-b91d-4a88-bb8f-1da44d5f9ac1/OPERA_L3_DIST-ALERT-S1_T15QUU_20240403T121038Z_20251215T210307Z_S1A_30_v0.1.zip,s3://hyp3-tibet-jpl-test-contentbucket-hratibh1y9pa91bee111-b91d-4a88-bb8f-1da44d5f9ac1/OPERA_L3_DIST-ALERT-S1_T15QUU_20240403T121038Z_20251215T210307Z_S1A_30_v0.1,https://hyp3-tibet-jpl-test-contentbucket-hratibh1y9pa.s3.us-west-2.amazonaws.com/91bee111-b91d-4a88-bb8f-1da44d5f9ac1/OPERA_L3_DIST-ALERT-S1_T15QUU_20240403T121038Z_20251215T210307Z_S1A_30_v0.1.png,2025-12-15T20:44:41+00:00,804.109,4.5,15QUU,1,23,4,none,False,transformer_v1_32,high,32,10,2024-04-03,172,2.5,4,best,none,False
chiapas_fire_2024__2024-03-24__15QUU__transformer_v1_32-10mc,https://hyp3-tibet-jpl-test-contentbucket-hratibh1y9pa.s3.us-west-2.amazonaws.com/267679f9-485b-4bea-8fee-01d723d87a85/OPERA_L3_DIST-ALERT-S1_T15QUU_20240427T121039Z_20251215T210402Z_S1A_30_v0.1.zip,s3://hyp3-tibet-jpl-test-contentbucket-hratibh1y9pa267679f9-485b-4bea-8fee-01d723d87a85/OPERA_L3_DIST-ALERT-S1_T15QUU_20240427T121039Z_20251215T210402Z_S1A_30_v0.1,https://hyp3-tibet-jpl-test-contentbucket-hratibh1y9pa.s3.us-west-2.amazonaws.com/267679f9-485b-4bea-8fee-01d723d87a85/OPERA_L3_DIST-ALERT-S1_T15QUU_20240427T121039Z_20251215T210402Z_S1A_30_v0.1.png,2025-12-15T20:44:41+00:00,858.274,4.5,15QUU,1,23,4,none,False,transformer_v1_32,high,32,10,2024-04-27,172,2.5,4,best,none,False
bangladesh_coastal_flood_2024__2024-07-08__45QZF__transformer_v1_32-10mc,https://hyp3-tibet-jpl-test-contentbucket-hratibh1y9pa.s3.us-west-2.amazonaws.com/f3f3d69d-bbf1-4861-8ec7-cc988afaecd9/OPERA_L3_DIST-ALERT-S1_T45QZF_20240830T234822Z_20251215T205524Z_S1A_30_v0.1.zip,s3://hyp3-tibet-jpl-test-contentbucket-hratibh1y9paf3f3d69d-bbf1-4861-8ec7-cc988afaecd9/OPERA_L3_DIST-ALERT-S1_T45QZF_20240830T234822Z_20251215T205524Z_S1A_30_v0.1,https://hyp3-tibet-jpl-test-contentbucket-hratibh1y9pa.s3.us-west-2.amazonaws.com/f3f3d69d-bbf1-4861-8ec7-cc988afaecd9/OPERA_L3_DIST-ALERT-S1_T45QZF_20240830T234822Z_20251215T205524Z_S1A_30_v0.1.png,2025-12-15T20:44:41+00:00,340.112,4.5,45QZF,1,23,4,none,False,transformer_v1_32,high,32,10,2024-08-30,77,2.5,4,best,none,False
yajiang_fire_2024__2024-03-15__47RQP__transformer_v1_32-10mc,https://hyp3-tibet-jpl-test-contentbucket-hratibh1y9pa.s3.us-west-2.amazonaws.com/57549847-178b-45ba-b6cd-5405ea070b46/OPERA_L3_DIST-ALERT-S1_T47RQP_20240224T231323Z_20251215T210657Z_S1A_30_v0.1.zip,s3://hyp3-tibet-jpl-test-contentbucket-hratibh1y9pa57549847-178b-45ba-b6cd-5405ea070b46/OPERA_L3_DIST-ALERT-S1_T47RQP_20240224T231323Z_20251215T210657Z_S1A_30_v0.1,https://hyp3-tibet-jpl-test-contentbucket-hratibh1y9pa.s3.us-west-2.amazonaws.com/57549847-178b-45ba-b6cd-5405ea070b46/OPERA_L3_DIST-ALERT-S1_T47RQP_20240224T231323Z_20251215T210657Z_S1A_30_v0.1.png,2025-12-15T20:44:41+00:00,1034.565,4.5,47RQP,1,23,4,none,False,transformer_v1_32,high,32,10,2024-02-24,135,2.5,4,best,none,False
yajiang_fire_2024__2024-03-15__47RPP__transformer_v1_32-10mc,https://hyp3-tibet-jpl-test-contentbucket-hratibh1y9pa.s3.us-west-2.amazonaws.com/7dda26a8-a117-4063-9499-6f7f7746351a/OPERA_L3_DIST-ALERT-S1_T47RPP_20240331T231326Z_20251215T210242Z_S1A_30_v0.1.zip,s3://hyp3-tibet-jpl-test-contentbucket-hratibh1y9pa7dda26a8-a117-4063-9499-6f7f7746351a/OPERA_L3_DIST-ALERT-S1_T47RPP_20240331T231326Z_20251215T210242Z_S1A_30_v0.1,https://hyp3-tibet-jpl-test-contentbucket-hratibh1y9pa.s3.us-west-2.amazonaws.com/7dda26a8-a117-4063-9499-6f7f7746351a/OPERA_L3_DIST-ALERT-S1_T47RPP_20240331T231326Z_20251215T210242Z_S1A_30_v0.1.png,2025-12-15T20:44:41+00:00,778.246,4.5,47RPP,1,23,4,none,False,transformer_v1_32,high,32,10,2024-03-31,135,2.5,4,best,none,False
bangladesh_coastal_flood_2024__2024-07-08__45QYE__transformer_v1_32-10mc,https://hyp3-tibet-jpl-test-contentbucket-hratibh1y9pa.s3.us-west-2.amazonaws.com/748761f2-d3ca-4cbe-8bb0-4248d8db269c/OPERA_L3_DIST-ALERT-S1_T45QYE_20240721T121237Z_20251215T210526Z_S1A_30_v0.1.zip,s3://hyp3-tibet-jpl-test-contentbucket-hratibh1y9pa748761f2-d3ca-4cbe-8bb0-4248d8db269c/OPERA_L3_DIST-ALERT-S1_T45QYE_20240721T121237Z_20251215T210526Z_S1A_30_v0.1,https://hyp3-tibet-jpl-test-contentbucket-hratibh1y9pa.s3.us-west-2.amazonaws.com/748761f2-d3ca-4cbe-8bb0-4248d8db269c/OPERA_L3_DIST-ALERT-S1_T45QYE_20240721T121237Z_20251215T210526Z_S1A_30_v0.1.png,2025-12-15T20:44:41+00:00,948.212,4.5,45QYE,1,23,4,none,False,transformer_v1_32,high,32,10,2024-07-21,12,2.5,4,best,none,False
yajiang_fire_2024__2024-03-15__47RPP__transformer_v1_32-10mc,https://hyp3-tibet-jpl-test-contentbucket-hratibh1y9pa.s3.us-west-2.amazonaws.com/16ee3845-1dd5-405b-9482-9a885f5bd1fe/OPERA_L3_DIST-ALERT-S1_T47RPP_20240329T112531Z_20251215T205746Z_S1A_30_v0.1.zip,s3://hyp3-tibet-jpl-test-contentbucket-hratibh1y9pa16ee3845-1dd5-405b-9482-9a885f5bd1fe/OPERA_L3_DIST-ALERT-S1_T47RPP_20240329T112531Z_20251215T205746Z_S1A_30_v0.1,https://hyp3-tibet-jpl-test-contentbucket-hratibh1y9pa.s3.us-west-2.amazonaws.com/16ee3845-1dd5-405b-9482-9a885f5bd1fe/OPERA_L3_DIST-ALERT-S1_T47RPP_20240329T112531Z_20251215T205746Z_S1A_30_v0.1.png,2025-12-15T20:44:41+00:00,481.141,4.5,47RPP,1,23,4,none,False,transformer_v1_32,high,32,10,2024-03-29,99,2.5,4,best,none,False
park_fire_2024__2024-07-24__10TFK__transformer_v1_32-10mc,https://hyp3-tibet-jpl-test-contentbucket-hratibh1y9pa.s3.us-west-2.amazonaws.com/a47228f9-f124-4794-a87c-754b3d3ef5c1/OPERA_L3_DIST-ALERT-S1_T10TFK_20240811T020029Z_20251215T210620Z_S1A_30_v0.1.zip,s3://hyp3-tibet-jpl-test-contentbucket-hratibh1y9paa47228f9-f124-4794-a87c-754b3d3ef5c1/OPERA_L3_DIST-ALERT-S1_T10TFK_20240811T020029Z_20251215T210620Z_S1A_30_v0.1,https://hyp3-tibet-jpl-test-contentbucket-hratibh1y9pa.s3.us-west-2.amazonaws.com/a47228f9-f124-4794-a87c-754b3d3ef5c1/OPERA_L3_DIST-ALERT-S1_T10TFK_20240811T020029Z_20251215T210620Z_S1A_30_v0.1.png,2025-12-15T20:44:41+00:00,1008.269,4.5,10TFK,1,23,4,none,False,transformer_v1_32,high,32,10,2024-08-11,137,2.5,4,best,none,False
park_fire_2024__2024-07-24__10TFK__transformer_v1_32-10mc,https://hyp3-tibet-jpl-test-contentbucket-hratibh1y9pa.s3.us-west-2.amazonaws.com/b16e95fd-6f68-4f54-9f9a-3f18c5af0cef/OPERA_L3_DIST-ALERT-S1_T10TFK_20240704T141545Z_20251215T205828Z_S1A_30_v0.1.zip,s3://hyp3-tibet-jpl-test-contentbucket-hratibh1y9pab16e95fd-6f68-4f54-9f9a-3f18c5af0cef/OPERA_L3_DIST-ALERT-S1_T10TFK_20240704T141545Z_20251215T205828Z_S1A_30_v0.1,https://hyp3-tibet-jpl-test-contentbucket-hratibh1y9pa.s3.us-west-2.amazonaws.com/b16e95fd-6f68-4f54-9f9a-3f18c5af0cef/OPERA_L3_DIST-ALERT-S1_T10TFK_20240704T141545Z_20251215T205828Z_S1A_30_v0.1.png,2025-12-15T20:44:41+00:00,525.748,4.5,10TFK,1,23,4,none,False,transformer_v1_32,high,32,10,2024-07-04,115,2.5,4,best,none,False
yajiang_fire_2024__2024-03-15__47RQP__transformer_v1_32-10mc,https://hyp3-tibet-jpl-test-contentbucket-hratibh1y9pa.s3.us-west-2.amazonaws.com/9aff0236-7cc2-471b-9c5b-5ff21b313ccb/OPERA_L3_DIST-ALERT-S1_T47RQP_20240412T231322Z_20251215T210948Z_S1A_30_v0.1.zip,s3://hyp3-tibet-jpl-test-contentbucket-hratibh1y9pa9aff0236-7cc2-471b-9c5b-5ff21b313ccb/OPERA_L3_DIST-ALERT-S1_T47RQP_20240412T231322Z_20251215T210948Z_S1A_30_v0.1,https://hyp3-tibet-jpl-test-contentbucket-hratibh1y9pa.s3.us-west-2.amazonaws.com/9aff0236-7cc2-471b-9c5b-5ff21b313ccb/OPERA_L3_DIST-ALERT-S1_T47RQP_20240412T231322Z_20251215T210948Z_S1A_30_v0.1.png,2025-12-15T20:44:41+00:00,1218.536,4.5,47RQP,1,23,4,none,False,transformer_v1_32,high,32,10,2024-04-12,135,2.5,4,best,none,False
chiapas_fire_2024__2024-03-24__15QUU__transformer_v1_32-10mc,https://hyp3-tibet-jpl-test-contentbucket-hratibh1y9pa.s3.us-west-2.amazonaws.com/631d7706-b345-45a9-9245-5fce403c297b/OPERA_L3_DIST-ALERT-S1_T15QUU_20240423T003143Z_20251215T205746Z_S1A_30_v0.1.zip,s3://hyp3-tibet-jpl-test-contentbucket-hratibh1y9pa631d7706-b345-45a9-9245-5fce403c297b/OPERA_L3_DIST-ALERT-S1_T15QUU_20240423T003143Z_20251215T205746Z_S1A_30_v0.1,https://hyp3-tibet-jpl-test-contentbucket-hratibh1y9pa.s3.us-west-2.amazonaws.com/631d7706-b345-45a9-9245-5fce403c297b/OPERA_L3_DIST-ALERT-S1_T15QUU_20240423T003143Z_20251215T205746Z_S1A_30_v0.1.png,2025-12-15T20:44:41+00:00,479.124,4.5,15QUU,1,23,4,none,False,transformer_v1_32,high,32,10,2024-04-23,107,2.5,4,best,none,False
porto_alegre_flood_2024__2024-05-28__22JDN__transformer_v1_32-10mc,https://hyp3-tibet-jpl-test-contentbucket-hratibh1y9pa.s3.us-west-2.amazonaws.com/46daaab5-826b-46cb-afd2-06e30fcd7707/OPERA_L3_DIST-ALERT-S1_T22JDN_20240511T084927Z_20251215T205933Z_S1A_30_v0.1.zip,s3://hyp3-tibet-jpl-test-contentbucket-hratibh1y9pa46daaab5-826b-46cb-afd2-06e30fcd7707/OPERA_L3_DIST-ALERT-S1_T22JDN_20240511T084927Z_20251215T205933Z_S1A_30_v0.1,https://hyp3-tibet-jpl-test-contentbucket-hratibh1y9pa.s3.us-west-2.amazonaws.com/46daaab5-826b-46cb-afd2-06e30fcd7707/OPERA_L3_DIST-ALERT-S1_T22JDN_20240511T084927Z_20251215T205933Z_S1A_30_v0.1.png,2025-12-15T20:44:41+00:00,593.041,4.5,22JDN,1,23,4,none,False,transformer_v1_32,high,32,10,2024-05-11,24,2.5,4,best,none,False
yajiang_fire_2024__2024-03-15__47RQP__transformer_v1_32-10mc,https://hyp3-tibet-jpl-test-contentbucket-hratibh1y9pa.s3.us-west-2.amazonaws.com/a4210214-0573-42a2-a5e5-d0ae52d17dbb/OPERA_L3_DIST-ALERT-S1_T47RQP_20240324T111718Z_20251215T210624Z_S1A_30_v0.1.zip,s3://hyp3-tibet-jpl-test-contentbucket-hratibh1y9paa4210214-0573-42a2-a5e5-d0ae52d17dbb/OPERA_L3_DIST-ALERT-S1_T47RQP_20240324T111718Z_20251215T210624Z_S1A_30_v0.1,https://hyp3-tibet-jpl-test-contentbucket-hratibh1y9pa.s3.us-west-2.amazonaws.com/a4210214-0573-42a2-a5e5-d0ae52d17dbb/OPERA_L3_DIST-ALERT-S1_T47RQP_20240324T111718Z_20251215T210624Z_S1A_30_v0.1.png,2025-12-15T20:44:41+00:00,1008.922,4.5,47RQP,1,23,4,none,False,transformer_v1_32,high,32,10,2024-03-24,26,2.5,4,best,none,False
yajiang_fire_2024__2024-03-15__47RPP__transformer_v1_32-10mc,https://hyp3-tibet-jpl-test-contentbucket-hratibh1y9pa.s3.us-west-2.amazonaws.com/1e26c9d8-75d5-47eb-9336-c4997c0ae8da/OPERA_L3_DIST-ALERT-S1_T47RPP_20240312T232136Z_20251215T205822Z_S1A_30_v0.1.zip,s3://hyp3-tibet-jpl-test-contentbucket-hratibh1y9pa1e26c9d8-75d5-47eb-9336-c4997c0ae8da/OPERA_L3_DIST-ALERT-S1_T47RPP_20240312T232136Z_20251215T205822Z_S1A_30_v0.1,https://hyp3-tibet-jpl-test-contentbucket-hratibh1y9pa.s3.us-west-2.amazonaws.com/1e26c9d8-75d5-47eb-9336-c4997c0ae8da/OPERA_L3_DIST-ALERT-S1_T47RPP_20240312T232136Z_20251215T205822Z_S1A_30_v0.1.png,2025-12-15T20:44:41+00:00,520.318,4.5,47RPP,1,23,4,none,False,transformer_v1_32,high,32,10,2024-03-12,33,2.5,4,best,none,False
bangladesh_coastal_flood_2024__2024-07-08__45QZE__transformer_v1_32-10mc,https://hyp3-tibet-jpl-test-contentbucket-hratibh1y9pa.s3.us-west-2.amazonaws.com/006fe1fb-09b2-430b-aa48-c05769dee236/OPERA_L3_DIST-ALERT-S1_T45QZE_20240612T235645Z_20251215T210237Z_S1A_30_v0.1.zip,s3://hyp3-tibet-jpl-test-contentbucket-hratibh1y9pa006fe1fb-09b2-430b-aa48-c05769dee236/OPERA_L3_DIST-ALERT-S1_T45QZE_20240612T235645Z_20251215T210237Z_S1A_30_v0.1,https://hyp3-tibet-jpl-test-contentbucket-hratibh1y9pa.s3.us-west-2.amazonaws.com/006fe1fb-09b2-430b-aa48-c05769dee236/OPERA_L3_DIST-ALERT-S1_T45QZE_20240612T235645Z_20251215T210237Z_S1A_30_v0.1.png,2025-12-15T20:44:41+00:00,769.737,4.5,45QZE,1,23,4,none,False,transformer_v1_32,high,32,10,2024-06-12,150,2.5,4,best,none,False
bangladesh_coastal_flood_2024__2024-07-08__45QYF__transformer_v1_32-10mc,https://hyp3-tibet-jpl-test-contentbucket-hratibh1y9pa.s3.us-west-2.amazonaws.com/3ab33d07-fe1f-4b3b-92e6-6312d11c2eef/OPERA_L3_DIST-ALERT-S1_T45QYF_20240904T235633Z_20251215T210229Z_S1A_30_v0.1.zip,s3://hyp3-tibet-jpl-test-contentbucket-hratibh1y9pa3ab33d07-fe1f-4b3b-92e6-6312d11c2eef/OPERA_L3_DIST-ALERT-S1_T45QYF_20240904T235633Z_20251215T210229Z_S1A_30_v0.1,https://hyp3-tibet-jpl-test-contentbucket-hratibh1y9pa.s3.us-west-2.amazonaws.com/3ab33d07-fe1f-4b3b-92e6-6312d11c2eef/OPERA_L3_DIST-ALERT-S1_T45QYF_20240904T235633Z_20251215T210229Z_S1A_30_v0.1.png,2025-12-15T20:44:41+00:00,765.434,4.5,45QYF,1,23,4,none,False,transformer_v1_32,high,32,10,2024-09-04,150,2.5,4,best,none,False
park_fire_2024__2024-07-24__10TEK__transformer_v1_32-10mc,https://hyp3-tibet-jpl-test-contentbucket-hratibh1y9pa.s3.us-west-2.amazonaws.com/4a667493-066b-48e1-8c90-4724fdbf7c69/OPERA_L3_DIST-ALERT-S1_T10TEK_20240728T141546Z_20251215T210059Z_S1A_30_v0.1.zip,s3://hyp3-tibet-jpl-test-contentbucket-hratibh1y9pa4a667493-066b-48e1-8c90-4724fdbf7c69/OPERA_L3_DIST-ALERT-S1_T10TEK_20240728T141546Z_20251215T210059Z_S1A_30_v0.1,https://hyp3-tibet-jpl-test-contentbucket-hratibh1y9pa.s3.us-west-2.amazonaws.com/4a667493-066b-48e1-8c90-4724fdbf7c69/OPERA_L3_DIST-ALERT-S1_T10TEK_20240728T141546Z_20251215T210059Z_S1A_30_v0.1.png,2025-12-15T20:44:41+00:00,675.089,4.5,10TEK,1,23,4,none,False,transformer_v1_32,high,32,10,2024-07-28,115,2.5,4,best,none,False
park_fire_2024__2024-07-24__10TEK__transformer_v1_32-10mc,https://hyp3-tibet-jpl-test-contentbucket-hratibh1y9pa.s3.us-west-2.amazonaws.com/f8325b80-3f46-4dfd-af78-feb99d4088b6/OPERA_L3_DIST-ALERT-S1_T10TEK_20240828T020842Z_20251215T210435Z_S1A_30_v0.1.zip,s3://hyp3-tibet-jpl-test-contentbucket-hratibh1y9paf8325b80-3f46-4dfd-af78-feb99d4088b6/OPERA_L3_DIST-ALERT-S1_T10TEK_20240828T020842Z_20251215T210435Z_S1A_30_v0.1,https://hyp3-tibet-jpl-test-contentbucket-hratibh1y9pa.s3.us-west-2.amazonaws.com/f8325b80-3f46-4dfd-af78-feb99d4088b6/OPERA_L3_DIST-ALERT-S1_T10TEK_20240828T020842Z_20251215T210435Z_S1A_30_v0.1.png,2025-12-15T20:44:41+00:00,900.913,4.5,10TEK,1,23,4,none,False,transformer_v1_32,high,32,10,2024-08-28,35,2.5,4,best,none,False
yajiang_fire_2024__2024-03-15__47RQP__transformer_v1_32-10mc,https://hyp3-tibet-jpl-test-contentbucket-hratibh1y9pa.s3.us-west-2.amazonaws.com/45716712-f6f5-45e8-a2f7-fa9a9c1672f7/OPERA_L3_DIST-ALERT-S1_T47RQP_20240331T231324Z_20251215T210634Z_S1A_30_v0.1.zip,s3://hyp3-tibet-jpl-test-contentbucket-hratibh1y9pa45716712-f6f5-45e8-a2f7-fa9a9c1672f7/OPERA_L3_DIST-ALERT-S1_T47RQP_20240331T231324Z_20251215T210634Z_S1A_30_v0.1,https://hyp3-tibet-jpl-test-contentbucket-hratibh1y9pa.s3.us-west-2.amazonaws.com/45716712-f6f5-45e8-a2f7-fa9a9c1672f7/OPERA_L3_DIST-ALERT-S1_T47RQP_20240331T231324Z_20251215T210634Z_S1A_30_v0.1.png,2025-12-15T20:44:41+00:00,1011.249,4.5,47RQP,1,23,4,none,False,transformer_v1_32,high,32,10,2024-03-31,135,2.5,4,best,none,False
yajiang_fire_2024__2024-03-15__47RPP__transformer_v1_32-10mc,https://hyp3-tibet-jpl-test-contentbucket-hratibh1y9pa.s3.us-west-2.amazonaws.com/31365ab1-7fdf-46cf-bd7b-fb8464865605/OPERA_L3_DIST-ALERT-S1_T47RPP_20240504T112531Z_20251215T205556Z_S1A_30_v0.1.zip,s3://hyp3-tibet-jpl-test-contentbucket-hratibh1y9pa31365ab1-7fdf-46cf-bd7b-fb8464865605/OPERA_L3_DIST-ALERT-S1_T47RPP_20240504T112531Z_20251215T205556Z_S1A_30_v0.1,https://hyp3-tibet-jpl-test-contentbucket-hratibh1y9pa.s3.us-west-2.amazonaws.com/31365ab1-7fdf-46cf-bd7b-fb8464865605/OPERA_L3_DIST-ALERT-S1_T47RPP_20240504T112531Z_20251215T205556Z_S1A_30_v0.1.png,2025-12-15T20:44:41+00:00,368.924,4.5,47RPP,1,23,4,none,False,transformer_v1_32,high,32,10,2024-05-04,99,2.5,4,best,none,False
chiapas_fire_2024__2024-03-24__15QUU__transformer_v1_32-10mc,https://hyp3-tibet-jpl-test-contentbucket-hratibh1y9pa.s3.us-west-2.amazonaws.com/14419b38-4bbc-49d0-bd33-a7c4d34a1579/OPERA_L3_DIST-ALERT-S1_T15QUU_20240411T003142Z_20251215T205847Z_S1A_30_v0.1.zip,s3://hyp3-tibet-jpl-test-contentbucket-hratibh1y9pa14419b38-4bbc-49d0-bd33-a7c4d34a1579/OPERA_L3_DIST-ALERT-S1_T15QUU_20240411T003142Z_20251215T205847Z_S1A_30_v0.1,https://hyp3-tibet-jpl-test-contentbucket-hratibh1y9pa.s3.us-west-2.amazonaws.com/14419b38-4bbc-49d0-bd33-a7c4d34a1579/OPERA_L3_DIST-ALERT-S1_T15QUU_20240411T003142Z_20251215T205847Z_S1A_30_v0.1.png,2025-12-15T20:44:41+00:00,546.244,4.5,15QUU,1,23,4,none,False,transformer_v1_32,high,32,10,2024-04-11,107,2.5,4,best,none,False
yajiang_fire_2024__2024-03-15__47RQP__transformer_v1_32-10mc,https://hyp3-tibet-jpl-test-contentbucket-hratibh1y9pa.s3.us-west-2.amazonaws.com/77388ff7-e595-4686-ab93-26c13c751e38/OPERA_L3_DIST-ALERT-S1_T47RQP_20240429T111719Z_20251215T210430Z_S1A_30_v0.1.zip,s3://hyp3-tibet-jpl-test-contentbucket-hratibh1y9pa77388ff7-e595-4686-ab93-26c13c751e38/OPERA_L3_DIST-ALERT-S1_T47RQP_20240429T111719Z_20251215T210430Z_S1A_30_v0.1,https://hyp3-tibet-jpl-test-contentbucket-hratibh1y9pa.s3.us-west-2.amazonaws.com/77388ff7-e595-4686-ab93-26c13c751e38/OPERA_L3_DIST-ALERT-S1_T47RQP_20240429T111719Z_20251215T210430Z_S1A_30_v0.1.png,2025-12-15T20:44:41+00:00,894.178,4.5,47RQP,1,23,4,none,False,transformer_v1_32,high,32,10,2024-04-29,26,2.5,4,best,none,False
yajiang_fire_2024__2024-03-15__47RQP__transformer_v1_32-10mc,https://hyp3-tibet-jpl-test-contentbucket-hratibh1y9pa.s3.us-west-2.amazonaws.com/4dc19262-3ddb-4eb3-9454-5a1dd729834a/OPERA_L3_DIST-ALERT-S1_T47RQP_20240224T110909Z_20251215T205620Z_S1A_30_v0.1.zip,s3://hyp3-tibet-jpl-test-contentbucket-hratibh1y9pa4dc19262-3ddb-4eb3-9454-5a1dd729834a/OPERA_L3_DIST-ALERT-S1_T47RQP_20240224T110909Z_20251215T205620Z_S1A_30_v0.1,https://hyp3-tibet-jpl-test-contentbucket-hratibh1y9pa.s3.us-west-2.amazonaws.com/4dc19262-3ddb-4eb3-9454-5a1dd729834a/OPERA_L3_DIST-ALERT-S1_T47RQP_20240224T110909Z_20251215T205620Z_S1A_30_v0.1.png,2025-12-15T20:44:41+00:00,387.633,4.5,47RQP,1,23,4,none,False,transformer_v1_32,high,32,10,2024-02-24,128,2.5,4,best,none,False
yajiang_fire_2024__2024-03-15__47RPP__transformer_v1_32-10mc,https://hyp3-tibet-jpl-test-contentbucket-hratibh1y9pa.s3.us-west-2.amazonaws.com/a88aaf85-d13b-4197-a31c-6418c0682f5e/OPERA_L3_DIST-ALERT-S1_T47RPP_20240511T232137Z_20251215T205732Z_S1A_30_v0.1.zip,s3://hyp3-tibet-jpl-test-contentbucket-hratibh1y9paa88aaf85-d13b-4197-a31c-6418c0682f5e/OPERA_L3_DIST-ALERT-S1_T47RPP_20240511T232137Z_20251215T205732Z_S1A_30_v0.1,https://hyp3-tibet-jpl-test-contentbucket-hratibh1y9pa.s3.us-west-2.amazonaws.com/a88aaf85-d13b-4197-a31c-6418c0682f5e/OPERA_L3_DIST-ALERT-S1_T47RPP_20240511T232137Z_20251215T205732Z_S1A_30_v0.1.png,2025-12-15T20:44:41+00:00,465.008,4.5,47RPP,1,23,4,none,False,transformer_v1_32,high,32,10,2024-05-11,33,2.5,4,best,none,False
porto_alegre_flood_2024__2024-05-28__22JDM__transformer_v1_32-10mc,https://hyp3-tibet-jpl-test-contentbucket-hratibh1y9pa.s3.us-west-2.amazonaws.com/1523a435-cd20-401e-888d-7d49c5c59f43/OPERA_L3_DIST-ALERT-S1_T22JDM_20240604T084940Z_20251215T210008Z_S1A_30_v0.1.zip,s3://hyp3-tibet-jpl-test-contentbucket-hratibh1y9pa1523a435-cd20-401e-888d-7d49c5c59f43/OPERA_L3_DIST-ALERT-S1_T22JDM_20240604T084940Z_20251215T210008Z_S1A_30_v0.1,https://hyp3-tibet-jpl-test-contentbucket-hratibh1y9pa.s3.us-west-2.amazonaws.com/1523a435-cd20-401e-888d-7d49c5c59f43/OPERA_L3_DIST-ALERT-S1_T22JDM_20240604T084940Z_20251215T210008Z_S1A_30_v0.1.png,2025-12-15T20:44:41+00:00,632.539,4.5,22JDM,1,23,4,none,False,transformer_v1_32,high,32,10,2024-06-04,24,2.5,4,best,none,False
chiapas_fire_2024__2024-03-24__15QUU__transformer_v1_32-10mc,https://hyp3-tibet-jpl-test-contentbucket-hratibh1y9pa.s3.us-west-2.amazonaws.com/93dada38-587e-4959-9716-37b686213204/OPERA_L3_DIST-ALERT-S1_T15QUU_20240322T121038Z_20251215T205935Z_S1A_30_v0.1.zip,s3://hyp3-tibet-jpl-test-contentbucket-hratibh1y9pa93dada38-587e-4959-9716-37b686213204/OPERA_L3_DIST-ALERT-S1_T15QUU_20240322T121038Z_20251215T205935Z_S1A_30_v0.1,https://hyp3-tibet-jpl-test-contentbucket-hratibh1y9pa.s3.us-west-2.amazonaws.com/93dada38-587e-4959-9716-37b686213204/OPERA_L3_DIST-ALERT-S1_T15QUU_20240322T121038Z_20251215T205935Z_S1A_30_v0.1.png,2025-12-15T20:44:41+00:00,594.918,4.5,15QUU,1,23,4,none,False,transformer_v1_32,high,32,10,2024-03-22,172,2.5,4,best,none,False
park_fire_2024__2024-07-24__10TFK__transformer_v1_32-10mc,https://hyp3-tibet-jpl-test-contentbucket-hratibh1y9pa.s3.us-west-2.amazonaws.com/5a1cb43d-e70c-425d-91ff-2386a0c552c7/OPERA_L3_DIST-ALERT-S1_T10TFK_20240730T020029Z_20251215T210410Z_S1A_30_v0.1.zip,s3://hyp3-tibet-jpl-test-contentbucket-hratibh1y9pa5a1cb43d-e70c-425d-91ff-2386a0c552c7/OPERA_L3_DIST-ALERT-S1_T10TFK_20240730T020029Z_20251215T210410Z_S1A_30_v0.1,https://hyp3-tibet-jpl-test-contentbucket-hratibh1y9pa.s3.us-west-2.amazonaws.com/5a1cb43d-e70c-425d-91ff-2386a0c552c7/OPERA_L3_DIST-ALERT-S1_T10TFK_20240730T020029Z_20251215T210410Z_S1A_30_v0.1.png,2025-12-15T20:44:41+00:00,866.358,4.5,10TFK,1,23,4,none,False,transformer_v1_32,high,32,10,2024-07-30,137,2.5,4,best,none,False
yajiang_fire_2024__2024-03-15__47RPP__transformer_v1_32-10mc,https://hyp3-tibet-jpl-test-contentbucket-hratibh1y9pa.s3.us-west-2.amazonaws.com/d45ae371-dae5-4e8e-b101-fab9475b885c/OPERA_L3_DIST-ALERT-S1_T47RPP_20240217T232136Z_20251215T205803Z_S1A_30_v0.1.zip,s3://hyp3-tibet-jpl-test-contentbucket-hratibh1y9pad45ae371-dae5-4e8e-b101-fab9475b885c/OPERA_L3_DIST-ALERT-S1_T47RPP_20240217T232136Z_20251215T205803Z_S1A_30_v0.1,https://hyp3-tibet-jpl-test-contentbucket-hratibh1y9pa.s3.us-west-2.amazonaws.com/d45ae371-dae5-4e8e-b101-fab9475b885c/OPERA_L3_DIST-ALERT-S1_T47RPP_20240217T232136Z_20251215T205803Z_S1A_30_v0.1.png,2025-12-15T20:44:41+00:00,500.879,4.5,47RPP,1,23,4,none,False,transformer_v1_32,high,32,10,2024-02-17,33,2.5,4,best,none,False
chiapas_fire_2024__2024-03-24__15QUU__transformer_v1_32-10mc,https://hyp3-tibet-jpl-test-contentbucket-hratibh1y9pa.s3.us-west-2.amazonaws.com/36f0d5b5-7a3d-4f5a-8b00-a89ec5d761a8/OPERA_L3_DIST-ALERT-S1_T15QUU_20240227T121037Z_20251215T210325Z_S1A_30_v0.1.zip,s3://hyp3-tibet-jpl-test-contentbucket-hratibh1y9pa36f0d5b5-7a3d-4f5a-8b00-a89ec5d761a8/OPERA_L3_DIST-ALERT-S1_T15QUU_20240227T121037Z_20251215T210325Z_S1A_30_v0.1,https://hyp3-tibet-jpl-test-contentbucket-hratibh1y9pa.s3.us-west-2.amazonaws.com/36f0d5b5-7a3d-4f5a-8b00-a89ec5d761a8/OPERA_L3_DIST-ALERT-S1_T15QUU_20240227T121037Z_20251215T210325Z_S1A_30_v0.1.png,2025-12-15T20:44:41+00:00,822.813,4.5,15QUU,1,23,4,none,False,transformer_v1_32,high,32,10,2024-02-27,172,2.5,4,best,none,False
park_fire_2024__2024-07-24__10TEK__transformer_v1_32-10mc,https://hyp3-tibet-jpl-test-contentbucket-hratibh1y9pa.s3.us-west-2.amazonaws.com/6d6cb02c-c593-4da4-b70e-43a974471ea9/OPERA_L3_DIST-ALERT-S1_T10TEK_20240821T141547Z_20251215T210107Z_S1A_30_v0.1.zip,s3://hyp3-tibet-jpl-test-contentbucket-hratibh1y9pa6d6cb02c-c593-4da4-b70e-43a974471ea9/OPERA_L3_DIST-ALERT-S1_T10TEK_20240821T141547Z_20251215T210107Z_S1A_30_v0.1,https://hyp3-tibet-jpl-test-contentbucket-hratibh1y9pa.s3.us-west-2.amazonaws.com/6d6cb02c-c593-4da4-b70e-43a974471ea9/OPERA_L3_DIST-ALERT-S1_T10TEK_20240821T141547Z_20251215T210107Z_S1A_30_v0.1.png,2025-12-15T20:44:41+00:00,692.685,4.5,10TEK,1,23,4,none,False,transformer_v1_32,high,32,10,2024-08-21,115,2.5,4,best,none,False
chiapas_fire_2024__2024-03-24__15QUU__transformer_v1_32-10mc,https://hyp3-tibet-jpl-test-contentbucket-hratibh1y9pa.s3.us-west-2.amazonaws.com/ae914444-2ce7-49d8-b053-96b6b546ff68/OPERA_L3_DIST-ALERT-S1_T15QUU_20240313T002334Z_20251215T205706Z_S1A_30_v0.1.zip,s3://hyp3-tibet-jpl-test-contentbucket-hratibh1y9paae914444-2ce7-49d8-b053-96b6b546ff68/OPERA_L3_DIST-ALERT-S1_T15QUU_20240313T002334Z_20251215T205706Z_S1A_30_v0.1,https://hyp3-tibet-jpl-test-contentbucket-hratibh1y9pa.s3.us-west-2.amazonaws.com/ae914444-2ce7-49d8-b053-96b6b546ff68/OPERA_L3_DIST-ALERT-S1_T15QUU_20240313T002334Z_20251215T205706Z_S1A_30_v0.1.png,2025-12-15T20:44:41+00:00,446.353,4.5,15QUU,1,23,4,none,False,transformer_v1_32,high,32,10,2024-03-13,34,2.5,4,best,none,False
park_fire_2024__2024-07-24__10TEK__transformer_v1_32-10mc,https://hyp3-tibet-jpl-test-contentbucket-hratibh1y9pa.s3.us-west-2.amazonaws.com/78a8140c-d628-45ad-a628-6fc5010af199/OPERA_L3_DIST-ALERT-S1_T10TEK_20240823T020034Z_20251215T205646Z_S1A_30_v0.1.zip,s3://hyp3-tibet-jpl-test-contentbucket-hratibh1y9pa78a8140c-d628-45ad-a628-6fc5010af199/OPERA_L3_DIST-ALERT-S1_T10TEK_20240823T020034Z_20251215T205646Z_S1A_30_v0.1,https://hyp3-tibet-jpl-test-contentbucket-hratibh1y9pa.s3.us-west-2.amazonaws.com/78a8140c-d628-45ad-a628-6fc5010af199/OPERA_L3_DIST-ALERT-S1_T10TEK_20240823T020034Z_20251215T205646Z_S1A_30_v0.1.png,2025-12-15T20:44:41+00:00,423.634,4.5,10TEK,1,23,4,none,False,transformer_v1_32,high,32,10,2024-08-23,137,2.5,4,best,none,False
park_fire_2024__2024-07-24__10TEK__transformer_v1_32-10mc,https://hyp3-tibet-jpl-test-contentbucket-hratibh1y9pa.s3.us-west-2.amazonaws.com/2960e5b9-1389-4817-9c52-f7b14fb04b3b/OPERA_L3_DIST-ALERT-S1_T10TEK_20240704T141547Z_20251215T210309Z_S1A_30_v0.1.zip,s3://hyp3-tibet-jpl-test-contentbucket-hratibh1y9pa2960e5b9-1389-4817-9c52-f7b14fb04b3b/OPERA_L3_DIST-ALERT-S1_T10TEK_20240704T141547Z_20251215T210309Z_S1A_30_v0.1,https://hyp3-tibet-jpl-test-contentbucket-hratibh1y9pa.s3.us-west-2.amazonaws.com/2960e5b9-1389-4817-9c52-f7b14fb04b3b/OPERA_L3_DIST-ALERT-S1_T10TEK_20240704T141547Z_20251215T210309Z_S1A_30_v0.1.png,2025-12-15T20:44:41+00:00,813.639,4.5,10TEK,1,23,4,none,False,transformer_v1_32,high,32,10,2024-07-04,115,2.5,4,best,none,False
park_fire_2024__2024-07-24__10TEK__transformer_v1_32-10mc,https://hyp3-tibet-jpl-test-contentbucket-hratibh1y9pa.s3.us-west-2.amazonaws.com/e42c7e17-74c1-43de-947d-d16dd68651b6/OPERA_L3_DIST-ALERT-S1_T10TEK_20240816T140737Z_20251215T205514Z_S1A_30_v0.1.zip,s3://hyp3-tibet-jpl-test-contentbucket-hratibh1y9pae42c7e17-74c1-43de-947d-d16dd68651b6/OPERA_L3_DIST-ALERT-S1_T10TEK_20240816T140737Z_20251215T205514Z_S1A_30_v0.1,https://hyp3-tibet-jpl-test-contentbucket-hratibh1y9pa.s3.us-west-2.amazonaws.com/e42c7e17-74c1-43de-947d-d16dd68651b6/OPERA_L3_DIST-ALERT-S1_T10TEK_20240816T140737Z_20251215T205514Z_S1A_30_v0.1.png,2025-12-15T20:44:41+00:00,326.861,4.5,10TEK,1,23,4,none,False,transformer_v1_32,high,32,10,2024-08-16,42,2.5,4,best,none,False
park_fire_2024__2024-07-24__10TFK__transformer_v1_32-10mc,https://hyp3-tibet-jpl-test-contentbucket-hratibh1y9pa.s3.us-west-2.amazonaws.com/e7ab6bac-1b3f-410a-ba34-84a1cddc35c5/OPERA_L3_DIST-ALERT-S1_T10TFK_20240828T020840Z_20251215T205730Z_S1A_30_v0.1.zip,s3://hyp3-tibet-jpl-test-contentbucket-hratibh1y9pae7ab6bac-1b3f-410a-ba34-84a1cddc35c5/OPERA_L3_DIST-ALERT-S1_T10TFK_20240828T020840Z_20251215T205730Z_S1A_30_v0.1,https://hyp3-tibet-jpl-test-contentbucket-hratibh1y9pa.s3.us-west-2.amazonaws.com/e7ab6bac-1b3f-410a-ba34-84a1cddc35c5/OPERA_L3_DIST-ALERT-S1_T10TFK_20240828T020840Z_20251215T205730Z_S1A_30_v0.1.png,2025-12-15T20:44:41+00:00,456.828,4.5,10TFK,1,23,4,none,False,transformer_v1_32,high,32,10,2024-08-28,35,2.5,4,best,none,False
bangladesh_coastal_flood_2024__2024-07-08__45QZF__transformer_v1_32-10mc,https://hyp3-tibet-jpl-test-contentbucket-hratibh1y9pa.s3.us-west-2.amazonaws.com/125be758-cb22-48db-834c-3ee6e9b45a89/OPERA_L3_DIST-ALERT-S1_T45QZF_20240612T235631Z_20251215T210416Z_S1A_30_v0.1.zip,s3://hyp3-tibet-jpl-test-contentbucket-hratibh1y9pa125be758-cb22-48db-834c-3ee6e9b45a89/OPERA_L3_DIST-ALERT-S1_T45QZF_20240612T235631Z_20251215T210416Z_S1A_30_v0.1,https://hyp3-tibet-jpl-test-contentbucket-hratibh1y9pa.s3.us-west-2.amazonaws.com/125be758-cb22-48db-834c-3ee6e9b45a89/OPERA_L3_DIST-ALERT-S1_T45QZF_20240612T235631Z_20251215T210416Z_S1A_30_v0.1.png,2025-12-15T20:44:41+00:00,885.51,4.5,45QZF,1,23,4,none,False,transformer_v1_32,high,32,10,2024-06-12,150,2.5,4,best,none,False
bangladesh_coastal_flood_2024__2024-07-08__45QYE__transformer_v1_32-10mc,https://hyp3-tibet-jpl-test-contentbucket-hratibh1y9pa.s3.us-west-2.amazonaws.com/0bef4ca0-112c-43eb-b8a0-83c02e61cb93/OPERA_L3_DIST-ALERT-S1_T45QYE_20240902T120429Z_20251215T205634Z_S1A_30_v0.1.zip,s3://hyp3-tibet-jpl-test-contentbucket-hratibh1y9pa0bef4ca0-112c-43eb-b8a0-83c02e61cb93/OPERA_L3_DIST-ALERT-S1_T45QYE_20240902T120429Z_20251215T205634Z_S1A_30_v0.1,https://hyp3-tibet-jpl-test-contentbucket-hratibh1y9pa.s3.us-west-2.amazonaws.com/0bef4ca0-112c-43eb-b8a0-83c02e61cb93/OPERA_L3_DIST-ALERT-S1_T45QYE_20240902T120429Z_20251215T205634Z_S1A_30_v0.1.png,2025-12-15T20:44:41+00:00,409.648,4.5,45QYE,1,23,4,none,False,transformer_v1_32,high,32,10,2024-09-02,114,2.5,4,best,none,False
park_fire_2024__2024-07-24__10TFK__transformer_v1_32-10mc,https://hyp3-tibet-jpl-test-contentbucket-hratibh1y9pa.s3.us-west-2.amazonaws.com/dbb73631-74b3-44ea-9bdf-b8a5590cf4f6/OPERA_L3_DIST-ALERT-S1_T10TFK_20240723T020840Z_20251215T205734Z_S1A_30_v0.1.zip,s3://hyp3-tibet-jpl-test-contentbucket-hratibh1y9padbb73631-74b3-44ea-9bdf-b8a5590cf4f6/OPERA_L3_DIST-ALERT-S1_T10TFK_20240723T020840Z_20251215T205734Z_S1A_30_v0.1,https://hyp3-tibet-jpl-test-contentbucket-hratibh1y9pa.s3.us-west-2.amazonaws.com/dbb73631-74b3-44ea-9bdf-b8a5590cf4f6/OPERA_L3_DIST-ALERT-S1_T10TFK_20240723T020840Z_20251215T205734Z_S1A_30_v0.1.png,2025-12-15T20:44:41+00:00,459.442,4.5,10TFK,1,23,4,none,False,transformer_v1_32,high,32,10,2024-07-23,35,2.5,4,best,none,False
yajiang_fire_2024__2024-03-15__47RQP__transformer_v1_32-10mc,https://hyp3-tibet-jpl-test-contentbucket-hratibh1y9pa.s3.us-west-2.amazonaws.com/0cc1ae36-3b56-42e6-ba87-d4e3b270b9e2/OPERA_L3_DIST-ALERT-S1_T47RQP_20240506T231325Z_20251215T210643Z_S1A_30_v0.1.zip,s3://hyp3-tibet-jpl-test-contentbucket-hratibh1y9pa0cc1ae36-3b56-42e6-ba87-d4e3b270b9e2/OPERA_L3_DIST-ALERT-S1_T47RQP_20240506T231325Z_20251215T210643Z_S1A_30_v0.1,https://hyp3-tibet-jpl-test-contentbucket-hratibh1y9pa.s3.us-west-2.amazonaws.com/0cc1ae36-3b56-42e6-ba87-d4e3b270b9e2/OPERA_L3_DIST-ALERT-S1_T47RQP_20240506T231325Z_20251215T210643Z_S1A_30_v0.1.png,2025-12-15T20:44:41+00:00,1020.371,4.5,47RQP,1,23,4,none,False,transformer_v1_32,high,32,10,2024-05-06,135,2.5,4,best,none,False
bangladesh_coastal_flood_2024__2024-07-08__45QYF__transformer_v1_32-10mc,https://hyp3-tibet-jpl-test-contentbucket-hratibh1y9pa.s3.us-west-2.amazonaws.com/2268ca06-d8b0-4526-a17c-fca11a92c9c0/OPERA_L3_DIST-ALERT-S1_T45QYF_20240826T121252Z_20251215T210136Z_S1A_30_v0.1.zip,s3://hyp3-tibet-jpl-test-contentbucket-hratibh1y9pa2268ca06-d8b0-4526-a17c-fca11a92c9c0/OPERA_L3_DIST-ALERT-S1_T45QYF_20240826T121252Z_20251215T210136Z_S1A_30_v0.1,https://hyp3-tibet-jpl-test-contentbucket-hratibh1y9pa.s3.us-west-2.amazonaws.com/2268ca06-d8b0-4526-a17c-fca11a92c9c0/OPERA_L3_DIST-ALERT-S1_T45QYF_20240826T121252Z_20251215T210136Z_S1A_30_v0.1.png,2025-12-15T20:44:41+00:00,722.526,4.5,45QYF,1,23,4,none,False,transformer_v1_32,high,32,10,2024-08-26,12,2.5,4,best,none,False
yajiang_fire_2024__2024-03-15__47RQP__transformer_v1_32-10mc,https://hyp3-tibet-jpl-test-contentbucket-hratibh1y9pa.s3.us-west-2.amazonaws.com/556dc31d-0625-40e7-91df-22a441b22b2e/OPERA_L3_DIST-ALERT-S1_T47RQP_20240217T111717Z_20251215T210603Z_S1A_30_v0.1.zip,s3://hyp3-tibet-jpl-test-contentbucket-hratibh1y9pa556dc31d-0625-40e7-91df-22a441b22b2e/OPERA_L3_DIST-ALERT-S1_T47RQP_20240217T111717Z_20251215T210603Z_S1A_30_v0.1,https://hyp3-tibet-jpl-test-contentbucket-hratibh1y9pa.s3.us-west-2.amazonaws.com/556dc31d-0625-40e7-91df-22a441b22b2e/OPERA_L3_DIST-ALERT-S1_T47RQP_20240217T111717Z_20251215T210603Z_S1A_30_v0.1.png,2025-12-15T20:44:41+00:00,990.746,4.5,47RQP,1,23,4,none,False,transformer_v1_32,high,32,10,2024-02-17,26,2.5,4,best,none,False
chiapas_fire_2024__2024-03-24__15QUU__transformer_v1_32-10mc,https://hyp3-tibet-jpl-test-contentbucket-hratibh1y9pa.s3.us-west-2.amazonaws.com/32d16a33-09dd-4986-bc06-029f86178f8a/OPERA_L3_DIST-ALERT-S1_T15QUU_20240521T121038Z_20251215T205922Z_S1A_30_v0.1.zip,s3://hyp3-tibet-jpl-test-contentbucket-hratibh1y9pa32d16a33-09dd-4986-bc06-029f86178f8a/OPERA_L3_DIST-ALERT-S1_T15QUU_20240521T121038Z_20251215T205922Z_S1A_30_v0.1,https://hyp3-tibet-jpl-test-contentbucket-hratibh1y9pa.s3.us-west-2.amazonaws.com/32d16a33-09dd-4986-bc06-029f86178f8a/OPERA_L3_DIST-ALERT-S1_T15QUU_20240521T121038Z_20251215T205922Z_S1A_30_v0.1.png,2025-12-15T20:44:41+00:00,583.469,4.5,15QUU,1,23,4,none,False,transformer_v1_32,high,32,10,2024-05-21,172,2.5,4,best,none,False
park_fire_2024__2024-07-24__10TFK__transformer_v1_32-10mc,https://hyp3-tibet-jpl-test-contentbucket-hratibh1y9pa.s3.us-west-2.amazonaws.com/ade31204-cd69-43d7-8b20-68a1f7b780fa/OPERA_L3_DIST-ALERT-S1_T10TFK_20240723T140734Z_20251215T210334Z_S1A_30_v0.1.zip,s3://hyp3-tibet-jpl-test-contentbucket-hratibh1y9paade31204-cd69-43d7-8b20-68a1f7b780fa/OPERA_L3_DIST-ALERT-S1_T10TFK_20240723T140734Z_20251215T210334Z_S1A_30_v0.1,https://hyp3-tibet-jpl-test-contentbucket-hratibh1y9pa.s3.us-west-2.amazonaws.com/ade31204-cd69-43d7-8b20-68a1f7b780fa/OPERA_L3_DIST-ALERT-S1_T10TFK_20240723T140734Z_20251215T210334Z_S1A_30_v0.1.png,2025-12-15T20:44:41+00:00,838.792,4.5,10TFK,1,23,4,none,False,transformer_v1_32,high,32,10,2024-07-23,42,2.5,4,best,none,False
porto_alegre_flood_2024__2024-05-28__22JDN__transformer_v1_32-10mc,https://hyp3-tibet-jpl-test-contentbucket-hratibh1y9pa.s3.us-west-2.amazonaws.com/6381800f-63e4-4b8c-822d-0cbe9cc7b36b/OPERA_L3_DIST-ALERT-S1_T22JDN_20240530T084130Z_20251215T205222Z_S1A_30_v0.1.zip,s3://hyp3-tibet-jpl-test-contentbucket-hratibh1y9pa6381800f-63e4-4b8c-822d-0cbe9cc7b36b/OPERA_L3_DIST-ALERT-S1_T22JDN_20240530T084130Z_20251215T205222Z_S1A_30_v0.1,https://hyp3-tibet-jpl-test-contentbucket-hratibh1y9pa.s3.us-west-2.amazonaws.com/6381800f-63e4-4b8c-822d-0cbe9cc7b36b/OPERA_L3_DIST-ALERT-S1_T22JDN_20240530T084130Z_20251215T205222Z_S1A_30_v0.1.png,2025-12-15T20:44:41+00:00,148.712,4.5,22JDN,1,23,4,none,False,transformer_v1_32,high,32,10,2024-05-30,126,2.5,4,best,none,False
chiapas_fire_2024__2024-03-24__15QUU__transformer_v1_32-10mc,https://hyp3-tibet-jpl-test-contentbucket-hratibh1y9pa.s3.us-west-2.amazonaws.com/9c3b88ad-984f-433e-b0c9-89c9845d28f4/OPERA_L3_DIST-ALERT-S1_T15QUU_20240406T002335Z_20251215T205725Z_S1A_30_v0.1.zip,s3://hyp3-tibet-jpl-test-contentbucket-hratibh1y9pa9c3b88ad-984f-433e-b0c9-89c9845d28f4/OPERA_L3_DIST-ALERT-S1_T15QUU_20240406T002335Z_20251215T205725Z_S1A_30_v0.1,https://hyp3-tibet-jpl-test-contentbucket-hratibh1y9pa.s3.us-west-2.amazonaws.com/9c3b88ad-984f-433e-b0c9-89c9845d28f4/OPERA_L3_DIST-ALERT-S1_T15QUU_20240406T002335Z_20251215T205725Z_S1A_30_v0.1.png,2025-12-15T20:44:41+00:00,459.331,4.5,15QUU,1,23,4,none,False,transformer_v1_32,high,32,10,2024-04-06,34,2.5,4,best,none,False
park_fire_2024__2024-07-24__10TFK__transformer_v1_32-10mc,https://hyp3-tibet-jpl-test-contentbucket-hratibh1y9pa.s3.us-west-2.amazonaws.com/377b18c4-8d3f-4337-9e39-bc487153532f/OPERA_L3_DIST-ALERT-S1_T10TFK_20240804T140734Z_20251215T210041Z_S1A_30_v0.1.zip,s3://hyp3-tibet-jpl-test-contentbucket-hratibh1y9pa377b18c4-8d3f-4337-9e39-bc487153532f/OPERA_L3_DIST-ALERT-S1_T10TFK_20240804T140734Z_20251215T210041Z_S1A_30_v0.1,https://hyp3-tibet-jpl-test-contentbucket-hratibh1y9pa.s3.us-west-2.amazonaws.com/377b18c4-8d3f-4337-9e39-bc487153532f/OPERA_L3_DIST-ALERT-S1_T10TFK_20240804T140734Z_20251215T210041Z_S1A_30_v0.1.png,2025-12-15T20:44:41+00:00,657.198,4.5,10TFK,1,23,4,none,False,transformer_v1_32,high,32,10,2024-08-04,42,2.5,4,best,none,False
