job_name,zip_url,browse_url,product_request_time,processing_duration,high_confidence_alert_threshold,mgrs_tile_id,post_date_buffer_days,stride_for_norm_param_estimation,n_workers_for_norm_param_estimation,delta_lookback_days_mw,use_date_encoding,model_source,memory_strategy,batch_size_for_norm_param_estimation,post_date,track_number,low_confidence_alert_threshold,n_workers_for_despeckling,device,max_pre_imgs_per_burst_mw,model_compilation
durkee_fire_2024__11TMJ,https://hyp3-tibet-jpl-test-contentbucket-hratibh1y9pa.s3.us-west-2.amazonaws.com/a4771a64-4f2c-4e1d-9e8a-e04ec2c7dccf/OPERA_L3_DIST-ALERT-S1_T11TMJ_20240730T135819Z_20251017T014844Z_S1A_30_v0.1.zip,https://hyp3-tibet-jpl-test-contentbucket-hratibh1y9pa.s3.us-west-2.amazonaws.com/a4771a64-4f2c-4e1d-9e8a-e04ec2c7dccf/OPERA_L3_DIST-ALERT-S1_T11TMJ_20240730T135819Z_20251017T014844Z_S1A_30_v0.1.png,2025-10-16T22:25:24+00:00,1008.556,4.5,11TMJ,1,7,4,none,False,transformer_optimized,high,32,2024-07-30,144,2.5,4,best,none,False
durkee_fire_2024__11TMK,https://hyp3-tibet-jpl-test-contentbucket-hratibh1y9pa.s3.us-west-2.amazonaws.com/17813d66-1268-4c28-b91a-b982bb563f16/OPERA_L3_DIST-ALERT-S1_T11TMK_20240909T140624Z_20251017T013950Z_S1A_30_v0.1.zip,https://hyp3-tibet-jpl-test-contentbucket-hratibh1y9pa.s3.us-west-2.amazonaws.com/17813d66-1268-4c28-b91a-b982bb563f16/OPERA_L3_DIST-ALERT-S1_T11TMK_20240909T140624Z_20251017T013950Z_S1A_30_v0.1.png,2025-10-16T22:25:24+00:00,500.253,4.5,11TMK,1,7,4,none,False,transformer_optimized,high,32,2024-09-09,42,2.5,4,best,none,False
durkee_fire_2024__11TMJ,https://hyp3-tibet-jpl-test-contentbucket-hratibh1y9pa.s3.us-west-2.amazonaws.com/5ccd816b-9578-48a3-afe6-70b282b6f67f/OPERA_L3_DIST-ALERT-S1_T11TMJ_20240823T135819Z_20251017T015420Z_S1A_30_v0.1.zip,https://hyp3-tibet-jpl-test-contentbucket-hratibh1y9pa.s3.us-west-2.amazonaws.com/5ccd816b-9578-48a3-afe6-70b282b6f67f/OPERA_L3_DIST-ALERT-S1_T11TMJ_20240823T135819Z_20251017T015420Z_S1A_30_v0.1.png,2025-10-16T22:25:24+00:00,1468.343,4.5,11TMJ,1,7,4,none,False,transformer_optimized,high,32,2024-08-23,144,2.5,4,best,none,False
durkee_fire_2024__11TMJ,https://hyp3-tibet-jpl-test-contentbucket-hratibh1y9pa.s3.us-west-2.amazonaws.com/d3ecffce-c1ec-4a6d-81b2-0b657f52e73a/OPERA_L3_DIST-ALERT-S1_T11TMJ_20240911T135010Z_20251017T013405Z_S1A_30_v0.1.zip,https://hyp3-tibet-jpl-test-contentbucket-hratibh1y9pa.s3.us-west-2.amazonaws.com/d3ecffce-c1ec-4a6d-81b2-0b657f52e73a/OPERA_L3_DIST-ALERT-S1_T11TMJ_20240911T135010Z_20251017T013405Z_S1A_30_v0.1.png,2025-10-16T22:25:24+00:00,651.496,4.5,11TMJ,1,7,4,none,False,transformer_optimized,high,32,2024-09-11,71,2.5,4,best,none,False
durkee_fire_2024__11TMJ,https://hyp3-tibet-jpl-test-contentbucket-hratibh1y9pa.s3.us-west-2.amazonaws.com/f44f87aa-f349-42b7-a797-756a49068f44/OPERA_L3_DIST-ALERT-S1_T11TMJ_20240629T140632Z_20251017T013353Z_S1A_30_v0.1.zip,https://hyp3-tibet-jpl-test-contentbucket-hratibh1y9pa.s3.us-west-2.amazonaws.com/f44f87aa-f349-42b7-a797-756a49068f44/OPERA_L3_DIST-ALERT-S1_T11TMJ_20240629T140632Z_20251017T013353Z_S1A_30_v0.1.png,2025-10-16T22:25:24+00:00,667.371,4.5,11TMJ,1,7,4,none,False,transformer_optimized,high,32,2024-06-29,42,2.5,4,best,none,False
durkee_fire_2024__11TMJ,https://hyp3-tibet-jpl-test-contentbucket-hratibh1y9pa.s3.us-west-2.amazonaws.com/40200f30-4470-456c-b159-4d6ec5b388c5/OPERA_L3_DIST-ALERT-S1_T11TMJ_20240711T140632Z_20251017T013234Z_S1A_30_v0.1.zip,https://hyp3-tibet-jpl-test-contentbucket-hratibh1y9pa.s3.us-west-2.amazonaws.com/40200f30-4470-456c-b159-4d6ec5b388c5/OPERA_L3_DIST-ALERT-S1_T11TMJ_20240711T140632Z_20251017T013234Z_S1A_30_v0.1.png,2025-10-16T22:25:24+00:00,743.688,4.5,11TMJ,1,7,4,none,False,transformer_optimized,high,32,2024-07-11,42,2.5,4,best,none,False
durkee_fire_2024__11TMK,https://hyp3-tibet-jpl-test-contentbucket-hratibh1y9pa.s3.us-west-2.amazonaws.com/9204b4f7-b52f-41ce-8ab6-7a790b2173fb/OPERA_L3_DIST-ALERT-S1_T11TMK_20240904T135804Z_20251017T014400Z_S1A_30_v0.1.zip,https://hyp3-tibet-jpl-test-contentbucket-hratibh1y9pa.s3.us-west-2.amazonaws.com/9204b4f7-b52f-41ce-8ab6-7a790b2173fb/OPERA_L3_DIST-ALERT-S1_T11TMK_20240904T135804Z_20251017T014400Z_S1A_30_v0.1.png,2025-10-16T22:25:24+00:00,1497.572,4.5,11TMK,1,7,4,none,False,transformer_optimized,high,32,2024-09-04,144,2.5,4,best,none,False
durkee_fire_2024__11TMK,https://hyp3-tibet-jpl-test-contentbucket-hratibh1y9pa.s3.us-west-2.amazonaws.com/e1e2089b-b355-40a2-830b-733b01a06b41/OPERA_L3_DIST-ALERT-S1_T11TMK_20240725T134958Z_20251017T012101Z_S1A_30_v0.1.zip,https://hyp3-tibet-jpl-test-contentbucket-hratibh1y9pa.s3.us-west-2.amazonaws.com/e1e2089b-b355-40a2-830b-733b01a06b41/OPERA_L3_DIST-ALERT-S1_T11TMK_20240725T134958Z_20251017T012101Z_S1A_30_v0.1.png,2025-10-16T22:25:24+00:00,514.801,4.5,11TMK,1,7,4,none,False,transformer_optimized,high,32,2024-07-25,71,2.5,4,best,none,False
durkee_fire_2024__11TMK,https://hyp3-tibet-jpl-test-contentbucket-hratibh1y9pa.s3.us-west-2.amazonaws.com/a294d60d-32c9-4d04-9ad7-afcaa5459250/OPERA_L3_DIST-ALERT-S1_T11TMK_20240911T015328Z_20251017T011615Z_S1A_30_v0.1.zip,https://hyp3-tibet-jpl-test-contentbucket-hratibh1y9pa.s3.us-west-2.amazonaws.com/a294d60d-32c9-4d04-9ad7-afcaa5459250/OPERA_L3_DIST-ALERT-S1_T11TMK_20240911T015328Z_20251017T011615Z_S1A_30_v0.1.png,2025-10-16T22:25:24+00:00,350.013,4.5,11TMK,1,7,4,none,False,transformer_optimized,high,32,2024-09-11,64,2.5,4,best,none,False
durkee_fire_2024__11TMK,https://hyp3-tibet-jpl-test-contentbucket-hratibh1y9pa.s3.us-west-2.amazonaws.com/530abb42-7318-4203-a3a7-6c0ee3cb0c24/OPERA_L3_DIST-ALERT-S1_T11TMK_20240911T134958Z_20251017T011845Z_S1A_30_v0.1.zip,https://hyp3-tibet-jpl-test-contentbucket-hratibh1y9pa.s3.us-west-2.amazonaws.com/530abb42-7318-4203-a3a7-6c0ee3cb0c24/OPERA_L3_DIST-ALERT-S1_T11TMK_20240911T134958Z_20251017T011845Z_S1A_30_v0.1.png,2025-10-16T22:25:24+00:00,532.98,4.5,11TMK,1,7,4,none,False,transformer_optimized,high,32,2024-09-11,71,2.5,4,best,none,False
durkee_fire_2024__11TMK,https://hyp3-tibet-jpl-test-contentbucket-hratibh1y9pa.s3.us-west-2.amazonaws.com/1491c9e2-ba6c-41e9-bdfb-ea4a14cf1444/OPERA_L3_DIST-ALERT-S1_T11TMK_20240629T140624Z_20251017T011712Z_S1A_30_v0.1.zip,https://hyp3-tibet-jpl-test-contentbucket-hratibh1y9pa.s3.us-west-2.amazonaws.com/1491c9e2-ba6c-41e9-bdfb-ea4a14cf1444/OPERA_L3_DIST-ALERT-S1_T11TMK_20240629T140624Z_20251017T011712Z_S1A_30_v0.1.png,2025-10-16T22:25:24+00:00,532.387,4.5,11TMK,1,7,4,none,False,transformer_optimized,high,32,2024-06-29,42,2.5,4,best,none,False
durkee_fire_2024__11TMJ,https://hyp3-tibet-jpl-test-contentbucket-hratibh1y9pa.s3.us-west-2.amazonaws.com/92f7d745-79d0-4efa-81f0-5ac4183f831e/OPERA_L3_DIST-ALERT-S1_T11TMJ_20240725T135009Z_20251017T010631Z_S1A_30_v0.1.zip,https://hyp3-tibet-jpl-test-contentbucket-hratibh1y9pa.s3.us-west-2.amazonaws.com/92f7d745-79d0-4efa-81f0-5ac4183f831e/OPERA_L3_DIST-ALERT-S1_T11TMJ_20240725T135009Z_20251017T010631Z_S1A_30_v0.1.png,2025-10-16T22:25:24+00:00,538.408,4.5,11TMJ,1,7,4,none,False,transformer_optimized,high,32,2024-07-25,71,2.5,4,best,none,False
durkee_fire_2024__11TMJ,https://hyp3-tibet-jpl-test-contentbucket-hratibh1y9pa.s3.us-west-2.amazonaws.com/42cd0398-d094-4165-ac8c-92a0fa989878/OPERA_L3_DIST-ALERT-S1_T11TMJ_20240718T135819Z_20251017T012634Z_S1A_30_v0.1.zip,https://hyp3-tibet-jpl-test-contentbucket-hratibh1y9pa.s3.us-west-2.amazonaws.com/42cd0398-d094-4165-ac8c-92a0fa989878/OPERA_L3_DIST-ALERT-S1_T11TMJ_20240718T135819Z_20251017T012634Z_S1A_30_v0.1.png,2025-10-16T22:25:24+00:00,1756.796,4.5,11TMJ,1,7,4,none,False,transformer_optimized,high,32,2024-07-18,144,2.5,4,best,none,False
durkee_fire_2024__11TMJ,https://hyp3-tibet-jpl-test-contentbucket-hratibh1y9pa.s3.us-west-2.amazonaws.com/f7acefe1-61d2-4d38-95ff-1148270942c0/OPERA_L3_DIST-ALERT-S1_T11TMJ_20240820T013653Z_20251017T010151Z_S1A_30_v0.1.zip,https://hyp3-tibet-jpl-test-contentbucket-hratibh1y9pa.s3.us-west-2.amazonaws.com/f7acefe1-61d2-4d38-95ff-1148270942c0/OPERA_L3_DIST-ALERT-S1_T11TMJ_20240820T013653Z_20251017T010151Z_S1A_30_v0.1.png,2025-10-16T22:25:24+00:00,603.876,4.5,11TMJ,1,7,4,none,False,transformer_optimized,high,32,2024-08-20,93,2.5,4,best,none,False
durkee_fire_2024__11TMJ,https://hyp3-tibet-jpl-test-contentbucket-hratibh1y9pa.s3.us-west-2.amazonaws.com/a00555ab-c05e-42d9-996a-67e09b4f2e91/OPERA_L3_DIST-ALERT-S1_T11TMJ_20240818T015314Z_20251017T010106Z_S1A_30_v0.1.zip,https://hyp3-tibet-jpl-test-contentbucket-hratibh1y9pa.s3.us-west-2.amazonaws.com/a00555ab-c05e-42d9-996a-67e09b4f2e91/OPERA_L3_DIST-ALERT-S1_T11TMJ_20240818T015314Z_20251017T010106Z_S1A_30_v0.1.png,2025-10-16T22:25:24+00:00,678.912,4.5,11TMJ,1,7,4,none,False,transformer_optimized,high,32,2024-08-18,64,2.5,4,best,none,False
durkee_fire_2024__11TMK,https://hyp3-tibet-jpl-test-contentbucket-hratibh1y9pa.s3.us-west-2.amazonaws.com/3d90422b-f032-40cc-9236-6ac724bd30b3/OPERA_L3_DIST-ALERT-S1_T11TMK_20240818T134958Z_20251017T005101Z_S1A_30_v0.1.zip,https://hyp3-tibet-jpl-test-contentbucket-hratibh1y9pa.s3.us-west-2.amazonaws.com/3d90422b-f032-40cc-9236-6ac724bd30b3/OPERA_L3_DIST-ALERT-S1_T11TMK_20240818T134958Z_20251017T005101Z_S1A_30_v0.1.png,2025-10-16T22:25:24+00:00,380.318,4.5,11TMK,1,7,4,none,False,transformer_optimized,high,32,2024-08-18,71,2.5,4,best,none,False
durkee_fire_2024__11TMJ,https://hyp3-tibet-jpl-test-contentbucket-hratibh1y9pa.s3.us-west-2.amazonaws.com/2660ee78-e987-4f0f-8e48-ce6e8b3aec81/OPERA_L3_DIST-ALERT-S1_T11TMJ_20240804T140632Z_20251017T005226Z_S1A_30_v0.1.zip,https://hyp3-tibet-jpl-test-contentbucket-hratibh1y9pa.s3.us-west-2.amazonaws.com/2660ee78-e987-4f0f-8e48-ce6e8b3aec81/OPERA_L3_DIST-ALERT-S1_T11TMJ_20240804T140632Z_20251017T005226Z_S1A_30_v0.1.png,2025-10-16T22:25:24+00:00,777.158,4.5,11TMJ,1,7,4,none,False,transformer_optimized,high,32,2024-08-04,42,2.5,4,best,none,False
durkee_fire_2024__11TMK,https://hyp3-tibet-jpl-test-contentbucket-hratibh1y9pa.s3.us-west-2.amazonaws.com/e8e648e7-0838-47a0-a649-9d4ba06dd124/OPERA_L3_DIST-ALERT-S1_T11TMK_20240820T013707Z_20251017T003558Z_S1A_30_v0.1.zip,https://hyp3-tibet-jpl-test-contentbucket-hratibh1y9pa.s3.us-west-2.amazonaws.com/e8e648e7-0838-47a0-a649-9d4ba06dd124/OPERA_L3_DIST-ALERT-S1_T11TMK_20240820T013707Z_20251017T003558Z_S1A_30_v0.1.png,2025-10-16T22:25:24+00:00,219.488,4.5,11TMK,1,7,4,none,False,transformer_optimized,high,32,2024-08-20,93,2.5,4,best,none,False
durkee_fire_2024__11TMK,https://hyp3-tibet-jpl-test-contentbucket-hratibh1y9pa.s3.us-west-2.amazonaws.com/fc465c62-ddbe-44e0-a0b5-0c4d3285c111/OPERA_L3_DIST-ALERT-S1_T11TMK_20240828T140624Z_20251017T004038Z_S1A_30_v0.1.zip,https://hyp3-tibet-jpl-test-contentbucket-hratibh1y9pa.s3.us-west-2.amazonaws.com/fc465c62-ddbe-44e0-a0b5-0c4d3285c111/OPERA_L3_DIST-ALERT-S1_T11TMK_20240828T140624Z_20251017T004038Z_S1A_30_v0.1.png,2025-10-16T22:25:24+00:00,504.68,4.5,11TMK,1,7,4,none,False,transformer_optimized,high,32,2024-08-28,42,2.5,4,best,none,False
durkee_fire_2024__11TMK,https://hyp3-tibet-jpl-test-contentbucket-hratibh1y9pa.s3.us-west-2.amazonaws.com/1de75231-1234-47a4-ab69-2bb76fc53e04/OPERA_L3_DIST-ALERT-S1_T11TMK_20240901T013707Z_20251017T003534Z_S1A_30_v0.1.zip,https://hyp3-tibet-jpl-test-contentbucket-hratibh1y9pa.s3.us-west-2.amazonaws.com/1de75231-1234-47a4-ab69-2bb76fc53e04/OPERA_L3_DIST-ALERT-S1_T11TMK_20240901T013707Z_20251017T003534Z_S1A_30_v0.1.png,2025-10-16T22:25:24+00:00,196.331,4.5,11TMK,1,7,4,none,False,transformer_optimized,high,32,2024-09-01,93,2.5,4,best,none,False
durkee_fire_2024__11TMJ,https://hyp3-tibet-jpl-test-contentbucket-hratibh1y9pa.s3.us-west-2.amazonaws.com/41c277f6-85b0-4268-a05d-67858812b567/OPERA_L3_DIST-ALERT-S1_T11TMJ_20240904T135819Z_20251017T010049Z_S1A_30_v0.1.zip,https://hyp3-tibet-jpl-test-contentbucket-hratibh1y9pa.s3.us-west-2.amazonaws.com/41c277f6-85b0-4268-a05d-67858812b567/OPERA_L3_DIST-ALERT-S1_T11TMJ_20240904T135819Z_20251017T010049Z_S1A_30_v0.1.png,2025-10-16T22:25:24+00:00,1877.245,4.5,11TMJ,1,7,4,none,False,transformer_optimized,high,32,2024-09-04,144,2.5,4,best,none,False
durkee_fire_2024__11TMJ,https://hyp3-tibet-jpl-test-contentbucket-hratibh1y9pa.s3.us-west-2.amazonaws.com/08b932cb-0254-4cdd-a94e-abbd332db1ec/OPERA_L3_DIST-ALERT-S1_T11TMJ_20240901T013653Z_20251017T003252Z_S1A_30_v0.1.zip,https://hyp3-tibet-jpl-test-contentbucket-hratibh1y9pa.s3.us-west-2.amazonaws.com/08b932cb-0254-4cdd-a94e-abbd332db1ec/OPERA_L3_DIST-ALERT-S1_T11TMJ_20240901T013653Z_20251017T003252Z_S1A_30_v0.1.png,2025-10-16T22:25:24+00:00,748.301,4.5,11TMJ,1,7,4,none,False,transformer_optimized,high,32,2024-09-01,93,2.5,4,best,none,False
durkee_fire_2024__11TMJ,https://hyp3-tibet-jpl-test-contentbucket-hratibh1y9pa.s3.us-west-2.amazonaws.com/13989111-5888-4264-abf0-6af52b2abd0e/OPERA_L3_DIST-ALERT-S1_T11TMJ_20240806T135009Z_20251017T003154Z_S1A_30_v0.1.zip,https://hyp3-tibet-jpl-test-contentbucket-hratibh1y9pa.s3.us-west-2.amazonaws.com/13989111-5888-4264-abf0-6af52b2abd0e/OPERA_L3_DIST-ALERT-S1_T11TMJ_20240806T135009Z_20251017T003154Z_S1A_30_v0.1.png,2025-10-16T22:25:24+00:00,690.448,4.5,11TMJ,1,7,4,none,False,transformer_optimized,high,32,2024-08-06,71,2.5,4,best,none,False
durkee_fire_2024__11TMJ,https://hyp3-tibet-jpl-test-contentbucket-hratibh1y9pa.s3.us-west-2.amazonaws.com/d687d0b9-ef9e-4efb-98f1-35d7bc972e62/OPERA_L3_DIST-ALERT-S1_T11TMJ_20240818T135009Z_20251017T002650Z_S1A_30_v0.1.zip,https://hyp3-tibet-jpl-test-contentbucket-hratibh1y9pa.s3.us-west-2.amazonaws.com/d687d0b9-ef9e-4efb-98f1-35d7bc972e62/OPERA_L3_DIST-ALERT-S1_T11TMJ_20240818T135009Z_20251017T002650Z_S1A_30_v0.1.png,2025-10-16T22:25:24+00:00,701.105,4.5,11TMJ,1,7,4,none,False,transformer_optimized,high,32,2024-08-18,71,2.5,4,best,none,False
durkee_fire_2024__11TMK,https://hyp3-tibet-jpl-test-contentbucket-hratibh1y9pa.s3.us-west-2.amazonaws.com/bd6a6ba9-1e05-4849-80b5-f44ed48c2672/OPERA_L3_DIST-ALERT-S1_T11TMK_20240727T013706Z_20251017T001958Z_S1A_30_v0.1.zip,https://hyp3-tibet-jpl-test-contentbucket-hratibh1y9pa.s3.us-west-2.amazonaws.com/bd6a6ba9-1e05-4849-80b5-f44ed48c2672/OPERA_L3_DIST-ALERT-S1_T11TMK_20240727T013706Z_20251017T001958Z_S1A_30_v0.1.png,2025-10-16T22:25:24+00:00,281.946,4.5,11TMK,1,7,4,none,False,transformer_optimized,high,32,2024-07-27,93,2.5,4,best,none,False
durkee_fire_2024__11TMJ,https://hyp3-tibet-jpl-test-contentbucket-hratibh1y9pa.s3.us-west-2.amazonaws.com/f4ae3b55-ad58-4309-a1ad-3c64c7f848c7/OPERA_L3_DIST-ALERT-S1_T11TMJ_20240701T015314Z_20251017T002342Z_S1A_30_v0.1.zip,https://hyp3-tibet-jpl-test-contentbucket-hratibh1y9pa.s3.us-west-2.amazonaws.com/f4ae3b55-ad58-4309-a1ad-3c64c7f848c7/OPERA_L3_DIST-ALERT-S1_T11TMJ_20240701T015314Z_20251017T002342Z_S1A_30_v0.1.png,2025-10-16T22:25:24+00:00,631.838,4.5,11TMJ,1,7,4,none,False,transformer_optimized,high,32,2024-07-01,64,2.5,4,best,none,False
durkee_fire_2024__11TMK,https://hyp3-tibet-jpl-test-contentbucket-hratibh1y9pa.s3.us-west-2.amazonaws.com/55035dd9-da82-4a71-9e4e-76a9bcf9f861/OPERA_L3_DIST-ALERT-S1_T11TMK_20240619T134959Z_20251017T002045Z_S1A_30_v0.1.zip,https://hyp3-tibet-jpl-test-contentbucket-hratibh1y9pa.s3.us-west-2.amazonaws.com/55035dd9-da82-4a71-9e4e-76a9bcf9f861/OPERA_L3_DIST-ALERT-S1_T11TMK_20240619T134959Z_20251017T002045Z_S1A_30_v0.1.png,2025-10-16T22:25:24+00:00,485.93,4.5,11TMK,1,7,4,none,False,transformer_optimized,high,32,2024-06-19,71,2.5,4,best,none,False
durkee_fire_2024__11TMK,https://hyp3-tibet-jpl-test-contentbucket-hratibh1y9pa.s3.us-west-2.amazonaws.com/4dbe7e5f-db73-4b5f-a7fc-076376b9f1cf/OPERA_L3_DIST-ALERT-S1_T11TMK_20240711T140624Z_20251017T001028Z_S1A_30_v0.1.zip,https://hyp3-tibet-jpl-test-contentbucket-hratibh1y9pa.s3.us-west-2.amazonaws.com/4dbe7e5f-db73-4b5f-a7fc-076376b9f1cf/OPERA_L3_DIST-ALERT-S1_T11TMK_20240711T140624Z_20251017T001028Z_S1A_30_v0.1.png,2025-10-16T22:25:24+00:00,455.609,4.5,11TMK,1,7,4,none,False,transformer_optimized,high,32,2024-07-11,42,2.5,4,best,none,False
durkee_fire_2024__11TMK,https://hyp3-tibet-jpl-test-contentbucket-hratibh1y9pa.s3.us-west-2.amazonaws.com/291713f8-4812-46f7-916c-6501cb310530/OPERA_L3_DIST-ALERT-S1_T11TMK_20240806T015327Z_20251017T000828Z_S1A_30_v0.1.zip,https://hyp3-tibet-jpl-test-contentbucket-hratibh1y9pa.s3.us-west-2.amazonaws.com/291713f8-4812-46f7-916c-6501cb310530/OPERA_L3_DIST-ALERT-S1_T11TMK_20240806T015327Z_20251017T000828Z_S1A_30_v0.1.png,2025-10-16T22:25:24+00:00,394.971,4.5,11TMK,1,7,4,none,False,transformer_optimized,high,32,2024-08-06,64,2.5,4,best,none,False
durkee_fire_2024__11TMK,https://hyp3-tibet-jpl-test-contentbucket-hratibh1y9pa.s3.us-west-2.amazonaws.com/f7faaa3b-1b4b-4a9a-8ca3-ab6a0f178e0c/OPERA_L3_DIST-ALERT-S1_T11TMK_20240723T140623Z_20251017T000720Z_S1A_30_v0.1.zip,https://hyp3-tibet-jpl-test-contentbucket-hratibh1y9pa.s3.us-west-2.amazonaws.com/f7faaa3b-1b4b-4a9a-8ca3-ab6a0f178e0c/OPERA_L3_DIST-ALERT-S1_T11TMK_20240723T140623Z_20251017T000720Z_S1A_30_v0.1.png,2025-10-16T22:25:24+00:00,327.049,4.5,11TMK,1,7,4,none,False,transformer_optimized,high,32,2024-07-23,42,2.5,4,best,none,False
durkee_fire_2024__11TMJ,https://hyp3-tibet-jpl-test-contentbucket-hratibh1y9pa.s3.us-west-2.amazonaws.com/a04659a5-eba0-407c-8790-531cbb3ca241/OPERA_L3_DIST-ALERT-S1_T11TMJ_20240713T135009Z_20251017T000939Z_S1A_30_v0.1.zip,https://hyp3-tibet-jpl-test-contentbucket-hratibh1y9pa.s3.us-west-2.amazonaws.com/a04659a5-eba0-407c-8790-531cbb3ca241/OPERA_L3_DIST-ALERT-S1_T11TMJ_20240713T135009Z_20251017T000939Z_S1A_30_v0.1.png,2025-10-16T22:25:24+00:00,562.676,4.5,11TMJ,1,7,4,none,False,transformer_optimized,high,32,2024-07-13,71,2.5,4,best,none,False
durkee_fire_2024__11TMJ,https://hyp3-tibet-jpl-test-contentbucket-hratibh1y9pa.s3.us-west-2.amazonaws.com/56725861-5a72-4af1-bf40-53c0d8919725/OPERA_L3_DIST-ALERT-S1_T11TMJ_20240713T015314Z_20251017T000808Z_S1A_30_v0.1.zip,https://hyp3-tibet-jpl-test-contentbucket-hratibh1y9pa.s3.us-west-2.amazonaws.com/56725861-5a72-4af1-bf40-53c0d8919725/OPERA_L3_DIST-ALERT-S1_T11TMJ_20240713T015314Z_20251017T000808Z_S1A_30_v0.1.png,2025-10-16T22:25:24+00:00,563.054,4.5,11TMJ,1,7,4,none,False,transformer_optimized,high,32,2024-07-13,64,2.5,4,best,none,False
durkee_fire_2024__11TMJ,https://hyp3-tibet-jpl-test-contentbucket-hratibh1y9pa.s3.us-west-2.amazonaws.com/e8356a89-1e27-4491-8c08-3fe935766cd5/OPERA_L3_DIST-ALERT-S1_T11TMJ_20240913T013654Z_20251017T000918Z_S1A_30_v0.1.zip,https://hyp3-tibet-jpl-test-contentbucket-hratibh1y9pa.s3.us-west-2.amazonaws.com/e8356a89-1e27-4491-8c08-3fe935766cd5/OPERA_L3_DIST-ALERT-S1_T11TMJ_20240913T013654Z_20251017T000918Z_S1A_30_v0.1.png,2025-10-16T22:25:24+00:00,602.949,4.5,11TMJ,1,7,4,none,False,transformer_optimized,high,32,2024-09-13,93,2.5,4,best,none,False
durkee_fire_2024__11TMK,https://hyp3-tibet-jpl-test-contentbucket-hratibh1y9pa.s3.us-west-2.amazonaws.com/a2db0fce-6574-455d-bb0f-92fbe60544d3/OPERA_L3_DIST-ALERT-S1_T11TMK_20240713T015328Z_20251017T000347Z_S1A_30_v0.1.zip,https://hyp3-tibet-jpl-test-contentbucket-hratibh1y9pa.s3.us-west-2.amazonaws.com/a2db0fce-6574-455d-bb0f-92fbe60544d3/OPERA_L3_DIST-ALERT-S1_T11TMK_20240713T015328Z_20251017T000347Z_S1A_30_v0.1.png,2025-10-16T22:25:24+00:00,361.649,4.5,11TMK,1,7,4,none,False,transformer_optimized,high,32,2024-07-13,64,2.5,4,best,none,False
durkee_fire_2024__11TMK,https://hyp3-tibet-jpl-test-contentbucket-hratibh1y9pa.s3.us-west-2.amazonaws.com/2edf0c96-e872-424e-9227-6e786c01eba0/OPERA_L3_DIST-ALERT-S1_T11TMK_20240823T135803Z_20251017T002932Z_S1A_30_v0.1.zip,https://hyp3-tibet-jpl-test-contentbucket-hratibh1y9pa.s3.us-west-2.amazonaws.com/2edf0c96-e872-424e-9227-6e786c01eba0/OPERA_L3_DIST-ALERT-S1_T11TMK_20240823T135803Z_20251017T002932Z_S1A_30_v0.1.png,2025-10-16T22:25:24+00:00,1978.561,4.5,11TMK,1,7,4,none,False,transformer_optimized,high,32,2024-08-23,144,2.5,4,best,none,False
durkee_fire_2024__11TMK,https://hyp3-tibet-jpl-test-contentbucket-hratibh1y9pa.s3.us-west-2.amazonaws.com/ce37b7c1-4594-466e-b326-f90465d58f62/OPERA_L3_DIST-ALERT-S1_T11TMK_20240830T015328Z_20251017T000000Z_S1A_30_v0.1.zip,https://hyp3-tibet-jpl-test-contentbucket-hratibh1y9pa.s3.us-west-2.amazonaws.com/ce37b7c1-4594-466e-b326-f90465d58f62/OPERA_L3_DIST-ALERT-S1_T11TMK_20240830T015328Z_20251017T000000Z_S1A_30_v0.1.png,2025-10-16T22:25:24+00:00,291.224,4.5,11TMK,1,7,4,none,False,transformer_optimized,high,32,2024-08-30,64,2.5,4,best,none,False
durkee_fire_2024__11TMJ,https://hyp3-tibet-jpl-test-contentbucket-hratibh1y9pa.s3.us-west-2.amazonaws.com/f0fd8ae8-5bfe-4f88-a9b3-a82aa2abc984/OPERA_L3_DIST-ALERT-S1_T11TMJ_20240619T015315Z_20251017T000143Z_S1A_30_v0.1.zip,https://hyp3-tibet-jpl-test-contentbucket-hratibh1y9pa.s3.us-west-2.amazonaws.com/f0fd8ae8-5bfe-4f88-a9b3-a82aa2abc984/OPERA_L3_DIST-ALERT-S1_T11TMJ_20240619T015315Z_20251017T000143Z_S1A_30_v0.1.png,2025-10-16T22:25:24+00:00,641.066,4.5,11TMJ,1,7,4,none,False,transformer_optimized,high,32,2024-06-19,64,2.5,4,best,none,False
durkee_fire_2024__11TMJ,https://hyp3-tibet-jpl-test-contentbucket-hratibh1y9pa.s3.us-west-2.amazonaws.com/9764997c-3438-4130-9720-39a487d40363/OPERA_L3_DIST-ALERT-S1_T11TMJ_20240828T140632Z_20251017T000511Z_S1A_30_v0.1.zip,https://hyp3-tibet-jpl-test-contentbucket-hratibh1y9pa.s3.us-west-2.amazonaws.com/9764997c-3438-4130-9720-39a487d40363/OPERA_L3_DIST-ALERT-S1_T11TMJ_20240828T140632Z_20251017T000511Z_S1A_30_v0.1.png,2025-10-16T22:25:24+00:00,852.774,4.5,11TMJ,1,7,4,none,False,transformer_optimized,high,32,2024-08-28,42,2.5,4,best,none,False
durkee_fire_2024__11TMK,https://hyp3-tibet-jpl-test-contentbucket-hratibh1y9pa.s3.us-west-2.amazonaws.com/27311c32-490f-4b83-bbcd-7b74a1fc66df/OPERA_L3_DIST-ALERT-S1_T11TMK_20240913T013707Z_20251016T235438Z_S1A_30_v0.1.zip,https://hyp3-tibet-jpl-test-contentbucket-hratibh1y9pa.s3.us-west-2.amazonaws.com/27311c32-490f-4b83-bbcd-7b74a1fc66df/OPERA_L3_DIST-ALERT-S1_T11TMK_20240913T013707Z_20251016T235438Z_S1A_30_v0.1.png,2025-10-16T22:25:24+00:00,308.867,4.5,11TMK,1,7,4,none,False,transformer_optimized,high,32,2024-09-13,93,2.5,4,best,none,False
durkee_fire_2024__11TMK,https://hyp3-tibet-jpl-test-contentbucket-hratibh1y9pa.s3.us-west-2.amazonaws.com/6171a016-5b5a-40a6-8b17-ed5709328286/OPERA_L3_DIST-ALERT-S1_T11TMK_20240811T135803Z_20251017T001852Z_S1A_30_v0.1.zip,https://hyp3-tibet-jpl-test-contentbucket-hratibh1y9pa.s3.us-west-2.amazonaws.com/6171a016-5b5a-40a6-8b17-ed5709328286/OPERA_L3_DIST-ALERT-S1_T11TMK_20240811T135803Z_20251017T001852Z_S1A_30_v0.1.png,2025-10-16T22:25:24+00:00,1932.987,4.5,11TMK,1,7,4,none,False,transformer_optimized,high,32,2024-08-11,144,2.5,4,best,none,False
durkee_fire_2024__11TMJ,https://hyp3-tibet-jpl-test-contentbucket-hratibh1y9pa.s3.us-west-2.amazonaws.com/c4473bf9-1d63-42ef-a87e-59759c6a1ec3/OPERA_L3_DIST-ALERT-S1_T11TMJ_20240808T013653Z_20251016T235209Z_S1A_30_v0.1.zip,https://hyp3-tibet-jpl-test-contentbucket-hratibh1y9pa.s3.us-west-2.amazonaws.com/c4473bf9-1d63-42ef-a87e-59759c6a1ec3/OPERA_L3_DIST-ALERT-S1_T11TMJ_20240808T013653Z_20251016T235209Z_S1A_30_v0.1.png,2025-10-16T22:25:24+00:00,627.945,4.5,11TMJ,1,7,4,none,False,transformer_optimized,high,32,2024-08-08,93,2.5,4,best,none,False
durkee_fire_2024__11TMJ,https://hyp3-tibet-jpl-test-contentbucket-hratibh1y9pa.s3.us-west-2.amazonaws.com/e708a4d5-c1ea-456d-ac11-85e965603514/OPERA_L3_DIST-ALERT-S1_T11TMJ_20240703T013653Z_20251016T235149Z_S1A_30_v0.1.zip,https://hyp3-tibet-jpl-test-contentbucket-hratibh1y9pa.s3.us-west-2.amazonaws.com/e708a4d5-c1ea-456d-ac11-85e965603514/OPERA_L3_DIST-ALERT-S1_T11TMJ_20240703T013653Z_20251016T235149Z_S1A_30_v0.1.png,2025-10-16T22:25:24+00:00,668.35,4.5,11TMJ,1,7,4,none,False,transformer_optimized,high,32,2024-07-03,93,2.5,4,best,none,False
durkee_fire_2024__11TMK,https://hyp3-tibet-jpl-test-contentbucket-hratibh1y9pa.s3.us-west-2.amazonaws.com/cd97b7ac-9359-45b7-92dd-9a0c5a9beef5/OPERA_L3_DIST-ALERT-S1_T11TMK_20240818T015328Z_20251016T234154Z_S1A_30_v0.1.zip,https://hyp3-tibet-jpl-test-contentbucket-hratibh1y9pa.s3.us-west-2.amazonaws.com/cd97b7ac-9359-45b7-92dd-9a0c5a9beef5/OPERA_L3_DIST-ALERT-S1_T11TMK_20240818T015328Z_20251016T234154Z_S1A_30_v0.1.png,2025-10-16T22:25:24+00:00,285.218,4.5,11TMK,1,7,4,none,False,transformer_optimized,high,32,2024-08-18,64,2.5,4,best,none,False
durkee_fire_2024__11TMK,https://hyp3-tibet-jpl-test-contentbucket-hratibh1y9pa.s3.us-west-2.amazonaws.com/83429fad-9d35-4c5c-97c2-879b6366c4ab/OPERA_L3_DIST-ALERT-S1_T11TMK_20240713T134958Z_20251016T234614Z_S1A_30_v0.1.zip,https://hyp3-tibet-jpl-test-contentbucket-hratibh1y9pa.s3.us-west-2.amazonaws.com/83429fad-9d35-4c5c-97c2-879b6366c4ab/OPERA_L3_DIST-ALERT-S1_T11TMK_20240713T134958Z_20251016T234614Z_S1A_30_v0.1.png,2025-10-16T22:25:24+00:00,484.099,4.5,11TMK,1,7,4,none,False,transformer_optimized,high,32,2024-07-13,71,2.5,4,best,none,False
durkee_fire_2024__11TMJ,https://hyp3-tibet-jpl-test-contentbucket-hratibh1y9pa.s3.us-west-2.amazonaws.com/b62f1ed2-7ed5-4b33-a476-d9a4ffc2d702/OPERA_L3_DIST-ALERT-S1_T11TMJ_20240725T015314Z_20251016T234155Z_S1A_30_v0.1.zip,https://hyp3-tibet-jpl-test-contentbucket-hratibh1y9pa.s3.us-west-2.amazonaws.com/b62f1ed2-7ed5-4b33-a476-d9a4ffc2d702/OPERA_L3_DIST-ALERT-S1_T11TMJ_20240725T015314Z_20251016T234155Z_S1A_30_v0.1.png,2025-10-16T22:25:24+00:00,597.266,4.5,11TMJ,1,7,4,none,False,transformer_optimized,high,32,2024-07-25,64,2.5,4,best,none,False
durkee_fire_2024__11TMK,https://hyp3-tibet-jpl-test-contentbucket-hratibh1y9pa.s3.us-west-2.amazonaws.com/ed81ac21-a90f-4b11-ac0f-5935a6d387f5/OPERA_L3_DIST-ALERT-S1_T11TMK_20240701T134959Z_20251016T233644Z_S1A_30_v0.1.zip,https://hyp3-tibet-jpl-test-contentbucket-hratibh1y9pa.s3.us-west-2.amazonaws.com/ed81ac21-a90f-4b11-ac0f-5935a6d387f5/OPERA_L3_DIST-ALERT-S1_T11TMK_20240701T134959Z_20251016T233644Z_S1A_30_v0.1.png,2025-10-16T22:25:24+00:00,379.456,4.5,11TMK,1,7,4,none,False,transformer_optimized,high,32,2024-07-01,71,2.5,4,best,none,False
durkee_fire_2024__11TMK,https://hyp3-tibet-jpl-test-contentbucket-hratibh1y9pa.s3.us-west-2.amazonaws.com/e798a1fd-11bd-49cd-b6f2-0aa749c89475/OPERA_L3_DIST-ALERT-S1_T11TMK_20240701T015328Z_20251016T233545Z_S1A_30_v0.1.zip,https://hyp3-tibet-jpl-test-contentbucket-hratibh1y9pa.s3.us-west-2.amazonaws.com/e798a1fd-11bd-49cd-b6f2-0aa749c89475/OPERA_L3_DIST-ALERT-S1_T11TMK_20240701T015328Z_20251016T233545Z_S1A_30_v0.1.png,2025-10-16T22:25:24+00:00,348.003,4.5,11TMK,1,7,4,none,False,transformer_optimized,high,32,2024-07-01,64,2.5,4,best,none,False
durkee_fire_2024__11TMK,https://hyp3-tibet-jpl-test-contentbucket-hratibh1y9pa.s3.us-west-2.amazonaws.com/736a4c30-1d71-4596-b278-6d02dee4d9d9/OPERA_L3_DIST-ALERT-S1_T11TMK_20240706T135804Z_20251017T000112Z_S1A_30_v0.1.zip,https://hyp3-tibet-jpl-test-contentbucket-hratibh1y9pa.s3.us-west-2.amazonaws.com/736a4c30-1d71-4596-b278-6d02dee4d9d9/OPERA_L3_DIST-ALERT-S1_T11TMK_20240706T135804Z_20251017T000112Z_S1A_30_v0.1.png,2025-10-16T22:25:24+00:00,1928.009,4.5,11TMK,1,7,4,none,False,transformer_optimized,high,32,2024-07-06,144,2.5,4,best,none,False
durkee_fire_2024__11TMJ,https://hyp3-tibet-jpl-test-contentbucket-hratibh1y9pa.s3.us-west-2.amazonaws.com/69a40afa-00dc-4157-8ef4-e403e0d39002/OPERA_L3_DIST-ALERT-S1_T11TMJ_20240624T135820Z_20251016T235826Z_S1A_30_v0.1.zip,https://hyp3-tibet-jpl-test-contentbucket-hratibh1y9pa.s3.us-west-2.amazonaws.com/69a40afa-00dc-4157-8ef4-e403e0d39002/OPERA_L3_DIST-ALERT-S1_T11TMJ_20240624T135820Z_20251016T235826Z_S1A_30_v0.1.png,2025-10-16T22:25:24+00:00,1787.968,4.5,11TMJ,1,7,4,none,False,transformer_optimized,high,32,2024-06-24,144,2.5,4,best,none,False
durkee_fire_2024__11TMJ,https://hyp3-tibet-jpl-test-contentbucket-hratibh1y9pa.s3.us-west-2.amazonaws.com/c1a70ffd-fe6d-49f1-bb87-00a215fe7710/OPERA_L3_DIST-ALERT-S1_T11TMJ_20240816T140632Z_20251016T234149Z_S1A_30_v0.1.zip,https://hyp3-tibet-jpl-test-contentbucket-hratibh1y9pa.s3.us-west-2.amazonaws.com/c1a70ffd-fe6d-49f1-bb87-00a215fe7710/OPERA_L3_DIST-ALERT-S1_T11TMJ_20240816T140632Z_20251016T234149Z_S1A_30_v0.1.png,2025-10-16T22:25:24+00:00,777.467,4.5,11TMJ,1,7,4,none,False,transformer_optimized,high,32,2024-08-16,42,2.5,4,best,none,False
durkee_fire_2024__11TMJ,https://hyp3-tibet-jpl-test-contentbucket-hratibh1y9pa.s3.us-west-2.amazonaws.com/13fd15ec-a137-4b08-8e46-babe369358e1/OPERA_L3_DIST-ALERT-S1_T11TMJ_20240715T013653Z_20251016T233324Z_S1A_30_v0.1.zip,https://hyp3-tibet-jpl-test-contentbucket-hratibh1y9pa.s3.us-west-2.amazonaws.com/13fd15ec-a137-4b08-8e46-babe369358e1/OPERA_L3_DIST-ALERT-S1_T11TMJ_20240715T013653Z_20251016T233324Z_S1A_30_v0.1.png,2025-10-16T22:25:24+00:00,643.472,4.5,11TMJ,1,7,4,none,False,transformer_optimized,high,32,2024-07-15,93,2.5,4,best,none,False
durkee_fire_2024__11TMJ,https://hyp3-tibet-jpl-test-contentbucket-hratibh1y9pa.s3.us-west-2.amazonaws.com/36a6a36c-96b7-4a6a-a75b-be6ecc9d69a5/OPERA_L3_DIST-ALERT-S1_T11TMJ_20240619T135010Z_20251016T232711Z_S1A_30_v0.1.zip,https://hyp3-tibet-jpl-test-contentbucket-hratibh1y9pa.s3.us-west-2.amazonaws.com/36a6a36c-96b7-4a6a-a75b-be6ecc9d69a5/OPERA_L3_DIST-ALERT-S1_T11TMJ_20240619T135010Z_20251016T232711Z_S1A_30_v0.1.png,2025-10-16T22:25:24+00:00,671.668,4.5,11TMJ,1,7,4,none,False,transformer_optimized,high,32,2024-06-19,71,2.5,4,best,none,False
durkee_fire_2024__11TMK,https://hyp3-tibet-jpl-test-contentbucket-hratibh1y9pa.s3.us-west-2.amazonaws.com/bd89cfe7-5420-40bd-b421-89ce6662521d/OPERA_L3_DIST-ALERT-S1_T11TMK_20240806T134958Z_20251016T232239Z_S1A_30_v0.1.zip,https://hyp3-tibet-jpl-test-contentbucket-hratibh1y9pa.s3.us-west-2.amazonaws.com/bd89cfe7-5420-40bd-b421-89ce6662521d/OPERA_L3_DIST-ALERT-S1_T11TMK_20240806T134958Z_20251016T232239Z_S1A_30_v0.1.png,2025-10-16T22:25:24+00:00,459.24,4.5,11TMK,1,7,4,none,False,transformer_optimized,high,32,2024-08-06,71,2.5,4,best,none,False
durkee_fire_2024__11TMK,https://hyp3-tibet-jpl-test-contentbucket-hratibh1y9pa.s3.us-west-2.amazonaws.com/a1fd8499-6f1b-4cf9-81e0-9739b51ddf9d/OPERA_L3_DIST-ALERT-S1_T11TMK_20240619T015329Z_20251016T231836Z_S1A_30_v0.1.zip,https://hyp3-tibet-jpl-test-contentbucket-hratibh1y9pa.s3.us-west-2.amazonaws.com/a1fd8499-6f1b-4cf9-81e0-9739b51ddf9d/OPERA_L3_DIST-ALERT-S1_T11TMK_20240619T015329Z_20251016T231836Z_S1A_30_v0.1.png,2025-10-16T22:25:24+00:00,369.967,4.5,11TMK,1,7,4,none,False,transformer_optimized,high,32,2024-06-19,64,2.5,4,best,none,False
durkee_fire_2024__11TMK,https://hyp3-tibet-jpl-test-contentbucket-hratibh1y9pa.s3.us-west-2.amazonaws.com/fb3abb7d-b31b-44b2-9edc-d1f1590f5bd1/OPERA_L3_DIST-ALERT-S1_T11TMK_20240718T135803Z_20251016T234334Z_S1A_30_v0.1.zip,https://hyp3-tibet-jpl-test-contentbucket-hratibh1y9pa.s3.us-west-2.amazonaws.com/fb3abb7d-b31b-44b2-9edc-d1f1590f5bd1/OPERA_L3_DIST-ALERT-S1_T11TMK_20240718T135803Z_20251016T234334Z_S1A_30_v0.1.png,2025-10-16T22:25:24+00:00,1884.808,4.5,11TMK,1,7,4,none,False,transformer_optimized,high,32,2024-07-18,144,2.5,4,best,none,False
durkee_fire_2024__11TMJ,https://hyp3-tibet-jpl-test-contentbucket-hratibh1y9pa.s3.us-west-2.amazonaws.com/4ce50452-9374-4c87-9f24-625a4f762721/OPERA_L3_DIST-ALERT-S1_T11TMJ_20240830T135009Z_20251016T232019Z_S1A_30_v0.1.zip,https://hyp3-tibet-jpl-test-contentbucket-hratibh1y9pa.s3.us-west-2.amazonaws.com/4ce50452-9374-4c87-9f24-625a4f762721/OPERA_L3_DIST-ALERT-S1_T11TMJ_20240830T135009Z_20251016T232019Z_S1A_30_v0.1.png,2025-10-16T22:25:24+00:00,571.992,4.5,11TMJ,1,7,4,none,False,transformer_optimized,high,32,2024-08-30,71,2.5,4,best,none,False
durkee_fire_2024__11TMJ,https://hyp3-tibet-jpl-test-contentbucket-hratibh1y9pa.s3.us-west-2.amazonaws.com/48ef9a27-59b9-4fca-81ab-7aa7aea0317d/OPERA_L3_DIST-ALERT-S1_T11TMJ_20240830T015314Z_20251016T231543Z_S1A_30_v0.1.zip,https://hyp3-tibet-jpl-test-contentbucket-hratibh1y9pa.s3.us-west-2.amazonaws.com/48ef9a27-59b9-4fca-81ab-7aa7aea0317d/OPERA_L3_DIST-ALERT-S1_T11TMJ_20240830T015314Z_20251016T231543Z_S1A_30_v0.1.png,2025-10-16T22:25:24+00:00,600.598,4.5,11TMJ,1,7,4,none,False,transformer_optimized,high,32,2024-08-30,64,2.5,4,best,none,False
durkee_fire_2024__11TMK,https://hyp3-tibet-jpl-test-contentbucket-hratibh1y9pa.s3.us-west-2.amazonaws.com/6243ad7c-c8ca-4100-b74d-7c645182ce2c/OPERA_L3_DIST-ALERT-S1_T11TMK_20240715T013707Z_20251016T231125Z_S1A_30_v0.1.zip,https://hyp3-tibet-jpl-test-contentbucket-hratibh1y9pa.s3.us-west-2.amazonaws.com/6243ad7c-c8ca-4100-b74d-7c645182ce2c/OPERA_L3_DIST-ALERT-S1_T11TMK_20240715T013707Z_20251016T231125Z_S1A_30_v0.1.png,2025-10-16T22:25:24+00:00,312.496,4.5,11TMK,1,7,4,none,False,transformer_optimized,high,32,2024-07-15,93,2.5,4,best,none,False
durkee_fire_2024__11TMK,https://hyp3-tibet-jpl-test-contentbucket-hratibh1y9pa.s3.us-west-2.amazonaws.com/379d652f-3eca-47e6-84e8-64f7a8d4c694/OPERA_L3_DIST-ALERT-S1_T11TMK_20240621T013708Z_20251016T225931Z_S1A_30_v0.1.zip,https://hyp3-tibet-jpl-test-contentbucket-hratibh1y9pa.s3.us-west-2.amazonaws.com/379d652f-3eca-47e6-84e8-64f7a8d4c694/OPERA_L3_DIST-ALERT-S1_T11TMK_20240621T013708Z_20251016T225931Z_S1A_30_v0.1.png,2025-10-16T22:25:24+00:00,312.596,4.5,11TMK,1,7,4,none,False,transformer_optimized,high,32,2024-06-21,93,2.5,4,best,none,False
durkee_fire_2024__11TMK,https://hyp3-tibet-jpl-test-contentbucket-hratibh1y9pa.s3.us-west-2.amazonaws.com/44741c47-dd79-471f-afce-fb3e7efcd886/OPERA_L3_DIST-ALERT-S1_T11TMK_20240703T013707Z_20251016T224416Z_S1A_30_v0.1.zip,https://hyp3-tibet-jpl-test-contentbucket-hratibh1y9pa.s3.us-west-2.amazonaws.com/44741c47-dd79-471f-afce-fb3e7efcd886/OPERA_L3_DIST-ALERT-S1_T11TMK_20240703T013707Z_20251016T224416Z_S1A_30_v0.1.png,2025-10-16T22:25:24+00:00,261.161,4.5,11TMK,1,7,4,none,False,transformer_optimized,high,32,2024-07-03,93,2.5,4,best,none,False
durkee_fire_2024__11TMJ,https://hyp3-tibet-jpl-test-contentbucket-hratibh1y9pa.s3.us-west-2.amazonaws.com/bb5381a3-1b7a-40a1-99b6-098dc635fb69/OPERA_L3_DIST-ALERT-S1_T11TMJ_20240727T013652Z_20251016T225034Z_S1A_30_v0.1.zip,https://hyp3-tibet-jpl-test-contentbucket-hratibh1y9pa.s3.us-west-2.amazonaws.com/bb5381a3-1b7a-40a1-99b6-098dc635fb69/OPERA_L3_DIST-ALERT-S1_T11TMJ_20240727T013652Z_20251016T225034Z_S1A_30_v0.1.png,2025-10-16T22:25:24+00:00,640.958,4.5,11TMJ,1,7,4,none,False,transformer_optimized,high,32,2024-07-27,93,2.5,4,best,none,False
durkee_fire_2024__11TMK,https://hyp3-tibet-jpl-test-contentbucket-hratibh1y9pa.s3.us-west-2.amazonaws.com/0a1ac345-a110-4cc2-9c70-24cd16fba35a/OPERA_L3_DIST-ALERT-S1_T11TMK_20240725T015327Z_20251016T223402Z_S1A_30_v0.1.zip,https://hyp3-tibet-jpl-test-contentbucket-hratibh1y9pa.s3.us-west-2.amazonaws.com/0a1ac345-a110-4cc2-9c70-24cd16fba35a/OPERA_L3_DIST-ALERT-S1_T11TMK_20240725T015327Z_20251016T223402Z_S1A_30_v0.1.png,2025-10-16T22:25:24+00:00,271.743,4.5,11TMK,1,7,4,none,False,transformer_optimized,high,32,2024-07-25,64,2.5,4,best,none,False
durkee_fire_2024__11TMK,https://hyp3-tibet-jpl-test-contentbucket-hratibh1y9pa.s3.us-west-2.amazonaws.com/64ccbf81-4c29-4158-b501-f7f9ffda3157/OPERA_L3_DIST-ALERT-S1_T11TMK_20240808T013707Z_20251016T230848Z_S1A_30_v0.1.zip,https://hyp3-tibet-jpl-test-contentbucket-hratibh1y9pa.s3.us-west-2.amazonaws.com/64ccbf81-4c29-4158-b501-f7f9ffda3157/OPERA_L3_DIST-ALERT-S1_T11TMK_20240808T013707Z_20251016T230848Z_S1A_30_v0.1.png,2025-10-16T22:25:24+00:00,278.507,4.5,11TMK,1,7,4,none,False,transformer_optimized,high,32,2024-08-08,93,2.5,4,best,none,False
durkee_fire_2024__11TMJ,https://hyp3-tibet-jpl-test-contentbucket-hratibh1y9pa.s3.us-west-2.amazonaws.com/cf38f3b6-270c-45bc-93e5-796e1ae1d0f1/OPERA_L3_DIST-ALERT-S1_T11TMJ_20240621T013654Z_20251016T223842Z_S1A_30_v0.1.zip,https://hyp3-tibet-jpl-test-contentbucket-hratibh1y9pa.s3.us-west-2.amazonaws.com/cf38f3b6-270c-45bc-93e5-796e1ae1d0f1/OPERA_L3_DIST-ALERT-S1_T11TMJ_20240621T013654Z_20251016T223842Z_S1A_30_v0.1.png,2025-10-16T22:25:24+00:00,556.814,4.5,11TMJ,1,7,4,none,False,transformer_optimized,high,32,2024-06-21,93,2.5,4,best,none,False
durkee_fire_2024__11TMK,https://hyp3-tibet-jpl-test-contentbucket-hratibh1y9pa.s3.us-west-2.amazonaws.com/913f3ee1-325d-4457-9080-06e9adcceb38/OPERA_L3_DIST-ALERT-S1_T11TMK_20240830T134958Z_20251016T223657Z_S1A_30_v0.1.zip,https://hyp3-tibet-jpl-test-contentbucket-hratibh1y9pa.s3.us-west-2.amazonaws.com/913f3ee1-325d-4457-9080-06e9adcceb38/OPERA_L3_DIST-ALERT-S1_T11TMK_20240830T134958Z_20251016T223657Z_S1A_30_v0.1.png,2025-10-16T22:25:24+00:00,446.694,4.5,11TMK,1,7,4,none,False,transformer_optimized,high,32,2024-08-30,71,2.5,4,best,none,False
durkee_fire_2024__11TMJ,https://hyp3-tibet-jpl-test-contentbucket-hratibh1y9pa.s3.us-west-2.amazonaws.com/03a33cfa-e2bd-4ca2-9106-09aee2398019/OPERA_L3_DIST-ALERT-S1_T11TMJ_20240806T015314Z_20251016T231124Z_S1A_30_v0.1.zip,https://hyp3-tibet-jpl-test-contentbucket-hratibh1y9pa.s3.us-west-2.amazonaws.com/03a33cfa-e2bd-4ca2-9106-09aee2398019/OPERA_L3_DIST-ALERT-S1_T11TMJ_20240806T015314Z_20251016T231124Z_S1A_30_v0.1.png,2025-10-16T22:25:24+00:00,624.549,4.5,11TMJ,1,7,4,none,False,transformer_optimized,high,32,2024-08-06,64,2.5,4,best,none,False
durkee_fire_2024__11TMK,https://hyp3-tibet-jpl-test-contentbucket-hratibh1y9pa.s3.us-west-2.amazonaws.com/b707d04c-733d-4dff-bb5c-31bf6a451580/OPERA_L3_DIST-ALERT-S1_T11TMK_20240624T135804Z_20251016T232754Z_S1A_30_v0.1.zip,https://hyp3-tibet-jpl-test-contentbucket-hratibh1y9pa.s3.us-west-2.amazonaws.com/b707d04c-733d-4dff-bb5c-31bf6a451580/OPERA_L3_DIST-ALERT-S1_T11TMK_20240624T135804Z_20251016T232754Z_S1A_30_v0.1.png,2025-10-16T22:25:24+00:00,1811.999,4.5,11TMK,1,7,4,none,False,transformer_optimized,high,32,2024-06-24,144,2.5,4,best,none,False
durkee_fire_2024__11TMK,https://hyp3-tibet-jpl-test-contentbucket-hratibh1y9pa.s3.us-west-2.amazonaws.com/513e1583-6133-4c46-bdbb-940a4b0fbad7/OPERA_L3_DIST-ALERT-S1_T11TMK_20240730T135803Z_20251016T232928Z_S1A_30_v0.1.zip,https://hyp3-tibet-jpl-test-contentbucket-hratibh1y9pa.s3.us-west-2.amazonaws.com/513e1583-6133-4c46-bdbb-940a4b0fbad7/OPERA_L3_DIST-ALERT-S1_T11TMK_20240730T135803Z_20251016T232928Z_S1A_30_v0.1.png,2025-10-16T22:25:24+00:00,1755.826,4.5,11TMK,1,7,4,none,False,transformer_optimized,high,32,2024-07-30,144,2.5,4,best,none,False
durkee_fire_2024__11TMJ,https://hyp3-tibet-jpl-test-contentbucket-hratibh1y9pa.s3.us-west-2.amazonaws.com/45498f53-9536-4022-a02b-5c5610ae205a/OPERA_L3_DIST-ALERT-S1_T11TMJ_20240911T015314Z_20251016T230011Z_S1A_30_v0.1.zip,https://hyp3-tibet-jpl-test-contentbucket-hratibh1y9pa.s3.us-west-2.amazonaws.com/45498f53-9536-4022-a02b-5c5610ae205a/OPERA_L3_DIST-ALERT-S1_T11TMJ_20240911T015314Z_20251016T230011Z_S1A_30_v0.1.png,2025-10-16T22:25:24+00:00,630.478,4.5,11TMJ,1,7,4,none,False,transformer_optimized,high,32,2024-09-11,64,2.5,4,best,none,False
durkee_fire_2024__11TMJ,https://hyp3-tibet-jpl-test-contentbucket-hratibh1y9pa.s3.us-west-2.amazonaws.com/62a23f19-4b8b-4d53-8492-795cc6156fda/OPERA_L3_DIST-ALERT-S1_T11TMJ_20240701T135010Z_20251016T223948Z_S1A_30_v0.1.zip,https://hyp3-tibet-jpl-test-contentbucket-hratibh1y9pa.s3.us-west-2.amazonaws.com/62a23f19-4b8b-4d53-8492-795cc6156fda/OPERA_L3_DIST-ALERT-S1_T11TMJ_20240701T135010Z_20251016T223948Z_S1A_30_v0.1.png,2025-10-16T22:25:24+00:00,623.368,4.5,11TMJ,1,7,4,none,False,transformer_optimized,high,32,2024-07-01,71,2.5,4,best,none,False
durkee_fire_2024__11TMK,https://hyp3-tibet-jpl-test-contentbucket-hratibh1y9pa.s3.us-west-2.amazonaws.com/355dff61-99a6-4de6-8fe7-cf4728690acb/OPERA_L3_DIST-ALERT-S1_T11TMK_20240804T140623Z_20251016T223649Z_S1A_30_v0.1.zip,https://hyp3-tibet-jpl-test-contentbucket-hratibh1y9pa.s3.us-west-2.amazonaws.com/355dff61-99a6-4de6-8fe7-cf4728690acb/OPERA_L3_DIST-ALERT-S1_T11TMK_20240804T140623Z_20251016T223649Z_S1A_30_v0.1.png,2025-10-16T22:25:24+00:00,440.339,4.5,11TMK,1,7,4,none,False,transformer_optimized,high,32,2024-08-04,42,2.5,4,best,none,False
durkee_fire_2024__11TMJ,https://hyp3-tibet-jpl-test-contentbucket-hratibh1y9pa.s3.us-west-2.amazonaws.com/89ecd899-b426-451a-bbce-5eba04b197a3/OPERA_L3_DIST-ALERT-S1_T11TMJ_20240909T140632Z_20251016T225215Z_S1A_30_v0.1.zip,https://hyp3-tibet-jpl-test-contentbucket-hratibh1y9pa.s3.us-west-2.amazonaws.com/89ecd899-b426-451a-bbce-5eba04b197a3/OPERA_L3_DIST-ALERT-S1_T11TMJ_20240909T140632Z_20251016T225215Z_S1A_30_v0.1.png,2025-10-16T22:25:24+00:00,771.599,4.5,11TMJ,1,7,4,none,False,transformer_optimized,high,32,2024-09-09,42,2.5,4,best,none,False
durkee_fire_2024__11TMJ,https://hyp3-tibet-jpl-test-contentbucket-hratibh1y9pa.s3.us-west-2.amazonaws.com/bbee00c5-206b-4f6b-859c-daa73186a48e/OPERA_L3_DIST-ALERT-S1_T11TMJ_20240723T140632Z_20251016T225346Z_S1A_30_v0.1.zip,https://hyp3-tibet-jpl-test-contentbucket-hratibh1y9pa.s3.us-west-2.amazonaws.com/bbee00c5-206b-4f6b-859c-daa73186a48e/OPERA_L3_DIST-ALERT-S1_T11TMJ_20240723T140632Z_20251016T225346Z_S1A_30_v0.1.png,2025-10-16T22:25:24+00:00,928.768,4.5,11TMJ,1,7,4,none,False,transformer_optimized,high,32,2024-07-23,42,2.5,4,best,none,False
durkee_fire_2024__11TMJ,https://hyp3-tibet-jpl-test-contentbucket-hratibh1y9pa.s3.us-west-2.amazonaws.com/ab5b9118-7a62-4a64-af44-1ce6cac20ad1/OPERA_L3_DIST-ALERT-S1_T11TMJ_20240811T135819Z_20251016T225852Z_S1A_30_v0.1.zip,https://hyp3-tibet-jpl-test-contentbucket-hratibh1y9pa.s3.us-west-2.amazonaws.com/ab5b9118-7a62-4a64-af44-1ce6cac20ad1/OPERA_L3_DIST-ALERT-S1_T11TMJ_20240811T135819Z_20251016T225852Z_S1A_30_v0.1.png,2025-10-16T22:25:24+00:00,1780.149,4.5,11TMJ,1,7,4,none,False,transformer_optimized,high,32,2024-08-11,144,2.5,4,best,none,False
durkee_fire_2024__11TMJ,https://hyp3-tibet-jpl-test-contentbucket-hratibh1y9pa.s3.us-west-2.amazonaws.com/81ceeebd-fda3-489d-87c6-2e17fe80bed1/OPERA_L3_DIST-ALERT-S1_T11TMJ_20240706T135819Z_20251016T225459Z_S1A_30_v0.1.zip,https://hyp3-tibet-jpl-test-contentbucket-hratibh1y9pa.s3.us-west-2.amazonaws.com/81ceeebd-fda3-489d-87c6-2e17fe80bed1/OPERA_L3_DIST-ALERT-S1_T11TMJ_20240706T135819Z_20251016T225459Z_S1A_30_v0.1.png,2025-10-16T22:25:24+00:00,1546.585,4.5,11TMJ,1,7,4,none,False,transformer_optimized,high,32,2024-07-06,144,2.5,4,best,none,False
durkee_fire_2024__11TMK,https://hyp3-tibet-jpl-test-contentbucket-hratibh1y9pa.s3.us-west-2.amazonaws.com/1a919f57-1123-4695-a205-cc28fd5ce32d/OPERA_L3_DIST-ALERT-S1_T11TMK_20240816T140623Z_20251016T223602Z_S1A_30_v0.1.zip,https://hyp3-tibet-jpl-test-contentbucket-hratibh1y9pa.s3.us-west-2.amazonaws.com/1a919f57-1123-4695-a205-cc28fd5ce32d/OPERA_L3_DIST-ALERT-S1_T11TMK_20240816T140623Z_20251016T223602Z_S1A_30_v0.1.png,2025-10-16T22:25:24+00:00,396.449,4.5,11TMK,1,7,4,none,False,transformer_optimized,high,32,2024-08-16,42,2.5,4,best,none,False
southwest_france_flood_2023__30TXR,https://hyp3-tibet-jpl-test-contentbucket-hratibh1y9pa.s3.us-west-2.amazonaws.com/514b0ec8-6821-4737-811d-c67c5afb2767/OPERA_L3_DIST-ALERT-S1_T30TXR_20240204T060850Z_20251017T014513Z_S1A_30_v0.1.zip,https://hyp3-tibet-jpl-test-contentbucket-hratibh1y9pa.s3.us-west-2.amazonaws.com/514b0ec8-6821-4737-811d-c67c5afb2767/OPERA_L3_DIST-ALERT-S1_T30TXR_20240204T060850Z_20251017T014513Z_S1A_30_v0.1.png,2025-10-16T22:25:23+00:00,761.684,4.5,30TXR,1,7,4,none,False,transformer_optimized,high,32,2024-02-04,8,2.5,4,best,none,False
brazzaville_flood_and_landslides_2024__33MWR,https://hyp3-tibet-jpl-test-contentbucket-hratibh1y9pa.s3.us-west-2.amazonaws.com/8a4d15e9-f6af-45ac-a138-bae2489995a1/OPERA_L3_DIST-ALERT-S1_T33MWR_20240211T043536Z_20251017T014435Z_S1A_30_v0.1.zip,https://hyp3-tibet-jpl-test-contentbucket-hratibh1y9pa.s3.us-west-2.amazonaws.com/8a4d15e9-f6af-45ac-a138-bae2489995a1/OPERA_L3_DIST-ALERT-S1_T33MWR_20240211T043536Z_20251017T014435Z_S1A_30_v0.1.png,2025-10-16T22:25:23+00:00,727.185,4.5,33MWR,1,7,4,none,False,transformer_optimized,high,32,2024-02-11,109,2.5,4,best,none,False
southwest_france_flood_2023__30TXR,https://hyp3-tibet-jpl-test-contentbucket-hratibh1y9pa.s3.us-west-2.amazonaws.com/9440bffd-33ab-4e44-81fa-ff4498eec407/OPERA_L3_DIST-ALERT-S1_T30TXR_20231211T061703Z_20251017T014528Z_S1A_30_v0.1.zip,https://hyp3-tibet-jpl-test-contentbucket-hratibh1y9pa.s3.us-west-2.amazonaws.com/9440bffd-33ab-4e44-81fa-ff4498eec407/OPERA_L3_DIST-ALERT-S1_T30TXR_20231211T061703Z_20251017T014528Z_S1A_30_v0.1.png,2025-10-16T22:25:23+00:00,809.717,4.5,30TXR,1,7,4,none,False,transformer_optimized,high,32,2023-12-11,81,2.5,4,best,none,False
smokehouse_creek_fire_2024__14SLE,https://hyp3-tibet-jpl-test-contentbucket-hratibh1y9pa.s3.us-west-2.amazonaws.com/75a19299-921f-4d7e-95ed-6141ef5f21a4/OPERA_L3_DIST-ALERT-S1_T14SLE_20240323T124630Z_20251017T014034Z_S1A_30_v0.1.zip,https://hyp3-tibet-jpl-test-contentbucket-hratibh1y9pa.s3.us-west-2.amazonaws.com/75a19299-921f-4d7e-95ed-6141ef5f21a4/OPERA_L3_DIST-ALERT-S1_T14SLE_20240323T124630Z_20251017T014034Z_S1A_30_v0.1.png,2025-10-16T22:25:23+00:00,609.456,4.5,14SLE,1,7,4,none,False,transformer_optimized,high,32,2024-03-23,12,2.5,4,best,none,False
southwest_france_flood_2023__30TXR,https://hyp3-tibet-jpl-test-contentbucket-hratibh1y9pa.s3.us-west-2.amazonaws.com/b403a16d-7888-4b0c-89a5-4dc3f614b085/OPERA_L3_DIST-ALERT-S1_T30TXR_20240124T175631Z_20251017T015104Z_S1A_30_v0.1.zip,https://hyp3-tibet-jpl-test-contentbucket-hratibh1y9pa.s3.us-west-2.amazonaws.com/b403a16d-7888-4b0c-89a5-4dc3f614b085/OPERA_L3_DIST-ALERT-S1_T30TXR_20240124T175631Z_20251017T015104Z_S1A_30_v0.1.png,2025-10-16T22:25:23+00:00,1237.103,4.5,30TXR,1,7,4,none,False,transformer_optimized,high,32,2024-01-24,30,2.5,4,best,none,False
smokehouse_creek_fire_2024__14SLE,https://hyp3-tibet-jpl-test-contentbucket-hratibh1y9pa.s3.us-west-2.amazonaws.com/3a7f2939-dc92-4ada-b27b-ed4bc0960a15/OPERA_L3_DIST-ALERT-S1_T14SLE_20240423T003704Z_20251017T013921Z_S1A_30_v0.1.zip,https://hyp3-tibet-jpl-test-contentbucket-hratibh1y9pa.s3.us-west-2.amazonaws.com/3a7f2939-dc92-4ada-b27b-ed4bc0960a15/OPERA_L3_DIST-ALERT-S1_T14SLE_20240423T003704Z_20251017T013921Z_S1A_30_v0.1.png,2025-10-16T22:25:23+00:00,602.908,4.5,14SLE,1,7,4,none,False,transformer_optimized,high,32,2024-04-23,107,2.5,4,best,none,False
smokehouse_creek_fire_2024__14SKE,https://hyp3-tibet-jpl-test-contentbucket-hratibh1y9pa.s3.us-west-2.amazonaws.com/f418c680-950b-4e54-a159-47b896b4fa2c/OPERA_L3_DIST-ALERT-S1_T14SKE_20240416T004514Z_20251017T014016Z_S1A_30_v0.1.zip,https://hyp3-tibet-jpl-test-contentbucket-hratibh1y9pa.s3.us-west-2.amazonaws.com/f418c680-950b-4e54-a159-47b896b4fa2c/OPERA_L3_DIST-ALERT-S1_T14SKE_20240416T004514Z_20251017T014016Z_S1A_30_v0.1.png,2025-10-16T22:25:23+00:00,685.222,4.5,14SKE,1,7,4,none,False,transformer_optimized,high,32,2024-04-16,5,2.5,4,best,none,False
smokehouse_creek_fire_2024__14SLE,https://hyp3-tibet-jpl-test-contentbucket-hratibh1y9pa.s3.us-west-2.amazonaws.com/a6f99865-9b7e-4fc1-80a7-2e5f93c77feb/OPERA_L3_DIST-ALERT-S1_T14SLE_20240416T124631Z_20251017T014927Z_S1A_30_v0.1.zip,https://hyp3-tibet-jpl-test-contentbucket-hratibh1y9pa.s3.us-west-2.amazonaws.com/a6f99865-9b7e-4fc1-80a7-2e5f93c77feb/OPERA_L3_DIST-ALERT-S1_T14SLE_20240416T124631Z_20251017T014927Z_S1A_30_v0.1.png,2025-10-16T22:25:23+00:00,1273.329,4.5,14SLE,1,7,4,none,False,transformer_optimized,high,32,2024-04-16,12,2.5,4,best,none,False
southwest_france_flood_2023__30TXR,https://hyp3-tibet-jpl-test-contentbucket-hratibh1y9pa.s3.us-west-2.amazonaws.com/673ac183-e095-415e-bf8c-f913a5c70d14/OPERA_L3_DIST-ALERT-S1_T30TXR_20231219T175632Z_20251017T015229Z_S1A_30_v0.1.zip,https://hyp3-tibet-jpl-test-contentbucket-hratibh1y9pa.s3.us-west-2.amazonaws.com/673ac183-e095-415e-bf8c-f913a5c70d14/OPERA_L3_DIST-ALERT-S1_T30TXR_20231219T175632Z_20251017T015229Z_S1A_30_v0.1.png,2025-10-16T22:25:23+00:00,1477.564,4.5,30TXR,1,7,4,none,False,transformer_optimized,high,32,2023-12-19,30,2.5,4,best,none,False
monkey_creek_fire_2024__10TGQ,https://hyp3-tibet-jpl-test-contentbucket-hratibh1y9pa.s3.us-west-2.amazonaws.com/ddaa6673-2403-48db-80f3-f606ec72e056/OPERA_L3_DIST-ALERT-S1_T10TGQ_20240816T140624Z_20251017T014617Z_S1A_30_v0.1.zip,https://hyp3-tibet-jpl-test-contentbucket-hratibh1y9pa.s3.us-west-2.amazonaws.com/ddaa6673-2403-48db-80f3-f606ec72e056/OPERA_L3_DIST-ALERT-S1_T10TGQ_20240816T140624Z_20251017T014617Z_S1A_30_v0.1.png,2025-10-16T22:25:23+00:00,1178.2,4.5,10TGQ,1,7,4,none,False,transformer_optimized,high,32,2024-08-16,42,2.5,4,best,none,False
monkey_creek_fire_2024__11TLK,https://hyp3-tibet-jpl-test-contentbucket-hratibh1y9pa.s3.us-west-2.amazonaws.com/933616e4-2390-4dff-a9cf-1087bd2a7c98/OPERA_L3_DIST-ALERT-S1_T11TLK_20240806T015327Z_20251017T014300Z_S1A_30_v0.1.zip,https://hyp3-tibet-jpl-test-contentbucket-hratibh1y9pa.s3.us-west-2.amazonaws.com/933616e4-2390-4dff-a9cf-1087bd2a7c98/OPERA_L3_DIST-ALERT-S1_T11TLK_20240806T015327Z_20251017T014300Z_S1A_30_v0.1.png,2025-10-16T22:25:23+00:00,1074.133,4.5,11TLK,1,7,4,none,False,transformer_optimized,high,32,2024-08-06,64,2.5,4,best,none,False
southwest_france_flood_2023__30TYR,https://hyp3-tibet-jpl-test-contentbucket-hratibh1y9pa.s3.us-west-2.amazonaws.com/6c1c18d3-8dd2-4100-b944-d5f86a0e6a47/OPERA_L3_DIST-ALERT-S1_T30TYR_20231125T175631Z_20251017T014816Z_S1A_30_v0.1.zip,https://hyp3-tibet-jpl-test-contentbucket-hratibh1y9pa.s3.us-west-2.amazonaws.com/6c1c18d3-8dd2-4100-b944-d5f86a0e6a47/OPERA_L3_DIST-ALERT-S1_T30TYR_20231125T175631Z_20251017T014816Z_S1A_30_v0.1.png,2025-10-16T22:25:23+00:00,1299.01,4.5,30TYR,1,7,4,none,False,transformer_optimized,high,32,2023-11-25,30,2.5,4,best,none,False
southwest_france_flood_2023__30TXR,https://hyp3-tibet-jpl-test-contentbucket-hratibh1y9pa.s3.us-west-2.amazonaws.com/9a91cf59-e9c5-4221-bc42-ab232ce82da5/OPERA_L3_DIST-ALERT-S1_T30TXR_20240129T180443Z_20251017T013615Z_S1A_30_v0.1.zip,https://hyp3-tibet-jpl-test-contentbucket-hratibh1y9pa.s3.us-west-2.amazonaws.com/9a91cf59-e9c5-4221-bc42-ab232ce82da5/OPERA_L3_DIST-ALERT-S1_T30TXR_20240129T180443Z_20251017T013615Z_S1A_30_v0.1.png,2025-10-16T22:25:23+00:00,683.768,4.5,30TXR,1,7,4,none,False,transformer_optimized,high,32,2024-01-29,103,2.5,4,best,none,False
smokehouse_creek_fire_2024__14SME,https://hyp3-tibet-jpl-test-contentbucket-hratibh1y9pa.s3.us-west-2.amazonaws.com/10ac338c-6814-453b-abcd-d94ba0965696/OPERA_L3_DIST-ALERT-S1_T14SME_20240318T003659Z_20251017T014901Z_S1A_30_v0.1.zip,https://hyp3-tibet-jpl-test-contentbucket-hratibh1y9pa.s3.us-west-2.amazonaws.com/10ac338c-6814-453b-abcd-d94ba0965696/OPERA_L3_DIST-ALERT-S1_T14SME_20240318T003659Z_20251017T014901Z_S1A_30_v0.1.png,2025-10-16T22:25:23+00:00,1530.863,4.5,14SME,1,7,4,none,False,transformer_optimized,high,32,2024-03-18,107,2.5,4,best,none,False
monkey_creek_fire_2024__11TLK,https://hyp3-tibet-jpl-test-contentbucket-hratibh1y9pa.s3.us-west-2.amazonaws.com/87060947-49aa-4995-b328-b1505d72f318/OPERA_L3_DIST-ALERT-S1_T11TLK_20240904T135807Z_20251017T013157Z_S1A_30_v0.1.zip,https://hyp3-tibet-jpl-test-contentbucket-hratibh1y9pa.s3.us-west-2.amazonaws.com/87060947-49aa-4995-b328-b1505d72f318/OPERA_L3_DIST-ALERT-S1_T11TLK_20240904T135807Z_20251017T013157Z_S1A_30_v0.1.png,2025-10-16T22:25:23+00:00,585.875,4.5,11TLK,1,7,4,none,False,transformer_optimized,high,32,2024-09-04,144,2.5,4,best,none,False
brazzaville_flood_and_landslides_2024__33MWR,https://hyp3-tibet-jpl-test-contentbucket-hratibh1y9pa.s3.us-west-2.amazonaws.com/5940a0d4-37ad-4f41-ad3d-82e4ad250b8f/OPERA_L3_DIST-ALERT-S1_T33MWR_20240223T043536Z_20251017T014150Z_S1A_30_v0.1.zip,https://hyp3-tibet-jpl-test-contentbucket-hratibh1y9pa.s3.us-west-2.amazonaws.com/5940a0d4-37ad-4f41-ad3d-82e4ad250b8f/OPERA_L3_DIST-ALERT-S1_T33MWR_20240223T043536Z_20251017T014150Z_S1A_30_v0.1.png,2025-10-16T22:25:23+00:00,1241.562,4.5,33MWR,1,7,4,none,False,transformer_optimized,high,32,2024-02-23,109,2.5,4,best,none,False
smokehouse_creek_fire_2024__14SME,https://hyp3-tibet-jpl-test-contentbucket-hratibh1y9pa.s3.us-west-2.amazonaws.com/76d69609-2b0e-4f13-bd75-f27bb01b0d2d/OPERA_L3_DIST-ALERT-S1_T14SME_20240411T003658Z_20251017T014659Z_S1A_30_v0.1.zip,https://hyp3-tibet-jpl-test-contentbucket-hratibh1y9pa.s3.us-west-2.amazonaws.com/76d69609-2b0e-4f13-bd75-f27bb01b0d2d/OPERA_L3_DIST-ALERT-S1_T14SME_20240411T003658Z_20251017T014659Z_S1A_30_v0.1.png,2025-10-16T22:25:23+00:00,1595.847,4.5,14SME,1,7,4,none,False,transformer_optimized,high,32,2024-04-11,107,2.5,4,best,none,False
southwest_france_flood_2023__30TXR,https://hyp3-tibet-jpl-test-contentbucket-hratibh1y9pa.s3.us-west-2.amazonaws.com/44e5aad8-55fa-484b-9fae-232a25749aaf/OPERA_L3_DIST-ALERT-S1_T30TXR_20240105T180444Z_20251017T013153Z_S1A_30_v0.1.zip,https://hyp3-tibet-jpl-test-contentbucket-hratibh1y9pa.s3.us-west-2.amazonaws.com/44e5aad8-55fa-484b-9fae-232a25749aaf/OPERA_L3_DIST-ALERT-S1_T30TXR_20240105T180444Z_20251017T013153Z_S1A_30_v0.1.png,2025-10-16T22:25:23+00:00,700.569,4.5,30TXR,1,7,4,none,False,transformer_optimized,high,32,2024-01-05,103,2.5,4,best,none,False
smokehouse_creek_fire_2024__14SLE,https://hyp3-tibet-jpl-test-contentbucket-hratibh1y9pa.s3.us-west-2.amazonaws.com/9002c7b5-5b04-46e3-9f46-973cb1308fd8/OPERA_L3_DIST-ALERT-S1_T14SLE_20240411T003703Z_20251017T013054Z_S1A_30_v0.1.zip,https://hyp3-tibet-jpl-test-contentbucket-hratibh1y9pa.s3.us-west-2.amazonaws.com/9002c7b5-5b04-46e3-9f46-973cb1308fd8/OPERA_L3_DIST-ALERT-S1_T14SLE_20240411T003703Z_20251017T013054Z_S1A_30_v0.1.png,2025-10-16T22:25:23+00:00,616.27,4.5,14SLE,1,7,4,none,False,transformer_optimized,high,32,2024-04-11,107,2.5,4,best,none,False
monkey_creek_fire_2024__10TGQ,https://hyp3-tibet-jpl-test-contentbucket-hratibh1y9pa.s3.us-west-2.amazonaws.com/58d4209d-5c3e-42e0-9b6c-819e88df7e17/OPERA_L3_DIST-ALERT-S1_T10TGQ_20240821T141430Z_20251017T013128Z_S1A_30_v0.1.zip,https://hyp3-tibet-jpl-test-contentbucket-hratibh1y9pa.s3.us-west-2.amazonaws.com/58d4209d-5c3e-42e0-9b6c-819e88df7e17/OPERA_L3_DIST-ALERT-S1_T10TGQ_20240821T141430Z_20251017T013128Z_S1A_30_v0.1.png,2025-10-16T22:25:23+00:00,746.541,4.5,10TGQ,1,7,4,none,False,transformer_optimized,high,32,2024-08-21,115,2.5,4,best,none,False
southwest_france_flood_2023__30TXR,https://hyp3-tibet-jpl-test-contentbucket-hratibh1y9pa.s3.us-west-2.amazonaws.com/820cb413-2c29-49c1-8030-ecf55285f8ae/OPERA_L3_DIST-ALERT-S1_T30TXR_20231129T061703Z_20251017T014127Z_S1A_30_v0.1.zip,https://hyp3-tibet-jpl-test-contentbucket-hratibh1y9pa.s3.us-west-2.amazonaws.com/820cb413-2c29-49c1-8030-ecf55285f8ae/OPERA_L3_DIST-ALERT-S1_T30TXR_20231129T061703Z_20251017T014127Z_S1A_30_v0.1.png,2025-10-16T22:25:23+00:00,1308.326,4.5,30TXR,1,7,4,none,False,transformer_optimized,high,32,2023-11-29,81,2.5,4,best,none,False
monkey_creek_fire_2024__10TGQ,https://hyp3-tibet-jpl-test-contentbucket-hratibh1y9pa.s3.us-west-2.amazonaws.com/2a802f78-215d-46fc-8372-2e59920a8670/OPERA_L3_DIST-ALERT-S1_T10TGQ_20240711T140625Z_20251017T013504Z_S1A_30_v0.1.zip,https://hyp3-tibet-jpl-test-contentbucket-hratibh1y9pa.s3.us-west-2.amazonaws.com/2a802f78-215d-46fc-8372-2e59920a8670/OPERA_L3_DIST-ALERT-S1_T10TGQ_20240711T140625Z_20251017T013504Z_S1A_30_v0.1.png,2025-10-16T22:25:23+00:00,1021.499,4.5,10TGQ,1,7,4,none,False,transformer_optimized,high,32,2024-07-11,42,2.5,4,best,none,False
southwest_france_flood_2023__30TXR,https://hyp3-tibet-jpl-test-contentbucket-hratibh1y9pa.s3.us-west-2.amazonaws.com/a8309be7-bdc5-404a-b423-777b1981df4f/OPERA_L3_DIST-ALERT-S1_T30TXR_20231224T180445Z_20251017T013127Z_S1A_30_v0.1.zip,https://hyp3-tibet-jpl-test-contentbucket-hratibh1y9pa.s3.us-west-2.amazonaws.com/a8309be7-bdc5-404a-b423-777b1981df4f/OPERA_L3_DIST-ALERT-S1_T30TXR_20231224T180445Z_20251017T013127Z_S1A_30_v0.1.png,2025-10-16T22:25:23+00:00,737.862,4.5,30TXR,1,7,4,none,False,transformer_optimized,high,32,2023-12-24,103,2.5,4,best,none,False
tlacotalpan_flood_2024__14QRF,https://hyp3-tibet-jpl-test-contentbucket-hratibh1y9pa.s3.us-west-2.amazonaws.com/e2bb2082-71b1-45da-98ae-49a993142a0b/OPERA_L3_DIST-ALERT-S1_T14QRF_20241029T121820Z_20251017T013933Z_S1A_30_v0.1.zip,https://hyp3-tibet-jpl-test-contentbucket-hratibh1y9pa.s3.us-west-2.amazonaws.com/e2bb2082-71b1-45da-98ae-49a993142a0b/OPERA_L3_DIST-ALERT-S1_T14QRF_20241029T121820Z_20251017T013933Z_S1A_30_v0.1.png,2025-10-16T22:25:23+00:00,1333.418,4.5,14QRF,1,7,4,none,False,transformer_optimized,high,32,2024-10-29,70,2.5,4,best,none,False
tlacotalpan_flood_2024__14QRF,https://hyp3-tibet-jpl-test-contentbucket-hratibh1y9pa.s3.us-west-2.amazonaws.com/53e581c5-e74e-45fe-8c7b-4622593974ee/OPERA_L3_DIST-ALERT-S1_T14QRF_20241122T121819Z_20251017T014120Z_S1A_30_v0.1.zip,https://hyp3-tibet-jpl-test-contentbucket-hratibh1y9pa.s3.us-west-2.amazonaws.com/53e581c5-e74e-45fe-8c7b-4622593974ee/OPERA_L3_DIST-ALERT-S1_T14QRF_20241122T121819Z_20251017T014120Z_S1A_30_v0.1.png,2025-10-16T22:25:23+00:00,1498.084,4.5,14QRF,1,7,4,none,False,transformer_optimized,high,32,2024-11-22,70,2.5,4,best,none,False
southwest_france_flood_2023__30TXR,https://hyp3-tibet-jpl-test-contentbucket-hratibh1y9pa.s3.us-west-2.amazonaws.com/3cfebc29-b5dc-44a5-a79b-5112084f1805/OPERA_L3_DIST-ALERT-S1_T30TXR_20240104T061701Z_20251017T013542Z_S1A_30_v0.1.zip,https://hyp3-tibet-jpl-test-contentbucket-hratibh1y9pa.s3.us-west-2.amazonaws.com/3cfebc29-b5dc-44a5-a79b-5112084f1805/OPERA_L3_DIST-ALERT-S1_T30TXR_20240104T061701Z_20251017T013542Z_S1A_30_v0.1.png,2025-10-16T22:25:23+00:00,1275.744,4.5,30TXR,1,7,4,none,False,transformer_optimized,high,32,2024-01-04,81,2.5,4,best,none,False
southwest_france_flood_2023__30TYR,https://hyp3-tibet-jpl-test-contentbucket-hratibh1y9pa.s3.us-west-2.amazonaws.com/e5e8c1f6-27ae-4032-aad1-d41676eb417b/OPERA_L3_DIST-ALERT-S1_T30TYR_20231219T175630Z_20251017T013555Z_S1A_30_v0.1.zip,https://hyp3-tibet-jpl-test-contentbucket-hratibh1y9pa.s3.us-west-2.amazonaws.com/e5e8c1f6-27ae-4032-aad1-d41676eb417b/OPERA_L3_DIST-ALERT-S1_T30TYR_20231219T175630Z_20251017T013555Z_S1A_30_v0.1.png,2025-10-16T22:25:23+00:00,1516.229,4.5,30TYR,1,7,4,none,False,transformer_optimized,high,32,2023-12-19,30,2.5,4,best,none,False
southwest_france_flood_2023__30TXR,https://hyp3-tibet-jpl-test-contentbucket-hratibh1y9pa.s3.us-west-2.amazonaws.com/f6fead49-f84d-4ee0-b337-e6ed4b9115ac/OPERA_L3_DIST-ALERT-S1_T30TXR_20240117T180443Z_20251017T012228Z_S1A_30_v0.1.zip,https://hyp3-tibet-jpl-test-contentbucket-hratibh1y9pa.s3.us-west-2.amazonaws.com/f6fead49-f84d-4ee0-b337-e6ed4b9115ac/OPERA_L3_DIST-ALERT-S1_T30TXR_20240117T180443Z_20251017T012228Z_S1A_30_v0.1.png,2025-10-16T22:25:23+00:00,757.851,4.5,30TXR,1,7,4,none,False,transformer_optimized,high,32,2024-01-17,103,2.5,4,best,none,False
southwest_france_flood_2023__30TXR,https://hyp3-tibet-jpl-test-contentbucket-hratibh1y9pa.s3.us-west-2.amazonaws.com/d97991a8-a718-4c6c-a2b3-5a595f0ba86d/OPERA_L3_DIST-ALERT-S1_T30TXR_20231124T060853Z_20251017T013329Z_S1A_30_v0.1.zip,https://hyp3-tibet-jpl-test-contentbucket-hratibh1y9pa.s3.us-west-2.amazonaws.com/d97991a8-a718-4c6c-a2b3-5a595f0ba86d/OPERA_L3_DIST-ALERT-S1_T30TXR_20231124T060853Z_20251017T013329Z_S1A_30_v0.1.png,2025-10-16T22:25:23+00:00,1611.373,4.5,30TXR,1,7,4,none,False,transformer_optimized,high,32,2023-11-24,8,2.5,4,best,none,False
monkey_creek_fire_2024__10TGQ,https://hyp3-tibet-jpl-test-contentbucket-hratibh1y9pa.s3.us-west-2.amazonaws.com/586d8e87-d578-4dcd-aad0-bfbdc083db2e/OPERA_L3_DIST-ALERT-S1_T10TGQ_20240904T020142Z_20251017T011825Z_S1A_30_v0.1.zip,https://hyp3-tibet-jpl-test-contentbucket-hratibh1y9pa.s3.us-west-2.amazonaws.com/586d8e87-d578-4dcd-aad0-bfbdc083db2e/OPERA_L3_DIST-ALERT-S1_T10TGQ_20240904T020142Z_20251017T011825Z_S1A_30_v0.1.png,2025-10-16T22:25:23+00:00,699.173,4.5,10TGQ,1,7,4,none,False,transformer_optimized,high,32,2024-09-04,137,2.5,4,best,none,False
brazzaville_flood_and_landslides_2024__33MWR,https://hyp3-tibet-jpl-test-contentbucket-hratibh1y9pa.s3.us-west-2.amazonaws.com/fb0c377a-399e-4e83-bf4d-3d8d8a8a6496/OPERA_L3_DIST-ALERT-S1_T33MWR_20240216T044345Z_20251017T011750Z_S1A_30_v0.1.zip,https://hyp3-tibet-jpl-test-contentbucket-hratibh1y9pa.s3.us-west-2.amazonaws.com/fb0c377a-399e-4e83-bf4d-3d8d8a8a6496/OPERA_L3_DIST-ALERT-S1_T33MWR_20240216T044345Z_20251017T011750Z_S1A_30_v0.1.png,2025-10-16T22:25:23+00:00,729.43,4.5,33MWR,1,7,4,none,False,transformer_optimized,high,32,2024-02-16,7,2.5,4,best,none,False
monkey_creek_fire_2024__10TGQ,https://hyp3-tibet-jpl-test-contentbucket-hratibh1y9pa.s3.us-west-2.amazonaws.com/7612fa30-a5c3-4cf6-9245-87a2d8e11733/OPERA_L3_DIST-ALERT-S1_T10TGQ_20240806T015329Z_20251017T013226Z_S1A_30_v0.1.zip,https://hyp3-tibet-jpl-test-contentbucket-hratibh1y9pa.s3.us-west-2.amazonaws.com/7612fa30-a5c3-4cf6-9245-87a2d8e11733/OPERA_L3_DIST-ALERT-S1_T10TGQ_20240806T015329Z_20251017T013226Z_S1A_30_v0.1.png,2025-10-16T22:25:23+00:00,1761.598,4.5,10TGQ,1,7,4,none,False,transformer_optimized,high,32,2024-08-06,64,2.5,4,best,none,False
brazzaville_flood_and_landslides_2024__33MWR,https://hyp3-tibet-jpl-test-contentbucket-hratibh1y9pa.s3.us-west-2.amazonaws.com/df2d610d-11d5-4884-bce4-8de25999bd89/OPERA_L3_DIST-ALERT-S1_T33MWR_20240323T044346Z_20251017T011238Z_S1A_30_v0.1.zip,https://hyp3-tibet-jpl-test-contentbucket-hratibh1y9pa.s3.us-west-2.amazonaws.com/df2d610d-11d5-4884-bce4-8de25999bd89/OPERA_L3_DIST-ALERT-S1_T33MWR_20240323T044346Z_20251017T011238Z_S1A_30_v0.1.png,2025-10-16T22:25:23+00:00,634.269,4.5,33MWR,1,7,4,none,False,transformer_optimized,high,32,2024-03-23,7,2.5,4,best,none,False
southwest_france_flood_2023__30TXR,https://hyp3-tibet-jpl-test-contentbucket-hratibh1y9pa.s3.us-west-2.amazonaws.com/54a0d895-6871-44ca-87e3-d719024c7b15/OPERA_L3_DIST-ALERT-S1_T30TXR_20231207T175633Z_20251017T012738Z_S1A_30_v0.1.zip,https://hyp3-tibet-jpl-test-contentbucket-hratibh1y9pa.s3.us-west-2.amazonaws.com/54a0d895-6871-44ca-87e3-d719024c7b15/OPERA_L3_DIST-ALERT-S1_T30TXR_20231207T175633Z_20251017T012738Z_S1A_30_v0.1.png,2025-10-16T22:25:23+00:00,1573.123,4.5,30TXR,1,7,4,none,False,transformer_optimized,high,32,2023-12-07,30,2.5,4,best,none,False
monkey_creek_fire_2024__11TLK,https://hyp3-tibet-jpl-test-contentbucket-hratibh1y9pa.s3.us-west-2.amazonaws.com/a43a117d-7242-4f1f-a164-4e7ed9b2a3d0/OPERA_L3_DIST-ALERT-S1_T11TLK_20240713T015328Z_20251017T012154Z_S1A_30_v0.1.zip,https://hyp3-tibet-jpl-test-contentbucket-hratibh1y9pa.s3.us-west-2.amazonaws.com/a43a117d-7242-4f1f-a164-4e7ed9b2a3d0/OPERA_L3_DIST-ALERT-S1_T11TLK_20240713T015328Z_20251017T012154Z_S1A_30_v0.1.png,2025-10-16T22:25:23+00:00,1258.824,4.5,11TLK,1,7,4,none,False,transformer_optimized,high,32,2024-07-13,64,2.5,4,best,none,False
southwest_france_flood_2023__30TYR,https://hyp3-tibet-jpl-test-contentbucket-hratibh1y9pa.s3.us-west-2.amazonaws.com/0d90237e-6769-4461-87cd-8ea392c52c7a/OPERA_L3_DIST-ALERT-S1_T30TYR_20231218T060850Z_20251017T012837Z_S1A_30_v0.1.zip,https://hyp3-tibet-jpl-test-contentbucket-hratibh1y9pa.s3.us-west-2.amazonaws.com/0d90237e-6769-4461-87cd-8ea392c52c7a/OPERA_L3_DIST-ALERT-S1_T30TYR_20231218T060850Z_20251017T012837Z_S1A_30_v0.1.png,2025-10-16T22:25:23+00:00,1662.491,4.5,30TYR,1,7,4,none,False,transformer_optimized,high,32,2023-12-18,8,2.5,4,best,none,False
southwest_france_flood_2023__30TXR,https://hyp3-tibet-jpl-test-contentbucket-hratibh1y9pa.s3.us-west-2.amazonaws.com/cfbd7245-f015-44cc-998d-f870784001cb/OPERA_L3_DIST-ALERT-S1_T30TXR_20240131T174828Z_20251017T010538Z_S1A_30_v0.1.zip,https://hyp3-tibet-jpl-test-contentbucket-hratibh1y9pa.s3.us-west-2.amazonaws.com/cfbd7245-f015-44cc-998d-f870784001cb/OPERA_L3_DIST-ALERT-S1_T30TXR_20240131T174828Z_20251017T010538Z_S1A_30_v0.1.png,2025-10-16T22:25:23+00:00,421.176,4.5,30TXR,1,7,4,none,False,transformer_optimized,high,32,2024-01-31,132,2.5,4,best,none,False
southwest_france_flood_2023__30TYR,https://hyp3-tibet-jpl-test-contentbucket-hratibh1y9pa.s3.us-west-2.amazonaws.com/f96f0add-ecbc-41cf-be62-a03b2ab3cb26/OPERA_L3_DIST-ALERT-S1_T30TYR_20231207T175631Z_20251017T012036Z_S1A_30_v0.1.zip,https://hyp3-tibet-jpl-test-contentbucket-hratibh1y9pa.s3.us-west-2.amazonaws.com/f96f0add-ecbc-41cf-be62-a03b2ab3cb26/OPERA_L3_DIST-ALERT-S1_T30TYR_20231207T175631Z_20251017T012036Z_S1A_30_v0.1.png,2025-10-16T22:25:23+00:00,1426.031,4.5,30TYR,1,7,4,none,False,transformer_optimized,high,32,2023-12-07,30,2.5,4,best,none,False
monkey_creek_fire_2024__10TGQ,https://hyp3-tibet-jpl-test-contentbucket-hratibh1y9pa.s3.us-west-2.amazonaws.com/e5978de5-564f-4376-a14d-11f680ffa69e/OPERA_L3_DIST-ALERT-S1_T10TGQ_20240804T140624Z_20251017T011622Z_S1A_30_v0.1.zip,https://hyp3-tibet-jpl-test-contentbucket-hratibh1y9pa.s3.us-west-2.amazonaws.com/e5978de5-564f-4376-a14d-11f680ffa69e/OPERA_L3_DIST-ALERT-S1_T10TGQ_20240804T140624Z_20251017T011622Z_S1A_30_v0.1.png,2025-10-16T22:25:23+00:00,1173.658,4.5,10TGQ,1,7,4,none,False,transformer_optimized,high,32,2024-08-04,42,2.5,4,best,none,False
southwest_france_flood_2023__30TXR,https://hyp3-tibet-jpl-test-contentbucket-hratibh1y9pa.s3.us-west-2.amazonaws.com/097c5a7b-dbda-424a-bd21-4f8697a4b690/OPERA_L3_DIST-ALERT-S1_T30TXR_20240107T174829Z_20251017T010442Z_S1A_30_v0.1.zip,https://hyp3-tibet-jpl-test-contentbucket-hratibh1y9pa.s3.us-west-2.amazonaws.com/097c5a7b-dbda-424a-bd21-4f8697a4b690/OPERA_L3_DIST-ALERT-S1_T30TXR_20240107T174829Z_20251017T010442Z_S1A_30_v0.1.png,2025-10-16T22:25:23+00:00,524.321,4.5,30TXR,1,7,4,none,False,transformer_optimized,high,32,2024-01-07,132,2.5,4,best,none,False
southwest_france_flood_2023__30TYR,https://hyp3-tibet-jpl-test-contentbucket-hratibh1y9pa.s3.us-west-2.amazonaws.com/e84b63b2-bef4-463b-b972-e2de0b2ad426/OPERA_L3_DIST-ALERT-S1_T30TYR_20231202T174821Z_20251017T011736Z_S1A_30_v0.1.zip,https://hyp3-tibet-jpl-test-contentbucket-hratibh1y9pa.s3.us-west-2.amazonaws.com/e84b63b2-bef4-463b-b972-e2de0b2ad426/OPERA_L3_DIST-ALERT-S1_T30TYR_20231202T174821Z_20251017T011736Z_S1A_30_v0.1.png,2025-10-16T22:25:23+00:00,1313.021,4.5,30TYR,1,7,4,none,False,transformer_optimized,high,32,2023-12-02,132,2.5,4,best,none,False
southwest_france_flood_2023__30TXR,https://hyp3-tibet-jpl-test-contentbucket-hratibh1y9pa.s3.us-west-2.amazonaws.com/b9c97afd-e2fe-4f9f-9f13-0a7603394a6b/OPERA_L3_DIST-ALERT-S1_T30TXR_20240128T061700Z_20251017T011533Z_S1A_30_v0.1.zip,https://hyp3-tibet-jpl-test-contentbucket-hratibh1y9pa.s3.us-west-2.amazonaws.com/b9c97afd-e2fe-4f9f-9f13-0a7603394a6b/OPERA_L3_DIST-ALERT-S1_T30TXR_20240128T061700Z_20251017T011533Z_S1A_30_v0.1.png,2025-10-16T22:25:23+00:00,1244.85,4.5,30TXR,1,7,4,none,False,transformer_optimized,high,32,2024-01-28,81,2.5,4,best,none,False
smokehouse_creek_fire_2024__14SLE,https://hyp3-tibet-jpl-test-contentbucket-hratibh1y9pa.s3.us-west-2.amazonaws.com/8ae0f196-825c-4905-8a30-b38277327d02/OPERA_L3_DIST-ALERT-S1_T14SLE_20240318T003703Z_20251017T010222Z_S1A_30_v0.1.zip,https://hyp3-tibet-jpl-test-contentbucket-hratibh1y9pa.s3.us-west-2.amazonaws.com/8ae0f196-825c-4905-8a30-b38277327d02/OPERA_L3_DIST-ALERT-S1_T14SLE_20240318T003703Z_20251017T010222Z_S1A_30_v0.1.png,2025-10-16T22:25:23+00:00,480.268,4.5,14SLE,1,7,4,none,False,transformer_optimized,high,32,2024-03-18,107,2.5,4,best,none,False
southwest_france_flood_2023__30TYR,https://hyp3-tibet-jpl-test-contentbucket-hratibh1y9pa.s3.us-west-2.amazonaws.com/f1ca37ff-ddbf-4b1b-ad53-dc880e488e41/OPERA_L3_DIST-ALERT-S1_T30TYR_20231124T060851Z_20251017T011854Z_S1A_30_v0.1.zip,https://hyp3-tibet-jpl-test-contentbucket-hratibh1y9pa.s3.us-west-2.amazonaws.com/f1ca37ff-ddbf-4b1b-ad53-dc880e488e41/OPERA_L3_DIST-ALERT-S1_T30TYR_20231124T060851Z_20251017T011854Z_S1A_30_v0.1.png,2025-10-16T22:25:23+00:00,1670.366,4.5,30TYR,1,7,4,none,False,transformer_optimized,high,32,2023-11-24,8,2.5,4,best,none,False
southwest_france_flood_2023__30TXR,https://hyp3-tibet-jpl-test-contentbucket-hratibh1y9pa.s3.us-west-2.amazonaws.com/49fef2a1-d842-4169-af69-c99f9b3b9579/OPERA_L3_DIST-ALERT-S1_T30TXR_20231214T174830Z_20251017T005605Z_S1A_30_v0.1.zip,https://hyp3-tibet-jpl-test-contentbucket-hratibh1y9pa.s3.us-west-2.amazonaws.com/49fef2a1-d842-4169-af69-c99f9b3b9579/OPERA_L3_DIST-ALERT-S1_T30TXR_20231214T174830Z_20251017T005605Z_S1A_30_v0.1.png,2025-10-16T22:25:23+00:00,440.145,4.5,30TXR,1,7,4,none,False,transformer_optimized,high,32,2023-12-14,132,2.5,4,best,none,False
brazzaville_flood_and_landslides_2024__33MWR,https://hyp3-tibet-jpl-test-contentbucket-hratibh1y9pa.s3.us-west-2.amazonaws.com/115962ef-f4f7-4cd5-a9a0-d3c9645eff35/OPERA_L3_DIST-ALERT-S1_T33MWR_20240318T043537Z_20251017T011043Z_S1A_30_v0.1.zip,https://hyp3-tibet-jpl-test-contentbucket-hratibh1y9pa.s3.us-west-2.amazonaws.com/115962ef-f4f7-4cd5-a9a0-d3c9645eff35/OPERA_L3_DIST-ALERT-S1_T33MWR_20240318T043537Z_20251017T011043Z_S1A_30_v0.1.png,2025-10-16T22:25:23+00:00,1456.603,4.5,33MWR,1,7,4,none,False,transformer_optimized,high,32,2024-03-18,109,2.5,4,best,none,False
southwest_france_flood_2023__30TYR,https://hyp3-tibet-jpl-test-contentbucket-hratibh1y9pa.s3.us-west-2.amazonaws.com/ee1a9101-27ae-475f-963e-be1ec03c8852/OPERA_L3_DIST-ALERT-S1_T30TYR_20240119T174818Z_20251017T010641Z_S1A_30_v0.1.zip,https://hyp3-tibet-jpl-test-contentbucket-hratibh1y9pa.s3.us-west-2.amazonaws.com/ee1a9101-27ae-475f-963e-be1ec03c8852/OPERA_L3_DIST-ALERT-S1_T30TYR_20240119T174818Z_20251017T010641Z_S1A_30_v0.1.png,2025-10-16T22:25:23+00:00,1266.987,4.5,30TYR,1,7,4,none,False,transformer_optimized,high,32,2024-01-19,132,2.5,4,best,none,False
monkey_creek_fire_2024__11TLK,https://hyp3-tibet-jpl-test-contentbucket-hratibh1y9pa.s3.us-west-2.amazonaws.com/e059567b-8107-405d-bc7a-c1278d9a4285/OPERA_L3_DIST-ALERT-S1_T11TLK_20240818T015328Z_20251017T010715Z_S1A_30_v0.1.zip,https://hyp3-tibet-jpl-test-contentbucket-hratibh1y9pa.s3.us-west-2.amazonaws.com/e059567b-8107-405d-bc7a-c1278d9a4285/OPERA_L3_DIST-ALERT-S1_T11TLK_20240818T015328Z_20251017T010715Z_S1A_30_v0.1.png,2025-10-16T22:25:23+00:00,1401.788,4.5,11TLK,1,7,4,none,False,transformer_optimized,high,32,2024-08-18,64,2.5,4,best,none,False
smokehouse_creek_fire_2024__14SME,https://hyp3-tibet-jpl-test-contentbucket-hratibh1y9pa.s3.us-west-2.amazonaws.com/164a228b-a47b-4668-88f3-b7014a6a8c59/OPERA_L3_DIST-ALERT-S1_T14SME_20240416T124631Z_20251017T005413Z_S1A_30_v0.1.zip,https://hyp3-tibet-jpl-test-contentbucket-hratibh1y9pa.s3.us-west-2.amazonaws.com/164a228b-a47b-4668-88f3-b7014a6a8c59/OPERA_L3_DIST-ALERT-S1_T14SME_20240416T124631Z_20251017T005413Z_S1A_30_v0.1.png,2025-10-16T22:25:23+00:00,642.907,4.5,14SME,1,7,4,none,False,transformer_optimized,high,32,2024-04-16,12,2.5,4,best,none,False
monkey_creek_fire_2024__10TGQ,https://hyp3-tibet-jpl-test-contentbucket-hratibh1y9pa.s3.us-west-2.amazonaws.com/0757b760-918f-4f80-9780-6fbbb0c4585b/OPERA_L3_DIST-ALERT-S1_T10TGQ_20240911T015330Z_20251017T011436Z_S1A_30_v0.1.zip,https://hyp3-tibet-jpl-test-contentbucket-hratibh1y9pa.s3.us-west-2.amazonaws.com/0757b760-918f-4f80-9780-6fbbb0c4585b/OPERA_L3_DIST-ALERT-S1_T10TGQ_20240911T015330Z_20251017T011436Z_S1A_30_v0.1.png,2025-10-16T22:25:23+00:00,1937.826,4.5,10TGQ,1,7,4,none,False,transformer_optimized,high,32,2024-09-11,64,2.5,4,best,none,False
monkey_creek_fire_2024__10TGQ,https://hyp3-tibet-jpl-test-contentbucket-hratibh1y9pa.s3.us-west-2.amazonaws.com/0654568f-7822-4eab-8061-7f478f921246/OPERA_L3_DIST-ALERT-S1_T10TGQ_20240809T141429Z_20251017T005541Z_S1A_30_v0.1.zip,https://hyp3-tibet-jpl-test-contentbucket-hratibh1y9pa.s3.us-west-2.amazonaws.com/0654568f-7822-4eab-8061-7f478f921246/OPERA_L3_DIST-ALERT-S1_T10TGQ_20240809T141429Z_20251017T005541Z_S1A_30_v0.1.png,2025-10-16T22:25:23+00:00,854.344,4.5,10TGQ,1,7,4,none,False,transformer_optimized,high,32,2024-08-09,115,2.5,4,best,none,False
smokehouse_creek_fire_2024__14SME,https://hyp3-tibet-jpl-test-contentbucket-hratibh1y9pa.s3.us-west-2.amazonaws.com/e34f6835-0e57-4260-abb3-255dd5539f7f/OPERA_L3_DIST-ALERT-S1_T14SME_20240404T124631Z_20251017T005025Z_S1A_30_v0.1.zip,https://hyp3-tibet-jpl-test-contentbucket-hratibh1y9pa.s3.us-west-2.amazonaws.com/e34f6835-0e57-4260-abb3-255dd5539f7f/OPERA_L3_DIST-ALERT-S1_T14SME_20240404T124631Z_20251017T005025Z_S1A_30_v0.1.png,2025-10-16T22:25:23+00:00,507.586,4.5,14SME,1,7,4,none,False,transformer_optimized,high,32,2024-04-04,12,2.5,4,best,none,False
monkey_creek_fire_2024__10TGQ,https://hyp3-tibet-jpl-test-contentbucket-hratibh1y9pa.s3.us-west-2.amazonaws.com/e1a2aeb1-4aae-40ba-806b-ed70e37bdfea/OPERA_L3_DIST-ALERT-S1_T10TGQ_20240716T141430Z_20251017T005042Z_S1A_30_v0.1.zip,https://hyp3-tibet-jpl-test-contentbucket-hratibh1y9pa.s3.us-west-2.amazonaws.com/e1a2aeb1-4aae-40ba-806b-ed70e37bdfea/OPERA_L3_DIST-ALERT-S1_T10TGQ_20240716T141430Z_20251017T005042Z_S1A_30_v0.1.png,2025-10-16T22:25:23+00:00,617.547,4.5,10TGQ,1,7,4,none,False,transformer_optimized,high,32,2024-07-16,115,2.5,4,best,none,False
smokehouse_creek_fire_2024__14SKE,https://hyp3-tibet-jpl-test-contentbucket-hratibh1y9pa.s3.us-west-2.amazonaws.com/91d13c6e-addc-4e2f-8ea6-bf73cf009fbe/OPERA_L3_DIST-ALERT-S1_T14SKE_20240404T004514Z_20251017T010023Z_S1A_30_v0.1.zip,https://hyp3-tibet-jpl-test-contentbucket-hratibh1y9pa.s3.us-west-2.amazonaws.com/91d13c6e-addc-4e2f-8ea6-bf73cf009fbe/OPERA_L3_DIST-ALERT-S1_T14SKE_20240404T004514Z_20251017T010023Z_S1A_30_v0.1.png,2025-10-16T22:25:23+00:00,1298.848,4.5,14SKE,1,7,4,none,False,transformer_optimized,high,32,2024-04-04,5,2.5,4,best,none,False
monkey_creek_fire_2024__10TGQ,https://hyp3-tibet-jpl-test-contentbucket-hratibh1y9pa.s3.us-west-2.amazonaws.com/30d4bfd6-7678-46e6-9af2-c6f9c61b1a3b/OPERA_L3_DIST-ALERT-S1_T10TGQ_20240723T140624Z_20251017T005356Z_S1A_30_v0.1.zip,https://hyp3-tibet-jpl-test-contentbucket-hratibh1y9pa.s3.us-west-2.amazonaws.com/30d4bfd6-7678-46e6-9af2-c6f9c61b1a3b/OPERA_L3_DIST-ALERT-S1_T10TGQ_20240723T140624Z_20251017T005356Z_S1A_30_v0.1.png,2025-10-16T22:25:23+00:00,1003.355,4.5,10TGQ,1,7,4,none,False,transformer_optimized,high,32,2024-07-23,42,2.5,4,best,none,False
smokehouse_creek_fire_2024__14SLE,https://hyp3-tibet-jpl-test-contentbucket-hratibh1y9pa.s3.us-west-2.amazonaws.com/05aba6f4-a101-4155-8f52-a579f0c83a08/OPERA_L3_DIST-ALERT-S1_T14SLE_20240404T004510Z_20251017T005948Z_S1A_30_v0.1.zip,https://hyp3-tibet-jpl-test-contentbucket-hratibh1y9pa.s3.us-west-2.amazonaws.com/05aba6f4-a101-4155-8f52-a579f0c83a08/OPERA_L3_DIST-ALERT-S1_T14SLE_20240404T004510Z_20251017T005948Z_S1A_30_v0.1.png,2025-10-16T22:25:23+00:00,1379.906,4.5,14SLE,1,7,4,none,False,transformer_optimized,high,32,2024-04-04,5,2.5,4,best,none,False
monkey_creek_fire_2024__11TLK,https://hyp3-tibet-jpl-test-contentbucket-hratibh1y9pa.s3.us-west-2.amazonaws.com/1bdc86e9-8319-45e6-ac03-f8835c8a0b02/OPERA_L3_DIST-ALERT-S1_T11TLK_20240718T135807Z_20251017T004832Z_S1A_30_v0.1.zip,https://hyp3-tibet-jpl-test-contentbucket-hratibh1y9pa.s3.us-west-2.amazonaws.com/1bdc86e9-8319-45e6-ac03-f8835c8a0b02/OPERA_L3_DIST-ALERT-S1_T11TLK_20240718T135807Z_20251017T004832Z_S1A_30_v0.1.png,2025-10-16T22:25:23+00:00,769.068,4.5,11TLK,1,7,4,none,False,transformer_optimized,high,32,2024-07-18,144,2.5,4,best,none,False
monkey_creek_fire_2024__10TGQ,https://hyp3-tibet-jpl-test-contentbucket-hratibh1y9pa.s3.us-west-2.amazonaws.com/d583c211-016f-4847-9b45-e460c9c68782/OPERA_L3_DIST-ALERT-S1_T10TGQ_20240622T141431Z_20251017T004735Z_S1A_30_v0.1.zip,https://hyp3-tibet-jpl-test-contentbucket-hratibh1y9pa.s3.us-west-2.amazonaws.com/d583c211-016f-4847-9b45-e460c9c68782/OPERA_L3_DIST-ALERT-S1_T10TGQ_20240622T141431Z_20251017T004735Z_S1A_30_v0.1.png,2025-10-16T22:25:23+00:00,770.373,4.5,10TGQ,1,7,4,none,False,transformer_optimized,high,32,2024-06-22,115,2.5,4,best,none,False
southwest_france_flood_2023__30TXR,https://hyp3-tibet-jpl-test-contentbucket-hratibh1y9pa.s3.us-west-2.amazonaws.com/90003ff0-3a7b-4892-86d7-c881e5b38417/OPERA_L3_DIST-ALERT-S1_T30TXR_20231218T060852Z_20251017T005528Z_S1A_30_v0.1.zip,https://hyp3-tibet-jpl-test-contentbucket-hratibh1y9pa.s3.us-west-2.amazonaws.com/90003ff0-3a7b-4892-86d7-c881e5b38417/OPERA_L3_DIST-ALERT-S1_T30TXR_20231218T060852Z_20251017T005528Z_S1A_30_v0.1.png,2025-10-16T22:25:23+00:00,1277.321,4.5,30TXR,1,7,4,none,False,transformer_optimized,high,32,2023-12-18,8,2.5,4,best,none,False
monkey_creek_fire_2024__11TLK,https://hyp3-tibet-jpl-test-contentbucket-hratibh1y9pa.s3.us-west-2.amazonaws.com/3883f372-af2c-4954-ab26-731563eebf94/OPERA_L3_DIST-ALERT-S1_T11TLK_20240730T135807Z_20251017T004913Z_S1A_30_v0.1.zip,https://hyp3-tibet-jpl-test-contentbucket-hratibh1y9pa.s3.us-west-2.amazonaws.com/3883f372-af2c-4954-ab26-731563eebf94/OPERA_L3_DIST-ALERT-S1_T11TLK_20240730T135807Z_20251017T004913Z_S1A_30_v0.1.png,2025-10-16T22:25:23+00:00,876.94,4.5,11TLK,1,7,4,none,False,transformer_optimized,high,32,2024-07-30,144,2.5,4,best,none,False
southwest_france_flood_2023__30TXR,https://hyp3-tibet-jpl-test-contentbucket-hratibh1y9pa.s3.us-west-2.amazonaws.com/11fa2a18-50e6-4233-9bac-2377e0bb5ecc/OPERA_L3_DIST-ALERT-S1_T30TXR_20231125T175633Z_20251017T010359Z_S1A_30_v0.1.zip,https://hyp3-tibet-jpl-test-contentbucket-hratibh1y9pa.s3.us-west-2.amazonaws.com/11fa2a18-50e6-4233-9bac-2377e0bb5ecc/OPERA_L3_DIST-ALERT-S1_T30TXR_20231125T175633Z_20251017T010359Z_S1A_30_v0.1.png,2025-10-16T22:25:23+00:00,1786.962,4.5,30TXR,1,7,4,none,False,transformer_optimized,high,32,2023-11-25,30,2.5,4,best,none,False
tlacotalpan_flood_2024__14QRF,https://hyp3-tibet-jpl-test-contentbucket-hratibh1y9pa.s3.us-west-2.amazonaws.com/00693781-bacf-4288-8ab9-bb9cc4de0904/OPERA_L3_DIST-ALERT-S1_T14QRF_20241223T121011Z_20251017T004108Z_S1A_30_v0.1.zip,https://hyp3-tibet-jpl-test-contentbucket-hratibh1y9pa.s3.us-west-2.amazonaws.com/00693781-bacf-4288-8ab9-bb9cc4de0904/OPERA_L3_DIST-ALERT-S1_T14QRF_20241223T121011Z_20251017T004108Z_S1A_30_v0.1.png,2025-10-16T22:25:23+00:00,438.909,4.5,14QRF,1,7,4,none,False,transformer_optimized,high,32,2024-12-23,172,2.5,4,best,none,False
southwest_france_flood_2023__30TXR,https://hyp3-tibet-jpl-test-contentbucket-hratibh1y9pa.s3.us-west-2.amazonaws.com/7c902004-d511-400b-b1a3-597dfbbe3de0/OPERA_L3_DIST-ALERT-S1_T30TXR_20231230T060852Z_20251017T005808Z_S1A_30_v0.1.zip,https://hyp3-tibet-jpl-test-contentbucket-hratibh1y9pa.s3.us-west-2.amazonaws.com/7c902004-d511-400b-b1a3-597dfbbe3de0/OPERA_L3_DIST-ALERT-S1_T30TXR_20231230T060852Z_20251017T005808Z_S1A_30_v0.1.png,2025-10-16T22:25:23+00:00,1500.092,4.5,30TXR,1,7,4,none,False,transformer_optimized,high,32,2023-12-30,8,2.5,4,best,none,False
southwest_france_flood_2023__30TYR,https://hyp3-tibet-jpl-test-contentbucket-hratibh1y9pa.s3.us-west-2.amazonaws.com/29ac1e5c-1aeb-4143-9e44-c8b76c4d95ff/OPERA_L3_DIST-ALERT-S1_T30TYR_20240131T174818Z_20251017T005539Z_S1A_30_v0.1.zip,https://hyp3-tibet-jpl-test-contentbucket-hratibh1y9pa.s3.us-west-2.amazonaws.com/29ac1e5c-1aeb-4143-9e44-c8b76c4d95ff/OPERA_L3_DIST-ALERT-S1_T30TYR_20240131T174818Z_20251017T005539Z_S1A_30_v0.1.png,2025-10-16T22:25:23+00:00,1416.337,4.5,30TYR,1,7,4,none,False,transformer_optimized,high,32,2024-01-31,132,2.5,4,best,none,False
monkey_creek_fire_2024__11TLK,https://hyp3-tibet-jpl-test-contentbucket-hratibh1y9pa.s3.us-west-2.amazonaws.com/f9870dff-e4c1-4de4-a68a-5f169bff4cb5/OPERA_L3_DIST-ALERT-S1_T11TLK_20240624T135808Z_20251017T004523Z_S1A_30_v0.1.zip,https://hyp3-tibet-jpl-test-contentbucket-hratibh1y9pa.s3.us-west-2.amazonaws.com/f9870dff-e4c1-4de4-a68a-5f169bff4cb5/OPERA_L3_DIST-ALERT-S1_T11TLK_20240624T135808Z_20251017T004523Z_S1A_30_v0.1.png,2025-10-16T22:25:23+00:00,828.691,4.5,11TLK,1,7,4,none,False,transformer_optimized,high,32,2024-06-24,144,2.5,4,best,none,False
monkey_creek_fire_2024__11TLK,https://hyp3-tibet-jpl-test-contentbucket-hratibh1y9pa.s3.us-west-2.amazonaws.com/7b179bed-dabc-4996-b62b-acce46ab0180/OPERA_L3_DIST-ALERT-S1_T11TLK_20240706T135808Z_20251017T004453Z_S1A_30_v0.1.zip,https://hyp3-tibet-jpl-test-contentbucket-hratibh1y9pa.s3.us-west-2.amazonaws.com/7b179bed-dabc-4996-b62b-acce46ab0180/OPERA_L3_DIST-ALERT-S1_T11TLK_20240706T135808Z_20251017T004453Z_S1A_30_v0.1.png,2025-10-16T22:25:23+00:00,853.816,4.5,11TLK,1,7,4,none,False,transformer_optimized,high,32,2024-07-06,144,2.5,4,best,none,False
southwest_france_flood_2023__30TXR,https://hyp3-tibet-jpl-test-contentbucket-hratibh1y9pa.s3.us-west-2.amazonaws.com/40540176-4ef8-4cde-ae5c-089c10b338b4/OPERA_L3_DIST-ALERT-S1_T30TXR_20240205T175630Z_20251017T005648Z_S1A_30_v0.1.zip,https://hyp3-tibet-jpl-test-contentbucket-hratibh1y9pa.s3.us-west-2.amazonaws.com/40540176-4ef8-4cde-ae5c-089c10b338b4/OPERA_L3_DIST-ALERT-S1_T30TXR_20240205T175630Z_20251017T005648Z_S1A_30_v0.1.png,2025-10-16T22:25:23+00:00,1605.624,4.5,30TXR,1,7,4,none,False,transformer_optimized,high,32,2024-02-05,30,2.5,4,best,none,False
monkey_creek_fire_2024__10TGQ,https://hyp3-tibet-jpl-test-contentbucket-hratibh1y9pa.s3.us-west-2.amazonaws.com/9b54658f-0647-46e4-86e2-9e12b07871ac/OPERA_L3_DIST-ALERT-S1_T10TGQ_20240728T141429Z_20251017T004310Z_S1A_30_v0.1.zip,https://hyp3-tibet-jpl-test-contentbucket-hratibh1y9pa.s3.us-west-2.amazonaws.com/9b54658f-0647-46e4-86e2-9e12b07871ac/OPERA_L3_DIST-ALERT-S1_T10TGQ_20240728T141429Z_20251017T004310Z_S1A_30_v0.1.png,2025-10-16T22:25:23+00:00,785.909,4.5,10TGQ,1,7,4,none,False,transformer_optimized,high,32,2024-07-28,115,2.5,4,best,none,False
monkey_creek_fire_2024__11TLK,https://hyp3-tibet-jpl-test-contentbucket-hratibh1y9pa.s3.us-west-2.amazonaws.com/3a8b5c38-f7ab-4fe4-abec-45e62bff4c99/OPERA_L3_DIST-ALERT-S1_T11TLK_20240723T140623Z_20251017T004123Z_S1A_30_v0.1.zip,https://hyp3-tibet-jpl-test-contentbucket-hratibh1y9pa.s3.us-west-2.amazonaws.com/3a8b5c38-f7ab-4fe4-abec-45e62bff4c99/OPERA_L3_DIST-ALERT-S1_T11TLK_20240723T140623Z_20251017T004123Z_S1A_30_v0.1.png,2025-10-16T22:25:23+00:00,871.468,4.5,11TLK,1,7,4,none,False,transformer_optimized,high,32,2024-07-23,42,2.5,4,best,none,False
tlacotalpan_flood_2024__14QRF,https://hyp3-tibet-jpl-test-contentbucket-hratibh1y9pa.s3.us-west-2.amazonaws.com/9892df38-49f5-44b7-817d-6feb31a83248/OPERA_L3_DIST-ALERT-S1_T14QRF_20241113T003212Z_20251017T010305Z_S1A_30_v0.1.zip,https://hyp3-tibet-jpl-test-contentbucket-hratibh1y9pa.s3.us-west-2.amazonaws.com/9892df38-49f5-44b7-817d-6feb31a83248/OPERA_L3_DIST-ALERT-S1_T14QRF_20241113T003212Z_20251017T010305Z_S1A_30_v0.1.png,2025-10-16T22:25:23+00:00,2171.732,4.5,14QRF,1,7,4,none,False,transformer_optimized,high,32,2024-11-13,107,2.5,4,best,none,False
brazzaville_flood_and_landslides_2024__33MWR,https://hyp3-tibet-jpl-test-contentbucket-hratibh1y9pa.s3.us-west-2.amazonaws.com/c133fdd7-b726-4f2a-aad8-3b4c8b55ba70/OPERA_L3_DIST-ALERT-S1_T33MWR_20240118T043537Z_20251017T005044Z_S1A_30_v0.1.zip,https://hyp3-tibet-jpl-test-contentbucket-hratibh1y9pa.s3.us-west-2.amazonaws.com/c133fdd7-b726-4f2a-aad8-3b4c8b55ba70/OPERA_L3_DIST-ALERT-S1_T33MWR_20240118T043537Z_20251017T005044Z_S1A_30_v0.1.png,2025-10-16T22:25:23+00:00,1523.816,4.5,33MWR,1,7,4,none,False,transformer_optimized,high,32,2024-01-18,109,2.5,4,best,none,False
monkey_creek_fire_2024__11TLK,https://hyp3-tibet-jpl-test-contentbucket-hratibh1y9pa.s3.us-west-2.amazonaws.com/ca88bb9c-1f89-422f-a8e8-44ba716d5461/OPERA_L3_DIST-ALERT-S1_T11TLK_20240711T140624Z_20251017T003806Z_S1A_30_v0.1.zip,https://hyp3-tibet-jpl-test-contentbucket-hratibh1y9pa.s3.us-west-2.amazonaws.com/ca88bb9c-1f89-422f-a8e8-44ba716d5461/OPERA_L3_DIST-ALERT-S1_T11TLK_20240711T140624Z_20251017T003806Z_S1A_30_v0.1.png,2025-10-16T22:25:23+00:00,917.619,4.5,11TLK,1,7,4,none,False,transformer_optimized,high,32,2024-07-11,42,2.5,4,best,none,False
tlacotalpan_flood_2024__14QRF,https://hyp3-tibet-jpl-test-contentbucket-hratibh1y9pa.s3.us-west-2.amazonaws.com/77912a96-81e8-4e05-89b3-2682dea34256/OPERA_L3_DIST-ALERT-S1_T14QRF_20241024T121014Z_20251017T003203Z_S1A_30_v0.1.zip,https://hyp3-tibet-jpl-test-contentbucket-hratibh1y9pa.s3.us-west-2.amazonaws.com/77912a96-81e8-4e05-89b3-2682dea34256/OPERA_L3_DIST-ALERT-S1_T14QRF_20241024T121014Z_20251017T003203Z_S1A_30_v0.1.png,2025-10-16T22:25:23+00:00,546.626,4.5,14QRF,1,7,4,none,False,transformer_optimized,high,32,2024-10-24,172,2.5,4,best,none,False
tlacotalpan_flood_2024__14QRF,https://hyp3-tibet-jpl-test-contentbucket-hratibh1y9pa.s3.us-west-2.amazonaws.com/c07f956e-2dc0-4f59-b902-e1eeb8c08f3c/OPERA_L3_DIST-ALERT-S1_T14QRF_20241207T003210Z_20251017T005328Z_S1A_30_v0.1.zip,https://hyp3-tibet-jpl-test-contentbucket-hratibh1y9pa.s3.us-west-2.amazonaws.com/c07f956e-2dc0-4f59-b902-e1eeb8c08f3c/OPERA_L3_DIST-ALERT-S1_T14QRF_20241207T003210Z_20251017T005328Z_S1A_30_v0.1.png,2025-10-16T22:25:23+00:00,1898.341,4.5,14QRF,1,7,4,none,False,transformer_optimized,high,32,2024-12-07,107,2.5,4,best,none,False
smokehouse_creek_fire_2024__14SLE,https://hyp3-tibet-jpl-test-contentbucket-hratibh1y9pa.s3.us-west-2.amazonaws.com/0d5eccba-f3e6-4ba4-a787-8695dbe3c0d8/OPERA_L3_DIST-ALERT-S1_T14SLE_20240330T003703Z_20251017T003042Z_S1A_30_v0.1.zip,https://hyp3-tibet-jpl-test-contentbucket-hratibh1y9pa.s3.us-west-2.amazonaws.com/0d5eccba-f3e6-4ba4-a787-8695dbe3c0d8/OPERA_L3_DIST-ALERT-S1_T14SLE_20240330T003703Z_20251017T003042Z_S1A_30_v0.1.png,2025-10-16T22:25:23+00:00,588.99,4.5,14SLE,1,7,4,none,False,transformer_optimized,high,32,2024-03-30,107,2.5,4,best,none,False
smokehouse_creek_fire_2024__14SLE,https://hyp3-tibet-jpl-test-contentbucket-hratibh1y9pa.s3.us-west-2.amazonaws.com/0fda5d66-a75d-4071-8089-b14a1a4aa07a/OPERA_L3_DIST-ALERT-S1_T14SLE_20240404T124631Z_20251017T004408Z_S1A_30_v0.1.zip,https://hyp3-tibet-jpl-test-contentbucket-hratibh1y9pa.s3.us-west-2.amazonaws.com/0fda5d66-a75d-4071-8089-b14a1a4aa07a/OPERA_L3_DIST-ALERT-S1_T14SLE_20240404T124631Z_20251017T004408Z_S1A_30_v0.1.png,2025-10-16T22:25:23+00:00,1409.823,4.5,14SLE,1,7,4,none,False,transformer_optimized,high,32,2024-04-04,12,2.5,4,best,none,False
monkey_creek_fire_2024__10TGQ,https://hyp3-tibet-jpl-test-contentbucket-hratibh1y9pa.s3.us-west-2.amazonaws.com/211c173a-ec86-4fa9-ae1f-d7dd257ac278/OPERA_L3_DIST-ALERT-S1_T10TGQ_20240706T020143Z_20251017T002828Z_S1A_30_v0.1.zip,https://hyp3-tibet-jpl-test-contentbucket-hratibh1y9pa.s3.us-west-2.amazonaws.com/211c173a-ec86-4fa9-ae1f-d7dd257ac278/OPERA_L3_DIST-ALERT-S1_T10TGQ_20240706T020143Z_20251017T002828Z_S1A_30_v0.1.png,2025-10-16T22:25:23+00:00,512.903,4.5,10TGQ,1,7,4,none,False,transformer_optimized,high,32,2024-07-06,137,2.5,4,best,none,False
southwest_france_flood_2023__30TYR,https://hyp3-tibet-jpl-test-contentbucket-hratibh1y9pa.s3.us-west-2.amazonaws.com/0585b3de-9a55-4e84-af6c-1f496002905b/OPERA_L3_DIST-ALERT-S1_T30TYR_20240116T061700Z_20251017T002903Z_S1A_30_v0.1.zip,https://hyp3-tibet-jpl-test-contentbucket-hratibh1y9pa.s3.us-west-2.amazonaws.com/0585b3de-9a55-4e84-af6c-1f496002905b/OPERA_L3_DIST-ALERT-S1_T30TYR_20240116T061700Z_20251017T002903Z_S1A_30_v0.1.png,2025-10-16T22:25:23+00:00,582.104,4.5,30TYR,1,7,4,none,False,transformer_optimized,high,32,2024-01-16,81,2.5,4,best,none,False
southwest_france_flood_2023__30TXR,https://hyp3-tibet-jpl-test-contentbucket-hratibh1y9pa.s3.us-west-2.amazonaws.com/28bd9747-25f1-41ac-bf81-d78b9ae0dac5/OPERA_L3_DIST-ALERT-S1_T30TXR_20240116T061700Z_20251017T003832Z_S1A_30_v0.1.zip,https://hyp3-tibet-jpl-test-contentbucket-hratibh1y9pa.s3.us-west-2.amazonaws.com/28bd9747-25f1-41ac-bf81-d78b9ae0dac5/OPERA_L3_DIST-ALERT-S1_T30TXR_20240116T061700Z_20251017T003832Z_S1A_30_v0.1.png,2025-10-16T22:25:23+00:00,1246.687,4.5,30TXR,1,7,4,none,False,transformer_optimized,high,32,2024-01-16,81,2.5,4,best,none,False
southwest_france_flood_2023__30TYR,https://hyp3-tibet-jpl-test-contentbucket-hratibh1y9pa.s3.us-west-2.amazonaws.com/4a4f34bc-d006-4520-99c8-25b38ade8b8d/OPERA_L3_DIST-ALERT-S1_T30TYR_20240123T060849Z_20251017T004617Z_S1A_30_v0.1.zip,https://hyp3-tibet-jpl-test-contentbucket-hratibh1y9pa.s3.us-west-2.amazonaws.com/4a4f34bc-d006-4520-99c8-25b38ade8b8d/OPERA_L3_DIST-ALERT-S1_T30TYR_20240123T060849Z_20251017T004617Z_S1A_30_v0.1.png,2025-10-16T22:25:23+00:00,1745.075,4.5,30TYR,1,7,4,none,False,transformer_optimized,high,32,2024-01-23,8,2.5,4,best,none,False
tlacotalpan_flood_2024__14QRF,https://hyp3-tibet-jpl-test-contentbucket-hratibh1y9pa.s3.us-west-2.amazonaws.com/d4433bf0-d12b-4e86-b4d8-94a7122add97/OPERA_L3_DIST-ALERT-S1_T14QRF_20241211T121013Z_20251017T002415Z_S1A_30_v0.1.zip,https://hyp3-tibet-jpl-test-contentbucket-hratibh1y9pa.s3.us-west-2.amazonaws.com/d4433bf0-d12b-4e86-b4d8-94a7122add97/OPERA_L3_DIST-ALERT-S1_T14QRF_20241211T121013Z_20251017T002415Z_S1A_30_v0.1.png,2025-10-16T22:25:23+00:00,481.605,4.5,14QRF,1,7,4,none,False,transformer_optimized,high,32,2024-12-11,172,2.5,4,best,none,False
southwest_france_flood_2023__30TXR,https://hyp3-tibet-jpl-test-contentbucket-hratibh1y9pa.s3.us-west-2.amazonaws.com/786c2066-c46c-408e-8f64-2a6179bc7731/OPERA_L3_DIST-ALERT-S1_T30TXR_20231117T061704Z_20251017T003643Z_S1A_30_v0.1.zip,https://hyp3-tibet-jpl-test-contentbucket-hratibh1y9pa.s3.us-west-2.amazonaws.com/786c2066-c46c-408e-8f64-2a6179bc7731/OPERA_L3_DIST-ALERT-S1_T30TXR_20231117T061704Z_20251017T003643Z_S1A_30_v0.1.png,2025-10-16T22:25:23+00:00,1330.096,4.5,30TXR,1,7,4,none,False,transformer_optimized,high,32,2023-11-17,81,2.5,4,best,none,False
monkey_creek_fire_2024__10TGQ,https://hyp3-tibet-jpl-test-contentbucket-hratibh1y9pa.s3.us-west-2.amazonaws.com/9b98b1ec-5d61-4ca6-acea-5e78df5b1900/OPERA_L3_DIST-ALERT-S1_T10TGQ_20240713T015330Z_20251017T004045Z_S1A_30_v0.1.zip,https://hyp3-tibet-jpl-test-contentbucket-hratibh1y9pa.s3.us-west-2.amazonaws.com/9b98b1ec-5d61-4ca6-acea-5e78df5b1900/OPERA_L3_DIST-ALERT-S1_T10TGQ_20240713T015330Z_20251017T004045Z_S1A_30_v0.1.png,2025-10-16T22:25:23+00:00,1631.458,4.5,10TGQ,1,7,4,none,False,transformer_optimized,high,32,2024-07-13,64,2.5,4,best,none,False
southwest_france_flood_2023__30TXR,https://hyp3-tibet-jpl-test-contentbucket-hratibh1y9pa.s3.us-west-2.amazonaws.com/36a9bb1e-c1fe-4447-84d5-6c40f41f43e4/OPERA_L3_DIST-ALERT-S1_T30TXR_20231223T061702Z_20251017T003424Z_S1A_30_v0.1.zip,https://hyp3-tibet-jpl-test-contentbucket-hratibh1y9pa.s3.us-west-2.amazonaws.com/36a9bb1e-c1fe-4447-84d5-6c40f41f43e4/OPERA_L3_DIST-ALERT-S1_T30TXR_20231223T061702Z_20251017T003424Z_S1A_30_v0.1.png,2025-10-16T22:25:23+00:00,1403.951,4.5,30TXR,1,7,4,none,False,transformer_optimized,high,32,2023-12-23,81,2.5,4,best,none,False
tlacotalpan_flood_2024__14QRF,https://hyp3-tibet-jpl-test-contentbucket-hratibh1y9pa.s3.us-west-2.amazonaws.com/8249246f-c5bb-4c7f-8a18-eab5e5b925d4/OPERA_L3_DIST-ALERT-S1_T14QRF_20241129T121014Z_20251017T001940Z_S1A_30_v0.1.zip,https://hyp3-tibet-jpl-test-contentbucket-hratibh1y9pa.s3.us-west-2.amazonaws.com/8249246f-c5bb-4c7f-8a18-eab5e5b925d4/OPERA_L3_DIST-ALERT-S1_T14QRF_20241129T121014Z_20251017T001940Z_S1A_30_v0.1.png,2025-10-16T22:25:23+00:00,548.104,4.5,14QRF,1,7,4,none,False,transformer_optimized,high,32,2024-11-29,172,2.5,4,best,none,False
southwest_france_flood_2023__30TXR,https://hyp3-tibet-jpl-test-contentbucket-hratibh1y9pa.s3.us-west-2.amazonaws.com/dd72c8bd-3619-4db7-80ae-82ed10dc0f36/OPERA_L3_DIST-ALERT-S1_T30TXR_20240209T061700Z_20251017T003025Z_S1A_30_v0.1.zip,https://hyp3-tibet-jpl-test-contentbucket-hratibh1y9pa.s3.us-west-2.amazonaws.com/dd72c8bd-3619-4db7-80ae-82ed10dc0f36/OPERA_L3_DIST-ALERT-S1_T30TXR_20240209T061700Z_20251017T003025Z_S1A_30_v0.1.png,2025-10-16T22:25:23+00:00,1224.074,4.5,30TXR,1,7,4,none,False,transformer_optimized,high,32,2024-02-09,81,2.5,4,best,none,False
brazzaville_flood_and_landslides_2024__33MWR,https://hyp3-tibet-jpl-test-contentbucket-hratibh1y9pa.s3.us-west-2.amazonaws.com/9773f965-0510-480f-9b84-45466e16c973/OPERA_L3_DIST-ALERT-S1_T33MWR_20240330T043537Z_20251017T003426Z_S1A_30_v0.1.zip,https://hyp3-tibet-jpl-test-contentbucket-hratibh1y9pa.s3.us-west-2.amazonaws.com/9773f965-0510-480f-9b84-45466e16c973/OPERA_L3_DIST-ALERT-S1_T33MWR_20240330T043537Z_20251017T003426Z_S1A_30_v0.1.png,2025-10-16T22:25:23+00:00,1497.218,4.5,33MWR,1,7,4,none,False,transformer_optimized,high,32,2024-03-30,109,2.5,4,best,none,False
southwest_france_flood_2023__30TYR,https://hyp3-tibet-jpl-test-contentbucket-hratibh1y9pa.s3.us-west-2.amazonaws.com/4c3b1822-fa93-44d5-80f0-1d2e48e60596/OPERA_L3_DIST-ALERT-S1_T30TYR_20240111T060849Z_20251017T004009Z_S1A_30_v0.1.zip,https://hyp3-tibet-jpl-test-contentbucket-hratibh1y9pa.s3.us-west-2.amazonaws.com/4c3b1822-fa93-44d5-80f0-1d2e48e60596/OPERA_L3_DIST-ALERT-S1_T30TYR_20240111T060849Z_20251017T004009Z_S1A_30_v0.1.png,2025-10-16T22:25:23+00:00,1881.247,4.5,30TYR,1,7,4,none,False,transformer_optimized,high,32,2024-01-11,8,2.5,4,best,none,False
smokehouse_creek_fire_2024__14SKE,https://hyp3-tibet-jpl-test-contentbucket-hratibh1y9pa.s3.us-west-2.amazonaws.com/9003bbbe-cad2-4f3c-9eb9-bcb060ec4d71/OPERA_L3_DIST-ALERT-S1_T14SKE_20240421T125446Z_20251017T002050Z_S1A_30_v0.1.zip,https://hyp3-tibet-jpl-test-contentbucket-hratibh1y9pa.s3.us-west-2.amazonaws.com/9003bbbe-cad2-4f3c-9eb9-bcb060ec4d71/OPERA_L3_DIST-ALERT-S1_T14SKE_20240421T125446Z_20251017T002050Z_S1A_30_v0.1.png,2025-10-16T22:25:23+00:00,748.688,4.5,14SKE,1,7,4,none,False,transformer_optimized,high,32,2024-04-21,85,2.5,4,best,none,False
southwest_france_flood_2023__30TYR,https://hyp3-tibet-jpl-test-contentbucket-hratibh1y9pa.s3.us-west-2.amazonaws.com/1779ec8c-fd19-4fc3-a72e-4d27aff861c5/OPERA_L3_DIST-ALERT-S1_T30TYR_20240209T061700Z_20251017T001922Z_S1A_30_v0.1.zip,https://hyp3-tibet-jpl-test-contentbucket-hratibh1y9pa.s3.us-west-2.amazonaws.com/1779ec8c-fd19-4fc3-a72e-4d27aff861c5/OPERA_L3_DIST-ALERT-S1_T30TYR_20240209T061700Z_20251017T001922Z_S1A_30_v0.1.png,2025-10-16T22:25:23+00:00,712.482,4.5,30TYR,1,7,4,none,False,transformer_optimized,high,32,2024-02-09,81,2.5,4,best,none,False
southwest_france_flood_2023__30TXR,https://hyp3-tibet-jpl-test-contentbucket-hratibh1y9pa.s3.us-west-2.amazonaws.com/e6edf694-0d33-4a8c-a6c0-64ba21e7eeae/OPERA_L3_DIST-ALERT-S1_T30TXR_20231231T175632Z_20251017T003548Z_S1A_30_v0.1.zip,https://hyp3-tibet-jpl-test-contentbucket-hratibh1y9pa.s3.us-west-2.amazonaws.com/e6edf694-0d33-4a8c-a6c0-64ba21e7eeae/OPERA_L3_DIST-ALERT-S1_T30TXR_20231231T175632Z_20251017T003548Z_S1A_30_v0.1.png,2025-10-16T22:25:23+00:00,1768.49,4.5,30TXR,1,7,4,none,False,transformer_optimized,high,32,2023-12-31,30,2.5,4,best,none,False
smokehouse_creek_fire_2024__14SKE,https://hyp3-tibet-jpl-test-contentbucket-hratibh1y9pa.s3.us-west-2.amazonaws.com/2ffbf2ae-525f-4614-91cf-4669ac5a064c/OPERA_L3_DIST-ALERT-S1_T14SKE_20240316T005324Z_20251017T001835Z_S1A_30_v0.1.zip,https://hyp3-tibet-jpl-test-contentbucket-hratibh1y9pa.s3.us-west-2.amazonaws.com/2ffbf2ae-525f-4614-91cf-4669ac5a064c/OPERA_L3_DIST-ALERT-S1_T14SKE_20240316T005324Z_20251017T001835Z_S1A_30_v0.1.png,2025-10-16T22:25:23+00:00,667.954,4.5,14SKE,1,7,4,none,False,transformer_optimized,high,32,2024-03-16,78,2.5,4,best,none,False
tlacotalpan_flood_2024__14QRF,https://hyp3-tibet-jpl-test-contentbucket-hratibh1y9pa.s3.us-west-2.amazonaws.com/349506d4-78ca-4a05-bf60-ea7084149dcb/OPERA_L3_DIST-ALERT-S1_T14QRF_20241005T121820Z_20251017T003346Z_S1A_30_v0.1.zip,https://hyp3-tibet-jpl-test-contentbucket-hratibh1y9pa.s3.us-west-2.amazonaws.com/349506d4-78ca-4a05-bf60-ea7084149dcb/OPERA_L3_DIST-ALERT-S1_T14QRF_20241005T121820Z_20251017T003346Z_S1A_30_v0.1.png,2025-10-16T22:25:23+00:00,1717.603,4.5,14QRF,1,7,4,none,False,transformer_optimized,high,32,2024-10-05,70,2.5,4,best,none,False
southwest_france_flood_2023__30TYR,https://hyp3-tibet-jpl-test-contentbucket-hratibh1y9pa.s3.us-west-2.amazonaws.com/ef55a80f-32c5-4473-9ce5-2751fbae5159/OPERA_L3_DIST-ALERT-S1_T30TYR_20231223T061702Z_20251017T001451Z_S1A_30_v0.1.zip,https://hyp3-tibet-jpl-test-contentbucket-hratibh1y9pa.s3.us-west-2.amazonaws.com/ef55a80f-32c5-4473-9ce5-2751fbae5159/OPERA_L3_DIST-ALERT-S1_T30TYR_20231223T061702Z_20251017T001451Z_S1A_30_v0.1.png,2025-10-16T22:25:23+00:00,626.749,4.5,30TYR,1,7,4,none,False,transformer_optimized,high,32,2023-12-23,81,2.5,4,best,none,False
southwest_france_flood_2023__30TXR,https://hyp3-tibet-jpl-test-contentbucket-hratibh1y9pa.s3.us-west-2.amazonaws.com/2d86846a-526c-4be0-81ff-0167086674ab/OPERA_L3_DIST-ALERT-S1_T30TXR_20240119T174828Z_20251017T001304Z_S1A_30_v0.1.zip,https://hyp3-tibet-jpl-test-contentbucket-hratibh1y9pa.s3.us-west-2.amazonaws.com/2d86846a-526c-4be0-81ff-0167086674ab/OPERA_L3_DIST-ALERT-S1_T30TXR_20240119T174828Z_20251017T001304Z_S1A_30_v0.1.png,2025-10-16T22:25:23+00:00,549.569,4.5,30TXR,1,7,4,none,False,transformer_optimized,high,32,2024-01-19,132,2.5,4,best,none,False
tlacotalpan_flood_2024__14QRF,https://hyp3-tibet-jpl-test-contentbucket-hratibh1y9pa.s3.us-west-2.amazonaws.com/572f304f-ee03-4343-8300-f0c1973a480c/OPERA_L3_DIST-ALERT-S1_T14QRF_20240930T121015Z_20251017T000948Z_S1A_30_v0.1.zip,https://hyp3-tibet-jpl-test-contentbucket-hratibh1y9pa.s3.us-west-2.amazonaws.com/572f304f-ee03-4343-8300-f0c1973a480c/OPERA_L3_DIST-ALERT-S1_T14QRF_20240930T121015Z_20251017T000948Z_S1A_30_v0.1.png,2025-10-16T22:25:23+00:00,480.621,4.5,14QRF,1,7,4,none,False,transformer_optimized,high,32,2024-09-30,172,2.5,4,best,none,False
tlacotalpan_flood_2024__14QRF,https://hyp3-tibet-jpl-test-contentbucket-hratibh1y9pa.s3.us-west-2.amazonaws.com/19e8e84a-5a51-4ab9-919b-cd10a2bf5531/OPERA_L3_DIST-ALERT-S1_T14QRF_20241008T003213Z_20251017T003112Z_S1A_30_v0.1.zip,https://hyp3-tibet-jpl-test-contentbucket-hratibh1y9pa.s3.us-west-2.amazonaws.com/19e8e84a-5a51-4ab9-919b-cd10a2bf5531/OPERA_L3_DIST-ALERT-S1_T14QRF_20241008T003213Z_20251017T003112Z_S1A_30_v0.1.png,2025-10-16T22:25:23+00:00,1776.323,4.5,14QRF,1,7,4,none,False,transformer_optimized,high,32,2024-10-08,107,2.5,4,best,none,False
tlacotalpan_flood_2024__14QRF,https://hyp3-tibet-jpl-test-contentbucket-hratibh1y9pa.s3.us-west-2.amazonaws.com/cbfa620d-d466-44b1-953e-b1b224f07e46/OPERA_L3_DIST-ALERT-S1_T14QRF_20241125T003211Z_20251017T003055Z_S1A_30_v0.1.zip,https://hyp3-tibet-jpl-test-contentbucket-hratibh1y9pa.s3.us-west-2.amazonaws.com/cbfa620d-d466-44b1-953e-b1b224f07e46/OPERA_L3_DIST-ALERT-S1_T14QRF_20241125T003211Z_20251017T003055Z_S1A_30_v0.1.png,2025-10-16T22:25:23+00:00,1882.764,4.5,14QRF,1,7,4,none,False,transformer_optimized,high,32,2024-11-25,107,2.5,4,best,none,False
southwest_france_flood_2023__30TYR,https://hyp3-tibet-jpl-test-contentbucket-hratibh1y9pa.s3.us-west-2.amazonaws.com/6836aa29-42b8-442d-8672-ebf71c45cafb/OPERA_L3_DIST-ALERT-S1_T30TYR_20231214T174820Z_20251017T002224Z_S1A_30_v0.1.zip,https://hyp3-tibet-jpl-test-contentbucket-hratibh1y9pa.s3.us-west-2.amazonaws.com/6836aa29-42b8-442d-8672-ebf71c45cafb/OPERA_L3_DIST-ALERT-S1_T30TYR_20231214T174820Z_20251017T002224Z_S1A_30_v0.1.png,2025-10-16T22:25:23+00:00,1379.228,4.5,30TYR,1,7,4,none,False,transformer_optimized,high,32,2023-12-14,132,2.5,4,best,none,False
southwest_france_flood_2023__30TXR,https://hyp3-tibet-jpl-test-contentbucket-hratibh1y9pa.s3.us-west-2.amazonaws.com/5cfccfcb-a7f5-42ef-b938-e43ff310277c/OPERA_L3_DIST-ALERT-S1_T30TXR_20240123T060851Z_20251017T001945Z_S1A_30_v0.1.zip,https://hyp3-tibet-jpl-test-contentbucket-hratibh1y9pa.s3.us-west-2.amazonaws.com/5cfccfcb-a7f5-42ef-b938-e43ff310277c/OPERA_L3_DIST-ALERT-S1_T30TXR_20240123T060851Z_20251017T001945Z_S1A_30_v0.1.png,2025-10-16T22:25:23+00:00,1202.738,4.5,30TXR,1,7,4,none,False,transformer_optimized,high,32,2024-01-23,8,2.5,4,best,none,False
smokehouse_creek_fire_2024__14SLE,https://hyp3-tibet-jpl-test-contentbucket-hratibh1y9pa.s3.us-west-2.amazonaws.com/9b2cf889-2a46-4d9b-9996-92d0145b248d/OPERA_L3_DIST-ALERT-S1_T14SLE_20240323T004509Z_20251017T002116Z_S1A_30_v0.1.zip,https://hyp3-tibet-jpl-test-contentbucket-hratibh1y9pa.s3.us-west-2.amazonaws.com/9b2cf889-2a46-4d9b-9996-92d0145b248d/OPERA_L3_DIST-ALERT-S1_T14SLE_20240323T004509Z_20251017T002116Z_S1A_30_v0.1.png,2025-10-16T22:25:23+00:00,1521.424,4.5,14SLE,1,7,4,none,False,transformer_optimized,high,32,2024-03-23,5,2.5,4,best,none,False
smokehouse_creek_fire_2024__14SME,https://hyp3-tibet-jpl-test-contentbucket-hratibh1y9pa.s3.us-west-2.amazonaws.com/8e297f0f-5d48-4f14-836b-92359f5b0782/OPERA_L3_DIST-ALERT-S1_T14SME_20240330T003659Z_20251017T001420Z_S1A_30_v0.1.zip,https://hyp3-tibet-jpl-test-contentbucket-hratibh1y9pa.s3.us-west-2.amazonaws.com/8e297f0f-5d48-4f14-836b-92359f5b0782/OPERA_L3_DIST-ALERT-S1_T14SME_20240330T003659Z_20251017T001420Z_S1A_30_v0.1.png,2025-10-16T22:25:23+00:00,1476.24,4.5,14SME,1,7,4,none,False,transformer_optimized,high,32,2024-03-30,107,2.5,4,best,none,False
southwest_france_flood_2023__30TXR,https://hyp3-tibet-jpl-test-contentbucket-hratibh1y9pa.s3.us-west-2.amazonaws.com/2c7096dd-f905-4544-840a-faf777bb8d71/OPERA_L3_DIST-ALERT-S1_T30TXR_20231120T174831Z_20251016T235529Z_S1A_30_v0.1.zip,https://hyp3-tibet-jpl-test-contentbucket-hratibh1y9pa.s3.us-west-2.amazonaws.com/2c7096dd-f905-4544-840a-faf777bb8d71/OPERA_L3_DIST-ALERT-S1_T30TXR_20231120T174831Z_20251016T235529Z_S1A_30_v0.1.png,2025-10-16T22:25:23+00:00,418.719,4.5,30TXR,1,7,4,none,False,transformer_optimized,high,32,2023-11-20,132,2.5,4,best,none,False
southwest_france_flood_2023__30TYR,https://hyp3-tibet-jpl-test-contentbucket-hratibh1y9pa.s3.us-west-2.amazonaws.com/0eefaa0a-7bc6-42de-9aa2-74482e6aa778/OPERA_L3_DIST-ALERT-S1_T30TYR_20231119T060044Z_20251016T235907Z_S1A_30_v0.1.zip,https://hyp3-tibet-jpl-test-contentbucket-hratibh1y9pa.s3.us-west-2.amazonaws.com/0eefaa0a-7bc6-42de-9aa2-74482e6aa778/OPERA_L3_DIST-ALERT-S1_T30TYR_20231119T060044Z_20251016T235907Z_S1A_30_v0.1.png,2025-10-16T22:25:23+00:00,645.009,4.5,30TYR,1,7,4,none,False,transformer_optimized,high,32,2023-11-19,110,2.5,4,best,none,False
monkey_creek_fire_2024__11TLK,https://hyp3-tibet-jpl-test-contentbucket-hratibh1y9pa.s3.us-west-2.amazonaws.com/60455d21-4db0-49ae-9e00-2c599ca048c5/OPERA_L3_DIST-ALERT-S1_T11TLK_20240828T140624Z_20251017T000113Z_S1A_30_v0.1.zip,https://hyp3-tibet-jpl-test-contentbucket-hratibh1y9pa.s3.us-west-2.amazonaws.com/60455d21-4db0-49ae-9e00-2c599ca048c5/OPERA_L3_DIST-ALERT-S1_T11TLK_20240828T140624Z_20251017T000113Z_S1A_30_v0.1.png,2025-10-16T22:25:23+00:00,904.091,4.5,11TLK,1,7,4,none,False,transformer_optimized,high,32,2024-08-28,42,2.5,4,best,none,False
smokehouse_creek_fire_2024__14SME,https://hyp3-tibet-jpl-test-contentbucket-hratibh1y9pa.s3.us-west-2.amazonaws.com/409dbae3-8921-4edf-97b4-4a1b232791dc/OPERA_L3_DIST-ALERT-S1_T14SME_20240323T124630Z_20251016T235523Z_S1A_30_v0.1.zip,https://hyp3-tibet-jpl-test-contentbucket-hratibh1y9pa.s3.us-west-2.amazonaws.com/409dbae3-8921-4edf-97b4-4a1b232791dc/OPERA_L3_DIST-ALERT-S1_T14SME_20240323T124630Z_20251016T235523Z_S1A_30_v0.1.png,2025-10-16T22:25:23+00:00,609.104,4.5,14SME,1,7,4,none,False,transformer_optimized,high,32,2024-03-23,12,2.5,4,best,none,False
southwest_france_flood_2023__30TYR,https://hyp3-tibet-jpl-test-contentbucket-hratibh1y9pa.s3.us-west-2.amazonaws.com/46863111-b4e1-4c4d-a0b6-88ad02edcc5c/OPERA_L3_DIST-ALERT-S1_T30TYR_20231231T175630Z_20251017T000926Z_S1A_30_v0.1.zip,https://hyp3-tibet-jpl-test-contentbucket-hratibh1y9pa.s3.us-west-2.amazonaws.com/46863111-b4e1-4c4d-a0b6-88ad02edcc5c/OPERA_L3_DIST-ALERT-S1_T30TYR_20231231T175630Z_20251017T000926Z_S1A_30_v0.1.png,2025-10-16T22:25:23+00:00,1428.421,4.5,30TYR,1,7,4,none,False,transformer_optimized,high,32,2023-12-31,30,2.5,4,best,none,False
monkey_creek_fire_2024__11TLK,https://hyp3-tibet-jpl-test-contentbucket-hratibh1y9pa.s3.us-west-2.amazonaws.com/aa4769a6-4f13-40f4-9189-22c8eccf98c4/OPERA_L3_DIST-ALERT-S1_T11TLK_20240701T015328Z_20251017T000349Z_S1A_30_v0.1.zip,https://hyp3-tibet-jpl-test-contentbucket-hratibh1y9pa.s3.us-west-2.amazonaws.com/aa4769a6-4f13-40f4-9189-22c8eccf98c4/OPERA_L3_DIST-ALERT-S1_T11TLK_20240701T015328Z_20251017T000349Z_S1A_30_v0.1.png,2025-10-16T22:25:23+00:00,1152.965,4.5,11TLK,1,7,4,none,False,transformer_optimized,high,32,2024-07-01,64,2.5,4,best,none,False
smokehouse_creek_fire_2024__14SME,https://hyp3-tibet-jpl-test-contentbucket-hratibh1y9pa.s3.us-west-2.amazonaws.com/1b0aface-fdf7-4a0d-a163-d3fc786aa4a5/OPERA_L3_DIST-ALERT-S1_T14SME_20240423T003659Z_20251017T001228Z_S1A_30_v0.1.zip,https://hyp3-tibet-jpl-test-contentbucket-hratibh1y9pa.s3.us-west-2.amazonaws.com/1b0aface-fdf7-4a0d-a163-d3fc786aa4a5/OPERA_L3_DIST-ALERT-S1_T14SME_20240423T003659Z_20251017T001228Z_S1A_30_v0.1.png,2025-10-16T22:25:23+00:00,1694.59,4.5,14SME,1,7,4,none,False,transformer_optimized,high,32,2024-04-23,107,2.5,4,best,none,False
monkey_creek_fire_2024__11TLK,https://hyp3-tibet-jpl-test-contentbucket-hratibh1y9pa.s3.us-west-2.amazonaws.com/f4952e71-dc5f-43cf-a83b-bfd05a62d901/OPERA_L3_DIST-ALERT-S1_T11TLK_20240629T140624Z_20251016T235824Z_S1A_30_v0.1.zip,https://hyp3-tibet-jpl-test-contentbucket-hratibh1y9pa.s3.us-west-2.amazonaws.com/f4952e71-dc5f-43cf-a83b-bfd05a62d901/OPERA_L3_DIST-ALERT-S1_T11TLK_20240629T140624Z_20251016T235824Z_S1A_30_v0.1.png,2025-10-16T22:25:23+00:00,854.948,4.5,11TLK,1,7,4,none,False,transformer_optimized,high,32,2024-06-29,42,2.5,4,best,none,False
tlacotalpan_flood_2024__14QRF,https://hyp3-tibet-jpl-test-contentbucket-hratibh1y9pa.s3.us-west-2.amazonaws.com/19e31b7c-f4a0-4f92-acc9-3373dc6086b3/OPERA_L3_DIST-ALERT-S1_T14QRF_20241105T121012Z_20251016T235503Z_S1A_30_v0.1.zip,https://hyp3-tibet-jpl-test-contentbucket-hratibh1y9pa.s3.us-west-2.amazonaws.com/19e31b7c-f4a0-4f92-acc9-3373dc6086b3/OPERA_L3_DIST-ALERT-S1_T14QRF_20241105T121012Z_20251016T235503Z_S1A_30_v0.1.png,2025-10-16T22:25:23+00:00,648.365,4.5,14QRF,1,7,4,none,False,transformer_optimized,high,32,2024-11-05,172,2.5,4,best,none,False
brazzaville_flood_and_landslides_2024__33MWR,https://hyp3-tibet-jpl-test-contentbucket-hratibh1y9pa.s3.us-west-2.amazonaws.com/fa46f6eb-9166-4d68-879c-912a29eaca70/OPERA_L3_DIST-ALERT-S1_T33MWR_20240123T044346Z_20251016T235334Z_S1A_30_v0.1.zip,https://hyp3-tibet-jpl-test-contentbucket-hratibh1y9pa.s3.us-west-2.amazonaws.com/fa46f6eb-9166-4d68-879c-912a29eaca70/OPERA_L3_DIST-ALERT-S1_T33MWR_20240123T044346Z_20251016T235334Z_S1A_30_v0.1.png,2025-10-16T22:25:23+00:00,563.334,4.5,33MWR,1,7,4,none,False,transformer_optimized,high,32,2024-01-23,7,2.5,4,best,none,False
southwest_france_flood_2023__30TXR,https://hyp3-tibet-jpl-test-contentbucket-hratibh1y9pa.s3.us-west-2.amazonaws.com/a37075db-a53b-4eb2-9581-6a1e7a513aaf/OPERA_L3_DIST-ALERT-S1_T30TXR_20231118T180447Z_20251016T235450Z_S1A_30_v0.1.zip,https://hyp3-tibet-jpl-test-contentbucket-hratibh1y9pa.s3.us-west-2.amazonaws.com/a37075db-a53b-4eb2-9581-6a1e7a513aaf/OPERA_L3_DIST-ALERT-S1_T30TXR_20231118T180447Z_20251016T235450Z_S1A_30_v0.1.png,2025-10-16T22:25:23+00:00,753.888,4.5,30TXR,1,7,4,none,False,transformer_optimized,high,32,2023-11-18,103,2.5,4,best,none,False
smokehouse_creek_fire_2024__14SKE,https://hyp3-tibet-jpl-test-contentbucket-hratibh1y9pa.s3.us-west-2.amazonaws.com/ab1c7927-a31b-47df-9c95-cf7f49ae7876/OPERA_L3_DIST-ALERT-S1_T14SKE_20240328T125445Z_20251016T235142Z_S1A_30_v0.1.zip,https://hyp3-tibet-jpl-test-contentbucket-hratibh1y9pa.s3.us-west-2.amazonaws.com/ab1c7927-a31b-47df-9c95-cf7f49ae7876/OPERA_L3_DIST-ALERT-S1_T14SKE_20240328T125445Z_20251016T235142Z_S1A_30_v0.1.png,2025-10-16T22:25:23+00:00,569.998,4.5,14SKE,1,7,4,none,False,transformer_optimized,high,32,2024-03-28,85,2.5,4,best,none,False
monkey_creek_fire_2024__11TLK,https://hyp3-tibet-jpl-test-contentbucket-hratibh1y9pa.s3.us-west-2.amazonaws.com/7f71889e-36cc-4aa1-bfb2-c891d2f0527a/OPERA_L3_DIST-ALERT-S1_T11TLK_20240619T015329Z_20251017T000933Z_S1A_30_v0.1.zip,https://hyp3-tibet-jpl-test-contentbucket-hratibh1y9pa.s3.us-west-2.amazonaws.com/7f71889e-36cc-4aa1-bfb2-c891d2f0527a/OPERA_L3_DIST-ALERT-S1_T11TLK_20240619T015329Z_20251017T000933Z_S1A_30_v0.1.png,2025-10-16T22:25:23+00:00,1654.338,4.5,11TLK,1,7,4,none,False,transformer_optimized,high,32,2024-06-19,64,2.5,4,best,none,False
smokehouse_creek_fire_2024__14SME,https://hyp3-tibet-jpl-test-contentbucket-hratibh1y9pa.s3.us-west-2.amazonaws.com/6a018a9c-ec6d-45c3-a966-6a50060e0f22/OPERA_L3_DIST-ALERT-S1_T14SME_20240311T124630Z_20251016T234857Z_S1A_30_v0.1.zip,https://hyp3-tibet-jpl-test-contentbucket-hratibh1y9pa.s3.us-west-2.amazonaws.com/6a018a9c-ec6d-45c3-a966-6a50060e0f22/OPERA_L3_DIST-ALERT-S1_T14SME_20240311T124630Z_20251016T234857Z_S1A_30_v0.1.png,2025-10-16T22:25:23+00:00,440.016,4.5,14SME,1,7,4,none,False,transformer_optimized,high,32,2024-03-11,12,2.5,4,best,none,False
tlacotalpan_flood_2024__14QRF,https://hyp3-tibet-jpl-test-contentbucket-hratibh1y9pa.s3.us-west-2.amazonaws.com/b034d79a-8682-43f9-bda9-7d5f1a5d1cbe/OPERA_L3_DIST-ALERT-S1_T14QRF_20241219T003209Z_20251017T000826Z_S1A_30_v0.1.zip,https://hyp3-tibet-jpl-test-contentbucket-hratibh1y9pa.s3.us-west-2.amazonaws.com/b034d79a-8682-43f9-bda9-7d5f1a5d1cbe/OPERA_L3_DIST-ALERT-S1_T14QRF_20241219T003209Z_20251017T000826Z_S1A_30_v0.1.png,2025-10-16T22:25:23+00:00,1739.964,4.5,14QRF,1,7,4,none,False,transformer_optimized,high,32,2024-12-19,107,2.5,4,best,none,False
southwest_france_flood_2023__30TYR,https://hyp3-tibet-jpl-test-contentbucket-hratibh1y9pa.s3.us-west-2.amazonaws.com/2778a13e-b5cb-411e-b212-39223098e1c7/OPERA_L3_DIST-ALERT-S1_T30TYR_20240112T175629Z_20251017T000124Z_S1A_30_v0.1.zip,https://hyp3-tibet-jpl-test-contentbucket-hratibh1y9pa.s3.us-west-2.amazonaws.com/2778a13e-b5cb-411e-b212-39223098e1c7/OPERA_L3_DIST-ALERT-S1_T30TYR_20240112T175629Z_20251017T000124Z_S1A_30_v0.1.png,2025-10-16T22:25:23+00:00,1351.307,4.5,30TYR,1,7,4,none,False,transformer_optimized,high,32,2024-01-12,30,2.5,4,best,none,False
southwest_france_flood_2023__30TXR,https://hyp3-tibet-jpl-test-contentbucket-hratibh1y9pa.s3.us-west-2.amazonaws.com/7c05c0a9-f901-4301-bb78-cf2ea270ec6e/OPERA_L3_DIST-ALERT-S1_T30TXR_20240210T180443Z_20251016T235004Z_S1A_30_v0.1.zip,https://hyp3-tibet-jpl-test-contentbucket-hratibh1y9pa.s3.us-west-2.amazonaws.com/7c05c0a9-f901-4301-bb78-cf2ea270ec6e/OPERA_L3_DIST-ALERT-S1_T30TXR_20240210T180443Z_20251016T235004Z_S1A_30_v0.1.png,2025-10-16T22:25:23+00:00,684.725,4.5,30TXR,1,7,4,none,False,transformer_optimized,high,32,2024-02-10,103,2.5,4,best,none,False
monkey_creek_fire_2024__10TGQ,https://hyp3-tibet-jpl-test-contentbucket-hratibh1y9pa.s3.us-west-2.amazonaws.com/9c2096f7-c5c5-4935-b383-ccc2cce53acd/OPERA_L3_DIST-ALERT-S1_T10TGQ_20240725T015329Z_20251017T000901Z_S1A_30_v0.1.zip,https://hyp3-tibet-jpl-test-contentbucket-hratibh1y9pa.s3.us-west-2.amazonaws.com/9c2096f7-c5c5-4935-b383-ccc2cce53acd/OPERA_L3_DIST-ALERT-S1_T10TGQ_20240725T015329Z_20251017T000901Z_S1A_30_v0.1.png,2025-10-16T22:25:23+00:00,1867.335,4.5,10TGQ,1,7,4,none,False,transformer_optimized,high,32,2024-07-25,64,2.5,4,best,none,False
southwest_france_flood_2023__30TXR,https://hyp3-tibet-jpl-test-contentbucket-hratibh1y9pa.s3.us-west-2.amazonaws.com/14fd9a83-9762-4231-8210-1a55f459182c/OPERA_L3_DIST-ALERT-S1_T30TXR_20240111T060851Z_20251017T000359Z_S1A_30_v0.1.zip,https://hyp3-tibet-jpl-test-contentbucket-hratibh1y9pa.s3.us-west-2.amazonaws.com/14fd9a83-9762-4231-8210-1a55f459182c/OPERA_L3_DIST-ALERT-S1_T30TXR_20240111T060851Z_20251017T000359Z_S1A_30_v0.1.png,2025-10-16T22:25:23+00:00,1529.375,4.5,30TXR,1,7,4,none,False,transformer_optimized,high,32,2024-01-11,8,2.5,4,best,none,False
tlacotalpan_flood_2024__14QRF,https://hyp3-tibet-jpl-test-contentbucket-hratibh1y9pa.s3.us-west-2.amazonaws.com/e9f5e8b0-5f64-4b27-9104-e6d061c8945c/OPERA_L3_DIST-ALERT-S1_T14QRF_20241101T003213Z_20251017T000225Z_S1A_30_v0.1.zip,https://hyp3-tibet-jpl-test-contentbucket-hratibh1y9pa.s3.us-west-2.amazonaws.com/e9f5e8b0-5f64-4b27-9104-e6d061c8945c/OPERA_L3_DIST-ALERT-S1_T14QRF_20241101T003213Z_20251017T000225Z_S1A_30_v0.1.png,2025-10-16T22:25:23+00:00,1594.961,4.5,14QRF,1,7,4,none,False,transformer_optimized,high,32,2024-11-01,107,2.5,4,best,none,False
brazzaville_flood_and_landslides_2024__33MWR,https://hyp3-tibet-jpl-test-contentbucket-hratibh1y9pa.s3.us-west-2.amazonaws.com/425459a8-82c7-431e-8ba0-62f25cf2406e/OPERA_L3_DIST-ALERT-S1_T33MWR_20240404T044346Z_20251016T234745Z_S1A_30_v0.1.zip,https://hyp3-tibet-jpl-test-contentbucket-hratibh1y9pa.s3.us-west-2.amazonaws.com/425459a8-82c7-431e-8ba0-62f25cf2406e/OPERA_L3_DIST-ALERT-S1_T33MWR_20240404T044346Z_20251016T234745Z_S1A_30_v0.1.png,2025-10-16T22:25:23+00:00,736.716,4.5,33MWR,1,7,4,none,False,transformer_optimized,high,32,2024-04-04,7,2.5,4,best,none,False
smokehouse_creek_fire_2024__14SKE,https://hyp3-tibet-jpl-test-contentbucket-hratibh1y9pa.s3.us-west-2.amazonaws.com/986d61c3-a3d4-4305-9237-367788edb8c6/OPERA_L3_DIST-ALERT-S1_T14SKE_20240323T124634Z_20251016T234922Z_S1A_30_v0.1.zip,https://hyp3-tibet-jpl-test-contentbucket-hratibh1y9pa.s3.us-west-2.amazonaws.com/986d61c3-a3d4-4305-9237-367788edb8c6/OPERA_L3_DIST-ALERT-S1_T14SKE_20240323T124634Z_20251016T234922Z_S1A_30_v0.1.png,2025-10-16T22:25:23+00:00,963.748,4.5,14SKE,1,7,4,none,False,transformer_optimized,high,32,2024-03-23,12,2.5,4,best,none,False
smokehouse_creek_fire_2024__14SME,https://hyp3-tibet-jpl-test-contentbucket-hratibh1y9pa.s3.us-west-2.amazonaws.com/36748e53-865c-49cb-80eb-bcccbbbf3dea/OPERA_L3_DIST-ALERT-S1_T14SME_20240311T004509Z_20251016T234421Z_S1A_30_v0.1.zip,https://hyp3-tibet-jpl-test-contentbucket-hratibh1y9pa.s3.us-west-2.amazonaws.com/36748e53-865c-49cb-80eb-bcccbbbf3dea/OPERA_L3_DIST-ALERT-S1_T14SME_20240311T004509Z_20251016T234421Z_S1A_30_v0.1.png,2025-10-16T22:25:23+00:00,681.086,4.5,14SME,1,7,4,none,False,transformer_optimized,high,32,2024-03-11,5,2.5,4,best,none,False
tlacotalpan_flood_2024__14QRF,https://hyp3-tibet-jpl-test-contentbucket-hratibh1y9pa.s3.us-west-2.amazonaws.com/d7beab94-df6a-4cf7-822a-c5be814abee3/OPERA_L3_DIST-ALERT-S1_T14QRF_20241017T121820Z_20251016T235605Z_S1A_30_v0.1.zip,https://hyp3-tibet-jpl-test-contentbucket-hratibh1y9pa.s3.us-west-2.amazonaws.com/d7beab94-df6a-4cf7-822a-c5be814abee3/OPERA_L3_DIST-ALERT-S1_T14QRF_20241017T121820Z_20251016T235605Z_S1A_30_v0.1.png,2025-10-16T22:25:23+00:00,1485.581,4.5,14QRF,1,7,4,none,False,transformer_optimized,high,32,2024-10-17,70,2.5,4,best,none,False
southwest_france_flood_2023__30TYR,https://hyp3-tibet-jpl-test-contentbucket-hratibh1y9pa.s3.us-west-2.amazonaws.com/c65a9e6a-e56e-4067-a652-018d8fb40a09/OPERA_L3_DIST-ALERT-S1_T30TYR_20231120T174821Z_20251016T235536Z_S1A_30_v0.1.zip,https://hyp3-tibet-jpl-test-contentbucket-hratibh1y9pa.s3.us-west-2.amazonaws.com/c65a9e6a-e56e-4067-a652-018d8fb40a09/OPERA_L3_DIST-ALERT-S1_T30TYR_20231120T174821Z_20251016T235536Z_S1A_30_v0.1.png,2025-10-16T22:25:23+00:00,1458.145,4.5,30TYR,1,7,4,none,False,transformer_optimized,high,32,2023-11-20,132,2.5,4,best,none,False
southwest_france_flood_2023__30TYR,https://hyp3-tibet-jpl-test-contentbucket-hratibh1y9pa.s3.us-west-2.amazonaws.com/310a8b44-4617-4e28-b7fc-ff7d012f8d7d/OPERA_L3_DIST-ALERT-S1_T30TYR_20231211T061703Z_20251016T234118Z_S1A_30_v0.1.zip,https://hyp3-tibet-jpl-test-contentbucket-hratibh1y9pa.s3.us-west-2.amazonaws.com/310a8b44-4617-4e28-b7fc-ff7d012f8d7d/OPERA_L3_DIST-ALERT-S1_T30TYR_20231211T061703Z_20251016T234118Z_S1A_30_v0.1.png,2025-10-16T22:25:23+00:00,589.78,4.5,30TYR,1,7,4,none,False,transformer_optimized,high,32,2023-12-11,81,2.5,4,best,none,False
monkey_creek_fire_2024__10TGQ,https://hyp3-tibet-jpl-test-contentbucket-hratibh1y9pa.s3.us-west-2.amazonaws.com/a93a06bc-5eb3-42ba-8a08-4b95648ed8c0/OPERA_L3_DIST-ALERT-S1_T10TGQ_20240909T140625Z_20251016T234752Z_S1A_30_v0.1.zip,https://hyp3-tibet-jpl-test-contentbucket-hratibh1y9pa.s3.us-west-2.amazonaws.com/a93a06bc-5eb3-42ba-8a08-4b95648ed8c0/OPERA_L3_DIST-ALERT-S1_T10TGQ_20240909T140625Z_20251016T234752Z_S1A_30_v0.1.png,2025-10-16T22:25:23+00:00,1030.078,4.5,10TGQ,1,7,4,none,False,transformer_optimized,high,32,2024-09-09,42,2.5,4,best,none,False
southwest_france_flood_2023__30TYR,https://hyp3-tibet-jpl-test-contentbucket-hratibh1y9pa.s3.us-west-2.amazonaws.com/e3dc806e-32de-4f55-b4e2-88d8f93f683e/OPERA_L3_DIST-ALERT-S1_T30TYR_20240211T060040Z_20251016T234156Z_S1A_30_v0.1.zip,https://hyp3-tibet-jpl-test-contentbucket-hratibh1y9pa.s3.us-west-2.amazonaws.com/e3dc806e-32de-4f55-b4e2-88d8f93f683e/OPERA_L3_DIST-ALERT-S1_T30TYR_20240211T060040Z_20251016T234156Z_S1A_30_v0.1.png,2025-10-16T22:25:23+00:00,696.276,4.5,30TYR,1,7,4,none,False,transformer_optimized,high,32,2024-02-11,110,2.5,4,best,none,False
monkey_creek_fire_2024__11TLK,https://hyp3-tibet-jpl-test-contentbucket-hratibh1y9pa.s3.us-west-2.amazonaws.com/959e2810-d883-469b-ae2b-569e9569afe3/OPERA_L3_DIST-ALERT-S1_T11TLK_20240911T015328Z_20251016T235227Z_S1A_30_v0.1.zip,https://hyp3-tibet-jpl-test-contentbucket-hratibh1y9pa.s3.us-west-2.amazonaws.com/959e2810-d883-469b-ae2b-569e9569afe3/OPERA_L3_DIST-ALERT-S1_T11TLK_20240911T015328Z_20251016T235227Z_S1A_30_v0.1.png,2025-10-16T22:25:23+00:00,1396.01,4.5,11TLK,1,7,4,none,False,transformer_optimized,high,32,2024-09-11,64,2.5,4,best,none,False
monkey_creek_fire_2024__11TLK,https://hyp3-tibet-jpl-test-contentbucket-hratibh1y9pa.s3.us-west-2.amazonaws.com/9bb1df86-9426-465a-b3ad-105dc2dc7bc1/OPERA_L3_DIST-ALERT-S1_T11TLK_20240909T140624Z_20251016T234101Z_S1A_30_v0.1.zip,https://hyp3-tibet-jpl-test-contentbucket-hratibh1y9pa.s3.us-west-2.amazonaws.com/9bb1df86-9426-465a-b3ad-105dc2dc7bc1/OPERA_L3_DIST-ALERT-S1_T11TLK_20240909T140624Z_20251016T234101Z_S1A_30_v0.1.png,2025-10-16T22:25:23+00:00,764.075,4.5,11TLK,1,7,4,none,False,transformer_optimized,high,32,2024-09-09,42,2.5,4,best,none,False
monkey_creek_fire_2024__11TLK,https://hyp3-tibet-jpl-test-contentbucket-hratibh1y9pa.s3.us-west-2.amazonaws.com/d24cb06d-7c17-42ff-a754-4d0965fe9bba/OPERA_L3_DIST-ALERT-S1_T11TLK_20240804T140623Z_20251016T234347Z_S1A_30_v0.1.zip,https://hyp3-tibet-jpl-test-contentbucket-hratibh1y9pa.s3.us-west-2.amazonaws.com/d24cb06d-7c17-42ff-a754-4d0965fe9bba/OPERA_L3_DIST-ALERT-S1_T11TLK_20240804T140623Z_20251016T234347Z_S1A_30_v0.1.png,2025-10-16T22:25:23+00:00,937.2,4.5,11TLK,1,7,4,none,False,transformer_optimized,high,32,2024-08-04,42,2.5,4,best,none,False
smokehouse_creek_fire_2024__14SLE,https://hyp3-tibet-jpl-test-contentbucket-hratibh1y9pa.s3.us-west-2.amazonaws.com/3ad7f9fc-379b-460e-8350-a43ec831e44e/OPERA_L3_DIST-ALERT-S1_T14SLE_20240416T004510Z_20251016T235322Z_S1A_30_v0.1.zip,https://hyp3-tibet-jpl-test-contentbucket-hratibh1y9pa.s3.us-west-2.amazonaws.com/3ad7f9fc-379b-460e-8350-a43ec831e44e/OPERA_L3_DIST-ALERT-S1_T14SLE_20240416T004510Z_20251016T235322Z_S1A_30_v0.1.png,2025-10-16T22:25:23+00:00,1514.925,4.5,14SLE,1,7,4,none,False,transformer_optimized,high,32,2024-04-16,5,2.5,4,best,none,False
smokehouse_creek_fire_2024__14SME,https://hyp3-tibet-jpl-test-contentbucket-hratibh1y9pa.s3.us-west-2.amazonaws.com/59ee5cf4-0ede-4f3b-9358-71a1839fc4b1/OPERA_L3_DIST-ALERT-S1_T14SME_20240404T004510Z_20251016T233827Z_S1A_30_v0.1.zip,https://hyp3-tibet-jpl-test-contentbucket-hratibh1y9pa.s3.us-west-2.amazonaws.com/59ee5cf4-0ede-4f3b-9358-71a1839fc4b1/OPERA_L3_DIST-ALERT-S1_T14SME_20240404T004510Z_20251016T233827Z_S1A_30_v0.1.png,2025-10-16T22:25:23+00:00,669.124,4.5,14SME,1,7,4,none,False,transformer_optimized,high,32,2024-04-04,5,2.5,4,best,none,False
southwest_france_flood_2023__30TYR,https://hyp3-tibet-jpl-test-contentbucket-hratibh1y9pa.s3.us-west-2.amazonaws.com/2c99ef20-6b52-48f0-8759-e791d47bce02/OPERA_L3_DIST-ALERT-S1_T30TYR_20240107T174819Z_20251016T235255Z_S1A_30_v0.1.zip,https://hyp3-tibet-jpl-test-contentbucket-hratibh1y9pa.s3.us-west-2.amazonaws.com/2c99ef20-6b52-48f0-8759-e791d47bce02/OPERA_L3_DIST-ALERT-S1_T30TYR_20240107T174819Z_20251016T235255Z_S1A_30_v0.1.png,2025-10-16T22:25:23+00:00,1582.214,4.5,30TYR,1,7,4,none,False,transformer_optimized,high,32,2024-01-07,132,2.5,4,best,none,False
brazzaville_flood_and_landslides_2024__33MWR,https://hyp3-tibet-jpl-test-contentbucket-hratibh1y9pa.s3.us-west-2.amazonaws.com/7589c085-092f-44d2-ad76-0c6f31538620/OPERA_L3_DIST-ALERT-S1_T33MWR_20240311T044345Z_20251016T233530Z_S1A_30_v0.1.zip,https://hyp3-tibet-jpl-test-contentbucket-hratibh1y9pa.s3.us-west-2.amazonaws.com/7589c085-092f-44d2-ad76-0c6f31538620/OPERA_L3_DIST-ALERT-S1_T33MWR_20240311T044345Z_20251016T233530Z_S1A_30_v0.1.png,2025-10-16T22:25:23+00:00,590.853,4.5,33MWR,1,7,4,none,False,transformer_optimized,high,32,2024-03-11,7,2.5,4,best,none,False
monkey_creek_fire_2024__10TGQ,https://hyp3-tibet-jpl-test-contentbucket-hratibh1y9pa.s3.us-west-2.amazonaws.com/86dabdb8-0ab0-4ce4-a257-3a879d815729/OPERA_L3_DIST-ALERT-S1_T10TGQ_20240823T020142Z_20251016T233439Z_S1A_30_v0.1.zip,https://hyp3-tibet-jpl-test-contentbucket-hratibh1y9pa.s3.us-west-2.amazonaws.com/86dabdb8-0ab0-4ce4-a257-3a879d815729/OPERA_L3_DIST-ALERT-S1_T10TGQ_20240823T020142Z_20251016T233439Z_S1A_30_v0.1.png,2025-10-16T22:25:23+00:00,625.861,4.5,10TGQ,1,7,4,none,False,transformer_optimized,high,32,2024-08-23,137,2.5,4,best,none,False
tlacotalpan_flood_2024__14QRF,https://hyp3-tibet-jpl-test-contentbucket-hratibh1y9pa.s3.us-west-2.amazonaws.com/b3d37321-147f-425c-80ee-4e219bc2a57d/OPERA_L3_DIST-ALERT-S1_T14QRF_20241012T121015Z_20251016T233059Z_S1A_30_v0.1.zip,https://hyp3-tibet-jpl-test-contentbucket-hratibh1y9pa.s3.us-west-2.amazonaws.com/b3d37321-147f-425c-80ee-4e219bc2a57d/OPERA_L3_DIST-ALERT-S1_T14QRF_20241012T121015Z_20251016T233059Z_S1A_30_v0.1.png,2025-10-16T22:25:23+00:00,562.661,4.5,14QRF,1,7,4,none,False,transformer_optimized,high,32,2024-10-12,172,2.5,4,best,none,False
monkey_creek_fire_2024__10TGQ,https://hyp3-tibet-jpl-test-contentbucket-hratibh1y9pa.s3.us-west-2.amazonaws.com/4b3bd023-e39d-466c-ae60-7623f739828b/OPERA_L3_DIST-ALERT-S1_T10TGQ_20240828T140625Z_20251016T233923Z_S1A_30_v0.1.zip,https://hyp3-tibet-jpl-test-contentbucket-hratibh1y9pa.s3.us-west-2.amazonaws.com/4b3bd023-e39d-466c-ae60-7623f739828b/OPERA_L3_DIST-ALERT-S1_T10TGQ_20240828T140625Z_20251016T233923Z_S1A_30_v0.1.png,2025-10-16T22:25:23+00:00,1170.77,4.5,10TGQ,1,7,4,none,False,transformer_optimized,high,32,2024-08-28,42,2.5,4,best,none,False
smokehouse_creek_fire_2024__14SKE,https://hyp3-tibet-jpl-test-contentbucket-hratibh1y9pa.s3.us-west-2.amazonaws.com/633b09cc-6696-4419-8845-8c78525de4e4/OPERA_L3_DIST-ALERT-S1_T14SKE_20240311T124634Z_20251016T233525Z_S1A_30_v0.1.zip,https://hyp3-tibet-jpl-test-contentbucket-hratibh1y9pa.s3.us-west-2.amazonaws.com/633b09cc-6696-4419-8845-8c78525de4e4/OPERA_L3_DIST-ALERT-S1_T14SKE_20240311T124634Z_20251016T233525Z_S1A_30_v0.1.png,2025-10-16T22:25:23+00:00,962.044,4.5,14SKE,1,7,4,none,False,transformer_optimized,high,32,2024-03-11,12,2.5,4,best,none,False
monkey_creek_fire_2024__10TGQ,https://hyp3-tibet-jpl-test-contentbucket-hratibh1y9pa.s3.us-west-2.amazonaws.com/209741b8-d795-4608-9b4d-7392f5faf59f/OPERA_L3_DIST-ALERT-S1_T10TGQ_20240701T015330Z_20251016T235229Z_S1A_30_v0.1.zip,https://hyp3-tibet-jpl-test-contentbucket-hratibh1y9pa.s3.us-west-2.amazonaws.com/209741b8-d795-4608-9b4d-7392f5faf59f/OPERA_L3_DIST-ALERT-S1_T10TGQ_20240701T015330Z_20251016T235229Z_S1A_30_v0.1.png,2025-10-16T22:25:23+00:00,2111.969,4.5,10TGQ,1,7,4,none,False,transformer_optimized,high,32,2024-07-01,64,2.5,4,best,none,False
smokehouse_creek_fire_2024__14SKE,https://hyp3-tibet-jpl-test-contentbucket-hratibh1y9pa.s3.us-west-2.amazonaws.com/e09638fa-6cf5-49a8-8405-a100360e1b80/OPERA_L3_DIST-ALERT-S1_T14SKE_20240323T004513Z_20251016T233952Z_S1A_30_v0.1.zip,https://hyp3-tibet-jpl-test-contentbucket-hratibh1y9pa.s3.us-west-2.amazonaws.com/e09638fa-6cf5-49a8-8405-a100360e1b80/OPERA_L3_DIST-ALERT-S1_T14SKE_20240323T004513Z_20251016T233952Z_S1A_30_v0.1.png,2025-10-16T22:25:23+00:00,1504.927,4.5,14SKE,1,7,4,none,False,transformer_optimized,high,32,2024-03-23,5,2.5,4,best,none,False
southwest_france_flood_2023__30TYR,https://hyp3-tibet-jpl-test-contentbucket-hratibh1y9pa.s3.us-west-2.amazonaws.com/f39ad2dc-5700-4f1c-9ddd-331b65620d56/OPERA_L3_DIST-ALERT-S1_T30TYR_20240204T060848Z_20251016T234251Z_S1A_30_v0.1.zip,https://hyp3-tibet-jpl-test-contentbucket-hratibh1y9pa.s3.us-west-2.amazonaws.com/f39ad2dc-5700-4f1c-9ddd-331b65620d56/OPERA_L3_DIST-ALERT-S1_T30TYR_20240204T060848Z_20251016T234251Z_S1A_30_v0.1.png,2025-10-16T22:25:23+00:00,1739.025,4.5,30TYR,1,7,4,none,False,transformer_optimized,high,32,2024-02-04,8,2.5,4,best,none,False
smokehouse_creek_fire_2024__14SKE,https://hyp3-tibet-jpl-test-contentbucket-hratibh1y9pa.s3.us-west-2.amazonaws.com/b5282fbe-db63-4c8d-b989-69685f66b034/OPERA_L3_DIST-ALERT-S1_T14SKE_20240421T005325Z_20251016T232516Z_S1A_30_v0.1.zip,https://hyp3-tibet-jpl-test-contentbucket-hratibh1y9pa.s3.us-west-2.amazonaws.com/b5282fbe-db63-4c8d-b989-69685f66b034/OPERA_L3_DIST-ALERT-S1_T14SKE_20240421T005325Z_20251016T232516Z_S1A_30_v0.1.png,2025-10-16T22:25:23+00:00,746.228,4.5,14SKE,1,7,4,none,False,transformer_optimized,high,32,2024-04-21,78,2.5,4,best,none,False
monkey_creek_fire_2024__11TLK,https://hyp3-tibet-jpl-test-contentbucket-hratibh1y9pa.s3.us-west-2.amazonaws.com/d15221ec-7355-457d-a9b7-540d35e41eab/OPERA_L3_DIST-ALERT-S1_T11TLK_20240823T135807Z_20251016T232731Z_S1A_30_v0.1.zip,https://hyp3-tibet-jpl-test-contentbucket-hratibh1y9pa.s3.us-west-2.amazonaws.com/d15221ec-7355-457d-a9b7-540d35e41eab/OPERA_L3_DIST-ALERT-S1_T11TLK_20240823T135807Z_20251016T232731Z_S1A_30_v0.1.png,2025-10-16T22:25:23+00:00,879.532,4.5,11TLK,1,7,4,none,False,transformer_optimized,high,32,2024-08-23,144,2.5,4,best,none,False
southwest_france_flood_2023__30TYR,https://hyp3-tibet-jpl-test-contentbucket-hratibh1y9pa.s3.us-west-2.amazonaws.com/f59abe0f-204f-438a-afde-e4564c33fa06/OPERA_L3_DIST-ALERT-S1_T30TYR_20231226T174819Z_20251016T233810Z_S1A_30_v0.1.zip,https://hyp3-tibet-jpl-test-contentbucket-hratibh1y9pa.s3.us-west-2.amazonaws.com/f59abe0f-204f-438a-afde-e4564c33fa06/OPERA_L3_DIST-ALERT-S1_T30TYR_20231226T174819Z_20251016T233810Z_S1A_30_v0.1.png,2025-10-16T22:25:23+00:00,1593.508,4.5,30TYR,1,7,4,none,False,transformer_optimized,high,32,2023-12-26,132,2.5,4,best,none,False
southwest_france_flood_2023__30TYR,https://hyp3-tibet-jpl-test-contentbucket-hratibh1y9pa.s3.us-west-2.amazonaws.com/8f7c0198-f231-4ac0-adf7-6a84e8a8335d/OPERA_L3_DIST-ALERT-S1_T30TYR_20231230T060850Z_20251016T233037Z_S1A_30_v0.1.zip,https://hyp3-tibet-jpl-test-contentbucket-hratibh1y9pa.s3.us-west-2.amazonaws.com/8f7c0198-f231-4ac0-adf7-6a84e8a8335d/OPERA_L3_DIST-ALERT-S1_T30TYR_20231230T060850Z_20251016T233037Z_S1A_30_v0.1.png,2025-10-16T22:25:23+00:00,1252.478,4.5,30TYR,1,7,4,none,False,transformer_optimized,high,32,2023-12-30,8,2.5,4,best,none,False
monkey_creek_fire_2024__10TGQ,https://hyp3-tibet-jpl-test-contentbucket-hratibh1y9pa.s3.us-west-2.amazonaws.com/a21ccc39-912d-4bcf-bf65-923143924346/OPERA_L3_DIST-ALERT-S1_T10TGQ_20240830T015330Z_20251016T234129Z_S1A_30_v0.1.zip,https://hyp3-tibet-jpl-test-contentbucket-hratibh1y9pa.s3.us-west-2.amazonaws.com/a21ccc39-912d-4bcf-bf65-923143924346/OPERA_L3_DIST-ALERT-S1_T10TGQ_20240830T015330Z_20251016T234129Z_S1A_30_v0.1.png,2025-10-16T22:25:23+00:00,1874.43,4.5,10TGQ,1,7,4,none,False,transformer_optimized,high,32,2024-08-30,64,2.5,4,best,none,False
monkey_creek_fire_2024__11TLK,https://hyp3-tibet-jpl-test-contentbucket-hratibh1y9pa.s3.us-west-2.amazonaws.com/ffa66a09-feba-4475-9a3b-c8adeddce73d/OPERA_L3_DIST-ALERT-S1_T11TLK_20240830T015328Z_20251016T233424Z_S1A_30_v0.1.zip,https://hyp3-tibet-jpl-test-contentbucket-hratibh1y9pa.s3.us-west-2.amazonaws.com/ffa66a09-feba-4475-9a3b-c8adeddce73d/OPERA_L3_DIST-ALERT-S1_T11TLK_20240830T015328Z_20251016T233424Z_S1A_30_v0.1.png,2025-10-16T22:25:23+00:00,1611.053,4.5,11TLK,1,7,4,none,False,transformer_optimized,high,32,2024-08-30,64,2.5,4,best,none,False
monkey_creek_fire_2024__10TGQ,https://hyp3-tibet-jpl-test-contentbucket-hratibh1y9pa.s3.us-west-2.amazonaws.com/2d08704c-2a7e-4fac-be7e-77b48eb3229b/OPERA_L3_DIST-ALERT-S1_T10TGQ_20240811T020142Z_20251016T231854Z_S1A_30_v0.1.zip,https://hyp3-tibet-jpl-test-contentbucket-hratibh1y9pa.s3.us-west-2.amazonaws.com/2d08704c-2a7e-4fac-be7e-77b48eb3229b/OPERA_L3_DIST-ALERT-S1_T10TGQ_20240811T020142Z_20251016T231854Z_S1A_30_v0.1.png,2025-10-16T22:25:23+00:00,700.097,4.5,10TGQ,1,7,4,none,False,transformer_optimized,high,32,2024-08-11,137,2.5,4,best,none,False
monkey_creek_fire_2024__10TGQ,https://hyp3-tibet-jpl-test-contentbucket-hratibh1y9pa.s3.us-west-2.amazonaws.com/93d00a68-f910-4aa7-ace3-481e155b4c05/OPERA_L3_DIST-ALERT-S1_T10TGQ_20240619T015331Z_20251016T234228Z_S1A_30_v0.1.zip,https://hyp3-tibet-jpl-test-contentbucket-hratibh1y9pa.s3.us-west-2.amazonaws.com/93d00a68-f910-4aa7-ace3-481e155b4c05/OPERA_L3_DIST-ALERT-S1_T10TGQ_20240619T015331Z_20251016T234228Z_S1A_30_v0.1.png,2025-10-16T22:25:23+00:00,2151.109,4.5,10TGQ,1,7,4,none,False,transformer_optimized,high,32,2024-06-19,64,2.5,4,best,none,False
southwest_france_flood_2023__30TYR,https://hyp3-tibet-jpl-test-contentbucket-hratibh1y9pa.s3.us-west-2.amazonaws.com/a6c755dc-6e1d-4c36-9a9f-02766c8a55a5/OPERA_L3_DIST-ALERT-S1_T30TYR_20231213T060043Z_20251016T231722Z_S1A_30_v0.1.zip,https://hyp3-tibet-jpl-test-contentbucket-hratibh1y9pa.s3.us-west-2.amazonaws.com/a6c755dc-6e1d-4c36-9a9f-02766c8a55a5/OPERA_L3_DIST-ALERT-S1_T30TYR_20231213T060043Z_20251016T231722Z_S1A_30_v0.1.png,2025-10-16T22:25:23+00:00,738.87,4.5,30TYR,1,7,4,none,False,transformer_optimized,high,32,2023-12-13,110,2.5,4,best,none,False
monkey_creek_fire_2024__11TLK,https://hyp3-tibet-jpl-test-contentbucket-hratibh1y9pa.s3.us-west-2.amazonaws.com/c6141f3c-d4df-49fb-9263-8b1507f77250/OPERA_L3_DIST-ALERT-S1_T11TLK_20240816T140623Z_20251016T232032Z_S1A_30_v0.1.zip,https://hyp3-tibet-jpl-test-contentbucket-hratibh1y9pa.s3.us-west-2.amazonaws.com/c6141f3c-d4df-49fb-9263-8b1507f77250/OPERA_L3_DIST-ALERT-S1_T11TLK_20240816T140623Z_20251016T232032Z_S1A_30_v0.1.png,2025-10-16T22:25:23+00:00,995.878,4.5,11TLK,1,7,4,none,False,transformer_optimized,high,32,2024-08-16,42,2.5,4,best,none,False
smokehouse_creek_fire_2024__14SME,https://hyp3-tibet-jpl-test-contentbucket-hratibh1y9pa.s3.us-west-2.amazonaws.com/8f16b68b-bab4-41c2-b85f-e10d863c88b4/OPERA_L3_DIST-ALERT-S1_T14SME_20240323T004509Z_20251016T231710Z_S1A_30_v0.1.zip,https://hyp3-tibet-jpl-test-contentbucket-hratibh1y9pa.s3.us-west-2.amazonaws.com/8f16b68b-bab4-41c2-b85f-e10d863c88b4/OPERA_L3_DIST-ALERT-S1_T14SME_20240323T004509Z_20251016T231710Z_S1A_30_v0.1.png,2025-10-16T22:25:23+00:00,720.423,4.5,14SME,1,7,4,none,False,transformer_optimized,high,32,2024-03-23,5,2.5,4,best,none,False
durkee_fire_2024__11TMJ,https://hyp3-tibet-jpl-test-contentbucket-hratibh1y9pa.s3.us-west-2.amazonaws.com/e84e989c-072c-4cdc-8955-ab89934c0aee/OPERA_L3_DIST-ALERT-S1_T11TMJ_20240617T140633Z_20251016T231640Z_S1A_30_v0.1.zip,https://hyp3-tibet-jpl-test-contentbucket-hratibh1y9pa.s3.us-west-2.amazonaws.com/e84e989c-072c-4cdc-8955-ab89934c0aee/OPERA_L3_DIST-ALERT-S1_T11TMJ_20240617T140633Z_20251016T231640Z_S1A_30_v0.1.png,2025-10-16T22:25:23+00:00,782.544,4.5,11TMJ,1,7,4,none,False,transformer_optimized,high,32,2024-06-17,42,2.5,4,best,none,False
southwest_france_flood_2023__30TYR,https://hyp3-tibet-jpl-test-contentbucket-hratibh1y9pa.s3.us-west-2.amazonaws.com/4b2812d4-084e-4041-b4d1-9961469c8d54/OPERA_L3_DIST-ALERT-S1_T30TYR_20240124T175629Z_20251016T233015Z_S1A_30_v0.1.zip,https://hyp3-tibet-jpl-test-contentbucket-hratibh1y9pa.s3.us-west-2.amazonaws.com/4b2812d4-084e-4041-b4d1-9961469c8d54/OPERA_L3_DIST-ALERT-S1_T30TYR_20240124T175629Z_20251016T233015Z_S1A_30_v0.1.png,2025-10-16T22:25:23+00:00,1642.883,4.5,30TYR,1,7,4,none,False,transformer_optimized,high,32,2024-01-24,30,2.5,4,best,none,False
southwest_france_flood_2023__30TYR,https://hyp3-tibet-jpl-test-contentbucket-hratibh1y9pa.s3.us-west-2.amazonaws.com/e1eba8f1-33bb-4879-9239-ba7cb13831d5/OPERA_L3_DIST-ALERT-S1_T30TYR_20231129T061703Z_20251016T231337Z_S1A_30_v0.1.zip,https://hyp3-tibet-jpl-test-contentbucket-hratibh1y9pa.s3.us-west-2.amazonaws.com/e1eba8f1-33bb-4879-9239-ba7cb13831d5/OPERA_L3_DIST-ALERT-S1_T30TYR_20231129T061703Z_20251016T231337Z_S1A_30_v0.1.png,2025-10-16T22:25:23+00:00,691.595,4.5,30TYR,1,7,4,none,False,transformer_optimized,high,32,2023-11-29,81,2.5,4,best,none,False
monkey_creek_fire_2024__10TGQ,https://hyp3-tibet-jpl-test-contentbucket-hratibh1y9pa.s3.us-west-2.amazonaws.com/925495ca-8bea-44fe-a05d-407ada438299/OPERA_L3_DIST-ALERT-S1_T10TGQ_20240914T141430Z_20251016T231556Z_S1A_30_v0.1.zip,https://hyp3-tibet-jpl-test-contentbucket-hratibh1y9pa.s3.us-west-2.amazonaws.com/925495ca-8bea-44fe-a05d-407ada438299/OPERA_L3_DIST-ALERT-S1_T10TGQ_20240914T141430Z_20251016T231556Z_S1A_30_v0.1.png,2025-10-16T22:25:23+00:00,872.907,4.5,10TGQ,1,7,4,none,False,transformer_optimized,high,32,2024-09-14,115,2.5,4,best,none,False
smokehouse_creek_fire_2024__14SKE,https://hyp3-tibet-jpl-test-contentbucket-hratibh1y9pa.s3.us-west-2.amazonaws.com/c23cf19e-f978-44f2-8552-60acb8b4ce75/OPERA_L3_DIST-ALERT-S1_T14SKE_20240316T125445Z_20251016T231049Z_S1A_30_v0.1.zip,https://hyp3-tibet-jpl-test-contentbucket-hratibh1y9pa.s3.us-west-2.amazonaws.com/c23cf19e-f978-44f2-8552-60acb8b4ce75/OPERA_L3_DIST-ALERT-S1_T14SKE_20240316T125445Z_20251016T231049Z_S1A_30_v0.1.png,2025-10-16T22:25:23+00:00,653.989,4.5,14SKE,1,7,4,none,False,transformer_optimized,high,32,2024-03-16,85,2.5,4,best,none,False
smokehouse_creek_fire_2024__14SKE,https://hyp3-tibet-jpl-test-contentbucket-hratibh1y9pa.s3.us-west-2.amazonaws.com/198321cd-dddb-4dac-8515-743c01b31b58/OPERA_L3_DIST-ALERT-S1_T14SKE_20240404T124635Z_20251016T231613Z_S1A_30_v0.1.zip,https://hyp3-tibet-jpl-test-contentbucket-hratibh1y9pa.s3.us-west-2.amazonaws.com/198321cd-dddb-4dac-8515-743c01b31b58/OPERA_L3_DIST-ALERT-S1_T14SKE_20240404T124635Z_20251016T231613Z_S1A_30_v0.1.png,2025-10-16T22:25:23+00:00,1141.953,4.5,14SKE,1,7,4,none,False,transformer_optimized,high,32,2024-04-04,12,2.5,4,best,none,False
brazzaville_flood_and_landslides_2024__33MWR,https://hyp3-tibet-jpl-test-contentbucket-hratibh1y9pa.s3.us-west-2.amazonaws.com/64738817-14b4-48f7-a308-96372a9509b7/OPERA_L3_DIST-ALERT-S1_T33MWR_20240111T044346Z_20251016T230752Z_S1A_30_v0.1.zip,https://hyp3-tibet-jpl-test-contentbucket-hratibh1y9pa.s3.us-west-2.amazonaws.com/64738817-14b4-48f7-a308-96372a9509b7/OPERA_L3_DIST-ALERT-S1_T33MWR_20240111T044346Z_20251016T230752Z_S1A_30_v0.1.png,2025-10-16T22:25:23+00:00,725.592,4.5,33MWR,1,7,4,none,False,transformer_optimized,high,32,2024-01-11,7,2.5,4,best,none,False
brazzaville_flood_and_landslides_2024__33MWR,https://hyp3-tibet-jpl-test-contentbucket-hratibh1y9pa.s3.us-west-2.amazonaws.com/c2ffc362-309e-45b9-a9e6-6fbef7fde6ad/OPERA_L3_DIST-ALERT-S1_T33MWR_20240130T043537Z_20251016T231842Z_S1A_30_v0.1.zip,https://hyp3-tibet-jpl-test-contentbucket-hratibh1y9pa.s3.us-west-2.amazonaws.com/c2ffc362-309e-45b9-a9e6-6fbef7fde6ad/OPERA_L3_DIST-ALERT-S1_T33MWR_20240130T043537Z_20251016T231842Z_S1A_30_v0.1.png,2025-10-16T22:25:23+00:00,1414.142,4.5,33MWR,1,7,4,none,False,transformer_optimized,high,32,2024-01-30,109,2.5,4,best,none,False
brazzaville_flood_and_landslides_2024__33MWR,https://hyp3-tibet-jpl-test-contentbucket-hratibh1y9pa.s3.us-west-2.amazonaws.com/248e49c2-43e0-442d-a435-ba6d91e47fb2/OPERA_L3_DIST-ALERT-S1_T33MWR_20240204T044346Z_20251016T230321Z_S1A_30_v0.1.zip,https://hyp3-tibet-jpl-test-contentbucket-hratibh1y9pa.s3.us-west-2.amazonaws.com/248e49c2-43e0-442d-a435-ba6d91e47fb2/OPERA_L3_DIST-ALERT-S1_T33MWR_20240204T044346Z_20251016T230321Z_S1A_30_v0.1.png,2025-10-16T22:25:23+00:00,635.903,4.5,33MWR,1,7,4,none,False,transformer_optimized,high,32,2024-02-04,7,2.5,4,best,none,False
monkey_creek_fire_2024__11TLK,https://hyp3-tibet-jpl-test-contentbucket-hratibh1y9pa.s3.us-west-2.amazonaws.com/6dc659cb-b2f5-46d3-91ab-bc63cd5b6c2a/OPERA_L3_DIST-ALERT-S1_T11TLK_20240725T015327Z_20251016T231417Z_S1A_30_v0.1.zip,https://hyp3-tibet-jpl-test-contentbucket-hratibh1y9pa.s3.us-west-2.amazonaws.com/6dc659cb-b2f5-46d3-91ab-bc63cd5b6c2a/OPERA_L3_DIST-ALERT-S1_T11TLK_20240725T015327Z_20251016T231417Z_S1A_30_v0.1.png,2025-10-16T22:25:23+00:00,1272.786,4.5,11TLK,1,7,4,none,False,transformer_optimized,high,32,2024-07-25,64,2.5,4,best,none,False
monkey_creek_fire_2024__10TGQ,https://hyp3-tibet-jpl-test-contentbucket-hratibh1y9pa.s3.us-west-2.amazonaws.com/9296dc70-e202-41f4-ae9e-73c3461f45cc/OPERA_L3_DIST-ALERT-S1_T10TGQ_20240902T141430Z_20251016T230442Z_S1A_30_v0.1.zip,https://hyp3-tibet-jpl-test-contentbucket-hratibh1y9pa.s3.us-west-2.amazonaws.com/9296dc70-e202-41f4-ae9e-73c3461f45cc/OPERA_L3_DIST-ALERT-S1_T10TGQ_20240902T141430Z_20251016T230442Z_S1A_30_v0.1.png,2025-10-16T22:25:23+00:00,721.839,4.5,10TGQ,1,7,4,none,False,transformer_optimized,high,32,2024-09-02,115,2.5,4,best,none,False
smokehouse_creek_fire_2024__14SLE,https://hyp3-tibet-jpl-test-contentbucket-hratibh1y9pa.s3.us-west-2.amazonaws.com/c9c3900a-f6aa-497a-9eba-ed71d97c1d25/OPERA_L3_DIST-ALERT-S1_T14SLE_20240311T124630Z_20251016T231215Z_S1A_30_v0.1.zip,https://hyp3-tibet-jpl-test-contentbucket-hratibh1y9pa.s3.us-west-2.amazonaws.com/c9c3900a-f6aa-497a-9eba-ed71d97c1d25/OPERA_L3_DIST-ALERT-S1_T14SLE_20240311T124630Z_20251016T231215Z_S1A_30_v0.1.png,2025-10-16T22:25:23+00:00,1240.529,4.5,14SLE,1,7,4,none,False,transformer_optimized,high,32,2024-03-11,12,2.5,4,best,none,False
monkey_creek_fire_2024__10TGQ,https://hyp3-tibet-jpl-test-contentbucket-hratibh1y9pa.s3.us-west-2.amazonaws.com/bbff36d1-d5ed-4749-bb52-0a04a1e6f50b/OPERA_L3_DIST-ALERT-S1_T10TGQ_20240704T141430Z_20251016T230345Z_S1A_30_v0.1.zip,https://hyp3-tibet-jpl-test-contentbucket-hratibh1y9pa.s3.us-west-2.amazonaws.com/bbff36d1-d5ed-4749-bb52-0a04a1e6f50b/OPERA_L3_DIST-ALERT-S1_T10TGQ_20240704T141430Z_20251016T230345Z_S1A_30_v0.1.png,2025-10-16T22:25:23+00:00,753.477,4.5,10TGQ,1,7,4,none,False,transformer_optimized,high,32,2024-07-04,115,2.5,4,best,none,False
southwest_france_flood_2023__30TYR,https://hyp3-tibet-jpl-test-contentbucket-hratibh1y9pa.s3.us-west-2.amazonaws.com/baf89e8a-3a3e-4839-9d42-3d9f416763de/OPERA_L3_DIST-ALERT-S1_T30TYR_20240128T061700Z_20251016T225933Z_S1A_30_v0.1.zip,https://hyp3-tibet-jpl-test-contentbucket-hratibh1y9pa.s3.us-west-2.amazonaws.com/baf89e8a-3a3e-4839-9d42-3d9f416763de/OPERA_L3_DIST-ALERT-S1_T30TYR_20240128T061700Z_20251016T225933Z_S1A_30_v0.1.png,2025-10-16T22:25:23+00:00,469.571,4.5,30TYR,1,7,4,none,False,transformer_optimized,high,32,2024-01-28,81,2.5,4,best,none,False
southwest_france_flood_2023__30TYR,https://hyp3-tibet-jpl-test-contentbucket-hratibh1y9pa.s3.us-west-2.amazonaws.com/a6ed6c3d-d613-4de7-a758-964d1fbb59c3/OPERA_L3_DIST-ALERT-S1_T30TYR_20231117T061704Z_20251016T230236Z_S1A_30_v0.1.zip,https://hyp3-tibet-jpl-test-contentbucket-hratibh1y9pa.s3.us-west-2.amazonaws.com/a6ed6c3d-d613-4de7-a758-964d1fbb59c3/OPERA_L3_DIST-ALERT-S1_T30TYR_20231117T061704Z_20251016T230236Z_S1A_30_v0.1.png,2025-10-16T22:25:23+00:00,714.37,4.5,30TYR,1,7,4,none,False,transformer_optimized,high,32,2023-11-17,81,2.5,4,best,none,False
smokehouse_creek_fire_2024__14SKE,https://hyp3-tibet-jpl-test-contentbucket-hratibh1y9pa.s3.us-west-2.amazonaws.com/4d65480f-43e3-4558-a68b-0a9af5210c48/OPERA_L3_DIST-ALERT-S1_T14SKE_20240311T004513Z_20251016T231113Z_S1A_30_v0.1.zip,https://hyp3-tibet-jpl-test-contentbucket-hratibh1y9pa.s3.us-west-2.amazonaws.com/4d65480f-43e3-4558-a68b-0a9af5210c48/OPERA_L3_DIST-ALERT-S1_T14SKE_20240311T004513Z_20251016T231113Z_S1A_30_v0.1.png,2025-10-16T22:25:23+00:00,1332.057,4.5,14SKE,1,7,4,none,False,transformer_optimized,high,32,2024-03-11,5,2.5,4,best,none,False
southwest_france_flood_2023__30TXR,https://hyp3-tibet-jpl-test-contentbucket-hratibh1y9pa.s3.us-west-2.amazonaws.com/681e5eef-96a1-4cc7-b39e-4fe5d94e35f5/OPERA_L3_DIST-ALERT-S1_T30TXR_20231206T060853Z_20251016T230710Z_S1A_30_v0.1.zip,https://hyp3-tibet-jpl-test-contentbucket-hratibh1y9pa.s3.us-west-2.amazonaws.com/681e5eef-96a1-4cc7-b39e-4fe5d94e35f5/OPERA_L3_DIST-ALERT-S1_T30TXR_20231206T060853Z_20251016T230710Z_S1A_30_v0.1.png,2025-10-16T22:25:23+00:00,1646.847,4.5,30TXR,1,7,4,none,False,transformer_optimized,high,32,2023-12-06,8,2.5,4,best,none,False
southwest_france_flood_2023__30TYR,https://hyp3-tibet-jpl-test-contentbucket-hratibh1y9pa.s3.us-west-2.amazonaws.com/7d58ab33-a4d3-440d-9a86-ce2cb6fb8a41/OPERA_L3_DIST-ALERT-S1_T30TYR_20240118T060041Z_20251016T225058Z_S1A_30_v0.1.zip,https://hyp3-tibet-jpl-test-contentbucket-hratibh1y9pa.s3.us-west-2.amazonaws.com/7d58ab33-a4d3-440d-9a86-ce2cb6fb8a41/OPERA_L3_DIST-ALERT-S1_T30TYR_20240118T060041Z_20251016T225058Z_S1A_30_v0.1.png,2025-10-16T22:25:23+00:00,728.734,4.5,30TYR,1,7,4,none,False,transformer_optimized,high,32,2024-01-18,110,2.5,4,best,none,False
southwest_france_flood_2023__30TXR,https://hyp3-tibet-jpl-test-contentbucket-hratibh1y9pa.s3.us-west-2.amazonaws.com/57db401e-8487-4cf6-a4af-b9da1f1b68d4/OPERA_L3_DIST-ALERT-S1_T30TXR_20231212T180446Z_20251016T223957Z_S1A_30_v0.1.zip,https://hyp3-tibet-jpl-test-contentbucket-hratibh1y9pa.s3.us-west-2.amazonaws.com/57db401e-8487-4cf6-a4af-b9da1f1b68d4/OPERA_L3_DIST-ALERT-S1_T30TXR_20231212T180446Z_20251016T223957Z_S1A_30_v0.1.png,2025-10-16T22:25:23+00:00,631.018,4.5,30TXR,1,7,4,none,False,transformer_optimized,high,32,2023-12-12,103,2.5,4,best,none,False
smokehouse_creek_fire_2024__14SME,https://hyp3-tibet-jpl-test-contentbucket-hratibh1y9pa.s3.us-west-2.amazonaws.com/64fa760c-43b5-4c1b-a81d-40d5770b64a4/OPERA_L3_DIST-ALERT-S1_T14SME_20240416T004510Z_20251016T224013Z_S1A_30_v0.1.zip,https://hyp3-tibet-jpl-test-contentbucket-hratibh1y9pa.s3.us-west-2.amazonaws.com/64fa760c-43b5-4c1b-a81d-40d5770b64a4/OPERA_L3_DIST-ALERT-S1_T14SME_20240416T004510Z_20251016T224013Z_S1A_30_v0.1.png,2025-10-16T22:25:23+00:00,646.643,4.5,14SME,1,7,4,none,False,transformer_optimized,high,32,2024-04-16,5,2.5,4,best,none,False
tlacotalpan_flood_2024__14QRF,https://hyp3-tibet-jpl-test-contentbucket-hratibh1y9pa.s3.us-west-2.amazonaws.com/ffc3e6bc-da67-41c3-9c5a-b84da5167830/OPERA_L3_DIST-ALERT-S1_T14QRF_20241110T121820Z_20251016T225636Z_S1A_30_v0.1.zip,https://hyp3-tibet-jpl-test-contentbucket-hratibh1y9pa.s3.us-west-2.amazonaws.com/ffc3e6bc-da67-41c3-9c5a-b84da5167830/OPERA_L3_DIST-ALERT-S1_T14QRF_20241110T121820Z_20251016T225636Z_S1A_30_v0.1.png,2025-10-16T22:25:23+00:00,1641.905,4.5,14QRF,1,7,4,none,False,transformer_optimized,high,32,2024-11-10,70,2.5,4,best,none,False
tlacotalpan_flood_2024__14QRF,https://hyp3-tibet-jpl-test-contentbucket-hratibh1y9pa.s3.us-west-2.amazonaws.com/678d994c-0f02-4c3b-bb23-2f217931d50e/OPERA_L3_DIST-ALERT-S1_T14QRF_20241020T003213Z_20251016T230219Z_S1A_30_v0.1.zip,https://hyp3-tibet-jpl-test-contentbucket-hratibh1y9pa.s3.us-west-2.amazonaws.com/678d994c-0f02-4c3b-bb23-2f217931d50e/OPERA_L3_DIST-ALERT-S1_T14QRF_20241020T003213Z_20251016T230219Z_S1A_30_v0.1.png,2025-10-16T22:25:23+00:00,1986.495,4.5,14QRF,1,7,4,none,False,transformer_optimized,high,32,2024-10-20,107,2.5,4,best,none,False
tlacotalpan_flood_2024__14QRF,https://hyp3-tibet-jpl-test-contentbucket-hratibh1y9pa.s3.us-west-2.amazonaws.com/7c8e747d-1a7a-40d4-8449-deafff50f35f/OPERA_L3_DIST-ALERT-S1_T14QRF_20241204T121818Z_20251016T232712Z_S1A_30_v0.1.zip,https://hyp3-tibet-jpl-test-contentbucket-hratibh1y9pa.s3.us-west-2.amazonaws.com/7c8e747d-1a7a-40d4-8449-deafff50f35f/OPERA_L3_DIST-ALERT-S1_T14QRF_20241204T121818Z_20251016T232712Z_S1A_30_v0.1.png,2025-10-16T22:25:23+00:00,1390.39,4.5,14QRF,1,7,4,none,False,transformer_optimized,high,32,2024-12-04,70,2.5,4,best,none,False
durkee_fire_2024__11TMK,https://hyp3-tibet-jpl-test-contentbucket-hratibh1y9pa.s3.us-west-2.amazonaws.com/bbb9f74d-25f7-449e-9773-3b1f8af19c99/OPERA_L3_DIST-ALERT-S1_T11TMK_20240617T140625Z_20251016T230631Z_S1A_30_v0.1.zip,https://hyp3-tibet-jpl-test-contentbucket-hratibh1y9pa.s3.us-west-2.amazonaws.com/bbb9f74d-25f7-449e-9773-3b1f8af19c99/OPERA_L3_DIST-ALERT-S1_T11TMK_20240617T140625Z_20251016T230631Z_S1A_30_v0.1.png,2025-10-16T22:25:23+00:00,359.843,4.5,11TMK,1,7,4,none,False,transformer_optimized,high,32,2024-06-17,42,2.5,4,best,none,False
monkey_creek_fire_2024__10TGQ,https://hyp3-tibet-jpl-test-contentbucket-hratibh1y9pa.s3.us-west-2.amazonaws.com/695771e7-a800-46e4-89f0-346f5e6c37b1/OPERA_L3_DIST-ALERT-S1_T10TGQ_20240818T015329Z_20251016T232917Z_S1A_30_v0.1.zip,https://hyp3-tibet-jpl-test-contentbucket-hratibh1y9pa.s3.us-west-2.amazonaws.com/695771e7-a800-46e4-89f0-346f5e6c37b1/OPERA_L3_DIST-ALERT-S1_T10TGQ_20240818T015329Z_20251016T232917Z_S1A_30_v0.1.png,2025-10-16T22:25:23+00:00,1773.083,4.5,10TGQ,1,7,4,none,False,transformer_optimized,high,32,2024-08-18,64,2.5,4,best,none,False
southwest_france_flood_2023__30TYR,https://hyp3-tibet-jpl-test-contentbucket-hratibh1y9pa.s3.us-west-2.amazonaws.com/983dd12e-7751-4054-9520-407b0867d15e/OPERA_L3_DIST-ALERT-S1_T30TYR_20240205T175629Z_20251016T231833Z_S1A_30_v0.1.zip,https://hyp3-tibet-jpl-test-contentbucket-hratibh1y9pa.s3.us-west-2.amazonaws.com/983dd12e-7751-4054-9520-407b0867d15e/OPERA_L3_DIST-ALERT-S1_T30TYR_20240205T175629Z_20251016T231833Z_S1A_30_v0.1.png,2025-10-16T22:25:23+00:00,1343.06,4.5,30TYR,1,7,4,none,False,transformer_optimized,high,32,2024-02-05,30,2.5,4,best,none,False
southwest_france_flood_2023__30TYR,https://hyp3-tibet-jpl-test-contentbucket-hratibh1y9pa.s3.us-west-2.amazonaws.com/0d0b467d-bb45-42d4-87ae-4e442eef1a05/OPERA_L3_DIST-ALERT-S1_T30TYR_20240130T060041Z_20251016T230611Z_S1A_30_v0.1.zip,https://hyp3-tibet-jpl-test-contentbucket-hratibh1y9pa.s3.us-west-2.amazonaws.com/0d0b467d-bb45-42d4-87ae-4e442eef1a05/OPERA_L3_DIST-ALERT-S1_T30TYR_20240130T060041Z_20251016T230611Z_S1A_30_v0.1.png,2025-10-16T22:25:23+00:00,621.705,4.5,30TYR,1,7,4,none,False,transformer_optimized,high,32,2024-01-30,110,2.5,4,best,none,False
southwest_france_flood_2023__30TYR,https://hyp3-tibet-jpl-test-contentbucket-hratibh1y9pa.s3.us-west-2.amazonaws.com/a3fb11ff-d0b6-4d88-93a7-cb2ec21da06d/OPERA_L3_DIST-ALERT-S1_T30TYR_20231201T060043Z_20251016T230500Z_S1A_30_v0.1.zip,https://hyp3-tibet-jpl-test-contentbucket-hratibh1y9pa.s3.us-west-2.amazonaws.com/a3fb11ff-d0b6-4d88-93a7-cb2ec21da06d/OPERA_L3_DIST-ALERT-S1_T30TYR_20231201T060043Z_20251016T230500Z_S1A_30_v0.1.png,2025-10-16T22:25:23+00:00,489.399,4.5,30TYR,1,7,4,none,False,transformer_optimized,high,32,2023-12-01,110,2.5,4,best,none,False
brazzaville_flood_and_landslides_2024__33MWR,https://hyp3-tibet-jpl-test-contentbucket-hratibh1y9pa.s3.us-west-2.amazonaws.com/049f2b8f-8eb0-4e21-b56a-97989c0a840f/OPERA_L3_DIST-ALERT-S1_T33MWR_20240306T043536Z_20251016T232525Z_S1A_30_v0.1.zip,https://hyp3-tibet-jpl-test-contentbucket-hratibh1y9pa.s3.us-west-2.amazonaws.com/049f2b8f-8eb0-4e21-b56a-97989c0a840f/OPERA_L3_DIST-ALERT-S1_T33MWR_20240306T043536Z_20251016T232525Z_S1A_30_v0.1.png,2025-10-16T22:25:23+00:00,1384.819,4.5,33MWR,1,7,4,none,False,transformer_optimized,high,32,2024-03-06,109,2.5,4,best,none,False
smokehouse_creek_fire_2024__14SKE,https://hyp3-tibet-jpl-test-contentbucket-hratibh1y9pa.s3.us-west-2.amazonaws.com/33147fc9-33f8-4ab0-b77b-9080e33de609/OPERA_L3_DIST-ALERT-S1_T14SKE_20240416T124635Z_20251016T232031Z_S1A_30_v0.1.zip,https://hyp3-tibet-jpl-test-contentbucket-hratibh1y9pa.s3.us-west-2.amazonaws.com/33147fc9-33f8-4ab0-b77b-9080e33de609/OPERA_L3_DIST-ALERT-S1_T14SKE_20240416T124635Z_20251016T232031Z_S1A_30_v0.1.png,2025-10-16T22:25:23+00:00,1405.954,4.5,14SKE,1,7,4,none,False,transformer_optimized,high,32,2024-04-16,12,2.5,4,best,none,False
monkey_creek_fire_2024__10TGQ,https://hyp3-tibet-jpl-test-contentbucket-hratibh1y9pa.s3.us-west-2.amazonaws.com/e8088671-dc77-48b4-8064-cc043cd7ddf4/OPERA_L3_DIST-ALERT-S1_T10TGQ_20240718T020142Z_20251016T230419Z_S1A_30_v0.1.zip,https://hyp3-tibet-jpl-test-contentbucket-hratibh1y9pa.s3.us-west-2.amazonaws.com/e8088671-dc77-48b4-8064-cc043cd7ddf4/OPERA_L3_DIST-ALERT-S1_T10TGQ_20240718T020142Z_20251016T230419Z_S1A_30_v0.1.png,2025-10-16T22:25:23+00:00,726.105,4.5,10TGQ,1,7,4,none,False,transformer_optimized,high,32,2024-07-18,137,2.5,4,best,none,False
monkey_creek_fire_2024__11TLK,https://hyp3-tibet-jpl-test-contentbucket-hratibh1y9pa.s3.us-west-2.amazonaws.com/4b0fb365-8bea-436f-a155-c0cc71f674eb/OPERA_L3_DIST-ALERT-S1_T11TLK_20240811T135807Z_20251016T230201Z_S1A_30_v0.1.zip,https://hyp3-tibet-jpl-test-contentbucket-hratibh1y9pa.s3.us-west-2.amazonaws.com/4b0fb365-8bea-436f-a155-c0cc71f674eb/OPERA_L3_DIST-ALERT-S1_T11TLK_20240811T135807Z_20251016T230201Z_S1A_30_v0.1.png,2025-10-16T22:25:23+00:00,659.075,4.5,11TLK,1,7,4,none,False,transformer_optimized,high,32,2024-08-11,144,2.5,4,best,none,False
monkey_creek_fire_2024__10TGQ,https://hyp3-tibet-jpl-test-contentbucket-hratibh1y9pa.s3.us-west-2.amazonaws.com/5a244183-8e4f-48e1-aac1-42f287b31ec1/OPERA_L3_DIST-ALERT-S1_T10TGQ_20240730T020142Z_20251016T225723Z_S1A_30_v0.1.zip,https://hyp3-tibet-jpl-test-contentbucket-hratibh1y9pa.s3.us-west-2.amazonaws.com/5a244183-8e4f-48e1-aac1-42f287b31ec1/OPERA_L3_DIST-ALERT-S1_T10TGQ_20240730T020142Z_20251016T225723Z_S1A_30_v0.1.png,2025-10-16T22:25:23+00:00,619.859,4.5,10TGQ,1,7,4,none,False,transformer_optimized,high,32,2024-07-30,137,2.5,4,best,none,False
southwest_france_flood_2023__30TYR,https://hyp3-tibet-jpl-test-contentbucket-hratibh1y9pa.s3.us-west-2.amazonaws.com/961cee9b-7ee6-4c7a-acd7-dd63ef0b4d3a/OPERA_L3_DIST-ALERT-S1_T30TYR_20240106T060042Z_20251016T225724Z_S1A_30_v0.1.zip,https://hyp3-tibet-jpl-test-contentbucket-hratibh1y9pa.s3.us-west-2.amazonaws.com/961cee9b-7ee6-4c7a-acd7-dd63ef0b4d3a/OPERA_L3_DIST-ALERT-S1_T30TYR_20240106T060042Z_20251016T225724Z_S1A_30_v0.1.png,2025-10-16T22:25:23+00:00,622.051,4.5,30TYR,1,7,4,none,False,transformer_optimized,high,32,2024-01-06,110,2.5,4,best,none,False
southwest_france_flood_2023__30TXR,https://hyp3-tibet-jpl-test-contentbucket-hratibh1y9pa.s3.us-west-2.amazonaws.com/944b82f2-ac1e-4c90-9465-4fe1603f9167/OPERA_L3_DIST-ALERT-S1_T30TXR_20231226T174829Z_20251016T224547Z_S1A_30_v0.1.zip,https://hyp3-tibet-jpl-test-contentbucket-hratibh1y9pa.s3.us-west-2.amazonaws.com/944b82f2-ac1e-4c90-9465-4fe1603f9167/OPERA_L3_DIST-ALERT-S1_T30TXR_20231226T174829Z_20251016T224547Z_S1A_30_v0.1.png,2025-10-16T22:25:23+00:00,349.811,4.5,30TXR,1,7,4,none,False,transformer_optimized,high,32,2023-12-26,132,2.5,4,best,none,False
smokehouse_creek_fire_2024__14SKE,https://hyp3-tibet-jpl-test-contentbucket-hratibh1y9pa.s3.us-west-2.amazonaws.com/f61d494c-112b-46f3-a6e3-36d8165164af/OPERA_L3_DIST-ALERT-S1_T14SKE_20240328T005324Z_20251016T223741Z_S1A_30_v0.1.zip,https://hyp3-tibet-jpl-test-contentbucket-hratibh1y9pa.s3.us-west-2.amazonaws.com/f61d494c-112b-46f3-a6e3-36d8165164af/OPERA_L3_DIST-ALERT-S1_T14SKE_20240328T005324Z_20251016T223741Z_S1A_30_v0.1.png,2025-10-16T22:25:23+00:00,493.557,4.5,14SKE,1,7,4,none,False,transformer_optimized,high,32,2024-03-28,78,2.5,4,best,none,False
southwest_france_flood_2023__30TXR,https://hyp3-tibet-jpl-test-contentbucket-hratibh1y9pa.s3.us-west-2.amazonaws.com/b93f669a-48af-4ab1-9037-b9b43ff5ec64/OPERA_L3_DIST-ALERT-S1_T30TXR_20240112T175631Z_20251016T225655Z_S1A_30_v0.1.zip,https://hyp3-tibet-jpl-test-contentbucket-hratibh1y9pa.s3.us-west-2.amazonaws.com/b93f669a-48af-4ab1-9037-b9b43ff5ec64/OPERA_L3_DIST-ALERT-S1_T30TXR_20240112T175631Z_20251016T225655Z_S1A_30_v0.1.png,2025-10-16T22:25:23+00:00,1658.965,4.5,30TXR,1,7,4,none,False,transformer_optimized,high,32,2024-01-12,30,2.5,4,best,none,False
southwest_france_flood_2023__30TYR,https://hyp3-tibet-jpl-test-contentbucket-hratibh1y9pa.s3.us-west-2.amazonaws.com/dfa8ce0b-b962-4f18-a891-dc79ddbf7bdf/OPERA_L3_DIST-ALERT-S1_T30TYR_20231206T060851Z_20251016T230154Z_S1A_30_v0.1.zip,https://hyp3-tibet-jpl-test-contentbucket-hratibh1y9pa.s3.us-west-2.amazonaws.com/dfa8ce0b-b962-4f18-a891-dc79ddbf7bdf/OPERA_L3_DIST-ALERT-S1_T30TYR_20231206T060851Z_20251016T230154Z_S1A_30_v0.1.png,2025-10-16T22:25:23+00:00,1964.654,4.5,30TYR,1,7,4,none,False,transformer_optimized,high,32,2023-12-06,8,2.5,4,best,none,False
monkey_creek_fire_2024__10TGQ,https://hyp3-tibet-jpl-test-contentbucket-hratibh1y9pa.s3.us-west-2.amazonaws.com/6b64a6bf-cf05-4998-b48e-0da25c56e6b7/OPERA_L3_DIST-ALERT-S1_T10TGQ_20240629T140625Z_20251016T225837Z_S1A_30_v0.1.zip,https://hyp3-tibet-jpl-test-contentbucket-hratibh1y9pa.s3.us-west-2.amazonaws.com/6b64a6bf-cf05-4998-b48e-0da25c56e6b7/OPERA_L3_DIST-ALERT-S1_T10TGQ_20240629T140625Z_20251016T225837Z_S1A_30_v0.1.png,2025-10-16T22:25:23+00:00,1228.484,4.5,10TGQ,1,7,4,none,False,transformer_optimized,high,32,2024-06-29,42,2.5,4,best,none,False
smokehouse_creek_fire_2024__14SKE,https://hyp3-tibet-jpl-test-contentbucket-hratibh1y9pa.s3.us-west-2.amazonaws.com/ca9b5c9c-4d33-443d-8460-a4ad2e1b4f1b/OPERA_L3_DIST-ALERT-S1_T14SKE_20240409T005325Z_20251016T224654Z_S1A_30_v0.1.zip,https://hyp3-tibet-jpl-test-contentbucket-hratibh1y9pa.s3.us-west-2.amazonaws.com/ca9b5c9c-4d33-443d-8460-a4ad2e1b4f1b/OPERA_L3_DIST-ALERT-S1_T14SKE_20240409T005325Z_20251016T224654Z_S1A_30_v0.1.png,2025-10-16T22:25:23+00:00,701.86,4.5,14SKE,1,7,4,none,False,transformer_optimized,high,32,2024-04-09,78,2.5,4,best,none,False
tlacotalpan_flood_2024__14QRF,https://hyp3-tibet-jpl-test-contentbucket-hratibh1y9pa.s3.us-west-2.amazonaws.com/71ac5ca3-4890-473b-bb28-a056a742050b/OPERA_L3_DIST-ALERT-S1_T14QRF_20241117T121014Z_20251016T224205Z_S1A_30_v0.1.zip,https://hyp3-tibet-jpl-test-contentbucket-hratibh1y9pa.s3.us-west-2.amazonaws.com/71ac5ca3-4890-473b-bb28-a056a742050b/OPERA_L3_DIST-ALERT-S1_T14QRF_20241117T121014Z_20251016T224205Z_S1A_30_v0.1.png,2025-10-16T22:25:23+00:00,506.177,4.5,14QRF,1,7,4,none,False,transformer_optimized,high,32,2024-11-17,172,2.5,4,best,none,False
southwest_france_flood_2023__30TYR,https://hyp3-tibet-jpl-test-contentbucket-hratibh1y9pa.s3.us-west-2.amazonaws.com/1e0f3497-5074-4923-8fb8-35aa8380b2b2/OPERA_L3_DIST-ALERT-S1_T30TYR_20231225T060042Z_20251016T224008Z_S1A_30_v0.1.zip,https://hyp3-tibet-jpl-test-contentbucket-hratibh1y9pa.s3.us-west-2.amazonaws.com/1e0f3497-5074-4923-8fb8-35aa8380b2b2/OPERA_L3_DIST-ALERT-S1_T30TYR_20231225T060042Z_20251016T224008Z_S1A_30_v0.1.png,2025-10-16T22:25:23+00:00,647.375,4.5,30TYR,1,7,4,none,False,transformer_optimized,high,32,2023-12-25,110,2.5,4,best,none,False
southwest_france_flood_2023__30TXR,https://hyp3-tibet-jpl-test-contentbucket-hratibh1y9pa.s3.us-west-2.amazonaws.com/507f495a-0615-432c-8587-040c82d830fa/OPERA_L3_DIST-ALERT-S1_T30TXR_20231130T180446Z_20251016T223916Z_S1A_30_v0.1.zip,https://hyp3-tibet-jpl-test-contentbucket-hratibh1y9pa.s3.us-west-2.amazonaws.com/507f495a-0615-432c-8587-040c82d830fa/OPERA_L3_DIST-ALERT-S1_T30TXR_20231130T180446Z_20251016T223916Z_S1A_30_v0.1.png,2025-10-16T22:25:23+00:00,586.813,4.5,30TXR,1,7,4,none,False,transformer_optimized,high,32,2023-11-30,103,2.5,4,best,none,False
southwest_france_flood_2023__30TXR,https://hyp3-tibet-jpl-test-contentbucket-hratibh1y9pa.s3.us-west-2.amazonaws.com/a2a12043-3d5a-41fe-8ed3-810387ef3e8c/OPERA_L3_DIST-ALERT-S1_T30TXR_20231202T174831Z_20251016T223540Z_S1A_30_v0.1.zip,https://hyp3-tibet-jpl-test-contentbucket-hratibh1y9pa.s3.us-west-2.amazonaws.com/a2a12043-3d5a-41fe-8ed3-810387ef3e8c/OPERA_L3_DIST-ALERT-S1_T30TXR_20231202T174831Z_20251016T223540Z_S1A_30_v0.1.png,2025-10-16T22:25:23+00:00,372.778,4.5,30TXR,1,7,4,none,False,transformer_optimized,high,32,2023-12-02,132,2.5,4,best,none,False
southwest_france_flood_2023__30TYR,https://hyp3-tibet-jpl-test-contentbucket-hratibh1y9pa.s3.us-west-2.amazonaws.com/903c277b-982a-4ae9-9d73-65a21318778a/OPERA_L3_DIST-ALERT-S1_T30TYR_20240104T061701Z_20251016T223930Z_S1A_30_v0.1.zip,https://hyp3-tibet-jpl-test-contentbucket-hratibh1y9pa.s3.us-west-2.amazonaws.com/903c277b-982a-4ae9-9d73-65a21318778a/OPERA_L3_DIST-ALERT-S1_T30TYR_20240104T061701Z_20251016T223930Z_S1A_30_v0.1.png,2025-10-16T22:25:23+00:00,604.113,4.5,30TYR,1,7,4,none,False,transformer_optimized,high,32,2024-01-04,81,2.5,4,best,none,False
los_angeles_fires_2025__11SLT,https://hyp3-tibet-jpl-test-contentbucket-hratibh1y9pa.s3.us-west-2.amazonaws.com/849f02a3-ba38-4d6f-84c6-6c94152b1287/OPERA_L3_DIST-ALERT-S1_T11SLT_20250102T140058Z_20251017T014546Z_S1A_30_v0.1.zip,https://hyp3-tibet-jpl-test-contentbucket-hratibh1y9pa.s3.us-west-2.amazonaws.com/849f02a3-ba38-4d6f-84c6-6c94152b1287/OPERA_L3_DIST-ALERT-S1_T11SLT_20250102T140058Z_20251017T014546Z_S1A_30_v0.1.png,2025-10-16T22:25:22+00:00,765.032,4.5,11SLT,1,7,4,none,False,transformer_optimized,high,32,2025-01-02,144,2.5,4,best,none,False
hokkaido_landslides_2018__54TWN,https://hyp3-tibet-jpl-test-contentbucket-hratibh1y9pa.s3.us-west-2.amazonaws.com/4ab2ee41-96f8-448b-a3ac-93267510a93d/OPERA_L3_DIST-ALERT-S1_T54TWN_20180808T082649Z_20251017T014727Z_S1B_30_v0.1.zip,https://hyp3-tibet-jpl-test-contentbucket-hratibh1y9pa.s3.us-west-2.amazonaws.com/4ab2ee41-96f8-448b-a3ac-93267510a93d/OPERA_L3_DIST-ALERT-S1_T54TWN_20180808T082649Z_20251017T014727Z_S1B_30_v0.1.png,2025-10-16T22:25:22+00:00,906.562,4.5,54TWN,1,7,4,none,False,transformer_optimized,high,32,2018-08-08,68,2.5,4,best,none,False
smokehouse_creek_fire_2024__14SKE,https://hyp3-tibet-jpl-test-contentbucket-hratibh1y9pa.s3.us-west-2.amazonaws.com/9410ec60-a629-4e8a-b3e4-a3acc95940de/OPERA_L3_DIST-ALERT-S1_T14SKE_20240216T124634Z_20251017T014538Z_S1A_30_v0.1.zip,https://hyp3-tibet-jpl-test-contentbucket-hratibh1y9pa.s3.us-west-2.amazonaws.com/9410ec60-a629-4e8a-b3e4-a3acc95940de/OPERA_L3_DIST-ALERT-S1_T14SKE_20240216T124634Z_20251017T014538Z_S1A_30_v0.1.png,2025-10-16T22:25:22+00:00,833.385,4.5,14SKE,1,7,4,none,False,transformer_optimized,high,32,2024-02-16,12,2.5,4,best,none,False
afghanistan_flood_2024__42SWF,https://hyp3-tibet-jpl-test-contentbucket-hratibh1y9pa.s3.us-west-2.amazonaws.com/25454190-39f6-45eb-b098-d43da728f60d/OPERA_L3_DIST-ALERT-S1_T42SWF_20240521T131419Z_20251017T013900Z_S1A_30_v0.1.zip,https://hyp3-tibet-jpl-test-contentbucket-hratibh1y9pa.s3.us-west-2.amazonaws.com/25454190-39f6-45eb-b098-d43da728f60d/OPERA_L3_DIST-ALERT-S1_T42SWF_20240521T131419Z_20251017T013900Z_S1A_30_v0.1.png,2025-10-16T22:25:22+00:00,509.872,4.5,42SWF,1,7,4,none,False,transformer_optimized,high,32,2024-05-21,173,2.5,4,best,none,False
chile_fire_2024__19HBD,https://hyp3-tibet-jpl-test-contentbucket-hratibh1y9pa.s3.us-west-2.amazonaws.com/2e0ebaf8-e13f-4403-aee1-7b2409369835/OPERA_L3_DIST-ALERT-S1_T19HBD_20240121T100430Z_20251017T014909Z_S1A_30_v0.1.zip,https://hyp3-tibet-jpl-test-contentbucket-hratibh1y9pa.s3.us-west-2.amazonaws.com/2e0ebaf8-e13f-4403-aee1-7b2409369835/OPERA_L3_DIST-ALERT-S1_T19HBD_20240121T100430Z_20251017T014909Z_S1A_30_v0.1.png,2025-10-16T22:25:22+00:00,1122.943,4.5,19HBD,1,7,4,none,False,transformer_optimized,high,32,2024-01-21,156,2.5,4,best,none,False
los_angeles_fires_2025__11SLT,https://hyp3-tibet-jpl-test-contentbucket-hratibh1y9pa.s3.us-west-2.amazonaws.com/fb817d8a-2aca-4fac-92a2-3eab633dc568/OPERA_L3_DIST-ALERT-S1_T11SLT_20250126T015838Z_20251017T014750Z_S1A_30_v0.1.zip,https://hyp3-tibet-jpl-test-contentbucket-hratibh1y9pa.s3.us-west-2.amazonaws.com/fb817d8a-2aca-4fac-92a2-3eab633dc568/OPERA_L3_DIST-ALERT-S1_T11SLT_20250126T015838Z_20251017T014750Z_S1A_30_v0.1.png,2025-10-16T22:25:22+00:00,1009.751,4.5,11SLT,1,7,4,none,False,transformer_optimized,high,32,2025-01-26,137,2.5,4,best,none,False
smokehouse_creek_fire_2024__14SLE,https://hyp3-tibet-jpl-test-contentbucket-hratibh1y9pa.s3.us-west-2.amazonaws.com/c3730181-7ae5-479e-baab-366f308de1a8/OPERA_L3_DIST-ALERT-S1_T14SLE_20240306T003703Z_20251017T013929Z_S1A_30_v0.1.zip,https://hyp3-tibet-jpl-test-contentbucket-hratibh1y9pa.s3.us-west-2.amazonaws.com/c3730181-7ae5-479e-baab-366f308de1a8/OPERA_L3_DIST-ALERT-S1_T14SLE_20240306T003703Z_20251017T013929Z_S1A_30_v0.1.png,2025-10-16T22:25:22+00:00,609.874,4.5,14SLE,1,7,4,none,False,transformer_optimized,high,32,2024-03-06,107,2.5,4,best,none,False
hokkaido_landslides_2018__54TWN,https://hyp3-tibet-jpl-test-contentbucket-hratibh1y9pa.s3.us-west-2.amazonaws.com/32045bcc-cc48-4c02-9a5e-8a93ef6cddf8/OPERA_L3_DIST-ALERT-S1_T54TWN_20181019T082652Z_20251017T014140Z_S1B_30_v0.1.zip,https://hyp3-tibet-jpl-test-contentbucket-hratibh1y9pa.s3.us-west-2.amazonaws.com/32045bcc-cc48-4c02-9a5e-8a93ef6cddf8/OPERA_L3_DIST-ALERT-S1_T54TWN_20181019T082652Z_20251017T014140Z_S1B_30_v0.1.png,2025-10-16T22:25:22+00:00,799.972,4.5,54TWN,1,7,4,none,False,transformer_optimized,high,32,2018-10-19,68,2.5,4,best,none,False
smokehouse_creek_fire_2024__14SKE,https://hyp3-tibet-jpl-test-contentbucket-hratibh1y9pa.s3.us-west-2.amazonaws.com/d68e0e09-c79c-49b8-8529-bcdaad410082/OPERA_L3_DIST-ALERT-S1_T14SKE_20240304T125445Z_20251017T013659Z_S1A_30_v0.1.zip,https://hyp3-tibet-jpl-test-contentbucket-hratibh1y9pa.s3.us-west-2.amazonaws.com/d68e0e09-c79c-49b8-8529-bcdaad410082/OPERA_L3_DIST-ALERT-S1_T14SKE_20240304T125445Z_20251017T013659Z_S1A_30_v0.1.png,2025-10-16T22:25:22+00:00,552.493,4.5,14SKE,1,7,4,none,False,transformer_optimized,high,32,2024-03-04,85,2.5,4,best,none,False
chile_fire_2024__19HBD,https://hyp3-tibet-jpl-test-contentbucket-hratibh1y9pa.s3.us-west-2.amazonaws.com/86e7353c-8ab3-4665-b3e6-5e3be5edef98/OPERA_L3_DIST-ALERT-S1_T19HBD_20240309T100429Z_20251017T015427Z_S1A_30_v0.1.zip,https://hyp3-tibet-jpl-test-contentbucket-hratibh1y9pa.s3.us-west-2.amazonaws.com/86e7353c-8ab3-4665-b3e6-5e3be5edef98/OPERA_L3_DIST-ALERT-S1_T19HBD_20240309T100429Z_20251017T015427Z_S1A_30_v0.1.png,2025-10-16T22:25:22+00:00,1624.89,4.5,19HBD,1,7,4,none,False,transformer_optimized,high,32,2024-03-09,156,2.5,4,best,none,False
mai_mahiu_flood_and_landslides_2024__37MBU,https://hyp3-tibet-jpl-test-contentbucket-hratibh1y9pa.s3.us-west-2.amazonaws.com/29647dfb-057c-4678-8e71-4a7f10fd75a8/OPERA_L3_DIST-ALERT-S1_T37MBU_20240506T155632Z_20251017T014216Z_S1A_30_v0.1.zip,https://hyp3-tibet-jpl-test-contentbucket-hratibh1y9pa.s3.us-west-2.amazonaws.com/29647dfb-057c-4678-8e71-4a7f10fd75a8/OPERA_L3_DIST-ALERT-S1_T37MBU_20240506T155632Z_20251017T014216Z_S1A_30_v0.1.png,2025-10-16T22:25:22+00:00,965.073,4.5,37MBU,1,7,4,none,False,transformer_optimized,high,32,2024-05-06,130,2.5,4,best,none,False
los_angeles_fires_2025__11SLT,https://hyp3-tibet-jpl-test-contentbucket-hratibh1y9pa.s3.us-west-2.amazonaws.com/600a874b-d3cc-4dfa-8493-56f0bf283481/OPERA_L3_DIST-ALERT-S1_T11SLT_20250202T015029Z_20251017T013755Z_S1A_30_v0.1.zip,https://hyp3-tibet-jpl-test-contentbucket-hratibh1y9pa.s3.us-west-2.amazonaws.com/600a874b-d3cc-4dfa-8493-56f0bf283481/OPERA_L3_DIST-ALERT-S1_T11SLT_20250202T015029Z_20251017T013755Z_S1A_30_v0.1.png,2025-10-16T22:25:22+00:00,759.854,4.5,11SLT,1,7,4,none,False,transformer_optimized,high,32,2025-02-02,64,2.5,4,best,none,False
los_angeles_fires_2025__11SLT,https://hyp3-tibet-jpl-test-contentbucket-hratibh1y9pa.s3.us-west-2.amazonaws.com/735b8836-32e6-4116-a747-f609b846f9d3/OPERA_L3_DIST-ALERT-S1_T11SLT_20250121T135246Z_20251017T014008Z_S1A_30_v0.1.zip,https://hyp3-tibet-jpl-test-contentbucket-hratibh1y9pa.s3.us-west-2.amazonaws.com/735b8836-32e6-4116-a747-f609b846f9d3/OPERA_L3_DIST-ALERT-S1_T11SLT_20250121T135246Z_20251017T014008Z_S1A_30_v0.1.png,2025-10-16T22:25:22+00:00,1074.14,4.5,11SLT,1,7,4,none,False,transformer_optimized,high,32,2025-01-21,71,2.5,4,best,none,False
hokkaido_landslides_2018__54TWN,https://hyp3-tibet-jpl-test-contentbucket-hratibh1y9pa.s3.us-west-2.amazonaws.com/77edfd38-5434-4c17-97c4-69d3dc8eda78/OPERA_L3_DIST-ALERT-S1_T54TWN_20181023T204120Z_20251017T013840Z_S1A_30_v0.1.zip,https://hyp3-tibet-jpl-test-contentbucket-hratibh1y9pa.s3.us-west-2.amazonaws.com/77edfd38-5434-4c17-97c4-69d3dc8eda78/OPERA_L3_DIST-ALERT-S1_T54TWN_20181023T204120Z_20251017T013840Z_S1A_30_v0.1.png,2025-10-16T22:25:22+00:00,1031.995,4.5,54TWN,1,7,4,none,False,transformer_optimized,high,32,2018-10-23,46,2.5,4,best,none,False
brazzaville_flood_and_landslides_2023__33MWR,https://hyp3-tibet-jpl-test-contentbucket-hratibh1y9pa.s3.us-west-2.amazonaws.com/2cb8cd86-005d-4549-be67-022b642a461e/OPERA_L3_DIST-ALERT-S1_T33MWR_20240223T043536Z_20251017T014224Z_S1A_30_v0.1.zip,https://hyp3-tibet-jpl-test-contentbucket-hratibh1y9pa.s3.us-west-2.amazonaws.com/2cb8cd86-005d-4549-be67-022b642a461e/OPERA_L3_DIST-ALERT-S1_T33MWR_20240223T043536Z_20251017T014224Z_S1A_30_v0.1.png,2025-10-16T22:25:22+00:00,1244.333,4.5,33MWR,1,7,4,none,False,transformer_optimized,high,32,2024-02-23,109,2.5,4,best,none,False
hokkaido_landslides_2018__54TWN,https://hyp3-tibet-jpl-test-contentbucket-hratibh1y9pa.s3.us-west-2.amazonaws.com/3f0e5bf0-43d3-4f2e-9e22-e01b52987f76/OPERA_L3_DIST-ALERT-S1_T54TWN_20181011T204120Z_20251017T013425Z_S1A_30_v0.1.zip,https://hyp3-tibet-jpl-test-contentbucket-hratibh1y9pa.s3.us-west-2.amazonaws.com/3f0e5bf0-43d3-4f2e-9e22-e01b52987f76/OPERA_L3_DIST-ALERT-S1_T54TWN_20181011T204120Z_20251017T013425Z_S1A_30_v0.1.png,2025-10-16T22:25:22+00:00,801.233,4.5,54TWN,1,7,4,none,False,transformer_optimized,high,32,2018-10-11,46,2.5,4,best,none,False
smokehouse_creek_fire_2024__14SKE,https://hyp3-tibet-jpl-test-contentbucket-hratibh1y9pa.s3.us-west-2.amazonaws.com/c5a218c3-9c80-4f9b-9ef9-f64c4c2528de/OPERA_L3_DIST-ALERT-S1_T14SKE_20240209T125445Z_20251017T013042Z_S1A_30_v0.1.zip,https://hyp3-tibet-jpl-test-contentbucket-hratibh1y9pa.s3.us-west-2.amazonaws.com/c5a218c3-9c80-4f9b-9ef9-f64c4c2528de/OPERA_L3_DIST-ALERT-S1_T14SKE_20240209T125445Z_20251017T013042Z_S1A_30_v0.1.png,2025-10-16T22:25:22+00:00,702.739,4.5,14SKE,1,7,4,none,False,transformer_optimized,high,32,2024-02-09,85,2.5,4,best,none,False
los_angeles_fires_2025__11SLT,https://hyp3-tibet-jpl-test-contentbucket-hratibh1y9pa.s3.us-west-2.amazonaws.com/6eb1765f-c11e-4564-8bac-33db3113f569/OPERA_L3_DIST-ALERT-S1_T11SLT_20250114T015838Z_20251017T013758Z_S1A_30_v0.1.zip,https://hyp3-tibet-jpl-test-contentbucket-hratibh1y9pa.s3.us-west-2.amazonaws.com/6eb1765f-c11e-4564-8bac-33db3113f569/OPERA_L3_DIST-ALERT-S1_T11SLT_20250114T015838Z_20251017T013758Z_S1A_30_v0.1.png,2025-10-16T22:25:22+00:00,1194.288,4.5,11SLT,1,7,4,none,False,transformer_optimized,high,32,2025-01-14,137,2.5,4,best,none,False
smokehouse_creek_fire_2024__14SME,https://hyp3-tibet-jpl-test-contentbucket-hratibh1y9pa.s3.us-west-2.amazonaws.com/b14b4bcd-4842-4598-8c56-9f1e8ed20480/OPERA_L3_DIST-ALERT-S1_T14SME_20240216T004509Z_20251017T012609Z_S1A_30_v0.1.zip,https://hyp3-tibet-jpl-test-contentbucket-hratibh1y9pa.s3.us-west-2.amazonaws.com/b14b4bcd-4842-4598-8c56-9f1e8ed20480/OPERA_L3_DIST-ALERT-S1_T14SME_20240216T004509Z_20251017T012609Z_S1A_30_v0.1.png,2025-10-16T22:25:22+00:00,607.032,4.5,14SME,1,7,4,none,False,transformer_optimized,high,32,2024-02-16,5,2.5,4,best,none,False
mai_mahiu_flood_and_landslides_2024__37MBU,https://hyp3-tibet-jpl-test-contentbucket-hratibh1y9pa.s3.us-west-2.amazonaws.com/2787a985-2702-4eaa-8ee8-bbba4bcdd9a6/OPERA_L3_DIST-ALERT-S1_T37MBU_20240525T154827Z_20251017T012721Z_S1A_30_v0.1.zip,https://hyp3-tibet-jpl-test-contentbucket-hratibh1y9pa.s3.us-west-2.amazonaws.com/2787a985-2702-4eaa-8ee8-bbba4bcdd9a6/OPERA_L3_DIST-ALERT-S1_T37MBU_20240525T154827Z_20251017T012721Z_S1A_30_v0.1.png,2025-10-16T22:25:22+00:00,749.456,4.5,37MBU,1,7,4,none,False,transformer_optimized,high,32,2024-05-25,57,2.5,4,best,none,False
smokehouse_creek_fire_2024__14SKE,https://hyp3-tibet-jpl-test-contentbucket-hratibh1y9pa.s3.us-west-2.amazonaws.com/937234d0-d109-497e-ae6d-2bea9cc94ebe/OPERA_L3_DIST-ALERT-S1_T14SKE_20240204T004513Z_20251017T013820Z_S1A_30_v0.1.zip,https://hyp3-tibet-jpl-test-contentbucket-hratibh1y9pa.s3.us-west-2.amazonaws.com/937234d0-d109-497e-ae6d-2bea9cc94ebe/OPERA_L3_DIST-ALERT-S1_T14SKE_20240204T004513Z_20251017T013820Z_S1A_30_v0.1.png,2025-10-16T22:25:22+00:00,1443.296,4.5,14SKE,1,7,4,none,False,transformer_optimized,high,32,2024-02-04,5,2.5,4,best,none,False
smokehouse_creek_fire_2024__14SME,https://hyp3-tibet-jpl-test-contentbucket-hratibh1y9pa.s3.us-west-2.amazonaws.com/05cb972c-f245-43eb-b0ed-67e83d3e22b7/OPERA_L3_DIST-ALERT-S1_T14SME_20240223T003658Z_20251017T013824Z_S1A_30_v0.1.zip,https://hyp3-tibet-jpl-test-contentbucket-hratibh1y9pa.s3.us-west-2.amazonaws.com/05cb972c-f245-43eb-b0ed-67e83d3e22b7/OPERA_L3_DIST-ALERT-S1_T14SME_20240223T003658Z_20251017T013824Z_S1A_30_v0.1.png,2025-10-16T22:25:22+00:00,1603.003,4.5,14SME,1,7,4,none,False,transformer_optimized,high,32,2024-02-23,107,2.5,4,best,none,False
afghanistan_flood_2024__42SWF,https://hyp3-tibet-jpl-test-contentbucket-hratibh1y9pa.s3.us-west-2.amazonaws.com/ba38f42b-f6d9-4f5a-bd34-9ce57a6d9175/OPERA_L3_DIST-ALERT-S1_T42SWF_20240707T013129Z_20251017T012140Z_S1A_30_v0.1.zip,https://hyp3-tibet-jpl-test-contentbucket-hratibh1y9pa.s3.us-west-2.amazonaws.com/ba38f42b-f6d9-4f5a-bd34-9ce57a6d9175/OPERA_L3_DIST-ALERT-S1_T42SWF_20240707T013129Z_20251017T012140Z_S1A_30_v0.1.png,2025-10-16T22:25:22+00:00,804.808,4.5,42SWF,1,7,4,none,False,transformer_optimized,high,32,2024-07-07,151,2.5,4,best,none,False
mai_mahiu_flood_and_landslides_2024__37MBU,https://hyp3-tibet-jpl-test-contentbucket-hratibh1y9pa.s3.us-west-2.amazonaws.com/225fa955-4c4b-4782-90a6-dc70b8b0c00e/OPERA_L3_DIST-ALERT-S1_T37MBU_20240606T154826Z_20251017T011929Z_S1A_30_v0.1.zip,https://hyp3-tibet-jpl-test-contentbucket-hratibh1y9pa.s3.us-west-2.amazonaws.com/225fa955-4c4b-4782-90a6-dc70b8b0c00e/OPERA_L3_DIST-ALERT-S1_T37MBU_20240606T154826Z_20251017T011929Z_S1A_30_v0.1.png,2025-10-16T22:25:22+00:00,708.774,4.5,37MBU,1,7,4,none,False,transformer_optimized,high,32,2024-06-06,57,2.5,4,best,none,False
los_angeles_fires_2025__11SLT,https://hyp3-tibet-jpl-test-contentbucket-hratibh1y9pa.s3.us-west-2.amazonaws.com/32d7925e-0597-47c9-b222-64d07db7b952/OPERA_L3_DIST-ALERT-S1_T11SLT_20241216T135249Z_20251017T013010Z_S1A_30_v0.1.zip,https://hyp3-tibet-jpl-test-contentbucket-hratibh1y9pa.s3.us-west-2.amazonaws.com/32d7925e-0597-47c9-b222-64d07db7b952/OPERA_L3_DIST-ALERT-S1_T11SLT_20241216T135249Z_20251017T013010Z_S1A_30_v0.1.png,2025-10-16T22:25:22+00:00,1438.49,4.5,11SLT,1,7,4,none,False,transformer_optimized,high,32,2024-12-16,71,2.5,4,best,none,False
los_angeles_fires_2025__11SLT,https://hyp3-tibet-jpl-test-contentbucket-hratibh1y9pa.s3.us-west-2.amazonaws.com/524d6eaf-a1be-43b9-973d-d811a54c833e/OPERA_L3_DIST-ALERT-S1_T11SLT_20241221T140100Z_20251017T011846Z_S1A_30_v0.1.zip,https://hyp3-tibet-jpl-test-contentbucket-hratibh1y9pa.s3.us-west-2.amazonaws.com/524d6eaf-a1be-43b9-973d-d811a54c833e/OPERA_L3_DIST-ALERT-S1_T11SLT_20241221T140100Z_20251017T011846Z_S1A_30_v0.1.png,2025-10-16T22:25:22+00:00,873.298,4.5,11SLT,1,7,4,none,False,transformer_optimized,high,32,2024-12-21,144,2.5,4,best,none,False
afghanistan_flood_2024__42SWF,https://hyp3-tibet-jpl-test-contentbucket-hratibh1y9pa.s3.us-west-2.amazonaws.com/1f05cd65-4d2b-4553-bc74-e84901dcc836/OPERA_L3_DIST-ALERT-S1_T42SWF_20240702T012318Z_20251017T012845Z_S1A_30_v0.1.zip,https://hyp3-tibet-jpl-test-contentbucket-hratibh1y9pa.s3.us-west-2.amazonaws.com/1f05cd65-4d2b-4553-bc74-e84901dcc836/OPERA_L3_DIST-ALERT-S1_T42SWF_20240702T012318Z_20251017T012845Z_S1A_30_v0.1.png,2025-10-16T22:25:22+00:00,1524.082,4.5,42SWF,1,7,4,none,False,transformer_optimized,high,32,2024-07-02,78,2.5,4,best,none,False
hokkaido_landslides_2018__54TWN,https://hyp3-tibet-jpl-test-contentbucket-hratibh1y9pa.s3.us-west-2.amazonaws.com/51b1c7b6-1140-479b-a5dd-e328d74be359/OPERA_L3_DIST-ALERT-S1_T54TWN_20181030T203312Z_20251017T010807Z_S1A_30_v0.1.zip,https://hyp3-tibet-jpl-test-contentbucket-hratibh1y9pa.s3.us-west-2.amazonaws.com/51b1c7b6-1140-479b-a5dd-e328d74be359/OPERA_L3_DIST-ALERT-S1_T54TWN_20181030T203312Z_20251017T010807Z_S1A_30_v0.1.png,2025-10-16T22:25:22+00:00,239.273,4.5,54TWN,1,7,4,none,False,transformer_optimized,high,32,2018-10-30,148,2.5,4,best,none,False
cipongkor_landslides_2024__48MYT,https://hyp3-tibet-jpl-test-contentbucket-hratibh1y9pa.s3.us-west-2.amazonaws.com/449b84dd-4785-4dcc-9b8b-4f2296d76244/OPERA_L3_DIST-ALERT-S1_T48MYT_20240410T111517Z_20251017T012641Z_S1A_30_v0.1.zip,https://hyp3-tibet-jpl-test-contentbucket-hratibh1y9pa.s3.us-west-2.amazonaws.com/449b84dd-4785-4dcc-9b8b-4f2296d76244/OPERA_L3_DIST-ALERT-S1_T48MYT_20240410T111517Z_20251017T012641Z_S1A_30_v0.1.png,2025-10-16T22:25:22+00:00,1430.382,4.5,48MYT,1,7,4,none,False,transformer_optimized,high,32,2024-04-10,98,2.5,4,best,none,False
los_angeles_fires_2025__11SLT,https://hyp3-tibet-jpl-test-contentbucket-hratibh1y9pa.s3.us-west-2.amazonaws.com/b80ae183-2176-405a-8c7b-c3c58d435611/OPERA_L3_DIST-ALERT-S1_T11SLT_20250109T135247Z_20251017T012405Z_S1A_30_v0.1.zip,https://hyp3-tibet-jpl-test-contentbucket-hratibh1y9pa.s3.us-west-2.amazonaws.com/b80ae183-2176-405a-8c7b-c3c58d435611/OPERA_L3_DIST-ALERT-S1_T11SLT_20250109T135247Z_20251017T012405Z_S1A_30_v0.1.png,2025-10-16T22:25:22+00:00,1291.399,4.5,11SLT,1,7,4,none,False,transformer_optimized,high,32,2025-01-09,71,2.5,4,best,none,False
mai_mahiu_flood_and_landslides_2024__37MBU,https://hyp3-tibet-jpl-test-contentbucket-hratibh1y9pa.s3.us-west-2.amazonaws.com/f980e7bf-3e8e-4127-baac-85fd2a715389/OPERA_L3_DIST-ALERT-S1_T37MBU_20240331T155631Z_20251017T011635Z_S1A_30_v0.1.zip,https://hyp3-tibet-jpl-test-contentbucket-hratibh1y9pa.s3.us-west-2.amazonaws.com/f980e7bf-3e8e-4127-baac-85fd2a715389/OPERA_L3_DIST-ALERT-S1_T37MBU_20240331T155631Z_20251017T011635Z_S1A_30_v0.1.png,2025-10-16T22:25:22+00:00,876.585,4.5,37MBU,1,7,4,none,False,transformer_optimized,high,32,2024-03-31,130,2.5,4,best,none,False
tuscany_flood_2023__32TPP,https://hyp3-tibet-jpl-test-contentbucket-hratibh1y9pa.s3.us-west-2.amazonaws.com/f7cbb673-d969-4725-a9f5-60ba2f9ae019/OPERA_L3_DIST-ALERT-S1_T32TPP_20231229T052810Z_20251017T012240Z_S1A_30_v0.1.zip,https://hyp3-tibet-jpl-test-contentbucket-hratibh1y9pa.s3.us-west-2.amazonaws.com/f7cbb673-d969-4725-a9f5-60ba2f9ae019/OPERA_L3_DIST-ALERT-S1_T32TPP_20231229T052810Z_20251017T012240Z_S1A_30_v0.1.png,2025-10-16T22:25:22+00:00,1338.35,4.5,32TPP,1,7,4,none,False,transformer_optimized,high,32,2023-12-29,168,2.5,4,best,none,False
chile_fire_2024__19HBD,https://hyp3-tibet-jpl-test-contentbucket-hratibh1y9pa.s3.us-west-2.amazonaws.com/157c1289-fa9e-4820-806e-4346964be519/OPERA_L3_DIST-ALERT-S1_T19HBD_20240321T100430Z_20251017T013255Z_S1A_30_v0.1.zip,https://hyp3-tibet-jpl-test-contentbucket-hratibh1y9pa.s3.us-west-2.amazonaws.com/157c1289-fa9e-4820-806e-4346964be519/OPERA_L3_DIST-ALERT-S1_T19HBD_20240321T100430Z_20251017T013255Z_S1A_30_v0.1.png,2025-10-16T22:25:22+00:00,1945.851,4.5,19HBD,1,7,4,none,False,transformer_optimized,high,32,2024-03-21,156,2.5,4,best,none,False
cipongkor_landslides_2024__48MYT,https://hyp3-tibet-jpl-test-contentbucket-hratibh1y9pa.s3.us-west-2.amazonaws.com/1842ed61-be40-4fc5-b7b4-2334c9e9ea9e/OPERA_L3_DIST-ALERT-S1_T48MYT_20240401T222605Z_20251017T011501Z_S1A_30_v0.1.zip,https://hyp3-tibet-jpl-test-contentbucket-hratibh1y9pa.s3.us-west-2.amazonaws.com/1842ed61-be40-4fc5-b7b4-2334c9e9ea9e/OPERA_L3_DIST-ALERT-S1_T48MYT_20240401T222605Z_20251017T011501Z_S1A_30_v0.1.png,2025-10-16T22:25:22+00:00,1026.995,4.5,48MYT,1,7,4,none,False,transformer_optimized,high,32,2024-04-01,149,2.5,4,best,none,False
brazzaville_flood_and_landslides_2023__33MWR,https://hyp3-tibet-jpl-test-contentbucket-hratibh1y9pa.s3.us-west-2.amazonaws.com/1b7af984-bc73-4cf2-803e-685f58b1ab73/OPERA_L3_DIST-ALERT-S1_T33MWR_20231218T044348Z_20251017T011100Z_S1A_30_v0.1.zip,https://hyp3-tibet-jpl-test-contentbucket-hratibh1y9pa.s3.us-west-2.amazonaws.com/1b7af984-bc73-4cf2-803e-685f58b1ab73/OPERA_L3_DIST-ALERT-S1_T33MWR_20231218T044348Z_20251017T011100Z_S1A_30_v0.1.png,2025-10-16T22:25:22+00:00,782.538,4.5,33MWR,1,7,4,none,False,transformer_optimized,high,32,2023-12-18,7,2.5,4,best,none,False
smokehouse_creek_fire_2024__14SME,https://hyp3-tibet-jpl-test-contentbucket-hratibh1y9pa.s3.us-west-2.amazonaws.com/bbd902ae-ea2d-4695-bba1-ee2c095a92f4/OPERA_L3_DIST-ALERT-S1_T14SME_20240306T003658Z_20251017T011827Z_S1A_30_v0.1.zip,https://hyp3-tibet-jpl-test-contentbucket-hratibh1y9pa.s3.us-west-2.amazonaws.com/bbd902ae-ea2d-4695-bba1-ee2c095a92f4/OPERA_L3_DIST-ALERT-S1_T14SME_20240306T003658Z_20251017T011827Z_S1A_30_v0.1.png,2025-10-16T22:25:22+00:00,1329.988,4.5,14SME,1,7,4,none,False,transformer_optimized,high,32,2024-03-06,107,2.5,4,best,none,False
cipongkor_landslides_2024__48MYT,https://hyp3-tibet-jpl-test-contentbucket-hratibh1y9pa.s3.us-west-2.amazonaws.com/0c887fb8-4f14-419b-9a89-8c4dd227e169/OPERA_L3_DIST-ALERT-S1_T48MYT_20240425T222605Z_20251017T011339Z_S1A_30_v0.1.zip,https://hyp3-tibet-jpl-test-contentbucket-hratibh1y9pa.s3.us-west-2.amazonaws.com/0c887fb8-4f14-419b-9a89-8c4dd227e169/OPERA_L3_DIST-ALERT-S1_T48MYT_20240425T222605Z_20251017T011339Z_S1A_30_v0.1.png,2025-10-16T22:25:22+00:00,1104.373,4.5,48MYT,1,7,4,none,False,transformer_optimized,high,32,2024-04-25,149,2.5,4,best,none,False
smokehouse_creek_fire_2024__14SLE,https://hyp3-tibet-jpl-test-contentbucket-hratibh1y9pa.s3.us-west-2.amazonaws.com/92139aee-8dd2-42aa-9c29-73add6aa1347/OPERA_L3_DIST-ALERT-S1_T14SLE_20240216T004509Z_20251017T012009Z_S1A_30_v0.1.zip,https://hyp3-tibet-jpl-test-contentbucket-hratibh1y9pa.s3.us-west-2.amazonaws.com/92139aee-8dd2-42aa-9c29-73add6aa1347/OPERA_L3_DIST-ALERT-S1_T14SLE_20240216T004509Z_20251017T012009Z_S1A_30_v0.1.png,2025-10-16T22:25:22+00:00,1560.61,4.5,14SLE,1,7,4,none,False,transformer_optimized,high,32,2024-02-16,5,2.5,4,best,none,False
brazzaville_flood_and_landslides_2023__33MWR,https://hyp3-tibet-jpl-test-contentbucket-hratibh1y9pa.s3.us-west-2.amazonaws.com/9ff3e1aa-22a6-4d12-b15e-272888708408/OPERA_L3_DIST-ALERT-S1_T33MWR_20231230T044347Z_20251017T010531Z_S1A_30_v0.1.zip,https://hyp3-tibet-jpl-test-contentbucket-hratibh1y9pa.s3.us-west-2.amazonaws.com/9ff3e1aa-22a6-4d12-b15e-272888708408/OPERA_L3_DIST-ALERT-S1_T33MWR_20231230T044347Z_20251017T010531Z_S1A_30_v0.1.png,2025-10-16T22:25:22+00:00,702.0,4.5,33MWR,1,7,4,none,False,transformer_optimized,high,32,2023-12-30,7,2.5,4,best,none,False
afghanistan_flood_2024__42SWF,https://hyp3-tibet-jpl-test-contentbucket-hratibh1y9pa.s3.us-west-2.amazonaws.com/2a2fbfb5-c7eb-4885-859d-e472fe4b3d82/OPERA_L3_DIST-ALERT-S1_T42SWF_20240427T131419Z_20251017T010349Z_S1A_30_v0.1.zip,https://hyp3-tibet-jpl-test-contentbucket-hratibh1y9pa.s3.us-west-2.amazonaws.com/2a2fbfb5-c7eb-4885-859d-e472fe4b3d82/OPERA_L3_DIST-ALERT-S1_T42SWF_20240427T131419Z_20251017T010349Z_S1A_30_v0.1.png,2025-10-16T22:25:22+00:00,628.133,4.5,42SWF,1,7,4,none,False,transformer_optimized,high,32,2024-04-27,173,2.5,4,best,none,False
hokkaido_landslides_2018__54TWN,https://hyp3-tibet-jpl-test-contentbucket-hratibh1y9pa.s3.us-west-2.amazonaws.com/d474ad05-c048-4d73-a106-af681c31b27a/OPERA_L3_DIST-ALERT-S1_T54TWN_20180918T083504Z_20251017T005714Z_S1B_30_v0.1.zip,https://hyp3-tibet-jpl-test-contentbucket-hratibh1y9pa.s3.us-west-2.amazonaws.com/d474ad05-c048-4d73-a106-af681c31b27a/OPERA_L3_DIST-ALERT-S1_T54TWN_20180918T083504Z_20251017T005714Z_S1B_30_v0.1.png,2025-10-16T22:25:22+00:00,263.638,4.5,54TWN,1,7,4,none,False,transformer_optimized,high,32,2018-09-18,141,2.5,4,best,none,False
afghanistan_flood_2024__42SWF,https://hyp3-tibet-jpl-test-contentbucket-hratibh1y9pa.s3.us-west-2.amazonaws.com/a1137ff9-cf03-4e44-a768-080b36e273af/OPERA_L3_DIST-ALERT-S1_T42SWF_20240626T131418Z_20251017T010116Z_S1A_30_v0.1.zip,https://hyp3-tibet-jpl-test-contentbucket-hratibh1y9pa.s3.us-west-2.amazonaws.com/a1137ff9-cf03-4e44-a768-080b36e273af/OPERA_L3_DIST-ALERT-S1_T42SWF_20240626T131418Z_20251017T010116Z_S1A_30_v0.1.png,2025-10-16T22:25:22+00:00,596.623,4.5,42SWF,1,7,4,none,False,transformer_optimized,high,32,2024-06-26,173,2.5,4,best,none,False
chile_fire_2024__19HBD,https://hyp3-tibet-jpl-test-contentbucket-hratibh1y9pa.s3.us-west-2.amazonaws.com/ff835c0e-6d18-4d3c-9a01-53c5811fc874/OPERA_L3_DIST-ALERT-S1_T19HBD_20240202T100430Z_20251017T012616Z_S1A_30_v0.1.zip,https://hyp3-tibet-jpl-test-contentbucket-hratibh1y9pa.s3.us-west-2.amazonaws.com/ff835c0e-6d18-4d3c-9a01-53c5811fc874/OPERA_L3_DIST-ALERT-S1_T19HBD_20240202T100430Z_20251017T012616Z_S1A_30_v0.1.png,2025-10-16T22:25:22+00:00,2102.86,4.5,19HBD,1,7,4,none,False,transformer_optimized,high,32,2024-02-02,156,2.5,4,best,none,False
mai_mahiu_flood_and_landslides_2024__37MBU,https://hyp3-tibet-jpl-test-contentbucket-hratibh1y9pa.s3.us-west-2.amazonaws.com/0ef846d4-5b82-4cdb-a4f8-b17617d27ec9/OPERA_L3_DIST-ALERT-S1_T37MBU_20240501T154827Z_20251017T010031Z_S1A_30_v0.1.zip,https://hyp3-tibet-jpl-test-contentbucket-hratibh1y9pa.s3.us-west-2.amazonaws.com/0ef846d4-5b82-4cdb-a4f8-b17617d27ec9/OPERA_L3_DIST-ALERT-S1_T37MBU_20240501T154827Z_20251017T010031Z_S1A_30_v0.1.png,2025-10-16T22:25:22+00:00,591.451,4.5,37MBU,1,7,4,none,False,transformer_optimized,high,32,2024-05-01,57,2.5,4,best,none,False
smokehouse_creek_fire_2024__14SKE,https://hyp3-tibet-jpl-test-contentbucket-hratibh1y9pa.s3.us-west-2.amazonaws.com/a23a1a4f-c689-4252-a7ef-3769ba0b927f/OPERA_L3_DIST-ALERT-S1_T14SKE_20240221T005323Z_20251017T005931Z_S1A_30_v0.1.zip,https://hyp3-tibet-jpl-test-contentbucket-hratibh1y9pa.s3.us-west-2.amazonaws.com/a23a1a4f-c689-4252-a7ef-3769ba0b927f/OPERA_L3_DIST-ALERT-S1_T14SKE_20240221T005323Z_20251017T005931Z_S1A_30_v0.1.png,2025-10-16T22:25:22+00:00,587.656,4.5,14SKE,1,7,4,none,False,transformer_optimized,high,32,2024-02-21,78,2.5,4,best,none,False
brazzaville_flood_and_landslides_2023__33MWR,https://hyp3-tibet-jpl-test-contentbucket-hratibh1y9pa.s3.us-west-2.amazonaws.com/3f234d00-b452-4e82-bcb3-27fef6c7e572/OPERA_L3_DIST-ALERT-S1_T33MWR_20240211T043536Z_20251017T011406Z_S1A_30_v0.1.zip,https://hyp3-tibet-jpl-test-contentbucket-hratibh1y9pa.s3.us-west-2.amazonaws.com/3f234d00-b452-4e82-bcb3-27fef6c7e572/OPERA_L3_DIST-ALERT-S1_T33MWR_20240211T043536Z_20251017T011406Z_S1A_30_v0.1.png,2025-10-16T22:25:22+00:00,1570.316,4.5,33MWR,1,7,4,none,False,transformer_optimized,high,32,2024-02-11,109,2.5,4,best,none,False
cipongkor_landslides_2024__48MYT,https://hyp3-tibet-jpl-test-contentbucket-hratibh1y9pa.s3.us-west-2.amazonaws.com/ea50c649-bb61-4d88-af32-1dd6dcdbfdc5/OPERA_L3_DIST-ALERT-S1_T48MYT_20240422T111518Z_20251017T011012Z_S1A_30_v0.1.zip,https://hyp3-tibet-jpl-test-contentbucket-hratibh1y9pa.s3.us-west-2.amazonaws.com/ea50c649-bb61-4d88-af32-1dd6dcdbfdc5/OPERA_L3_DIST-ALERT-S1_T48MYT_20240422T111518Z_20251017T011012Z_S1A_30_v0.1.png,2025-10-16T22:25:22+00:00,1366.332,4.5,48MYT,1,7,4,none,False,transformer_optimized,high,32,2024-04-22,98,2.5,4,best,none,False
los_angeles_fires_2025__11SLT,https://hyp3-tibet-jpl-test-contentbucket-hratibh1y9pa.s3.us-west-2.amazonaws.com/04494410-3733-4a9d-a67c-512c34e0e65b/OPERA_L3_DIST-ALERT-S1_T11SLT_20250207T015837Z_20251017T010654Z_S1A_30_v0.1.zip,https://hyp3-tibet-jpl-test-contentbucket-hratibh1y9pa.s3.us-west-2.amazonaws.com/04494410-3733-4a9d-a67c-512c34e0e65b/OPERA_L3_DIST-ALERT-S1_T11SLT_20250207T015837Z_20251017T010654Z_S1A_30_v0.1.png,2025-10-16T22:25:22+00:00,1189.537,4.5,11SLT,1,7,4,none,False,transformer_optimized,high,32,2025-02-07,137,2.5,4,best,none,False
brazzaville_flood_and_landslides_2023__33MWR,https://hyp3-tibet-jpl-test-contentbucket-hratibh1y9pa.s3.us-west-2.amazonaws.com/8e494131-309a-418b-9633-ee0073c0bc83/OPERA_L3_DIST-ALERT-S1_T33MWR_20231213T043539Z_20251017T011301Z_S1A_30_v0.1.zip,https://hyp3-tibet-jpl-test-contentbucket-hratibh1y9pa.s3.us-west-2.amazonaws.com/8e494131-309a-418b-9633-ee0073c0bc83/OPERA_L3_DIST-ALERT-S1_T33MWR_20231213T043539Z_20251017T011301Z_S1A_30_v0.1.png,2025-10-16T22:25:22+00:00,1562.611,4.5,33MWR,1,7,4,none,False,transformer_optimized,high,32,2023-12-13,109,2.5,4,best,none,False
cipongkor_landslides_2024__48MYT,https://hyp3-tibet-jpl-test-contentbucket-hratibh1y9pa.s3.us-west-2.amazonaws.com/9d3c5e68-7857-4ad4-9503-30360547aa1c/OPERA_L3_DIST-ALERT-S1_T48MYT_20240308T222604Z_20251017T010232Z_S1A_30_v0.1.zip,https://hyp3-tibet-jpl-test-contentbucket-hratibh1y9pa.s3.us-west-2.amazonaws.com/9d3c5e68-7857-4ad4-9503-30360547aa1c/OPERA_L3_DIST-ALERT-S1_T48MYT_20240308T222604Z_20251017T010232Z_S1A_30_v0.1.png,2025-10-16T22:25:22+00:00,1020.988,4.5,48MYT,1,7,4,none,False,transformer_optimized,high,32,2024-03-08,149,2.5,4,best,none,False
los_angeles_fires_2025__11SLT,https://hyp3-tibet-jpl-test-contentbucket-hratibh1y9pa.s3.us-west-2.amazonaws.com/247b2446-a073-42bb-987a-746352ced616/OPERA_L3_DIST-ALERT-S1_T11SLT_20250226T015028Z_20251017T005636Z_S1A_30_v0.1.zip,https://hyp3-tibet-jpl-test-contentbucket-hratibh1y9pa.s3.us-west-2.amazonaws.com/247b2446-a073-42bb-987a-746352ced616/OPERA_L3_DIST-ALERT-S1_T11SLT_20250226T015028Z_20251017T005636Z_S1A_30_v0.1.png,2025-10-16T22:25:22+00:00,687.484,4.5,11SLT,1,7,4,none,False,transformer_optimized,high,32,2025-02-26,64,2.5,4,best,none,False
hokkaido_landslides_2018__54TWN,https://hyp3-tibet-jpl-test-contentbucket-hratibh1y9pa.s3.us-west-2.amazonaws.com/d1871b51-b047-4429-ba4b-5dfad368b6e9/OPERA_L3_DIST-ALERT-S1_T54TWN_20181006T203312Z_20251017T004912Z_S1A_30_v0.1.zip,https://hyp3-tibet-jpl-test-contentbucket-hratibh1y9pa.s3.us-west-2.amazonaws.com/d1871b51-b047-4429-ba4b-5dfad368b6e9/OPERA_L3_DIST-ALERT-S1_T54TWN_20181006T203312Z_20251017T004912Z_S1A_30_v0.1.png,2025-10-16T22:25:22+00:00,432.763,4.5,54TWN,1,7,4,none,False,transformer_optimized,high,32,2018-10-06,148,2.5,4,best,none,False
mai_mahiu_flood_and_landslides_2024__37MBU,https://hyp3-tibet-jpl-test-contentbucket-hratibh1y9pa.s3.us-west-2.amazonaws.com/d9afe079-9dbd-4da3-a0f0-885006f00e9a/OPERA_L3_DIST-ALERT-S1_T37MBU_20240611T155631Z_20251017T005850Z_S1A_30_v0.1.zip,https://hyp3-tibet-jpl-test-contentbucket-hratibh1y9pa.s3.us-west-2.amazonaws.com/d9afe079-9dbd-4da3-a0f0-885006f00e9a/OPERA_L3_DIST-ALERT-S1_T37MBU_20240611T155631Z_20251017T005850Z_S1A_30_v0.1.png,2025-10-16T22:25:22+00:00,1079.809,4.5,37MBU,1,7,4,none,False,transformer_optimized,high,32,2024-06-11,130,2.5,4,best,none,False
tuscany_flood_2023__32TPP,https://hyp3-tibet-jpl-test-contentbucket-hratibh1y9pa.s3.us-west-2.amazonaws.com/ded54877-e911-4113-9adf-e7223d301439/OPERA_L3_DIST-ALERT-S1_T32TPP_20231218T171451Z_20251017T010750Z_S1A_30_v0.1.zip,https://hyp3-tibet-jpl-test-contentbucket-hratibh1y9pa.s3.us-west-2.amazonaws.com/ded54877-e911-4113-9adf-e7223d301439/OPERA_L3_DIST-ALERT-S1_T32TPP_20231218T171451Z_20251017T010750Z_S1A_30_v0.1.png,2025-10-16T22:25:22+00:00,1659.754,4.5,32TPP,1,7,4,none,False,transformer_optimized,high,32,2023-12-18,15,2.5,4,best,none,False
afghanistan_flood_2024__42SWF,https://hyp3-tibet-jpl-test-contentbucket-hratibh1y9pa.s3.us-west-2.amazonaws.com/e2ac1d6b-5e2b-4bf7-b103-9f601cdddd01/OPERA_L3_DIST-ALERT-S1_T42SWF_20240526T132228Z_20251017T005752Z_S1A_30_v0.1.zip,https://hyp3-tibet-jpl-test-contentbucket-hratibh1y9pa.s3.us-west-2.amazonaws.com/e2ac1d6b-5e2b-4bf7-b103-9f601cdddd01/OPERA_L3_DIST-ALERT-S1_T42SWF_20240526T132228Z_20251017T005752Z_S1A_30_v0.1.png,2025-10-16T22:25:22+00:00,1275.626,4.5,42SWF,1,7,4,none,False,transformer_optimized,high,32,2024-05-26,71,2.5,4,best,none,False
mai_mahiu_flood_and_landslides_2024__37MBU,https://hyp3-tibet-jpl-test-contentbucket-hratibh1y9pa.s3.us-west-2.amazonaws.com/2d55cabb-0d0b-4ec6-a1b6-d0f89d554d02/OPERA_L3_DIST-ALERT-S1_T37MBU_20240530T155632Z_20251017T005143Z_S1A_30_v0.1.zip,https://hyp3-tibet-jpl-test-contentbucket-hratibh1y9pa.s3.us-west-2.amazonaws.com/2d55cabb-0d0b-4ec6-a1b6-d0f89d554d02/OPERA_L3_DIST-ALERT-S1_T37MBU_20240530T155632Z_20251017T005143Z_S1A_30_v0.1.png,2025-10-16T22:25:22+00:00,961.624,4.5,37MBU,1,7,4,none,False,transformer_optimized,high,32,2024-05-30,130,2.5,4,best,none,False
afghanistan_flood_2024__42SWF,https://hyp3-tibet-jpl-test-contentbucket-hratibh1y9pa.s3.us-west-2.amazonaws.com/fd932381-d929-4368-b577-f3ba92ebe5da/OPERA_L3_DIST-ALERT-S1_T42SWF_20240520T013130Z_20251017T004528Z_S1A_30_v0.1.zip,https://hyp3-tibet-jpl-test-contentbucket-hratibh1y9pa.s3.us-west-2.amazonaws.com/fd932381-d929-4368-b577-f3ba92ebe5da/OPERA_L3_DIST-ALERT-S1_T42SWF_20240520T013130Z_20251017T004528Z_S1A_30_v0.1.png,2025-10-16T22:25:22+00:00,606.311,4.5,42SWF,1,7,4,none,False,transformer_optimized,high,32,2024-05-20,151,2.5,4,best,none,False
chile_fire_2024__19HBD,https://hyp3-tibet-jpl-test-contentbucket-hratibh1y9pa.s3.us-west-2.amazonaws.com/b8d276cf-22f8-4cab-b9c9-f45fe6231841/OPERA_L3_DIST-ALERT-S1_T19HBD_20240226T100429Z_20251017T010917Z_S1A_30_v0.1.zip,https://hyp3-tibet-jpl-test-contentbucket-hratibh1y9pa.s3.us-west-2.amazonaws.com/b8d276cf-22f8-4cab-b9c9-f45fe6231841/OPERA_L3_DIST-ALERT-S1_T19HBD_20240226T100429Z_20251017T010917Z_S1A_30_v0.1.png,2025-10-16T22:25:22+00:00,2166.688,4.5,19HBD,1,7,4,none,False,transformer_optimized,high,32,2024-02-26,156,2.5,4,best,none,False
chile_fire_2024__19HBD,https://hyp3-tibet-jpl-test-contentbucket-hratibh1y9pa.s3.us-west-2.amazonaws.com/af509982-3846-4935-9cd4-4dc13d11bfd7/OPERA_L3_DIST-ALERT-S1_T19HBD_20240209T233645Z_20251017T003445Z_S1A_30_v0.1.zip,https://hyp3-tibet-jpl-test-contentbucket-hratibh1y9pa.s3.us-west-2.amazonaws.com/af509982-3846-4935-9cd4-4dc13d11bfd7/OPERA_L3_DIST-ALERT-S1_T19HBD_20240209T233645Z_20251017T003445Z_S1A_30_v0.1.png,2025-10-16T22:25:22+00:00,210.377,4.5,19HBD,1,7,4,none,False,transformer_optimized,high,32,2024-02-09,91,2.5,4,best,none,False
los_angeles_fires_2025__11SLT,https://hyp3-tibet-jpl-test-contentbucket-hratibh1y9pa.s3.us-west-2.amazonaws.com/a6960f21-abb4-4fdc-8ade-897193de363f/OPERA_L3_DIST-ALERT-S1_T11SLT_20250214T015029Z_20251017T004506Z_S1A_30_v0.1.zip,https://hyp3-tibet-jpl-test-contentbucket-hratibh1y9pa.s3.us-west-2.amazonaws.com/a6960f21-abb4-4fdc-8ade-897193de363f/OPERA_L3_DIST-ALERT-S1_T11SLT_20250214T015029Z_20251017T004506Z_S1A_30_v0.1.png,2025-10-16T22:25:22+00:00,843.264,4.5,11SLT,1,7,4,none,False,transformer_optimized,high,32,2025-02-14,64,2.5,4,best,none,False
brazzaville_flood_and_landslides_2023__33MWR,https://hyp3-tibet-jpl-test-contentbucket-hratibh1y9pa.s3.us-west-2.amazonaws.com/476e8380-ee0c-4c4e-8a24-29f5f8994e2a/OPERA_L3_DIST-ALERT-S1_T33MWR_20240106T043538Z_20251017T005153Z_S1A_30_v0.1.zip,https://hyp3-tibet-jpl-test-contentbucket-hratibh1y9pa.s3.us-west-2.amazonaws.com/476e8380-ee0c-4c4e-8a24-29f5f8994e2a/OPERA_L3_DIST-ALERT-S1_T33MWR_20240106T043538Z_20251017T005153Z_S1A_30_v0.1.png,2025-10-16T22:25:22+00:00,1346.068,4.5,33MWR,1,7,4,none,False,transformer_optimized,high,32,2024-01-06,109,2.5,4,best,none,False
hokkaido_landslides_2018__54TWN,https://hyp3-tibet-jpl-test-contentbucket-hratibh1y9pa.s3.us-west-2.amazonaws.com/d3b90363-dac9-4b3d-8ce9-b440ed06b4be/OPERA_L3_DIST-ALERT-S1_T54TWN_20180831T203311Z_20251017T003534Z_S1A_30_v0.1.zip,https://hyp3-tibet-jpl-test-contentbucket-hratibh1y9pa.s3.us-west-2.amazonaws.com/d3b90363-dac9-4b3d-8ce9-b440ed06b4be/OPERA_L3_DIST-ALERT-S1_T54TWN_20180831T203311Z_20251017T003534Z_S1A_30_v0.1.png,2025-10-16T22:25:22+00:00,388.559,4.5,54TWN,1,7,4,none,False,transformer_optimized,high,32,2018-08-31,148,2.5,4,best,none,False
los_angeles_fires_2025__11SLT,https://hyp3-tibet-jpl-test-contentbucket-hratibh1y9pa.s3.us-west-2.amazonaws.com/07d45866-02b3-4f04-81db-caa5ddb159b5/OPERA_L3_DIST-ALERT-S1_T11SLT_20250214T135245Z_20251017T005144Z_S1A_30_v0.1.zip,https://hyp3-tibet-jpl-test-contentbucket-hratibh1y9pa.s3.us-west-2.amazonaws.com/07d45866-02b3-4f04-81db-caa5ddb159b5/OPERA_L3_DIST-ALERT-S1_T11SLT_20250214T135245Z_20251017T005144Z_S1A_30_v0.1.png,2025-10-16T22:25:22+00:00,1579.29,4.5,11SLT,1,7,4,none,False,transformer_optimized,high,32,2025-02-14,71,2.5,4,best,none,False
tuscany_flood_2023__32TPP,https://hyp3-tibet-jpl-test-contentbucket-hratibh1y9pa.s3.us-west-2.amazonaws.com/c11af2b1-d8bc-4cf7-956b-a53c3ad20f73/OPERA_L3_DIST-ALERT-S1_T32TPP_20231217T052811Z_20251017T004754Z_S1A_30_v0.1.zip,https://hyp3-tibet-jpl-test-contentbucket-hratibh1y9pa.s3.us-west-2.amazonaws.com/c11af2b1-d8bc-4cf7-956b-a53c3ad20f73/OPERA_L3_DIST-ALERT-S1_T32TPP_20231217T052811Z_20251017T004754Z_S1A_30_v0.1.png,2025-10-16T22:25:22+00:00,1325.008,4.5,32TPP,1,7,4,none,False,transformer_optimized,high,32,2023-12-17,168,2.5,4,best,none,False
afghanistan_flood_2024__42SWF,https://hyp3-tibet-jpl-test-contentbucket-hratibh1y9pa.s3.us-west-2.amazonaws.com/14cd64bb-3dc5-4e39-be72-380570a189b9/OPERA_L3_DIST-ALERT-S1_T42SWF_20240415T131418Z_20251017T003732Z_S1A_30_v0.1.zip,https://hyp3-tibet-jpl-test-contentbucket-hratibh1y9pa.s3.us-west-2.amazonaws.com/14cd64bb-3dc5-4e39-be72-380570a189b9/OPERA_L3_DIST-ALERT-S1_T42SWF_20240415T131418Z_20251017T003732Z_S1A_30_v0.1.png,2025-10-16T22:25:22+00:00,785.198,4.5,42SWF,1,7,4,none,False,transformer_optimized,high,32,2024-04-15,173,2.5,4,best,none,False
hokkaido_landslides_2018__54TWN,https://hyp3-tibet-jpl-test-contentbucket-hratibh1y9pa.s3.us-west-2.amazonaws.com/b284d799-8a8f-4d81-be2c-2f825f5b0849/OPERA_L3_DIST-ALERT-S1_T54TWN_20180812T204118Z_20251017T003649Z_S1A_30_v0.1.zip,https://hyp3-tibet-jpl-test-contentbucket-hratibh1y9pa.s3.us-west-2.amazonaws.com/b284d799-8a8f-4d81-be2c-2f825f5b0849/OPERA_L3_DIST-ALERT-S1_T54TWN_20180812T204118Z_20251017T003649Z_S1A_30_v0.1.png,2025-10-16T22:25:22+00:00,782.578,4.5,54TWN,1,7,4,none,False,transformer_optimized,high,32,2018-08-12,46,2.5,4,best,none,False
tuscany_flood_2023__32TPP,https://hyp3-tibet-jpl-test-contentbucket-hratibh1y9pa.s3.us-west-2.amazonaws.com/3f188a65-be3b-419b-8ea3-3be40ddc414b/OPERA_L3_DIST-ALERT-S1_T32TPP_20231225T170642Z_20251017T004958Z_S1A_30_v0.1.zip,https://hyp3-tibet-jpl-test-contentbucket-hratibh1y9pa.s3.us-west-2.amazonaws.com/3f188a65-be3b-419b-8ea3-3be40ddc414b/OPERA_L3_DIST-ALERT-S1_T32TPP_20231225T170642Z_20251017T004958Z_S1A_30_v0.1.png,2025-10-16T22:25:22+00:00,1601.84,4.5,32TPP,1,7,4,none,False,transformer_optimized,high,32,2023-12-25,117,2.5,4,best,none,False
hokkaido_landslides_2018__54TWN,https://hyp3-tibet-jpl-test-contentbucket-hratibh1y9pa.s3.us-west-2.amazonaws.com/d8d64de4-b4a5-4687-8f8b-d32fc8661e7c/OPERA_L3_DIST-ALERT-S1_T54TWN_20180930T083504Z_20251017T002542Z_S1B_30_v0.1.zip,https://hyp3-tibet-jpl-test-contentbucket-hratibh1y9pa.s3.us-west-2.amazonaws.com/d8d64de4-b4a5-4687-8f8b-d32fc8661e7c/OPERA_L3_DIST-ALERT-S1_T54TWN_20180930T083504Z_20251017T002542Z_S1B_30_v0.1.png,2025-10-16T22:25:22+00:00,287.628,4.5,54TWN,1,7,4,none,False,transformer_optimized,high,32,2018-09-30,141,2.5,4,best,none,False
chile_fire_2024__19HBD,https://hyp3-tibet-jpl-test-contentbucket-hratibh1y9pa.s3.us-west-2.amazonaws.com/952a2774-50b0-4f05-8717-b5f93df898b8/OPERA_L3_DIST-ALERT-S1_T19HBD_20240228T232836Z_20251017T005327Z_S1A_30_v0.1.zip,https://hyp3-tibet-jpl-test-contentbucket-hratibh1y9pa.s3.us-west-2.amazonaws.com/952a2774-50b0-4f05-8717-b5f93df898b8/OPERA_L3_DIST-ALERT-S1_T19HBD_20240228T232836Z_20251017T005327Z_S1A_30_v0.1.png,2025-10-16T22:25:22+00:00,1959.614,4.5,19HBD,1,7,4,none,False,transformer_optimized,high,32,2024-02-28,18,2.5,4,best,none,False
afghanistan_flood_2024__42SWF,https://hyp3-tibet-jpl-test-contentbucket-hratibh1y9pa.s3.us-west-2.amazonaws.com/a1e8eb26-86a6-4ed6-9450-a247e1aa47ea/OPERA_L3_DIST-ALERT-S1_T42SWF_20240613T013130Z_20251017T003315Z_S1A_30_v0.1.zip,https://hyp3-tibet-jpl-test-contentbucket-hratibh1y9pa.s3.us-west-2.amazonaws.com/a1e8eb26-86a6-4ed6-9450-a247e1aa47ea/OPERA_L3_DIST-ALERT-S1_T42SWF_20240613T013130Z_20251017T003315Z_S1A_30_v0.1.png,2025-10-16T22:25:22+00:00,801.507,4.5,42SWF,1,7,4,none,False,transformer_optimized,high,32,2024-06-13,151,2.5,4,best,none,False
hokkaido_landslides_2018__54TWN,https://hyp3-tibet-jpl-test-contentbucket-hratibh1y9pa.s3.us-west-2.amazonaws.com/46fd7348-4d56-438d-89f9-b4f50853cd5f/OPERA_L3_DIST-ALERT-S1_T54TWN_20180825T083503Z_20251017T002452Z_S1B_30_v0.1.zip,https://hyp3-tibet-jpl-test-contentbucket-hratibh1y9pa.s3.us-west-2.amazonaws.com/46fd7348-4d56-438d-89f9-b4f50853cd5f/OPERA_L3_DIST-ALERT-S1_T54TWN_20180825T083503Z_20251017T002452Z_S1B_30_v0.1.png,2025-10-16T22:25:22+00:00,300.565,4.5,54TWN,1,7,4,none,False,transformer_optimized,high,32,2018-08-25,141,2.5,4,best,none,False
chile_fire_2024__19HBD,https://hyp3-tibet-jpl-test-contentbucket-hratibh1y9pa.s3.us-west-2.amazonaws.com/05e96a93-2500-46b5-a2e3-dd37cefafc58/OPERA_L3_DIST-ALERT-S1_T19HBD_20240214T100429Z_20251017T005130Z_S1A_30_v0.1.zip,https://hyp3-tibet-jpl-test-contentbucket-hratibh1y9pa.s3.us-west-2.amazonaws.com/05e96a93-2500-46b5-a2e3-dd37cefafc58/OPERA_L3_DIST-ALERT-S1_T19HBD_20240214T100429Z_20251017T005130Z_S1A_30_v0.1.png,2025-10-16T22:25:22+00:00,1905.112,4.5,19HBD,1,7,4,none,False,transformer_optimized,high,32,2024-02-14,156,2.5,4,best,none,False
cipongkor_landslides_2024__48MYT,https://hyp3-tibet-jpl-test-contentbucket-hratibh1y9pa.s3.us-west-2.amazonaws.com/baa2f9f2-fb9e-4044-8240-c571f0edf01a/OPERA_L3_DIST-ALERT-S1_T48MYT_20240329T111517Z_20251017T004043Z_S1A_30_v0.1.zip,https://hyp3-tibet-jpl-test-contentbucket-hratibh1y9pa.s3.us-west-2.amazonaws.com/baa2f9f2-fb9e-4044-8240-c571f0edf01a/OPERA_L3_DIST-ALERT-S1_T48MYT_20240329T111517Z_20251017T004043Z_S1A_30_v0.1.png,2025-10-16T22:25:22+00:00,1359.468,4.5,48MYT,1,7,4,none,False,transformer_optimized,high,32,2024-03-29,98,2.5,4,best,none,False
smokehouse_creek_fire_2024__14SLE,https://hyp3-tibet-jpl-test-contentbucket-hratibh1y9pa.s3.us-west-2.amazonaws.com/3c7a0f35-d129-42ef-b38c-d5fecd3d76da/OPERA_L3_DIST-ALERT-S1_T14SLE_20240216T124630Z_20251017T003358Z_S1A_30_v0.1.zip,https://hyp3-tibet-jpl-test-contentbucket-hratibh1y9pa.s3.us-west-2.amazonaws.com/3c7a0f35-d129-42ef-b38c-d5fecd3d76da/OPERA_L3_DIST-ALERT-S1_T14SLE_20240216T124630Z_20251017T003358Z_S1A_30_v0.1.png,2025-10-16T22:25:22+00:00,914.102,4.5,14SLE,1,7,4,none,False,transformer_optimized,high,32,2024-02-16,12,2.5,4,best,none,False
afghanistan_flood_2024__42SWF,https://hyp3-tibet-jpl-test-contentbucket-hratibh1y9pa.s3.us-west-2.amazonaws.com/d48837cd-d9c1-4b74-b015-e8c890575ba4/OPERA_L3_DIST-ALERT-S1_T42SWF_20240509T131419Z_20251017T003157Z_S1A_30_v0.1.zip,https://hyp3-tibet-jpl-test-contentbucket-hratibh1y9pa.s3.us-west-2.amazonaws.com/d48837cd-d9c1-4b74-b015-e8c890575ba4/OPERA_L3_DIST-ALERT-S1_T42SWF_20240509T131419Z_20251017T003157Z_S1A_30_v0.1.png,2025-10-16T22:25:22+00:00,946.642,4.5,42SWF,1,7,4,none,False,transformer_optimized,high,32,2024-05-09,173,2.5,4,best,none,False
los_angeles_fires_2025__11SLT,https://hyp3-tibet-jpl-test-contentbucket-hratibh1y9pa.s3.us-west-2.amazonaws.com/eb69d5c1-c45a-4b19-b5d2-7677cda1a5f2/OPERA_L3_DIST-ALERT-S1_T11SLT_20250219T140056Z_20251017T002741Z_S1A_30_v0.1.zip,https://hyp3-tibet-jpl-test-contentbucket-hratibh1y9pa.s3.us-west-2.amazonaws.com/eb69d5c1-c45a-4b19-b5d2-7677cda1a5f2/OPERA_L3_DIST-ALERT-S1_T11SLT_20250219T140056Z_20251017T002741Z_S1A_30_v0.1.png,2025-10-16T22:25:22+00:00,811.401,4.5,11SLT,1,7,4,none,False,transformer_optimized,high,32,2025-02-19,144,2.5,4,best,none,False
chile_fire_2024__19HBD,https://hyp3-tibet-jpl-test-contentbucket-hratibh1y9pa.s3.us-west-2.amazonaws.com/a0966366-3e73-45aa-a76e-8023256931b1/OPERA_L3_DIST-ALERT-S1_T19HBD_20240311T232836Z_20251017T004232Z_S1A_30_v0.1.zip,https://hyp3-tibet-jpl-test-contentbucket-hratibh1y9pa.s3.us-west-2.amazonaws.com/a0966366-3e73-45aa-a76e-8023256931b1/OPERA_L3_DIST-ALERT-S1_T19HBD_20240311T232836Z_20251017T004232Z_S1A_30_v0.1.png,2025-10-16T22:25:22+00:00,1892.593,4.5,19HBD,1,7,4,none,False,transformer_optimized,high,32,2024-03-11,18,2.5,4,best,none,False
hokkaido_landslides_2018__54TWN,https://hyp3-tibet-jpl-test-contentbucket-hratibh1y9pa.s3.us-west-2.amazonaws.com/626b0d6d-3256-4246-8a41-5a8273e3ffb2/OPERA_L3_DIST-ALERT-S1_T54TWN_20181104T204120Z_20251017T002508Z_S1A_30_v0.1.zip,https://hyp3-tibet-jpl-test-contentbucket-hratibh1y9pa.s3.us-west-2.amazonaws.com/626b0d6d-3256-4246-8a41-5a8273e3ffb2/OPERA_L3_DIST-ALERT-S1_T54TWN_20181104T204120Z_20251017T002508Z_S1A_30_v0.1.png,2025-10-16T22:25:22+00:00,915.94,4.5,54TWN,1,7,4,none,False,transformer_optimized,high,32,2018-11-04,46,2.5,4,best,none,False
chile_fire_2024__19HBD,https://hyp3-tibet-jpl-test-contentbucket-hratibh1y9pa.s3.us-west-2.amazonaws.com/82fa8c2b-6ac5-415e-8d97-94cb1ee20da7/OPERA_L3_DIST-ALERT-S1_T19HBD_20240128T233646Z_20251017T001334Z_S1A_30_v0.1.zip,https://hyp3-tibet-jpl-test-contentbucket-hratibh1y9pa.s3.us-west-2.amazonaws.com/82fa8c2b-6ac5-415e-8d97-94cb1ee20da7/OPERA_L3_DIST-ALERT-S1_T19HBD_20240128T233646Z_20251017T001334Z_S1A_30_v0.1.png,2025-10-16T22:25:22+00:00,209.091,4.5,19HBD,1,7,4,none,False,transformer_optimized,high,32,2024-01-28,91,2.5,4,best,none,False
los_angeles_fires_2025__11SLT,https://hyp3-tibet-jpl-test-contentbucket-hratibh1y9pa.s3.us-west-2.amazonaws.com/ab24d66b-bee8-4681-89c4-676cd2b8b7ff/OPERA_L3_DIST-ALERT-S1_T11SLT_20250202T135246Z_20251017T003627Z_S1A_30_v0.1.zip,https://hyp3-tibet-jpl-test-contentbucket-hratibh1y9pa.s3.us-west-2.amazonaws.com/ab24d66b-bee8-4681-89c4-676cd2b8b7ff/OPERA_L3_DIST-ALERT-S1_T11SLT_20250202T135246Z_20251017T003627Z_S1A_30_v0.1.png,2025-10-16T22:25:22+00:00,1618.674,4.5,11SLT,1,7,4,none,False,transformer_optimized,high,32,2025-02-02,71,2.5,4,best,none,False
los_angeles_fires_2025__11SLT,https://hyp3-tibet-jpl-test-contentbucket-hratibh1y9pa.s3.us-west-2.amazonaws.com/602d1428-0895-4278-9a9d-a6cc547fb9c9/OPERA_L3_DIST-ALERT-S1_T11SLT_20250109T015031Z_20251017T002237Z_S1A_30_v0.1.zip,https://hyp3-tibet-jpl-test-contentbucket-hratibh1y9pa.s3.us-west-2.amazonaws.com/602d1428-0895-4278-9a9d-a6cc547fb9c9/OPERA_L3_DIST-ALERT-S1_T11SLT_20250109T015031Z_20251017T002237Z_S1A_30_v0.1.png,2025-10-16T22:25:22+00:00,814.995,4.5,11SLT,1,7,4,none,False,transformer_optimized,high,32,2025-01-09,64,2.5,4,best,none,False
los_angeles_fires_2025__11SLT,https://hyp3-tibet-jpl-test-contentbucket-hratibh1y9pa.s3.us-west-2.amazonaws.com/a5c93cac-4926-41f3-a894-6a81335bfa9b/OPERA_L3_DIST-ALERT-S1_T11SLT_20241228T135248Z_20251017T003344Z_S1A_30_v0.1.zip,https://hyp3-tibet-jpl-test-contentbucket-hratibh1y9pa.s3.us-west-2.amazonaws.com/a5c93cac-4926-41f3-a894-6a81335bfa9b/OPERA_L3_DIST-ALERT-S1_T11SLT_20241228T135248Z_20251017T003344Z_S1A_30_v0.1.png,2025-10-16T22:25:22+00:00,1454.863,4.5,11SLT,1,7,4,none,False,transformer_optimized,high,32,2024-12-28,71,2.5,4,best,none,False
tuscany_flood_2023__32TPP,https://hyp3-tibet-jpl-test-contentbucket-hratibh1y9pa.s3.us-west-2.amazonaws.com/f2db1988-2ae8-4d17-a2a2-811334d2a6e7/OPERA_L3_DIST-ALERT-S1_T32TPP_20231224T052000Z_20251017T003016Z_S1A_30_v0.1.zip,https://hyp3-tibet-jpl-test-contentbucket-hratibh1y9pa.s3.us-west-2.amazonaws.com/f2db1988-2ae8-4d17-a2a2-811334d2a6e7/OPERA_L3_DIST-ALERT-S1_T32TPP_20231224T052000Z_20251017T003016Z_S1A_30_v0.1.png,2025-10-16T22:25:22+00:00,1316.423,4.5,32TPP,1,7,4,none,False,transformer_optimized,high,32,2023-12-24,95,2.5,4,best,none,False
smokehouse_creek_fire_2024__14SME,https://hyp3-tibet-jpl-test-contentbucket-hratibh1y9pa.s3.us-west-2.amazonaws.com/97aff4af-1552-4e7f-ad21-59601f8b10cf/OPERA_L3_DIST-ALERT-S1_T14SME_20240204T124630Z_20251017T001458Z_S1A_30_v0.1.zip,https://hyp3-tibet-jpl-test-contentbucket-hratibh1y9pa.s3.us-west-2.amazonaws.com/97aff4af-1552-4e7f-ad21-59601f8b10cf/OPERA_L3_DIST-ALERT-S1_T14SME_20240204T124630Z_20251017T001458Z_S1A_30_v0.1.png,2025-10-16T22:25:22+00:00,392.601,4.5,14SME,1,7,4,none,False,transformer_optimized,high,32,2024-02-04,12,2.5,4,best,none,False
mai_mahiu_flood_and_landslides_2024__37MBU,https://hyp3-tibet-jpl-test-contentbucket-hratibh1y9pa.s3.us-west-2.amazonaws.com/f86f7999-cd9a-4b9e-9fdd-e3a53e221a8a/OPERA_L3_DIST-ALERT-S1_T37MBU_20240407T154826Z_20251017T002028Z_S1A_30_v0.1.zip,https://hyp3-tibet-jpl-test-contentbucket-hratibh1y9pa.s3.us-west-2.amazonaws.com/f86f7999-cd9a-4b9e-9fdd-e3a53e221a8a/OPERA_L3_DIST-ALERT-S1_T37MBU_20240407T154826Z_20251017T002028Z_S1A_30_v0.1.png,2025-10-16T22:25:22+00:00,788.766,4.5,37MBU,1,7,4,none,False,transformer_optimized,high,32,2024-04-07,57,2.5,4,best,none,False
brazzaville_flood_and_landslides_2023__33MWR,https://hyp3-tibet-jpl-test-contentbucket-hratibh1y9pa.s3.us-west-2.amazonaws.com/6ad5ed4f-b7e3-480a-9e58-dd855c6130d5/OPERA_L3_DIST-ALERT-S1_T33MWR_20240216T044345Z_20251017T001848Z_S1A_30_v0.1.zip,https://hyp3-tibet-jpl-test-contentbucket-hratibh1y9pa.s3.us-west-2.amazonaws.com/6ad5ed4f-b7e3-480a-9e58-dd855c6130d5/OPERA_L3_DIST-ALERT-S1_T33MWR_20240216T044345Z_20251017T001848Z_S1A_30_v0.1.png,2025-10-16T22:25:22+00:00,682.254,4.5,33MWR,1,7,4,none,False,transformer_optimized,high,32,2024-02-16,7,2.5,4,best,none,False
smokehouse_creek_fire_2024__14SKE,https://hyp3-tibet-jpl-test-contentbucket-hratibh1y9pa.s3.us-west-2.amazonaws.com/ff1c7896-ea48-4a12-ac6c-61be4ba58afa/OPERA_L3_DIST-ALERT-S1_T14SKE_20240228T004512Z_20251017T003010Z_S1A_30_v0.1.zip,https://hyp3-tibet-jpl-test-contentbucket-hratibh1y9pa.s3.us-west-2.amazonaws.com/ff1c7896-ea48-4a12-ac6c-61be4ba58afa/OPERA_L3_DIST-ALERT-S1_T14SKE_20240228T004512Z_20251017T003010Z_S1A_30_v0.1.png,2025-10-16T22:25:22+00:00,1346.093,4.5,14SKE,1,7,4,none,False,transformer_optimized,high,32,2024-02-28,5,2.5,4,best,none,False
hokkaido_landslides_2018__54TWN,https://hyp3-tibet-jpl-test-contentbucket-hratibh1y9pa.s3.us-west-2.amazonaws.com/dea6abc5-408c-4f43-933e-172949a0b56e/OPERA_L3_DIST-ALERT-S1_T54TWN_20180824T204119Z_20251017T002143Z_S1A_30_v0.1.zip,https://hyp3-tibet-jpl-test-contentbucket-hratibh1y9pa.s3.us-west-2.amazonaws.com/dea6abc5-408c-4f43-933e-172949a0b56e/OPERA_L3_DIST-ALERT-S1_T54TWN_20180824T204119Z_20251017T002143Z_S1A_30_v0.1.png,2025-10-16T22:25:22+00:00,992.318,4.5,54TWN,1,7,4,none,False,transformer_optimized,high,32,2018-08-24,46,2.5,4,best,none,False
afghanistan_flood_2024__42SWF,https://hyp3-tibet-jpl-test-contentbucket-hratibh1y9pa.s3.us-west-2.amazonaws.com/96a0eb40-64a6-4e98-8238-4d556d83eaa6/OPERA_L3_DIST-ALERT-S1_T42SWF_20240602T131419Z_20251017T001758Z_S1A_30_v0.1.zip,https://hyp3-tibet-jpl-test-contentbucket-hratibh1y9pa.s3.us-west-2.amazonaws.com/96a0eb40-64a6-4e98-8238-4d556d83eaa6/OPERA_L3_DIST-ALERT-S1_T42SWF_20240602T131419Z_20251017T001758Z_S1A_30_v0.1.png,2025-10-16T22:25:22+00:00,786.57,4.5,42SWF,1,7,4,none,False,transformer_optimized,high,32,2024-06-02,173,2.5,4,best,none,False
smokehouse_creek_fire_2024__14SLE,https://hyp3-tibet-jpl-test-contentbucket-hratibh1y9pa.s3.us-west-2.amazonaws.com/614de70c-077e-41ba-915b-6af95753e329/OPERA_L3_DIST-ALERT-S1_T14SLE_20240204T124630Z_20251017T001618Z_S1A_30_v0.1.zip,https://hyp3-tibet-jpl-test-contentbucket-hratibh1y9pa.s3.us-west-2.amazonaws.com/614de70c-077e-41ba-915b-6af95753e329/OPERA_L3_DIST-ALERT-S1_T14SLE_20240204T124630Z_20251017T001618Z_S1A_30_v0.1.png,2025-10-16T22:25:22+00:00,689.751,4.5,14SLE,1,7,4,none,False,transformer_optimized,high,32,2024-02-04,12,2.5,4,best,none,False
los_angeles_fires_2025__11SLT,https://hyp3-tibet-jpl-test-contentbucket-hratibh1y9pa.s3.us-west-2.amazonaws.com/10c89e12-56c0-4beb-9ffa-749e640ed41a/OPERA_L3_DIST-ALERT-S1_T11SLT_20250126T140057Z_20251017T002023Z_S1A_30_v0.1.zip,https://hyp3-tibet-jpl-test-contentbucket-hratibh1y9pa.s3.us-west-2.amazonaws.com/10c89e12-56c0-4beb-9ffa-749e640ed41a/OPERA_L3_DIST-ALERT-S1_T11SLT_20250126T140057Z_20251017T002023Z_S1A_30_v0.1.png,2025-10-16T22:25:22+00:00,929.93,4.5,11SLT,1,7,4,none,False,transformer_optimized,high,32,2025-01-26,144,2.5,4,best,none,False
hokkaido_landslides_2018__54TWN,https://hyp3-tibet-jpl-test-contentbucket-hratibh1y9pa.s3.us-west-2.amazonaws.com/722a1da2-6ff9-4f8f-b83e-a9199f6d1a0f/OPERA_L3_DIST-ALERT-S1_T54TWN_20180913T082651Z_20251017T002450Z_S1B_30_v0.1.zip,https://hyp3-tibet-jpl-test-contentbucket-hratibh1y9pa.s3.us-west-2.amazonaws.com/722a1da2-6ff9-4f8f-b83e-a9199f6d1a0f/OPERA_L3_DIST-ALERT-S1_T54TWN_20180913T082651Z_20251017T002450Z_S1B_30_v0.1.png,2025-10-16T22:25:22+00:00,1271.011,4.5,54TWN,1,7,4,none,False,transformer_optimized,high,32,2018-09-13,68,2.5,4,best,none,False
smokehouse_creek_fire_2024__14SLE,https://hyp3-tibet-jpl-test-contentbucket-hratibh1y9pa.s3.us-west-2.amazonaws.com/f1cfc7d3-4707-42b7-9a01-f3b1abc16662/OPERA_L3_DIST-ALERT-S1_T14SLE_20240130T003703Z_20251017T001451Z_S1A_30_v0.1.zip,https://hyp3-tibet-jpl-test-contentbucket-hratibh1y9pa.s3.us-west-2.amazonaws.com/f1cfc7d3-4707-42b7-9a01-f3b1abc16662/OPERA_L3_DIST-ALERT-S1_T14SLE_20240130T003703Z_20251017T001451Z_S1A_30_v0.1.png,2025-10-16T22:25:22+00:00,729.737,4.5,14SLE,1,7,4,none,False,transformer_optimized,high,32,2024-01-30,107,2.5,4,best,none,False
cipongkor_landslides_2024__48MYT,https://hyp3-tibet-jpl-test-contentbucket-hratibh1y9pa.s3.us-west-2.amazonaws.com/49266256-0d75-4e65-beb5-da0b6766c6c3/OPERA_L3_DIST-ALERT-S1_T48MYT_20240225T222604Z_20251017T001635Z_S1A_30_v0.1.zip,https://hyp3-tibet-jpl-test-contentbucket-hratibh1y9pa.s3.us-west-2.amazonaws.com/49266256-0d75-4e65-beb5-da0b6766c6c3/OPERA_L3_DIST-ALERT-S1_T48MYT_20240225T222604Z_20251017T001635Z_S1A_30_v0.1.png,2025-10-16T22:25:22+00:00,920.601,4.5,48MYT,1,7,4,none,False,transformer_optimized,high,32,2024-02-25,149,2.5,4,best,none,False
smokehouse_creek_fire_2024__14SKE,https://hyp3-tibet-jpl-test-contentbucket-hratibh1y9pa.s3.us-west-2.amazonaws.com/7d2154ee-133b-4e75-bab9-e99638ac58ad/OPERA_L3_DIST-ALERT-S1_T14SKE_20240221T125444Z_20251017T000938Z_S1A_30_v0.1.zip,https://hyp3-tibet-jpl-test-contentbucket-hratibh1y9pa.s3.us-west-2.amazonaws.com/7d2154ee-133b-4e75-bab9-e99638ac58ad/OPERA_L3_DIST-ALERT-S1_T14SKE_20240221T125444Z_20251017T000938Z_S1A_30_v0.1.png,2025-10-16T22:25:22+00:00,596.624,4.5,14SKE,1,7,4,none,False,transformer_optimized,high,32,2024-02-21,85,2.5,4,best,none,False
cipongkor_landslides_2024__48MYT,https://hyp3-tibet-jpl-test-contentbucket-hratibh1y9pa.s3.us-west-2.amazonaws.com/e8d9c02d-bb55-4368-839a-49788f12013f/OPERA_L3_DIST-ALERT-S1_T48MYT_20240516T111518Z_20251017T002031Z_S1A_30_v0.1.zip,https://hyp3-tibet-jpl-test-contentbucket-hratibh1y9pa.s3.us-west-2.amazonaws.com/e8d9c02d-bb55-4368-839a-49788f12013f/OPERA_L3_DIST-ALERT-S1_T48MYT_20240516T111518Z_20251017T002031Z_S1A_30_v0.1.png,2025-10-16T22:25:22+00:00,1261.596,4.5,48MYT,1,7,4,none,False,transformer_optimized,high,32,2024-05-16,98,2.5,4,best,none,False
cipongkor_landslides_2024__48MYT,https://hyp3-tibet-jpl-test-contentbucket-hratibh1y9pa.s3.us-west-2.amazonaws.com/ceca3cfb-aed6-4b53-a5ea-384b5d857100/OPERA_L3_DIST-ALERT-S1_T48MYT_20240504T111518Z_20251017T001938Z_S1A_30_v0.1.zip,https://hyp3-tibet-jpl-test-contentbucket-hratibh1y9pa.s3.us-west-2.amazonaws.com/ceca3cfb-aed6-4b53-a5ea-384b5d857100/OPERA_L3_DIST-ALERT-S1_T48MYT_20240504T111518Z_20251017T001938Z_S1A_30_v0.1.png,2025-10-16T22:25:22+00:00,1395.758,4.5,48MYT,1,7,4,none,False,transformer_optimized,high,32,2024-05-04,98,2.5,4,best,none,False
los_angeles_fires_2025__11SLT,https://hyp3-tibet-jpl-test-contentbucket-hratibh1y9pa.s3.us-west-2.amazonaws.com/20d4a7dd-e4d1-474e-8715-5094ddc5e896/OPERA_L3_DIST-ALERT-S1_T11SLT_20250207T140056Z_20251017T001053Z_S1A_30_v0.1.zip,https://hyp3-tibet-jpl-test-contentbucket-hratibh1y9pa.s3.us-west-2.amazonaws.com/20d4a7dd-e4d1-474e-8715-5094ddc5e896/OPERA_L3_DIST-ALERT-S1_T11SLT_20250207T140056Z_20251017T001053Z_S1A_30_v0.1.png,2025-10-16T22:25:22+00:00,853.457,4.5,11SLT,1,7,4,none,False,transformer_optimized,high,32,2025-02-07,144,2.5,4,best,none,False
los_angeles_fires_2025__11SLT,https://hyp3-tibet-jpl-test-contentbucket-hratibh1y9pa.s3.us-west-2.amazonaws.com/d005ce38-f68f-4ce2-9694-6137e1b7d616/OPERA_L3_DIST-ALERT-S1_T11SLT_20241228T015032Z_20251017T000905Z_S1A_30_v0.1.zip,https://hyp3-tibet-jpl-test-contentbucket-hratibh1y9pa.s3.us-west-2.amazonaws.com/d005ce38-f68f-4ce2-9694-6137e1b7d616/OPERA_L3_DIST-ALERT-S1_T11SLT_20241228T015032Z_20251017T000905Z_S1A_30_v0.1.png,2025-10-16T22:25:22+00:00,748.83,4.5,11SLT,1,7,4,none,False,transformer_optimized,high,32,2024-12-28,64,2.5,4,best,none,False
smokehouse_creek_fire_2024__14SME,https://hyp3-tibet-jpl-test-contentbucket-hratibh1y9pa.s3.us-west-2.amazonaws.com/6bf4c658-5606-4a9d-a35f-e38999bd3785/OPERA_L3_DIST-ALERT-S1_T14SME_20240216T124630Z_20251017T000345Z_S1A_30_v0.1.zip,https://hyp3-tibet-jpl-test-contentbucket-hratibh1y9pa.s3.us-west-2.amazonaws.com/6bf4c658-5606-4a9d-a35f-e38999bd3785/OPERA_L3_DIST-ALERT-S1_T14SME_20240216T124630Z_20251017T000345Z_S1A_30_v0.1.png,2025-10-16T22:25:22+00:00,460.915,4.5,14SME,1,7,4,none,False,transformer_optimized,high,32,2024-02-16,12,2.5,4,best,none,False
smokehouse_creek_fire_2024__14SKE,https://hyp3-tibet-jpl-test-contentbucket-hratibh1y9pa.s3.us-west-2.amazonaws.com/b15aa4ff-70d4-48f6-88e0-59bbc4c92893/OPERA_L3_DIST-ALERT-S1_T14SKE_20240216T004513Z_20251017T001941Z_S1A_30_v0.1.zip,https://hyp3-tibet-jpl-test-contentbucket-hratibh1y9pa.s3.us-west-2.amazonaws.com/b15aa4ff-70d4-48f6-88e0-59bbc4c92893/OPERA_L3_DIST-ALERT-S1_T14SKE_20240216T004513Z_20251017T001941Z_S1A_30_v0.1.png,2025-10-16T22:25:22+00:00,1454.689,4.5,14SKE,1,7,4,none,False,transformer_optimized,high,32,2024-02-16,5,2.5,4,best,none,False
brazzaville_flood_and_landslides_2023__33MWR,https://hyp3-tibet-jpl-test-contentbucket-hratibh1y9pa.s3.us-west-2.amazonaws.com/f9f14827-c789-457d-92c2-0fb8155ea8a5/OPERA_L3_DIST-ALERT-S1_T33MWR_20240111T044346Z_20251017T000922Z_S1A_30_v0.1.zip,https://hyp3-tibet-jpl-test-contentbucket-hratibh1y9pa.s3.us-west-2.amazonaws.com/f9f14827-c789-457d-92c2-0fb8155ea8a5/OPERA_L3_DIST-ALERT-S1_T33MWR_20240111T044346Z_20251017T000922Z_S1A_30_v0.1.png,2025-10-16T22:25:22+00:00,863.41,4.5,33MWR,1,7,4,none,False,transformer_optimized,high,32,2024-01-11,7,2.5,4,best,none,False
afghanistan_flood_2024__42SWF,https://hyp3-tibet-jpl-test-contentbucket-hratibh1y9pa.s3.us-west-2.amazonaws.com/e309da4c-e199-4340-bb5e-a8e9399b47b5/OPERA_L3_DIST-ALERT-S1_T42SWF_20240514T132228Z_20251017T001918Z_S1A_30_v0.1.zip,https://hyp3-tibet-jpl-test-contentbucket-hratibh1y9pa.s3.us-west-2.amazonaws.com/e309da4c-e199-4340-bb5e-a8e9399b47b5/OPERA_L3_DIST-ALERT-S1_T42SWF_20240514T132228Z_20251017T001918Z_S1A_30_v0.1.png,2025-10-16T22:25:22+00:00,1589.326,4.5,42SWF,1,7,4,none,False,transformer_optimized,high,32,2024-05-14,71,2.5,4,best,none,False
los_angeles_fires_2025__11SLT,https://hyp3-tibet-jpl-test-contentbucket-hratibh1y9pa.s3.us-west-2.amazonaws.com/cd08f93e-8776-4afc-a808-5da6dcc2541e/OPERA_L3_DIST-ALERT-S1_T11SLT_20250219T015837Z_20251017T001448Z_S1A_30_v0.1.zip,https://hyp3-tibet-jpl-test-contentbucket-hratibh1y9pa.s3.us-west-2.amazonaws.com/cd08f93e-8776-4afc-a808-5da6dcc2541e/OPERA_L3_DIST-ALERT-S1_T11SLT_20250219T015837Z_20251017T001448Z_S1A_30_v0.1.png,2025-10-16T22:25:22+00:00,1277.731,4.5,11SLT,1,7,4,none,False,transformer_optimized,high,32,2025-02-19,137,2.5,4,best,none,False
hokkaido_landslides_2018__54TWN,https://hyp3-tibet-jpl-test-contentbucket-hratibh1y9pa.s3.us-west-2.amazonaws.com/c104769d-b4bb-49c6-852a-822085123653/OPERA_L3_DIST-ALERT-S1_T54TWN_20180924T203312Z_20251016T235830Z_S1A_30_v0.1.zip,https://hyp3-tibet-jpl-test-contentbucket-hratibh1y9pa.s3.us-west-2.amazonaws.com/c104769d-b4bb-49c6-852a-822085123653/OPERA_L3_DIST-ALERT-S1_T54TWN_20180924T203312Z_20251016T235830Z_S1A_30_v0.1.png,2025-10-16T22:25:22+00:00,359.187,4.5,54TWN,1,7,4,none,False,transformer_optimized,high,32,2018-09-24,148,2.5,4,best,none,False
mai_mahiu_flood_and_landslides_2024__37MBU,https://hyp3-tibet-jpl-test-contentbucket-hratibh1y9pa.s3.us-west-2.amazonaws.com/c0ec6c94-4a11-4fe7-bda6-ef24ed02228f/OPERA_L3_DIST-ALERT-S1_T37MBU_20240419T154826Z_20251017T000240Z_S1A_30_v0.1.zip,https://hyp3-tibet-jpl-test-contentbucket-hratibh1y9pa.s3.us-west-2.amazonaws.com/c0ec6c94-4a11-4fe7-bda6-ef24ed02228f/OPERA_L3_DIST-ALERT-S1_T37MBU_20240419T154826Z_20251017T000240Z_S1A_30_v0.1.png,2025-10-16T22:25:22+00:00,644.566,4.5,37MBU,1,7,4,none,False,transformer_optimized,high,32,2024-04-19,57,2.5,4,best,none,False
smokehouse_creek_fire_2024__14SLE,https://hyp3-tibet-jpl-test-contentbucket-hratibh1y9pa.s3.us-west-2.amazonaws.com/80803907-7943-498c-9cda-3510bfd42d43/OPERA_L3_DIST-ALERT-S1_T14SLE_20240211T003703Z_20251017T000101Z_S1A_30_v0.1.zip,https://hyp3-tibet-jpl-test-contentbucket-hratibh1y9pa.s3.us-west-2.amazonaws.com/80803907-7943-498c-9cda-3510bfd42d43/OPERA_L3_DIST-ALERT-S1_T14SLE_20240211T003703Z_20251017T000101Z_S1A_30_v0.1.png,2025-10-16T22:25:22+00:00,641.237,4.5,14SLE,1,7,4,none,False,transformer_optimized,high,32,2024-02-11,107,2.5,4,best,none,False
chile_fire_2024__19HBD,https://hyp3-tibet-jpl-test-contentbucket-hratibh1y9pa.s3.us-west-2.amazonaws.com/f31419db-339e-461b-b469-3478c2d32a95/OPERA_L3_DIST-ALERT-S1_T19HBD_20240402T100430Z_20251017T002257Z_S1A_30_v0.1.zip,https://hyp3-tibet-jpl-test-contentbucket-hratibh1y9pa.s3.us-west-2.amazonaws.com/f31419db-339e-461b-b469-3478c2d32a95/OPERA_L3_DIST-ALERT-S1_T19HBD_20240402T100430Z_20251017T002257Z_S1A_30_v0.1.png,2025-10-16T22:25:22+00:00,1983.637,4.5,19HBD,1,7,4,none,False,transformer_optimized,high,32,2024-04-02,156,2.5,4,best,none,False
afghanistan_flood_2024__42SWF,https://hyp3-tibet-jpl-test-contentbucket-hratibh1y9pa.s3.us-west-2.amazonaws.com/da3efd93-86f7-4f5b-94b9-0134af5bdbcc/OPERA_L3_DIST-ALERT-S1_T42SWF_20240502T132228Z_20251017T001405Z_S1A_30_v0.1.zip,https://hyp3-tibet-jpl-test-contentbucket-hratibh1y9pa.s3.us-west-2.amazonaws.com/da3efd93-86f7-4f5b-94b9-0134af5bdbcc/OPERA_L3_DIST-ALERT-S1_T42SWF_20240502T132228Z_20251017T001405Z_S1A_30_v0.1.png,2025-10-16T22:25:22+00:00,1493.391,4.5,42SWF,1,7,4,none,False,transformer_optimized,high,32,2024-05-02,71,2.5,4,best,none,False
mai_mahiu_flood_and_landslides_2024__37MBU,https://hyp3-tibet-jpl-test-contentbucket-hratibh1y9pa.s3.us-west-2.amazonaws.com/6f79db19-8d0f-4045-af2f-8c44cc5035a3/OPERA_L3_DIST-ALERT-S1_T37MBU_20240412T155630Z_20251017T000230Z_S1A_30_v0.1.zip,https://hyp3-tibet-jpl-test-contentbucket-hratibh1y9pa.s3.us-west-2.amazonaws.com/6f79db19-8d0f-4045-af2f-8c44cc5035a3/OPERA_L3_DIST-ALERT-S1_T37MBU_20240412T155630Z_20251017T000230Z_S1A_30_v0.1.png,2025-10-16T22:25:22+00:00,849.032,4.5,37MBU,1,7,4,none,False,transformer_optimized,high,32,2024-04-12,130,2.5,4,best,none,False
brazzaville_flood_and_landslides_2023__33MWR,https://hyp3-tibet-jpl-test-contentbucket-hratibh1y9pa.s3.us-west-2.amazonaws.com/86f3cec0-80c0-4b67-90ba-0aa5593ca013/OPERA_L3_DIST-ALERT-S1_T33MWR_20240118T043537Z_20251017T001206Z_S1A_30_v0.1.zip,https://hyp3-tibet-jpl-test-contentbucket-hratibh1y9pa.s3.us-west-2.amazonaws.com/86f3cec0-80c0-4b67-90ba-0aa5593ca013/OPERA_L3_DIST-ALERT-S1_T33MWR_20240118T043537Z_20251017T001206Z_S1A_30_v0.1.png,2025-10-16T22:25:22+00:00,1462.64,4.5,33MWR,1,7,4,none,False,transformer_optimized,high,32,2024-01-18,109,2.5,4,best,none,False
smokehouse_creek_fire_2024__14SKE,https://hyp3-tibet-jpl-test-contentbucket-hratibh1y9pa.s3.us-west-2.amazonaws.com/c0c28b1b-d16c-47b6-900f-727b6edebf58/OPERA_L3_DIST-ALERT-S1_T14SKE_20240204T124634Z_20251016T235900Z_S1A_30_v0.1.zip,https://hyp3-tibet-jpl-test-contentbucket-hratibh1y9pa.s3.us-west-2.amazonaws.com/c0c28b1b-d16c-47b6-900f-727b6edebf58/OPERA_L3_DIST-ALERT-S1_T14SKE_20240204T124634Z_20251016T235900Z_S1A_30_v0.1.png,2025-10-16T22:25:22+00:00,867.684,4.5,14SKE,1,7,4,none,False,transformer_optimized,high,32,2024-02-04,12,2.5,4,best,none,False
los_angeles_fires_2025__11SLT,https://hyp3-tibet-jpl-test-contentbucket-hratibh1y9pa.s3.us-west-2.amazonaws.com/fb37c1c4-8680-4107-80c5-a0bf375a266a/OPERA_L3_DIST-ALERT-S1_T11SLT_20241221T015841Z_20251017T000554Z_S1A_30_v0.1.zip,https://hyp3-tibet-jpl-test-contentbucket-hratibh1y9pa.s3.us-west-2.amazonaws.com/fb37c1c4-8680-4107-80c5-a0bf375a266a/OPERA_L3_DIST-ALERT-S1_T11SLT_20241221T015841Z_20251017T000554Z_S1A_30_v0.1.png,2025-10-16T22:25:22+00:00,1270.147,4.5,11SLT,1,7,4,none,False,transformer_optimized,high,32,2024-12-21,137,2.5,4,best,none,False
cipongkor_landslides_2024__48MYT,https://hyp3-tibet-jpl-test-contentbucket-hratibh1y9pa.s3.us-west-2.amazonaws.com/6b68e5dd-6722-451d-b41c-b8059ad9c7c6/OPERA_L3_DIST-ALERT-S1_T48MYT_20240413T222604Z_20251016T235916Z_S1A_30_v0.1.zip,https://hyp3-tibet-jpl-test-contentbucket-hratibh1y9pa.s3.us-west-2.amazonaws.com/6b68e5dd-6722-451d-b41c-b8059ad9c7c6/OPERA_L3_DIST-ALERT-S1_T48MYT_20240413T222604Z_20251016T235916Z_S1A_30_v0.1.png,2025-10-16T22:25:22+00:00,939.026,4.5,48MYT,1,7,4,none,False,transformer_optimized,high,32,2024-04-13,149,2.5,4,best,none,False
afghanistan_flood_2024__42SWF,https://hyp3-tibet-jpl-test-contentbucket-hratibh1y9pa.s3.us-west-2.amazonaws.com/c5098841-53e2-4224-8d24-2481fc1e9074/OPERA_L3_DIST-ALERT-S1_T42SWF_20240527T012320Z_20251017T001022Z_S1A_30_v0.1.zip,https://hyp3-tibet-jpl-test-contentbucket-hratibh1y9pa.s3.us-west-2.amazonaws.com/c5098841-53e2-4224-8d24-2481fc1e9074/OPERA_L3_DIST-ALERT-S1_T42SWF_20240527T012320Z_20251017T001022Z_S1A_30_v0.1.png,2025-10-16T22:25:22+00:00,1668.417,4.5,42SWF,1,7,4,none,False,transformer_optimized,high,32,2024-05-27,78,2.5,4,best,none,False
mai_mahiu_flood_and_landslides_2024__37MBU,https://hyp3-tibet-jpl-test-contentbucket-hratibh1y9pa.s3.us-west-2.amazonaws.com/0ab9526d-441b-4edf-adc6-bc8ee431aae1/OPERA_L3_DIST-ALERT-S1_T37MBU_20240623T155631Z_20251016T235620Z_S1A_30_v0.1.zip,https://hyp3-tibet-jpl-test-contentbucket-hratibh1y9pa.s3.us-west-2.amazonaws.com/0ab9526d-441b-4edf-adc6-bc8ee431aae1/OPERA_L3_DIST-ALERT-S1_T37MBU_20240623T155631Z_20251016T235620Z_S1A_30_v0.1.png,2025-10-16T22:25:22+00:00,971.862,4.5,37MBU,1,7,4,none,False,transformer_optimized,high,32,2024-06-23,130,2.5,4,best,none,False
mai_mahiu_flood_and_landslides_2024__37MBU,https://hyp3-tibet-jpl-test-contentbucket-hratibh1y9pa.s3.us-west-2.amazonaws.com/3db45779-6e21-4fe0-ba23-9ca9e1a09bdf/OPERA_L3_DIST-ALERT-S1_T37MBU_20240513T154826Z_20251016T235222Z_S1A_30_v0.1.zip,https://hyp3-tibet-jpl-test-contentbucket-hratibh1y9pa.s3.us-west-2.amazonaws.com/3db45779-6e21-4fe0-ba23-9ca9e1a09bdf/OPERA_L3_DIST-ALERT-S1_T37MBU_20240513T154826Z_20251016T235222Z_S1A_30_v0.1.png,2025-10-16T22:25:22+00:00,769.566,4.5,37MBU,1,7,4,none,False,transformer_optimized,high,32,2024-05-13,57,2.5,4,best,none,False
brazzaville_flood_and_landslides_2023__33MWR,https://hyp3-tibet-jpl-test-contentbucket-hratibh1y9pa.s3.us-west-2.amazonaws.com/a6b3f010-5bbc-423b-ba81-0c334adebba1/OPERA_L3_DIST-ALERT-S1_T33MWR_20231206T044348Z_20251016T235049Z_S1A_30_v0.1.zip,https://hyp3-tibet-jpl-test-contentbucket-hratibh1y9pa.s3.us-west-2.amazonaws.com/a6b3f010-5bbc-423b-ba81-0c334adebba1/OPERA_L3_DIST-ALERT-S1_T33MWR_20231206T044348Z_20251016T235049Z_S1A_30_v0.1.png,2025-10-16T22:25:22+00:00,769.36,4.5,33MWR,1,7,4,none,False,transformer_optimized,high,32,2023-12-06,7,2.5,4,best,none,False
smokehouse_creek_fire_2024__14SLE,https://hyp3-tibet-jpl-test-contentbucket-hratibh1y9pa.s3.us-west-2.amazonaws.com/91de5d3e-d867-4f03-80d2-64a684554c72/OPERA_L3_DIST-ALERT-S1_T14SLE_20240204T004509Z_20251017T000039Z_S1A_30_v0.1.zip,https://hyp3-tibet-jpl-test-contentbucket-hratibh1y9pa.s3.us-west-2.amazonaws.com/91de5d3e-d867-4f03-80d2-64a684554c72/OPERA_L3_DIST-ALERT-S1_T14SLE_20240204T004509Z_20251017T000039Z_S1A_30_v0.1.png,2025-10-16T22:25:22+00:00,1488.685,4.5,14SLE,1,7,4,none,False,transformer_optimized,high,32,2024-02-04,5,2.5,4,best,none,False
smokehouse_creek_fire_2024__14SLE,https://hyp3-tibet-jpl-test-contentbucket-hratibh1y9pa.s3.us-west-2.amazonaws.com/baf72e5e-cce7-49de-855e-11852792df46/OPERA_L3_DIST-ALERT-S1_T14SLE_20240223T003703Z_20251016T234854Z_S1A_30_v0.1.zip,https://hyp3-tibet-jpl-test-contentbucket-hratibh1y9pa.s3.us-west-2.amazonaws.com/baf72e5e-cce7-49de-855e-11852792df46/OPERA_L3_DIST-ALERT-S1_T14SLE_20240223T003703Z_20251016T234854Z_S1A_30_v0.1.png,2025-10-16T22:25:22+00:00,747.57,4.5,14SLE,1,7,4,none,False,transformer_optimized,high,32,2024-02-23,107,2.5,4,best,none,False
smokehouse_creek_fire_2024__14SKE,https://hyp3-tibet-jpl-test-contentbucket-hratibh1y9pa.s3.us-west-2.amazonaws.com/a9230082-4216-4722-adf5-7ffa86353db1/OPERA_L3_DIST-ALERT-S1_T14SKE_20240304T005324Z_20251016T234804Z_S1A_30_v0.1.zip,https://hyp3-tibet-jpl-test-contentbucket-hratibh1y9pa.s3.us-west-2.amazonaws.com/a9230082-4216-4722-adf5-7ffa86353db1/OPERA_L3_DIST-ALERT-S1_T14SKE_20240304T005324Z_20251016T234804Z_S1A_30_v0.1.png,2025-10-16T22:25:22+00:00,721.872,4.5,14SKE,1,7,4,none,False,transformer_optimized,high,32,2024-03-04,78,2.5,4,best,none,False
afghanistan_flood_2024__42SWF,https://hyp3-tibet-jpl-test-contentbucket-hratibh1y9pa.s3.us-west-2.amazonaws.com/4ca55bbe-36c1-4899-9356-b6d28e7a1044/OPERA_L3_DIST-ALERT-S1_T42SWF_20240426T013130Z_20251016T234934Z_S1A_30_v0.1.zip,https://hyp3-tibet-jpl-test-contentbucket-hratibh1y9pa.s3.us-west-2.amazonaws.com/4ca55bbe-36c1-4899-9356-b6d28e7a1044/OPERA_L3_DIST-ALERT-S1_T42SWF_20240426T013130Z_20251016T234934Z_S1A_30_v0.1.png,2025-10-16T22:25:22+00:00,844.012,4.5,42SWF,1,7,4,none,False,transformer_optimized,high,32,2024-04-26,151,2.5,4,best,none,False
chile_fire_2024__19HBD,https://hyp3-tibet-jpl-test-contentbucket-hratibh1y9pa.s3.us-west-2.amazonaws.com/a52bc5b7-807a-42df-9659-c0f4a679eb01/OPERA_L3_DIST-ALERT-S1_T19HBD_20240123T232836Z_20251016T235958Z_S1A_30_v0.1.zip,https://hyp3-tibet-jpl-test-contentbucket-hratibh1y9pa.s3.us-west-2.amazonaws.com/a52bc5b7-807a-42df-9659-c0f4a679eb01/OPERA_L3_DIST-ALERT-S1_T19HBD_20240123T232836Z_20251016T235958Z_S1A_30_v0.1.png,2025-10-16T22:25:22+00:00,1651.337,4.5,19HBD,1,7,4,none,False,transformer_optimized,high,32,2024-01-23,18,2.5,4,best,none,False
afghanistan_flood_2024__42SWF,https://hyp3-tibet-jpl-test-contentbucket-hratibh1y9pa.s3.us-west-2.amazonaws.com/478d5613-d2f0-4467-80c0-c13dbd08e0f6/OPERA_L3_DIST-ALERT-S1_T42SWF_20240625T013129Z_20251016T234418Z_S1A_30_v0.1.zip,https://hyp3-tibet-jpl-test-contentbucket-hratibh1y9pa.s3.us-west-2.amazonaws.com/478d5613-d2f0-4467-80c0-c13dbd08e0f6/OPERA_L3_DIST-ALERT-S1_T42SWF_20240625T013129Z_20251016T234418Z_S1A_30_v0.1.png,2025-10-16T22:25:22+00:00,738.789,4.5,42SWF,1,7,4,none,False,transformer_optimized,high,32,2024-06-25,151,2.5,4,best,none,False
los_angeles_fires_2025__11SLT,https://hyp3-tibet-jpl-test-contentbucket-hratibh1y9pa.s3.us-west-2.amazonaws.com/4750ab04-a3af-4aa6-8b53-de4fbc11bc2b/OPERA_L3_DIST-ALERT-S1_T11SLT_20250121T015030Z_20251016T234319Z_S1A_30_v0.1.zip,https://hyp3-tibet-jpl-test-contentbucket-hratibh1y9pa.s3.us-west-2.amazonaws.com/4750ab04-a3af-4aa6-8b53-de4fbc11bc2b/OPERA_L3_DIST-ALERT-S1_T11SLT_20250121T015030Z_20251016T234319Z_S1A_30_v0.1.png,2025-10-16T22:25:22+00:00,686.918,4.5,11SLT,1,7,4,none,False,transformer_optimized,high,32,2025-01-21,64,2.5,4,best,none,False
chile_fire_2024__19HBD,https://hyp3-tibet-jpl-test-contentbucket-hratibh1y9pa.s3.us-west-2.amazonaws.com/abcb7f9d-0a2d-4afb-9adf-58489fa37671/OPERA_L3_DIST-ALERT-S1_T19HBD_20240204T232836Z_20251016T235821Z_S1A_30_v0.1.zip,https://hyp3-tibet-jpl-test-contentbucket-hratibh1y9pa.s3.us-west-2.amazonaws.com/abcb7f9d-0a2d-4afb-9adf-58489fa37671/OPERA_L3_DIST-ALERT-S1_T19HBD_20240204T232836Z_20251016T235821Z_S1A_30_v0.1.png,2025-10-16T22:25:22+00:00,1650.75,4.5,19HBD,1,7,4,none,False,transformer_optimized,high,32,2024-02-04,18,2.5,4,best,none,False
chile_fire_2024__19HBD,https://hyp3-tibet-jpl-test-contentbucket-hratibh1y9pa.s3.us-west-2.amazonaws.com/b057f16c-2e85-46af-8b28-b2e726017056/OPERA_L3_DIST-ALERT-S1_T19HBD_20240304T233646Z_20251016T233157Z_S1A_30_v0.1.zip,https://hyp3-tibet-jpl-test-contentbucket-hratibh1y9pa.s3.us-west-2.amazonaws.com/b057f16c-2e85-46af-8b28-b2e726017056/OPERA_L3_DIST-ALERT-S1_T19HBD_20240304T233646Z_20251016T233157Z_S1A_30_v0.1.png,2025-10-16T22:25:22+00:00,246.123,4.5,19HBD,1,7,4,none,False,transformer_optimized,high,32,2024-03-04,91,2.5,4,best,none,False
afghanistan_flood_2024__42SWF,https://hyp3-tibet-jpl-test-contentbucket-hratibh1y9pa.s3.us-west-2.amazonaws.com/1ccaaa73-00a7-456e-8625-07869f541e7e/OPERA_L3_DIST-ALERT-S1_T42SWF_20240701T132226Z_20251016T234601Z_S1A_30_v0.1.zip,https://hyp3-tibet-jpl-test-contentbucket-hratibh1y9pa.s3.us-west-2.amazonaws.com/1ccaaa73-00a7-456e-8625-07869f541e7e/OPERA_L3_DIST-ALERT-S1_T42SWF_20240701T132226Z_20251016T234601Z_S1A_30_v0.1.png,2025-10-16T22:25:22+00:00,1417.416,4.5,42SWF,1,7,4,none,False,transformer_optimized,high,32,2024-07-01,71,2.5,4,best,none,False
hokkaido_landslides_2018__54TWN,https://hyp3-tibet-jpl-test-contentbucket-hratibh1y9pa.s3.us-west-2.amazonaws.com/9ffe759d-32ee-4ba5-868e-240515eb84a6/OPERA_L3_DIST-ALERT-S1_T54TWN_20180906T083504Z_20251016T232647Z_S1B_30_v0.1.zip,https://hyp3-tibet-jpl-test-contentbucket-hratibh1y9pa.s3.us-west-2.amazonaws.com/9ffe759d-32ee-4ba5-868e-240515eb84a6/OPERA_L3_DIST-ALERT-S1_T54TWN_20180906T083504Z_20251016T232647Z_S1B_30_v0.1.png,2025-10-16T22:25:22+00:00,277.432,4.5,54TWN,1,7,4,none,False,transformer_optimized,high,32,2018-09-06,141,2.5,4,best,none,False
smokehouse_creek_fire_2024__14SME,https://hyp3-tibet-jpl-test-contentbucket-hratibh1y9pa.s3.us-west-2.amazonaws.com/5b92f721-f46b-43e8-a4a8-ca3f39850dbf/OPERA_L3_DIST-ALERT-S1_T14SME_20240228T004509Z_20251016T232959Z_S1A_30_v0.1.zip,https://hyp3-tibet-jpl-test-contentbucket-hratibh1y9pa.s3.us-west-2.amazonaws.com/5b92f721-f46b-43e8-a4a8-ca3f39850dbf/OPERA_L3_DIST-ALERT-S1_T14SME_20240228T004509Z_20251016T232959Z_S1A_30_v0.1.png,2025-10-16T22:25:22+00:00,654.165,4.5,14SME,1,7,4,none,False,transformer_optimized,high,32,2024-02-28,5,2.5,4,best,none,False
hokkaido_landslides_2018__54TWN,https://hyp3-tibet-jpl-test-contentbucket-hratibh1y9pa.s3.us-west-2.amazonaws.com/053d87d1-0a08-48eb-9765-e159c93d26f0/OPERA_L3_DIST-ALERT-S1_T54TWN_20180905T204119Z_20251016T233204Z_S1A_30_v0.1.zip,https://hyp3-tibet-jpl-test-contentbucket-hratibh1y9pa.s3.us-west-2.amazonaws.com/053d87d1-0a08-48eb-9765-e159c93d26f0/OPERA_L3_DIST-ALERT-S1_T54TWN_20180905T204119Z_20251016T233204Z_S1A_30_v0.1.png,2025-10-16T22:25:22+00:00,940.265,4.5,54TWN,1,7,4,none,False,transformer_optimized,high,32,2018-09-05,46,2.5,4,best,none,False
hokkaido_landslides_2018__54TWN,https://hyp3-tibet-jpl-test-contentbucket-hratibh1y9pa.s3.us-west-2.amazonaws.com/e5d49355-dd63-429c-86b3-05f1d3397578/OPERA_L3_DIST-ALERT-S1_T54TWN_20181018T203312Z_20251016T232208Z_S1A_30_v0.1.zip,https://hyp3-tibet-jpl-test-contentbucket-hratibh1y9pa.s3.us-west-2.amazonaws.com/e5d49355-dd63-429c-86b3-05f1d3397578/OPERA_L3_DIST-ALERT-S1_T54TWN_20181018T203312Z_20251016T232208Z_S1A_30_v0.1.png,2025-10-16T22:25:22+00:00,371.199,4.5,54TWN,1,7,4,none,False,transformer_optimized,high,32,2018-10-18,148,2.5,4,best,none,False
los_angeles_fires_2025__11SLT,https://hyp3-tibet-jpl-test-contentbucket-hratibh1y9pa.s3.us-west-2.amazonaws.com/a39f87f1-d099-438f-892d-f1a9af113b54/OPERA_L3_DIST-ALERT-S1_T11SLT_20241216T015033Z_20251016T233016Z_S1A_30_v0.1.zip,https://hyp3-tibet-jpl-test-contentbucket-hratibh1y9pa.s3.us-west-2.amazonaws.com/a39f87f1-d099-438f-892d-f1a9af113b54/OPERA_L3_DIST-ALERT-S1_T11SLT_20241216T015033Z_20251016T233016Z_S1A_30_v0.1.png,2025-10-16T22:25:22+00:00,860.47,4.5,11SLT,1,7,4,none,False,transformer_optimized,high,32,2024-12-16,64,2.5,4,best,none,False
smokehouse_creek_fire_2024__14SKE,https://hyp3-tibet-jpl-test-contentbucket-hratibh1y9pa.s3.us-west-2.amazonaws.com/7b5cd8ba-b0c5-438f-87a6-e4977164a682/OPERA_L3_DIST-ALERT-S1_T14SKE_20240228T124634Z_20251016T232813Z_S1A_30_v0.1.zip,https://hyp3-tibet-jpl-test-contentbucket-hratibh1y9pa.s3.us-west-2.amazonaws.com/7b5cd8ba-b0c5-438f-87a6-e4977164a682/OPERA_L3_DIST-ALERT-S1_T14SKE_20240228T124634Z_20251016T232813Z_S1A_30_v0.1.png,2025-10-16T22:25:22+00:00,872.14,4.5,14SKE,1,7,4,none,False,transformer_optimized,high,32,2024-02-28,12,2.5,4,best,none,False
afghanistan_flood_2024__42SWF,https://hyp3-tibet-jpl-test-contentbucket-hratibh1y9pa.s3.us-west-2.amazonaws.com/3a76bb28-2961-402c-a021-aa8c7e59c312/OPERA_L3_DIST-ALERT-S1_T42SWF_20240508T013131Z_20251016T232641Z_S1A_30_v0.1.zip,https://hyp3-tibet-jpl-test-contentbucket-hratibh1y9pa.s3.us-west-2.amazonaws.com/3a76bb28-2961-402c-a021-aa8c7e59c312/OPERA_L3_DIST-ALERT-S1_T42SWF_20240508T013131Z_20251016T232641Z_S1A_30_v0.1.png,2025-10-16T22:25:22+00:00,856.29,4.5,42SWF,1,7,4,none,False,transformer_optimized,high,32,2024-05-08,151,2.5,4,best,none,False
los_angeles_fires_2025__11SLT,https://hyp3-tibet-jpl-test-contentbucket-hratibh1y9pa.s3.us-west-2.amazonaws.com/458f74d0-e16c-4a71-9a0f-5ae9bd89b054/OPERA_L3_DIST-ALERT-S1_T11SLT_20241209T140101Z_20251016T232635Z_S1A_30_v0.1.zip,https://hyp3-tibet-jpl-test-contentbucket-hratibh1y9pa.s3.us-west-2.amazonaws.com/458f74d0-e16c-4a71-9a0f-5ae9bd89b054/OPERA_L3_DIST-ALERT-S1_T11SLT_20241209T140101Z_20251016T232635Z_S1A_30_v0.1.png,2025-10-16T22:25:22+00:00,881.408,4.5,11SLT,1,7,4,none,False,transformer_optimized,high,32,2024-12-09,144,2.5,4,best,none,False
afghanistan_flood_2024__42SWF,https://hyp3-tibet-jpl-test-contentbucket-hratibh1y9pa.s3.us-west-2.amazonaws.com/aeadf937-b8f2-4007-af48-7fb10cf5ae43/OPERA_L3_DIST-ALERT-S1_T42SWF_20240619T132227Z_20251016T233231Z_S1A_30_v0.1.zip,https://hyp3-tibet-jpl-test-contentbucket-hratibh1y9pa.s3.us-west-2.amazonaws.com/aeadf937-b8f2-4007-af48-7fb10cf5ae43/OPERA_L3_DIST-ALERT-S1_T42SWF_20240619T132227Z_20251016T233231Z_S1A_30_v0.1.png,2025-10-16T22:25:22+00:00,1408.149,4.5,42SWF,1,7,4,none,False,transformer_optimized,high,32,2024-06-19,71,2.5,4,best,none,False
chile_fire_2024__19HBD,https://hyp3-tibet-jpl-test-contentbucket-hratibh1y9pa.s3.us-west-2.amazonaws.com/3063dae7-a5e3-445b-8503-453979851615/OPERA_L3_DIST-ALERT-S1_T19HBD_20240221T233646Z_20251016T230936Z_S1A_30_v0.1.zip,https://hyp3-tibet-jpl-test-contentbucket-hratibh1y9pa.s3.us-west-2.amazonaws.com/3063dae7-a5e3-445b-8503-453979851615/OPERA_L3_DIST-ALERT-S1_T19HBD_20240221T233646Z_20251016T230936Z_S1A_30_v0.1.png,2025-10-16T22:25:22+00:00,137.738,4.5,19HBD,1,7,4,none,False,transformer_optimized,high,32,2024-02-21,91,2.5,4,best,none,False
afghanistan_flood_2024__42SWF,https://hyp3-tibet-jpl-test-contentbucket-hratibh1y9pa.s3.us-west-2.amazonaws.com/673d8b5c-59c8-41f8-8fdf-0c4a42839ef0/OPERA_L3_DIST-ALERT-S1_T42SWF_20240601T013130Z_20251016T232155Z_S1A_30_v0.1.zip,https://hyp3-tibet-jpl-test-contentbucket-hratibh1y9pa.s3.us-west-2.amazonaws.com/673d8b5c-59c8-41f8-8fdf-0c4a42839ef0/OPERA_L3_DIST-ALERT-S1_T42SWF_20240601T013130Z_20251016T232155Z_S1A_30_v0.1.png,2025-10-16T22:25:22+00:00,819.786,4.5,42SWF,1,7,4,none,False,transformer_optimized,high,32,2024-06-01,151,2.5,4,best,none,False
smokehouse_creek_fire_2024__14SME,https://hyp3-tibet-jpl-test-contentbucket-hratibh1y9pa.s3.us-west-2.amazonaws.com/c2fd3ee6-0ff9-4cd1-873c-a6226c1b43d5/OPERA_L3_DIST-ALERT-S1_T14SME_20240211T003658Z_20251016T233517Z_S1A_30_v0.1.zip,https://hyp3-tibet-jpl-test-contentbucket-hratibh1y9pa.s3.us-west-2.amazonaws.com/c2fd3ee6-0ff9-4cd1-873c-a6226c1b43d5/OPERA_L3_DIST-ALERT-S1_T14SME_20240211T003658Z_20251016T233517Z_S1A_30_v0.1.png,2025-10-16T22:25:22+00:00,1697.012,4.5,14SME,1,7,4,none,False,transformer_optimized,high,32,2024-02-11,107,2.5,4,best,none,False
hokkaido_landslides_2018__54TWN,https://hyp3-tibet-jpl-test-contentbucket-hratibh1y9pa.s3.us-west-2.amazonaws.com/0160bd2f-309b-4417-934b-a9f5d1ef4f39/OPERA_L3_DIST-ALERT-S1_T54TWN_20180917T204120Z_20251016T232557Z_S1A_30_v0.1.zip,https://hyp3-tibet-jpl-test-contentbucket-hratibh1y9pa.s3.us-west-2.amazonaws.com/0160bd2f-309b-4417-934b-a9f5d1ef4f39/OPERA_L3_DIST-ALERT-S1_T54TWN_20180917T204120Z_20251016T232557Z_S1A_30_v0.1.png,2025-10-16T22:25:22+00:00,1195.795,4.5,54TWN,1,7,4,none,False,transformer_optimized,high,32,2018-09-17,46,2.5,4,best,none,False
tuscany_flood_2023__32TPP,https://hyp3-tibet-jpl-test-contentbucket-hratibh1y9pa.s3.us-west-2.amazonaws.com/5ba7f3d4-113a-447e-aed9-ec16303a2090/OPERA_L3_DIST-ALERT-S1_T32TPP_20231230T171451Z_20251016T232835Z_S1A_30_v0.1.zip,https://hyp3-tibet-jpl-test-contentbucket-hratibh1y9pa.s3.us-west-2.amazonaws.com/5ba7f3d4-113a-447e-aed9-ec16303a2090/OPERA_L3_DIST-ALERT-S1_T32TPP_20231230T171451Z_20251016T232835Z_S1A_30_v0.1.png,2025-10-16T22:25:22+00:00,1356.015,4.5,32TPP,1,7,4,none,False,transformer_optimized,high,32,2023-12-30,15,2.5,4,best,none,False
hokkaido_landslides_2018__54TWN,https://hyp3-tibet-jpl-test-contentbucket-hratibh1y9pa.s3.us-west-2.amazonaws.com/8f12c150-b241-48ab-90d5-e419283a9aa0/OPERA_L3_DIST-ALERT-S1_T54TWN_20181024T083505Z_20251016T231129Z_S1B_30_v0.1.zip,https://hyp3-tibet-jpl-test-contentbucket-hratibh1y9pa.s3.us-west-2.amazonaws.com/8f12c150-b241-48ab-90d5-e419283a9aa0/OPERA_L3_DIST-ALERT-S1_T54TWN_20181024T083505Z_20251016T231129Z_S1B_30_v0.1.png,2025-10-16T22:25:22+00:00,348.948,4.5,54TWN,1,7,4,none,False,transformer_optimized,high,32,2018-10-24,141,2.5,4,best,none,False
smokehouse_creek_fire_2024__14SLE,https://hyp3-tibet-jpl-test-contentbucket-hratibh1y9pa.s3.us-west-2.amazonaws.com/644d4de4-b7a4-464c-929e-6e5d616a34b0/OPERA_L3_DIST-ALERT-S1_T14SLE_20240228T004509Z_20251016T232854Z_S1A_30_v0.1.zip,https://hyp3-tibet-jpl-test-contentbucket-hratibh1y9pa.s3.us-west-2.amazonaws.com/644d4de4-b7a4-464c-929e-6e5d616a34b0/OPERA_L3_DIST-ALERT-S1_T14SLE_20240228T004509Z_20251016T232854Z_S1A_30_v0.1.png,2025-10-16T22:25:22+00:00,1499.422,4.5,14SLE,1,7,4,none,False,transformer_optimized,high,32,2024-02-28,5,2.5,4,best,none,False
afghanistan_flood_2024__42SWF,https://hyp3-tibet-jpl-test-contentbucket-hratibh1y9pa.s3.us-west-2.amazonaws.com/6acb7364-3817-4bce-b310-f107520642db/OPERA_L3_DIST-ALERT-S1_T42SWF_20240414T013129Z_20251016T231552Z_S1A_30_v0.1.zip,https://hyp3-tibet-jpl-test-contentbucket-hratibh1y9pa.s3.us-west-2.amazonaws.com/6acb7364-3817-4bce-b310-f107520642db/OPERA_L3_DIST-ALERT-S1_T42SWF_20240414T013129Z_20251016T231552Z_S1A_30_v0.1.png,2025-10-16T22:25:22+00:00,707.31,4.5,42SWF,1,7,4,none,False,transformer_optimized,high,32,2024-04-14,151,2.5,4,best,none,False
tuscany_flood_2023__32TPP,https://hyp3-tibet-jpl-test-contentbucket-hratibh1y9pa.s3.us-west-2.amazonaws.com/d04901c5-ee0c-49fb-9d8c-657019992a83/OPERA_L3_DIST-ALERT-S1_T32TPP_20231213T170643Z_20251016T232757Z_S1A_30_v0.1.zip,https://hyp3-tibet-jpl-test-contentbucket-hratibh1y9pa.s3.us-west-2.amazonaws.com/d04901c5-ee0c-49fb-9d8c-657019992a83/OPERA_L3_DIST-ALERT-S1_T32TPP_20231213T170643Z_20251016T232757Z_S1A_30_v0.1.png,2025-10-16T22:25:22+00:00,1466.921,4.5,32TPP,1,7,4,none,False,transformer_optimized,high,32,2023-12-13,117,2.5,4,best,none,False
chile_fire_2024__19HBD,https://hyp3-tibet-jpl-test-contentbucket-hratibh1y9pa.s3.us-west-2.amazonaws.com/7ecebd40-4062-42c2-bd97-fafbba754dc6/OPERA_L3_DIST-ALERT-S1_T19HBD_20240116T233646Z_20251016T230644Z_S1A_30_v0.1.zip,https://hyp3-tibet-jpl-test-contentbucket-hratibh1y9pa.s3.us-west-2.amazonaws.com/7ecebd40-4062-42c2-bd97-fafbba754dc6/OPERA_L3_DIST-ALERT-S1_T19HBD_20240116T233646Z_20251016T230644Z_S1A_30_v0.1.png,2025-10-16T22:25:22+00:00,216.342,4.5,19HBD,1,7,4,none,False,transformer_optimized,high,32,2024-01-16,91,2.5,4,best,none,False
afghanistan_flood_2024__42SWF,https://hyp3-tibet-jpl-test-contentbucket-hratibh1y9pa.s3.us-west-2.amazonaws.com/a598ab82-b22b-45fb-aa65-cb8a39b53733/OPERA_L3_DIST-ALERT-S1_T42SWF_20240503T012320Z_20251016T232527Z_S1A_30_v0.1.zip,https://hyp3-tibet-jpl-test-contentbucket-hratibh1y9pa.s3.us-west-2.amazonaws.com/a598ab82-b22b-45fb-aa65-cb8a39b53733/OPERA_L3_DIST-ALERT-S1_T42SWF_20240503T012320Z_20251016T232527Z_S1A_30_v0.1.png,2025-10-16T22:25:22+00:00,1356.586,4.5,42SWF,1,7,4,none,False,transformer_optimized,high,32,2024-05-03,78,2.5,4,best,none,False
los_angeles_fires_2025__11SLT,https://hyp3-tibet-jpl-test-contentbucket-hratibh1y9pa.s3.us-west-2.amazonaws.com/e94d6df3-606d-41fd-977a-3a3c4ae99052/OPERA_L3_DIST-ALERT-S1_T11SLT_20250102T015840Z_20251016T232214Z_S1A_30_v0.1.zip,https://hyp3-tibet-jpl-test-contentbucket-hratibh1y9pa.s3.us-west-2.amazonaws.com/e94d6df3-606d-41fd-977a-3a3c4ae99052/OPERA_L3_DIST-ALERT-S1_T11SLT_20250102T015840Z_20251016T232214Z_S1A_30_v0.1.png,2025-10-16T22:25:22+00:00,1245.145,4.5,11SLT,1,7,4,none,False,transformer_optimized,high,32,2025-01-02,137,2.5,4,best,none,False
hokkaido_landslides_2018__54TWN,https://hyp3-tibet-jpl-test-contentbucket-hratibh1y9pa.s3.us-west-2.amazonaws.com/caddf341-8574-4a6e-8142-a9d9bcf46547/OPERA_L3_DIST-ALERT-S1_T54TWN_20180813T083502Z_20251016T230433Z_S1B_30_v0.1.zip,https://hyp3-tibet-jpl-test-contentbucket-hratibh1y9pa.s3.us-west-2.amazonaws.com/caddf341-8574-4a6e-8142-a9d9bcf46547/OPERA_L3_DIST-ALERT-S1_T54TWN_20180813T083502Z_20251016T230433Z_S1B_30_v0.1.png,2025-10-16T22:25:22+00:00,245.335,4.5,54TWN,1,7,4,none,False,transformer_optimized,high,32,2018-08-13,141,2.5,4,best,none,False
chile_fire_2024__19HBD,https://hyp3-tibet-jpl-test-contentbucket-hratibh1y9pa.s3.us-west-2.amazonaws.com/3122632f-3756-4968-b7ad-d412dace3d5c/OPERA_L3_DIST-ALERT-S1_T19HBD_20240328T233646Z_20251016T230347Z_S1A_30_v0.1.zip,https://hyp3-tibet-jpl-test-contentbucket-hratibh1y9pa.s3.us-west-2.amazonaws.com/3122632f-3756-4968-b7ad-d412dace3d5c/OPERA_L3_DIST-ALERT-S1_T19HBD_20240328T233646Z_20251016T230347Z_S1A_30_v0.1.png,2025-10-16T22:25:22+00:00,224.434,4.5,19HBD,1,7,4,none,False,transformer_optimized,high,32,2024-03-28,91,2.5,4,best,none,False
afghanistan_flood_2024__42SWF,https://hyp3-tibet-jpl-test-contentbucket-hratibh1y9pa.s3.us-west-2.amazonaws.com/6da17fad-50f8-430c-a9cc-5f17edb32199/OPERA_L3_DIST-ALERT-S1_T42SWF_20240620T012319Z_20251016T232414Z_S1A_30_v0.1.zip,https://hyp3-tibet-jpl-test-contentbucket-hratibh1y9pa.s3.us-west-2.amazonaws.com/6da17fad-50f8-430c-a9cc-5f17edb32199/OPERA_L3_DIST-ALERT-S1_T42SWF_20240620T012319Z_20251016T232414Z_S1A_30_v0.1.png,2025-10-16T22:25:22+00:00,1505.257,4.5,42SWF,1,7,4,none,False,transformer_optimized,high,32,2024-06-20,78,2.5,4,best,none,False
chile_fire_2024__19HBD,https://hyp3-tibet-jpl-test-contentbucket-hratibh1y9pa.s3.us-west-2.amazonaws.com/8c3be191-ee61-414f-87bd-4b4db9dd376e/OPERA_L3_DIST-ALERT-S1_T19HBD_20240316T233646Z_20251016T230150Z_S1A_30_v0.1.zip,https://hyp3-tibet-jpl-test-contentbucket-hratibh1y9pa.s3.us-west-2.amazonaws.com/8c3be191-ee61-414f-87bd-4b4db9dd376e/OPERA_L3_DIST-ALERT-S1_T19HBD_20240316T233646Z_20251016T230150Z_S1A_30_v0.1.png,2025-10-16T22:25:22+00:00,230.934,4.5,19HBD,1,7,4,none,False,transformer_optimized,high,32,2024-03-16,91,2.5,4,best,none,False
hokkaido_landslides_2018__54TWN,https://hyp3-tibet-jpl-test-contentbucket-hratibh1y9pa.s3.us-west-2.amazonaws.com/47d19bd8-91ff-4af0-8861-d8c30bdcaf46/OPERA_L3_DIST-ALERT-S1_T54TWN_20181012T083505Z_20251016T230008Z_S1B_30_v0.1.zip,https://hyp3-tibet-jpl-test-contentbucket-hratibh1y9pa.s3.us-west-2.amazonaws.com/47d19bd8-91ff-4af0-8861-d8c30bdcaf46/OPERA_L3_DIST-ALERT-S1_T54TWN_20181012T083505Z_20251016T230008Z_S1B_30_v0.1.png,2025-10-16T22:25:22+00:00,349.401,4.5,54TWN,1,7,4,none,False,transformer_optimized,high,32,2018-10-12,141,2.5,4,best,none,False
hokkaido_landslides_2018__54TWN,https://hyp3-tibet-jpl-test-contentbucket-hratibh1y9pa.s3.us-west-2.amazonaws.com/a2767e68-e9d4-4e11-bb7e-bb3bcd35c4d7/OPERA_L3_DIST-ALERT-S1_T54TWN_20180901T082651Z_20251016T231325Z_S1B_30_v0.1.zip,https://hyp3-tibet-jpl-test-contentbucket-hratibh1y9pa.s3.us-west-2.amazonaws.com/a2767e68-e9d4-4e11-bb7e-bb3bcd35c4d7/OPERA_L3_DIST-ALERT-S1_T54TWN_20180901T082651Z_20251016T231325Z_S1B_30_v0.1.png,2025-10-16T22:25:22+00:00,1189.201,4.5,54TWN,1,7,4,none,False,transformer_optimized,high,32,2018-09-01,68,2.5,4,best,none,False
hokkaido_landslides_2018__54TWN,https://hyp3-tibet-jpl-test-contentbucket-hratibh1y9pa.s3.us-west-2.amazonaws.com/35854625-9e79-40ec-a2b7-814639a6ade7/OPERA_L3_DIST-ALERT-S1_T54TWN_20180820T082650Z_20251016T230915Z_S1B_30_v0.1.zip,https://hyp3-tibet-jpl-test-contentbucket-hratibh1y9pa.s3.us-west-2.amazonaws.com/35854625-9e79-40ec-a2b7-814639a6ade7/OPERA_L3_DIST-ALERT-S1_T54TWN_20180820T082650Z_20251016T230915Z_S1B_30_v0.1.png,2025-10-16T22:25:22+00:00,1001.028,4.5,54TWN,1,7,4,none,False,transformer_optimized,high,32,2018-08-20,68,2.5,4,best,none,False
mai_mahiu_flood_and_landslides_2024__37MBU,https://hyp3-tibet-jpl-test-contentbucket-hratibh1y9pa.s3.us-west-2.amazonaws.com/6853d803-4187-47d1-89b3-4aa8b728a9a1/OPERA_L3_DIST-ALERT-S1_T37MBU_20240618T154825Z_20251016T225644Z_S1A_30_v0.1.zip,https://hyp3-tibet-jpl-test-contentbucket-hratibh1y9pa.s3.us-west-2.amazonaws.com/6853d803-4187-47d1-89b3-4aa8b728a9a1/OPERA_L3_DIST-ALERT-S1_T37MBU_20240618T154825Z_20251016T225644Z_S1A_30_v0.1.png,2025-10-16T22:25:22+00:00,769.729,4.5,37MBU,1,7,4,none,False,transformer_optimized,high,32,2024-06-18,57,2.5,4,best,none,False
los_angeles_fires_2025__11SLT,https://hyp3-tibet-jpl-test-contentbucket-hratibh1y9pa.s3.us-west-2.amazonaws.com/18e163b9-e113-472d-a608-c1cc48c62382/OPERA_L3_DIST-ALERT-S1_T11SLT_20241209T015842Z_20251016T230449Z_S1A_30_v0.1.zip,https://hyp3-tibet-jpl-test-contentbucket-hratibh1y9pa.s3.us-west-2.amazonaws.com/18e163b9-e113-472d-a608-c1cc48c62382/OPERA_L3_DIST-ALERT-S1_T11SLT_20241209T015842Z_20251016T230449Z_S1A_30_v0.1.png,2025-10-16T22:25:22+00:00,1374.937,4.5,11SLT,1,7,4,none,False,transformer_optimized,high,32,2024-12-09,137,2.5,4,best,none,False
smokehouse_creek_fire_2024__14SKE,https://hyp3-tibet-jpl-test-contentbucket-hratibh1y9pa.s3.us-west-2.amazonaws.com/44b38676-d0f0-4d4a-87e0-9bd100ad853e/OPERA_L3_DIST-ALERT-S1_T14SKE_20240209T005324Z_20251016T225504Z_S1A_30_v0.1.zip,https://hyp3-tibet-jpl-test-contentbucket-hratibh1y9pa.s3.us-west-2.amazonaws.com/44b38676-d0f0-4d4a-87e0-9bd100ad853e/OPERA_L3_DIST-ALERT-S1_T14SKE_20240209T005324Z_20251016T225504Z_S1A_30_v0.1.png,2025-10-16T22:25:22+00:00,854.86,4.5,14SKE,1,7,4,none,False,transformer_optimized,high,32,2024-02-09,78,2.5,4,best,none,False
los_angeles_fires_2025__11SLT,https://hyp3-tibet-jpl-test-contentbucket-hratibh1y9pa.s3.us-west-2.amazonaws.com/8ebe038d-ec35-4e63-9243-bc1cac247cdf/OPERA_L3_DIST-ALERT-S1_T11SLT_20250114T140057Z_20251016T225613Z_S1A_30_v0.1.zip,https://hyp3-tibet-jpl-test-contentbucket-hratibh1y9pa.s3.us-west-2.amazonaws.com/8ebe038d-ec35-4e63-9243-bc1cac247cdf/OPERA_L3_DIST-ALERT-S1_T11SLT_20250114T140057Z_20251016T225613Z_S1A_30_v0.1.png,2025-10-16T22:25:22+00:00,825.467,4.5,11SLT,1,7,4,none,False,transformer_optimized,high,32,2025-01-14,144,2.5,4,best,none,False
cipongkor_landslides_2024__48MYT,https://hyp3-tibet-jpl-test-contentbucket-hratibh1y9pa.s3.us-west-2.amazonaws.com/3b3eaffd-5d19-4445-a1ff-ab3185131e93/OPERA_L3_DIST-ALERT-S1_T48MYT_20240305T111517Z_20251016T230229Z_S1A_30_v0.1.zip,https://hyp3-tibet-jpl-test-contentbucket-hratibh1y9pa.s3.us-west-2.amazonaws.com/3b3eaffd-5d19-4445-a1ff-ab3185131e93/OPERA_L3_DIST-ALERT-S1_T48MYT_20240305T111517Z_20251016T230229Z_S1A_30_v0.1.png,2025-10-16T22:25:22+00:00,1620.029,4.5,48MYT,1,7,4,none,False,transformer_optimized,high,32,2024-03-05,98,2.5,4,best,none,False
brazzaville_flood_and_landslides_2023__33MWR,https://hyp3-tibet-jpl-test-contentbucket-hratibh1y9pa.s3.us-west-2.amazonaws.com/21bae1a8-7bbc-415d-96eb-f10d9af08769/OPERA_L3_DIST-ALERT-S1_T33MWR_20240130T043537Z_20251016T230338Z_S1A_30_v0.1.zip,https://hyp3-tibet-jpl-test-contentbucket-hratibh1y9pa.s3.us-west-2.amazonaws.com/21bae1a8-7bbc-415d-96eb-f10d9af08769/OPERA_L3_DIST-ALERT-S1_T33MWR_20240130T043537Z_20251016T230338Z_S1A_30_v0.1.png,2025-10-16T22:25:22+00:00,1591.831,4.5,33MWR,1,7,4,none,False,transformer_optimized,high,32,2024-01-30,109,2.5,4,best,none,False
los_angeles_fires_2025__11SLT,https://hyp3-tibet-jpl-test-contentbucket-hratibh1y9pa.s3.us-west-2.amazonaws.com/b6495af8-d32e-468f-8ec1-766583017e7d/OPERA_L3_DIST-ALERT-S1_T11SLT_20250303T140056Z_20251016T224900Z_S1A_30_v0.1.zip,https://hyp3-tibet-jpl-test-contentbucket-hratibh1y9pa.s3.us-west-2.amazonaws.com/b6495af8-d32e-468f-8ec1-766583017e7d/OPERA_L3_DIST-ALERT-S1_T11SLT_20250303T140056Z_20251016T224900Z_S1A_30_v0.1.png,2025-10-16T22:25:22+00:00,826.594,4.5,11SLT,1,7,4,none,False,transformer_optimized,high,32,2025-03-03,144,2.5,4,best,none,False
afghanistan_flood_2024__42SWF,https://hyp3-tibet-jpl-test-contentbucket-hratibh1y9pa.s3.us-west-2.amazonaws.com/c80ef639-d2b3-4eee-a0c8-ec045c3d76a0/OPERA_L3_DIST-ALERT-S1_T42SWF_20240607T132227Z_20251016T224904Z_S1A_30_v0.1.zip,https://hyp3-tibet-jpl-test-contentbucket-hratibh1y9pa.s3.us-west-2.amazonaws.com/c80ef639-d2b3-4eee-a0c8-ec045c3d76a0/OPERA_L3_DIST-ALERT-S1_T42SWF_20240607T132227Z_20251016T224904Z_S1A_30_v0.1.png,2025-10-16T22:25:22+00:00,1188.39,4.5,42SWF,1,7,4,none,False,transformer_optimized,high,32,2024-06-07,71,2.5,4,best,none,False
hokkaido_landslides_2018__54TWN,https://hyp3-tibet-jpl-test-contentbucket-hratibh1y9pa.s3.us-west-2.amazonaws.com/08c9f7b9-a13f-4133-b020-c9062b51972f/OPERA_L3_DIST-ALERT-S1_T54TWN_20180912T203311Z_20251016T223318Z_S1A_30_v0.1.zip,https://hyp3-tibet-jpl-test-contentbucket-hratibh1y9pa.s3.us-west-2.amazonaws.com/08c9f7b9-a13f-4133-b020-c9062b51972f/OPERA_L3_DIST-ALERT-S1_T54TWN_20180912T203311Z_20251016T223318Z_S1A_30_v0.1.png,2025-10-16T22:25:22+00:00,230.95,4.5,54TWN,1,7,4,none,False,transformer_optimized,high,32,2018-09-12,148,2.5,4,best,none,False
afghanistan_flood_2024__42SWF,https://hyp3-tibet-jpl-test-contentbucket-hratibh1y9pa.s3.us-west-2.amazonaws.com/2014125f-b95a-4a50-8e93-53090cf809df/OPERA_L3_DIST-ALERT-S1_T42SWF_20240614T131418Z_20251016T224054Z_S1A_30_v0.1.zip,https://hyp3-tibet-jpl-test-contentbucket-hratibh1y9pa.s3.us-west-2.amazonaws.com/2014125f-b95a-4a50-8e93-53090cf809df/OPERA_L3_DIST-ALERT-S1_T42SWF_20240614T131418Z_20251016T224054Z_S1A_30_v0.1.png,2025-10-16T22:25:22+00:00,692.357,4.5,42SWF,1,7,4,none,False,transformer_optimized,high,32,2024-06-14,173,2.5,4,best,none,False
hokkaido_landslides_2018__54TWN,https://hyp3-tibet-jpl-test-contentbucket-hratibh1y9pa.s3.us-west-2.amazonaws.com/5adbbf69-7d08-425f-aa64-312c2f4271ff/OPERA_L3_DIST-ALERT-S1_T54TWN_20181031T082652Z_20251016T225127Z_S1B_30_v0.1.zip,https://hyp3-tibet-jpl-test-contentbucket-hratibh1y9pa.s3.us-west-2.amazonaws.com/5adbbf69-7d08-425f-aa64-312c2f4271ff/OPERA_L3_DIST-ALERT-S1_T54TWN_20181031T082652Z_20251016T225127Z_S1B_30_v0.1.png,2025-10-16T22:25:22+00:00,1333.34,4.5,54TWN,1,7,4,none,False,transformer_optimized,high,32,2018-10-31,68,2.5,4,best,none,False
brazzaville_flood_and_landslides_2023__33MWR,https://hyp3-tibet-jpl-test-contentbucket-hratibh1y9pa.s3.us-west-2.amazonaws.com/4523fedb-d6be-452c-b4f8-cdf3a9e31412/OPERA_L3_DIST-ALERT-S1_T33MWR_20231201T043539Z_20251016T225343Z_S1A_30_v0.1.zip,https://hyp3-tibet-jpl-test-contentbucket-hratibh1y9pa.s3.us-west-2.amazonaws.com/4523fedb-d6be-452c-b4f8-cdf3a9e31412/OPERA_L3_DIST-ALERT-S1_T33MWR_20231201T043539Z_20251016T225343Z_S1A_30_v0.1.png,2025-10-16T22:25:22+00:00,1470.584,4.5,33MWR,1,7,4,none,False,transformer_optimized,high,32,2023-12-01,109,2.5,4,best,none,False
chile_fire_2024__19HBD,https://hyp3-tibet-jpl-test-contentbucket-hratibh1y9pa.s3.us-west-2.amazonaws.com/eb3c7169-ee9e-4ca9-a94e-f9b0e824984c/OPERA_L3_DIST-ALERT-S1_T19HBD_20240111T232837Z_20251016T225954Z_S1A_30_v0.1.zip,https://hyp3-tibet-jpl-test-contentbucket-hratibh1y9pa.s3.us-west-2.amazonaws.com/eb3c7169-ee9e-4ca9-a94e-f9b0e824984c/OPERA_L3_DIST-ALERT-S1_T19HBD_20240111T232837Z_20251016T225954Z_S1A_30_v0.1.png,2025-10-16T22:25:22+00:00,1834.314,4.5,19HBD,1,7,4,none,False,transformer_optimized,high,32,2024-01-11,18,2.5,4,best,none,False
hokkaido_landslides_2018__54TWN,https://hyp3-tibet-jpl-test-contentbucket-hratibh1y9pa.s3.us-west-2.amazonaws.com/56839361-3d32-4ee3-b776-89c2940bc32d/OPERA_L3_DIST-ALERT-S1_T54TWN_20180925T082651Z_20251016T224950Z_S1B_30_v0.1.zip,https://hyp3-tibet-jpl-test-contentbucket-hratibh1y9pa.s3.us-west-2.amazonaws.com/56839361-3d32-4ee3-b776-89c2940bc32d/OPERA_L3_DIST-ALERT-S1_T54TWN_20180925T082651Z_20251016T224950Z_S1B_30_v0.1.png,2025-10-16T22:25:22+00:00,1235.656,4.5,54TWN,1,7,4,none,False,transformer_optimized,high,32,2018-09-25,68,2.5,4,best,none,False
afghanistan_flood_2024__42SWF,https://hyp3-tibet-jpl-test-contentbucket-hratibh1y9pa.s3.us-west-2.amazonaws.com/e850b40e-0c02-449b-958a-2801ab221796/OPERA_L3_DIST-ALERT-S1_T42SWF_20240608T012319Z_20251016T232903Z_S1A_30_v0.1.zip,https://hyp3-tibet-jpl-test-contentbucket-hratibh1y9pa.s3.us-west-2.amazonaws.com/e850b40e-0c02-449b-958a-2801ab221796/OPERA_L3_DIST-ALERT-S1_T42SWF_20240608T012319Z_20251016T232903Z_S1A_30_v0.1.png,2025-10-16T22:25:22+00:00,1543.756,4.5,42SWF,1,7,4,none,False,transformer_optimized,high,32,2024-06-08,78,2.5,4,best,none,False
chile_fire_2024__19HBD,https://hyp3-tibet-jpl-test-contentbucket-hratibh1y9pa.s3.us-west-2.amazonaws.com/33855dac-7af5-420b-bc5c-28743f2e1e21/OPERA_L3_DIST-ALERT-S1_T19HBD_20240216T232836Z_20251016T233809Z_S1A_30_v0.1.zip,https://hyp3-tibet-jpl-test-contentbucket-hratibh1y9pa.s3.us-west-2.amazonaws.com/33855dac-7af5-420b-bc5c-28743f2e1e21/OPERA_L3_DIST-ALERT-S1_T19HBD_20240216T232836Z_20251016T233809Z_S1A_30_v0.1.png,2025-10-16T22:25:22+00:00,1955.0,4.5,19HBD,1,7,4,none,False,transformer_optimized,high,32,2024-02-16,18,2.5,4,best,none,False
smokehouse_creek_fire_2024__14SME,https://hyp3-tibet-jpl-test-contentbucket-hratibh1y9pa.s3.us-west-2.amazonaws.com/baf3d144-97fc-4c1d-b38e-547d9a528523/OPERA_L3_DIST-ALERT-S1_T14SME_20240228T124630Z_20251016T230745Z_S1A_30_v0.1.zip,https://hyp3-tibet-jpl-test-contentbucket-hratibh1y9pa.s3.us-west-2.amazonaws.com/baf3d144-97fc-4c1d-b38e-547d9a528523/OPERA_L3_DIST-ALERT-S1_T14SME_20240228T124630Z_20251016T230745Z_S1A_30_v0.1.png,2025-10-16T22:25:22+00:00,279.625,4.5,14SME,1,7,4,none,False,transformer_optimized,high,32,2024-02-28,12,2.5,4,best,none,False
smokehouse_creek_fire_2024__14SME,https://hyp3-tibet-jpl-test-contentbucket-hratibh1y9pa.s3.us-west-2.amazonaws.com/88f3df45-67f5-42e4-b218-b7c96d996ded/OPERA_L3_DIST-ALERT-S1_T14SME_20240204T004509Z_20251016T231201Z_S1A_30_v0.1.zip,https://hyp3-tibet-jpl-test-contentbucket-hratibh1y9pa.s3.us-west-2.amazonaws.com/88f3df45-67f5-42e4-b218-b7c96d996ded/OPERA_L3_DIST-ALERT-S1_T14SME_20240204T004509Z_20251016T231201Z_S1A_30_v0.1.png,2025-10-16T22:25:22+00:00,816.883,4.5,14SME,1,7,4,none,False,transformer_optimized,high,32,2024-02-04,5,2.5,4,best,none,False
los_angeles_fires_2025__11SLT,https://hyp3-tibet-jpl-test-contentbucket-hratibh1y9pa.s3.us-west-2.amazonaws.com/3b565ed1-069c-4176-9f3c-896be32f332c/OPERA_L3_DIST-ALERT-S1_T11SLT_20250303T015837Z_20251016T232115Z_S1A_30_v0.1.zip,https://hyp3-tibet-jpl-test-contentbucket-hratibh1y9pa.s3.us-west-2.amazonaws.com/3b565ed1-069c-4176-9f3c-896be32f332c/OPERA_L3_DIST-ALERT-S1_T11SLT_20250303T015837Z_20251016T232115Z_S1A_30_v0.1.png,2025-10-16T22:25:22+00:00,1343.531,4.5,11SLT,1,7,4,none,False,transformer_optimized,high,32,2025-03-03,137,2.5,4,best,none,False
hokkaido_landslides_2018__54TWN,https://hyp3-tibet-jpl-test-contentbucket-hratibh1y9pa.s3.us-west-2.amazonaws.com/a2cfe07d-63b6-4663-852f-b81b29aab796/OPERA_L3_DIST-ALERT-S1_T54TWN_20181026T081849Z_20251016T230117Z_S1B_30_v0.1.zip,https://hyp3-tibet-jpl-test-contentbucket-hratibh1y9pa.s3.us-west-2.amazonaws.com/a2cfe07d-63b6-4663-852f-b81b29aab796/OPERA_L3_DIST-ALERT-S1_T54TWN_20181026T081849Z_20251016T230117Z_S1B_30_v0.1.png,2025-10-16T22:25:22+00:00,353.941,4.5,54TWN,1,7,4,none,False,transformer_optimized,high,32,2018-10-26,170,2.5,4,best,none,False
hokkaido_landslides_2018__54TWN,https://hyp3-tibet-jpl-test-contentbucket-hratibh1y9pa.s3.us-west-2.amazonaws.com/33fdc18b-61c8-41a6-8f0e-438505730ae4/OPERA_L3_DIST-ALERT-S1_T54TWN_20180807T203309Z_20251016T230036Z_S1A_30_v0.1.zip,https://hyp3-tibet-jpl-test-contentbucket-hratibh1y9pa.s3.us-west-2.amazonaws.com/33fdc18b-61c8-41a6-8f0e-438505730ae4/OPERA_L3_DIST-ALERT-S1_T54TWN_20180807T203309Z_20251016T230036Z_S1A_30_v0.1.png,2025-10-16T22:25:22+00:00,354.102,4.5,54TWN,1,7,4,none,False,transformer_optimized,high,32,2018-08-07,148,2.5,4,best,none,False
smokehouse_creek_fire_2024__14SKE,https://hyp3-tibet-jpl-test-contentbucket-hratibh1y9pa.s3.us-west-2.amazonaws.com/56f6bc39-629b-495f-9edb-7c8c76978e4b/OPERA_L3_DIST-ALERT-S1_T14SKE_20240128T125445Z_20251016T230526Z_S1A_30_v0.1.zip,https://hyp3-tibet-jpl-test-contentbucket-hratibh1y9pa.s3.us-west-2.amazonaws.com/56f6bc39-629b-495f-9edb-7c8c76978e4b/OPERA_L3_DIST-ALERT-S1_T14SKE_20240128T125445Z_20251016T230526Z_S1A_30_v0.1.png,2025-10-16T22:25:22+00:00,711.929,4.5,14SKE,1,7,4,none,False,transformer_optimized,high,32,2024-01-28,85,2.5,4,best,none,False
brazzaville_flood_and_landslides_2023__33MWR,https://hyp3-tibet-jpl-test-contentbucket-hratibh1y9pa.s3.us-west-2.amazonaws.com/d7cb5526-2392-460f-8b4c-c530353acc79/OPERA_L3_DIST-ALERT-S1_T33MWR_20231225T043538Z_20251016T231528Z_S1A_30_v0.1.zip,https://hyp3-tibet-jpl-test-contentbucket-hratibh1y9pa.s3.us-west-2.amazonaws.com/d7cb5526-2392-460f-8b4c-c530353acc79/OPERA_L3_DIST-ALERT-S1_T33MWR_20231225T043538Z_20251016T231528Z_S1A_30_v0.1.png,2025-10-16T22:25:22+00:00,1305.691,4.5,33MWR,1,7,4,none,False,transformer_optimized,high,32,2023-12-25,109,2.5,4,best,none,False
smokehouse_creek_fire_2024__14SLE,https://hyp3-tibet-jpl-test-contentbucket-hratibh1y9pa.s3.us-west-2.amazonaws.com/fd849283-737c-433c-9917-7d3e438947bb/OPERA_L3_DIST-ALERT-S1_T14SLE_20240228T124630Z_20251016T230302Z_S1A_30_v0.1.zip,https://hyp3-tibet-jpl-test-contentbucket-hratibh1y9pa.s3.us-west-2.amazonaws.com/fd849283-737c-433c-9917-7d3e438947bb/OPERA_L3_DIST-ALERT-S1_T14SLE_20240228T124630Z_20251016T230302Z_S1A_30_v0.1.png,2025-10-16T22:25:22+00:00,684.913,4.5,14SLE,1,7,4,none,False,transformer_optimized,high,32,2024-02-28,12,2.5,4,best,none,False
hokkaido_landslides_2018__54TWN,https://hyp3-tibet-jpl-test-contentbucket-hratibh1y9pa.s3.us-west-2.amazonaws.com/24aac09c-be3c-4d22-a172-07a21b62cec8/OPERA_L3_DIST-ALERT-S1_T54TWN_20180929T204120Z_20251016T230459Z_S1A_30_v0.1.zip,https://hyp3-tibet-jpl-test-contentbucket-hratibh1y9pa.s3.us-west-2.amazonaws.com/24aac09c-be3c-4d22-a172-07a21b62cec8/OPERA_L3_DIST-ALERT-S1_T54TWN_20180929T204120Z_20251016T230459Z_S1A_30_v0.1.png,2025-10-16T22:25:22+00:00,964.38,4.5,54TWN,1,7,4,none,False,transformer_optimized,high,32,2018-09-29,46,2.5,4,best,none,False
brazzaville_flood_and_landslides_2023__33MWR,https://hyp3-tibet-jpl-test-contentbucket-hratibh1y9pa.s3.us-west-2.amazonaws.com/2be65f54-32e5-4ce0-83a9-1493790902ce/OPERA_L3_DIST-ALERT-S1_T33MWR_20240204T044346Z_20251016T230140Z_S1A_30_v0.1.zip,https://hyp3-tibet-jpl-test-contentbucket-hratibh1y9pa.s3.us-west-2.amazonaws.com/2be65f54-32e5-4ce0-83a9-1493790902ce/OPERA_L3_DIST-ALERT-S1_T33MWR_20240204T044346Z_20251016T230140Z_S1A_30_v0.1.png,2025-10-16T22:25:22+00:00,726.195,4.5,33MWR,1,7,4,none,False,transformer_optimized,high,32,2024-02-04,7,2.5,4,best,none,False
afghanistan_flood_2024__42SWF,https://hyp3-tibet-jpl-test-contentbucket-hratibh1y9pa.s3.us-west-2.amazonaws.com/184d0dd1-156f-457c-aa38-15cf482ea914/OPERA_L3_DIST-ALERT-S1_T42SWF_20240421T012320Z_20251016T230208Z_S1A_30_v0.1.zip,https://hyp3-tibet-jpl-test-contentbucket-hratibh1y9pa.s3.us-west-2.amazonaws.com/184d0dd1-156f-457c-aa38-15cf482ea914/OPERA_L3_DIST-ALERT-S1_T42SWF_20240421T012320Z_20251016T230208Z_S1A_30_v0.1.png,2025-10-16T22:25:22+00:00,1323.154,4.5,42SWF,1,7,4,none,False,transformer_optimized,high,32,2024-04-21,78,2.5,4,best,none,False
cipongkor_landslides_2024__48MYT,https://hyp3-tibet-jpl-test-contentbucket-hratibh1y9pa.s3.us-west-2.amazonaws.com/3b92dd46-1c4f-4904-9c34-a7802e45829c/OPERA_L3_DIST-ALERT-S1_T48MYT_20240317T111517Z_20251016T230335Z_S1A_30_v0.1.zip,https://hyp3-tibet-jpl-test-contentbucket-hratibh1y9pa.s3.us-west-2.amazonaws.com/3b92dd46-1c4f-4904-9c34-a7802e45829c/OPERA_L3_DIST-ALERT-S1_T48MYT_20240317T111517Z_20251016T230335Z_S1A_30_v0.1.png,2025-10-16T22:25:22+00:00,1272.877,4.5,48MYT,1,7,4,none,False,transformer_optimized,high,32,2024-03-17,98,2.5,4,best,none,False
cipongkor_landslides_2024__48MYT,https://hyp3-tibet-jpl-test-contentbucket-hratibh1y9pa.s3.us-west-2.amazonaws.com/d84966c1-59f1-4fee-bc39-4a41b4bb1d6d/OPERA_L3_DIST-ALERT-S1_T48MYT_20240512T223413Z_20251016T225326Z_S1A_30_v0.1.zip,https://hyp3-tibet-jpl-test-contentbucket-hratibh1y9pa.s3.us-west-2.amazonaws.com/d84966c1-59f1-4fee-bc39-4a41b4bb1d6d/OPERA_L3_DIST-ALERT-S1_T48MYT_20240512T223413Z_20251016T225326Z_S1A_30_v0.1.png,2025-10-16T22:25:22+00:00,978.885,4.5,48MYT,1,7,4,none,False,transformer_optimized,high,32,2024-05-12,47,2.5,4,best,none,False
afghanistan_flood_2024__42SWF,https://hyp3-tibet-jpl-test-contentbucket-hratibh1y9pa.s3.us-west-2.amazonaws.com/35846b1a-1764-473a-9acc-44e0b654ad78/OPERA_L3_DIST-ALERT-S1_T42SWF_20240708T131417Z_20251016T224733Z_S1A_30_v0.1.zip,https://hyp3-tibet-jpl-test-contentbucket-hratibh1y9pa.s3.us-west-2.amazonaws.com/35846b1a-1764-473a-9acc-44e0b654ad78/OPERA_L3_DIST-ALERT-S1_T42SWF_20240708T131417Z_20251016T224733Z_S1A_30_v0.1.png,2025-10-16T22:25:22+00:00,743.376,4.5,42SWF,1,7,4,none,False,transformer_optimized,high,32,2024-07-08,173,2.5,4,best,none,False
smokehouse_creek_fire_2024__14SLE,https://hyp3-tibet-jpl-test-contentbucket-hratibh1y9pa.s3.us-west-2.amazonaws.com/a2c7053c-16cb-40ed-a556-c5a97d93c1ab/OPERA_L3_DIST-ALERT-S1_T14SLE_20240311T004509Z_20251016T225314Z_S1A_30_v0.1.zip,https://hyp3-tibet-jpl-test-contentbucket-hratibh1y9pa.s3.us-west-2.amazonaws.com/a2c7053c-16cb-40ed-a556-c5a97d93c1ab/OPERA_L3_DIST-ALERT-S1_T14SLE_20240311T004509Z_20251016T225314Z_S1A_30_v0.1.png,2025-10-16T22:25:22+00:00,1443.194,4.5,14SLE,1,7,4,none,False,transformer_optimized,high,32,2024-03-11,5,2.5,4,best,none,False
afghanistan_flood_2024__42SWF,https://hyp3-tibet-jpl-test-contentbucket-hratibh1y9pa.s3.us-west-2.amazonaws.com/524e0dbb-3ce4-464d-9fa0-7cdb6b8cf550/OPERA_L3_DIST-ALERT-S1_T42SWF_20240515T012319Z_20251016T225201Z_S1A_30_v0.1.zip,https://hyp3-tibet-jpl-test-contentbucket-hratibh1y9pa.s3.us-west-2.amazonaws.com/524e0dbb-3ce4-464d-9fa0-7cdb6b8cf550/OPERA_L3_DIST-ALERT-S1_T42SWF_20240515T012319Z_20251016T225201Z_S1A_30_v0.1.png,2025-10-16T22:25:22+00:00,1370.138,4.5,42SWF,1,7,4,none,False,transformer_optimized,high,32,2024-05-15,78,2.5,4,best,none,False
mai_mahiu_flood_and_landslides_2024__37MBU,https://hyp3-tibet-jpl-test-contentbucket-hratibh1y9pa.s3.us-west-2.amazonaws.com/69624f8f-4aec-459a-b1f5-54d21ca96ec6/OPERA_L3_DIST-ALERT-S1_T37MBU_20240424T155631Z_20251016T224638Z_S1A_30_v0.1.zip,https://hyp3-tibet-jpl-test-contentbucket-hratibh1y9pa.s3.us-west-2.amazonaws.com/69624f8f-4aec-459a-b1f5-54d21ca96ec6/OPERA_L3_DIST-ALERT-S1_T37MBU_20240424T155631Z_20251016T224638Z_S1A_30_v0.1.png,2025-10-16T22:25:22+00:00,1044.874,4.5,37MBU,1,7,4,none,False,transformer_optimized,high,32,2024-04-24,130,2.5,4,best,none,False
afghanistan_flood_2024__42SWF,https://hyp3-tibet-jpl-test-contentbucket-hratibh1y9pa.s3.us-west-2.amazonaws.com/9b4568ef-617b-468c-8bf7-5c90cbfdeeb4/OPERA_L3_DIST-ALERT-S1_T42SWF_20240420T132228Z_20251016T225232Z_S1A_30_v0.1.zip,https://hyp3-tibet-jpl-test-contentbucket-hratibh1y9pa.s3.us-west-2.amazonaws.com/9b4568ef-617b-468c-8bf7-5c90cbfdeeb4/OPERA_L3_DIST-ALERT-S1_T42SWF_20240420T132228Z_20251016T225232Z_S1A_30_v0.1.png,2025-10-16T22:25:22+00:00,1400.066,4.5,42SWF,1,7,4,none,False,transformer_optimized,high,32,2024-04-20,71,2.5,4,best,none,False
los_angeles_fires_2025__11SLT,https://hyp3-tibet-jpl-test-contentbucket-hratibh1y9pa.s3.us-west-2.amazonaws.com/8c9faaa2-8380-44cf-a861-d1d4ce1a0867/OPERA_L3_DIST-ALERT-S1_T11SLT_20250226T135245Z_20251016T225643Z_S1A_30_v0.1.zip,https://hyp3-tibet-jpl-test-contentbucket-hratibh1y9pa.s3.us-west-2.amazonaws.com/8c9faaa2-8380-44cf-a861-d1d4ce1a0867/OPERA_L3_DIST-ALERT-S1_T11SLT_20250226T135245Z_20251016T225643Z_S1A_30_v0.1.png,2025-10-16T22:25:22+00:00,1642.834,4.5,11SLT,1,7,4,none,False,transformer_optimized,high,32,2025-02-26,71,2.5,4,best,none,False
cipongkor_landslides_2024__48MYT,https://hyp3-tibet-jpl-test-contentbucket-hratibh1y9pa.s3.us-west-2.amazonaws.com/434e0a7a-cf3d-4f68-aeb5-591becf8a615/OPERA_L3_DIST-ALERT-S1_T48MYT_20240320T222604Z_20251016T225445Z_S1A_30_v0.1.zip,https://hyp3-tibet-jpl-test-contentbucket-hratibh1y9pa.s3.us-west-2.amazonaws.com/434e0a7a-cf3d-4f68-aeb5-591becf8a615/OPERA_L3_DIST-ALERT-S1_T48MYT_20240320T222604Z_20251016T225445Z_S1A_30_v0.1.png,2025-10-16T22:25:22+00:00,1022.787,4.5,48MYT,1,7,4,none,False,transformer_optimized,high,32,2024-03-20,149,2.5,4,best,none,False
hokkaido_landslides_2018__54TWN,https://hyp3-tibet-jpl-test-contentbucket-hratibh1y9pa.s3.us-west-2.amazonaws.com/e40181c7-3c17-483f-a37c-864bab4dca50/OPERA_L3_DIST-ALERT-S1_T54TWN_20180819T203310Z_20251016T224650Z_S1A_30_v0.1.zip,https://hyp3-tibet-jpl-test-contentbucket-hratibh1y9pa.s3.us-west-2.amazonaws.com/e40181c7-3c17-483f-a37c-864bab4dca50/OPERA_L3_DIST-ALERT-S1_T54TWN_20180819T203310Z_20251016T224650Z_S1A_30_v0.1.png,2025-10-16T22:25:22+00:00,419.725,4.5,54TWN,1,7,4,none,False,transformer_optimized,high,32,2018-08-19,148,2.5,4,best,none,False
brazzaville_flood_and_landslides_2023__33MWR,https://hyp3-tibet-jpl-test-contentbucket-hratibh1y9pa.s3.us-west-2.amazonaws.com/31daaeb1-e9c1-4a68-92ad-ee805c888332/OPERA_L3_DIST-ALERT-S1_T33MWR_20240123T044346Z_20251016T224656Z_S1A_30_v0.1.zip,https://hyp3-tibet-jpl-test-contentbucket-hratibh1y9pa.s3.us-west-2.amazonaws.com/31daaeb1-e9c1-4a68-92ad-ee805c888332/OPERA_L3_DIST-ALERT-S1_T33MWR_20240123T044346Z_20251016T224656Z_S1A_30_v0.1.png,2025-10-16T22:25:22+00:00,770.038,4.5,33MWR,1,7,4,none,False,transformer_optimized,high,32,2024-01-23,7,2.5,4,best,none,False
smokehouse_creek_fire_2024__14SME,https://hyp3-tibet-jpl-test-contentbucket-hratibh1y9pa.s3.us-west-2.amazonaws.com/83357541-80c0-4209-83d7-681ab5a1ccd4/OPERA_L3_DIST-ALERT-S1_T14SME_20240130T003659Z_20251016T230041Z_S1A_30_v0.1.zip,https://hyp3-tibet-jpl-test-contentbucket-hratibh1y9pa.s3.us-west-2.amazonaws.com/83357541-80c0-4209-83d7-681ab5a1ccd4/OPERA_L3_DIST-ALERT-S1_T14SME_20240130T003659Z_20251016T230041Z_S1A_30_v0.1.png,2025-10-16T22:25:22+00:00,1898.676,4.5,14SME,1,7,4,none,False,transformer_optimized,high,32,2024-01-30,107,2.5,4,best,none,False
smokehouse_creek_fire_2024__14SKE,https://hyp3-tibet-jpl-test-contentbucket-hratibh1y9pa.s3.us-west-2.amazonaws.com/acb8839f-5b82-429f-8951-ffa95fde429d/OPERA_L3_DIST-ALERT-S1_T14SKE_20240128T005324Z_20251016T223937Z_S1A_30_v0.1.zip,https://hyp3-tibet-jpl-test-contentbucket-hratibh1y9pa.s3.us-west-2.amazonaws.com/acb8839f-5b82-429f-8951-ffa95fde429d/OPERA_L3_DIST-ALERT-S1_T14SKE_20240128T005324Z_20251016T223937Z_S1A_30_v0.1.png,2025-10-16T22:25:22+00:00,613.175,4.5,14SKE,1,7,4,none,False,transformer_optimized,high,32,2024-01-28,78,2.5,4,best,none,False
hokkaido_landslides_2018__54TWN,https://hyp3-tibet-jpl-test-contentbucket-hratibh1y9pa.s3.us-west-2.amazonaws.com/c4321121-f54b-4ad0-a669-0f2bf2001ea4/OPERA_L3_DIST-ALERT-S1_T54TWN_20181007T082652Z_20251016T225040Z_S1B_30_v0.1.zip,https://hyp3-tibet-jpl-test-contentbucket-hratibh1y9pa.s3.us-west-2.amazonaws.com/c4321121-f54b-4ad0-a669-0f2bf2001ea4/OPERA_L3_DIST-ALERT-S1_T54TWN_20181007T082652Z_20251016T225040Z_S1B_30_v0.1.png,2025-10-16T22:25:22+00:00,1288.002,4.5,54TWN,1,7,4,none,False,transformer_optimized,high,32,2018-10-07,68,2.5,4,best,none,False
chile_fire_2024__19HBD,https://hyp3-tibet-jpl-test-contentbucket-hratibh1y9pa.s3.us-west-2.amazonaws.com/8c171ef7-008b-4e0f-88a1-4976c7139f89/OPERA_L3_DIST-ALERT-S1_T19HBD_20240109T100431Z_20251016T230542Z_S1A_30_v0.1.zip,https://hyp3-tibet-jpl-test-contentbucket-hratibh1y9pa.s3.us-west-2.amazonaws.com/8c171ef7-008b-4e0f-88a1-4976c7139f89/OPERA_L3_DIST-ALERT-S1_T19HBD_20240109T100431Z_20251016T230542Z_S1A_30_v0.1.png,2025-10-16T22:25:22+00:00,2176.899,4.5,19HBD,1,7,4,none,False,transformer_optimized,high,32,2024-01-09,156,2.5,4,best,none,False
chile_fire_2024__19HBD,https://hyp3-tibet-jpl-test-contentbucket-hratibh1y9pa.s3.us-west-2.amazonaws.com/4dfee043-afe5-44c6-bcac-bfd43972ff8d/OPERA_L3_DIST-ALERT-S1_T19HBD_20240323T232836Z_20251016T225938Z_S1A_30_v0.1.zip,https://hyp3-tibet-jpl-test-contentbucket-hratibh1y9pa.s3.us-west-2.amazonaws.com/4dfee043-afe5-44c6-bcac-bfd43972ff8d/OPERA_L3_DIST-ALERT-S1_T19HBD_20240323T232836Z_20251016T225938Z_S1A_30_v0.1.png,2025-10-16T22:25:22+00:00,1813.13,4.5,19HBD,1,7,4,none,False,transformer_optimized,high,32,2024-03-23,18,2.5,4,best,none,False
mai_mahiu_flood_and_landslides_2024__37MBU,https://hyp3-tibet-jpl-test-contentbucket-hratibh1y9pa.s3.us-west-2.amazonaws.com/3420fa56-1d56-412f-8f2d-d7f52ed14c70/OPERA_L3_DIST-ALERT-S1_T37MBU_20240518T155632Z_20251016T224650Z_S1A_30_v0.1.zip,https://hyp3-tibet-jpl-test-contentbucket-hratibh1y9pa.s3.us-west-2.amazonaws.com/3420fa56-1d56-412f-8f2d-d7f52ed14c70/OPERA_L3_DIST-ALERT-S1_T37MBU_20240518T155632Z_20251016T224650Z_S1A_30_v0.1.png,2025-10-16T22:25:22+00:00,1053.473,4.5,37MBU,1,7,4,none,False,transformer_optimized,high,32,2024-05-18,130,2.5,4,best,none,False
demak_flood_2024__49MEN,https://hyp3-tibet-jpl-test-contentbucket-hratibh1y9pa.s3.us-west-2.amazonaws.com/ecada024-4e66-4b08-996f-28ff05f68c6a/OPERA_L3_DIST-ALERT-S1_T49MEN_20240307T105848Z_20251017T014939Z_S1A_30_v0.1.zip,https://hyp3-tibet-jpl-test-contentbucket-hratibh1y9pa.s3.us-west-2.amazonaws.com/ecada024-4e66-4b08-996f-28ff05f68c6a/OPERA_L3_DIST-ALERT-S1_T49MEN_20240307T105848Z_20251017T014939Z_S1A_30_v0.1.png,2025-10-16T22:25:21+00:00,1058.563,4.5,49MEN,1,7,4,none,False,transformer_optimized,high,32,2024-03-07,127,2.5,4,best,none,False
attica_fire_2024__34SGH,https://hyp3-tibet-jpl-test-contentbucket-hratibh1y9pa.s3.us-west-2.amazonaws.com/d14dd792-c8f1-4c7f-812a-5bffe0f1fdc6/OPERA_L3_DIST-ALERT-S1_T34SGH_20240803T161551Z_20251017T014003Z_S1A_30_v0.1.zip,https://hyp3-tibet-jpl-test-contentbucket-hratibh1y9pa.s3.us-west-2.amazonaws.com/d14dd792-c8f1-4c7f-812a-5bffe0f1fdc6/OPERA_L3_DIST-ALERT-S1_T34SGH_20240803T161551Z_20251017T014003Z_S1A_30_v0.1.png,2025-10-16T22:25:21+00:00,543.481,4.5,34SGH,1,7,4,none,False,transformer_optimized,high,32,2024-08-03,29,2.5,4,best,none,False
demak_flood_2024__49MEN,https://hyp3-tibet-jpl-test-contentbucket-hratibh1y9pa.s3.us-west-2.amazonaws.com/8db1fa6e-f17b-4cc1-ac51-a1f0f2b33b9f/OPERA_L3_DIST-ALERT-S1_T49MEN_20240327T221745Z_20251017T014105Z_S1A_30_v0.1.zip,https://hyp3-tibet-jpl-test-contentbucket-hratibh1y9pa.s3.us-west-2.amazonaws.com/8db1fa6e-f17b-4cc1-ac51-a1f0f2b33b9f/OPERA_L3_DIST-ALERT-S1_T49MEN_20240327T221745Z_20251017T014105Z_S1A_30_v0.1.png,2025-10-16T22:25:21+00:00,703.586,4.5,49MEN,1,7,4,none,False,transformer_optimized,high,32,2024-03-27,76,2.5,4,best,none,False
papau_new_guinea_landslide_2024__54MYV,https://hyp3-tibet-jpl-test-contentbucket-hratibh1y9pa.s3.us-west-2.amazonaws.com/3e0f18aa-bc70-44ee-9275-d6fa1183198b/OPERA_L3_DIST-ALERT-S1_T54MYV_20240611T200540Z_20251017T015217Z_S1A_30_v0.1.zip,https://hyp3-tibet-jpl-test-contentbucket-hratibh1y9pa.s3.us-west-2.amazonaws.com/3e0f18aa-bc70-44ee-9275-d6fa1183198b/OPERA_L3_DIST-ALERT-S1_T54MYV_20240611T200540Z_20251017T015217Z_S1A_30_v0.1.png,2025-10-16T22:25:21+00:00,1438.379,4.5,54MYV,1,7,4,none,False,transformer_optimized,high,32,2024-06-11,133,2.5,4,best,none,False
park_fire_2024__10TEK,https://hyp3-tibet-jpl-test-contentbucket-hratibh1y9pa.s3.us-west-2.amazonaws.com/738b2755-1a1a-4f05-bfe9-ccfab79a1c41/OPERA_L3_DIST-ALERT-S1_T10TEK_20240909T140737Z_20251017T013556Z_S1A_30_v0.1.zip,https://hyp3-tibet-jpl-test-contentbucket-hratibh1y9pa.s3.us-west-2.amazonaws.com/738b2755-1a1a-4f05-bfe9-ccfab79a1c41/OPERA_L3_DIST-ALERT-S1_T10TEK_20240909T140737Z_20251017T013556Z_S1A_30_v0.1.png,2025-10-16T22:25:21+00:00,514.13,4.5,10TEK,1,7,4,none,False,transformer_optimized,high,32,2024-09-09,42,2.5,4,best,none,False
belize_fire_south_2024__19HBD,https://hyp3-tibet-jpl-test-contentbucket-hratibh1y9pa.s3.us-west-2.amazonaws.com/cfcb3485-b73a-43ef-a47d-097af211cc03/OPERA_L3_DIST-ALERT-S1_T19HBD_20240601T100430Z_20251017T014518Z_S1A_30_v0.1.zip,https://hyp3-tibet-jpl-test-contentbucket-hratibh1y9pa.s3.us-west-2.amazonaws.com/cfcb3485-b73a-43ef-a47d-097af211cc03/OPERA_L3_DIST-ALERT-S1_T19HBD_20240601T100430Z_20251017T014518Z_S1A_30_v0.1.png,2025-10-16T22:25:21+00:00,1139.891,4.5,19HBD,1,7,4,none,False,transformer_optimized,high,32,2024-06-01,156,2.5,4,best,none,False
demak_flood_2024__49MDN,https://hyp3-tibet-jpl-test-contentbucket-hratibh1y9pa.s3.us-west-2.amazonaws.com/2d8fc5b7-deee-43c8-84cf-f097f3e600a4/OPERA_L3_DIST-ALERT-S1_T49MDN_20240324T110701Z_20251017T013546Z_S1A_30_v0.1.zip,https://hyp3-tibet-jpl-test-contentbucket-hratibh1y9pa.s3.us-west-2.amazonaws.com/2d8fc5b7-deee-43c8-84cf-f097f3e600a4/OPERA_L3_DIST-ALERT-S1_T49MDN_20240324T110701Z_20251017T013546Z_S1A_30_v0.1.png,2025-10-16T22:25:21+00:00,530.395,4.5,49MDN,1,7,4,none,False,transformer_optimized,high,32,2024-03-24,25,2.5,4,best,none,False
demak_flood_2024__49MDN,https://hyp3-tibet-jpl-test-contentbucket-hratibh1y9pa.s3.us-west-2.amazonaws.com/f43f79cf-6df9-4039-9e55-45dd961066dd/OPERA_L3_DIST-ALERT-S1_T49MDN_20240315T221748Z_20251017T014650Z_S1A_30_v0.1.zip,https://hyp3-tibet-jpl-test-contentbucket-hratibh1y9pa.s3.us-west-2.amazonaws.com/f43f79cf-6df9-4039-9e55-45dd961066dd/OPERA_L3_DIST-ALERT-S1_T49MDN_20240315T221748Z_20251017T014650Z_S1A_30_v0.1.png,2025-10-16T22:25:21+00:00,1361.913,4.5,49MDN,1,7,4,none,False,transformer_optimized,high,32,2024-03-15,76,2.5,4,best,none,False
demak_flood_2024__49MEN,https://hyp3-tibet-jpl-test-contentbucket-hratibh1y9pa.s3.us-west-2.amazonaws.com/fbfb1be3-d92e-4350-985e-21c700436512/OPERA_L3_DIST-ALERT-S1_T49MEN_20240501T105049Z_20251017T013251Z_S1A_30_v0.1.zip,https://hyp3-tibet-jpl-test-contentbucket-hratibh1y9pa.s3.us-west-2.amazonaws.com/fbfb1be3-d92e-4350-985e-21c700436512/OPERA_L3_DIST-ALERT-S1_T49MEN_20240501T105049Z_20251017T013251Z_S1A_30_v0.1.png,2025-10-16T22:25:21+00:00,572.079,4.5,49MEN,1,7,4,none,False,transformer_optimized,high,32,2024-05-01,54,2.5,4,best,none,False
chilcotin_river_landslide_and_flood_2024__10UEC,https://hyp3-tibet-jpl-test-contentbucket-hratibh1y9pa.s3.us-west-2.amazonaws.com/f1773efa-ac3a-4d0d-ad43-ee2e70dadb51/OPERA_L3_DIST-ALERT-S1_T10UEC_20240823T020343Z_20251017T013610Z_S1A_30_v0.1.zip,https://hyp3-tibet-jpl-test-contentbucket-hratibh1y9pa.s3.us-west-2.amazonaws.com/f1773efa-ac3a-4d0d-ad43-ee2e70dadb51/OPERA_L3_DIST-ALERT-S1_T10UEC_20240823T020343Z_20251017T013610Z_S1A_30_v0.1.png,2025-10-16T22:25:21+00:00,783.254,4.5,10UEC,1,7,4,none,False,transformer_optimized,high,32,2024-08-23,137,2.5,4,best,none,False
papau_new_guinea_landslide_2024__54MYV,https://hyp3-tibet-jpl-test-contentbucket-hratibh1y9pa.s3.us-west-2.amazonaws.com/45fb47e6-49ba-44b7-b161-89d817c4facb/OPERA_L3_DIST-ALERT-S1_T54MYV_20240717T200538Z_20251017T014818Z_S1A_30_v0.1.zip,https://hyp3-tibet-jpl-test-contentbucket-hratibh1y9pa.s3.us-west-2.amazonaws.com/45fb47e6-49ba-44b7-b161-89d817c4facb/OPERA_L3_DIST-ALERT-S1_T54MYV_20240717T200538Z_20251017T014818Z_S1A_30_v0.1.png,2025-10-16T22:25:21+00:00,1609.851,4.5,54MYV,1,7,4,none,False,transformer_optimized,high,32,2024-07-17,133,2.5,4,best,none,False
demak_flood_2024__49MDN,https://hyp3-tibet-jpl-test-contentbucket-hratibh1y9pa.s3.us-west-2.amazonaws.com/83ce8cf2-35d5-45c8-8941-337f2a88bff0/OPERA_L3_DIST-ALERT-S1_T49MDN_20240502T221749Z_20251017T014228Z_S1A_30_v0.1.zip,https://hyp3-tibet-jpl-test-contentbucket-hratibh1y9pa.s3.us-west-2.amazonaws.com/83ce8cf2-35d5-45c8-8941-337f2a88bff0/OPERA_L3_DIST-ALERT-S1_T49MDN_20240502T221749Z_20251017T014228Z_S1A_30_v0.1.png,2025-10-16T22:25:21+00:00,1247.637,4.5,49MDN,1,7,4,none,False,transformer_optimized,high,32,2024-05-02,76,2.5,4,best,none,False
attica_fire_2024__34SGH,https://hyp3-tibet-jpl-test-contentbucket-hratibh1y9pa.s3.us-west-2.amazonaws.com/9c94328c-adfe-41f7-9977-70c80c7489f8/OPERA_L3_DIST-ALERT-S1_T34SGH_20240716T042353Z_20251017T013627Z_S1A_30_v0.1.zip,https://hyp3-tibet-jpl-test-contentbucket-hratibh1y9pa.s3.us-west-2.amazonaws.com/9c94328c-adfe-41f7-9977-70c80c7489f8/OPERA_L3_DIST-ALERT-S1_T34SGH_20240716T042353Z_20251017T013627Z_S1A_30_v0.1.png,2025-10-16T22:25:21+00:00,919.686,4.5,34SGH,1,7,4,none,False,transformer_optimized,high,32,2024-07-16,109,2.5,4,best,none,False
demak_flood_2024__49MDN,https://hyp3-tibet-jpl-test-contentbucket-hratibh1y9pa.s3.us-west-2.amazonaws.com/67448543-d879-42db-9bb0-6e904045a0fc/OPERA_L3_DIST-ALERT-S1_T49MDN_20240420T221749Z_20251017T014043Z_S1A_30_v0.1.zip,https://hyp3-tibet-jpl-test-contentbucket-hratibh1y9pa.s3.us-west-2.amazonaws.com/67448543-d879-42db-9bb0-6e904045a0fc/OPERA_L3_DIST-ALERT-S1_T49MDN_20240420T221749Z_20251017T014043Z_S1A_30_v0.1.png,2025-10-16T22:25:21+00:00,1429.694,4.5,49MDN,1,7,4,none,False,transformer_optimized,high,32,2024-04-20,76,2.5,4,best,none,False
belize_fire_south_2024__19HBD,https://hyp3-tibet-jpl-test-contentbucket-hratibh1y9pa.s3.us-west-2.amazonaws.com/846541c8-5d00-4546-ad33-383b18dd6930/OPERA_L3_DIST-ALERT-S1_T19HBD_20240615T232836Z_20251017T014639Z_S1A_30_v0.1.zip,https://hyp3-tibet-jpl-test-contentbucket-hratibh1y9pa.s3.us-west-2.amazonaws.com/846541c8-5d00-4546-ad33-383b18dd6930/OPERA_L3_DIST-ALERT-S1_T19HBD_20240615T232836Z_20251017T014639Z_S1A_30_v0.1.png,2025-10-16T22:25:21+00:00,1780.343,4.5,19HBD,1,7,4,none,False,transformer_optimized,high,32,2024-06-15,18,2.5,4,best,none,False
belize_fire_south_2024__19HBD,https://hyp3-tibet-jpl-test-contentbucket-hratibh1y9pa.s3.us-west-2.amazonaws.com/8accb186-bb0b-49ad-91c3-ef62bf8cd131/OPERA_L3_DIST-ALERT-S1_T19HBD_20240707T100429Z_20251017T014851Z_S1A_30_v0.1.zip,https://hyp3-tibet-jpl-test-contentbucket-hratibh1y9pa.s3.us-west-2.amazonaws.com/8accb186-bb0b-49ad-91c3-ef62bf8cd131/OPERA_L3_DIST-ALERT-S1_T19HBD_20240707T100429Z_20251017T014851Z_S1A_30_v0.1.png,2025-10-16T22:25:21+00:00,2003.786,4.5,19HBD,1,7,4,none,False,transformer_optimized,high,32,2024-07-07,156,2.5,4,best,none,False
demak_flood_2024__49MEN,https://hyp3-tibet-jpl-test-contentbucket-hratibh1y9pa.s3.us-west-2.amazonaws.com/9f0e5d24-da29-4d6a-b957-4b19f277fb94/OPERA_L3_DIST-ALERT-S1_T49MEN_20240220T221745Z_20251017T012805Z_S1A_30_v0.1.zip,https://hyp3-tibet-jpl-test-contentbucket-hratibh1y9pa.s3.us-west-2.amazonaws.com/9f0e5d24-da29-4d6a-b957-4b19f277fb94/OPERA_L3_DIST-ALERT-S1_T49MEN_20240220T221745Z_20251017T012805Z_S1A_30_v0.1.png,2025-10-16T22:25:21+00:00,784.699,4.5,49MEN,1,7,4,none,False,transformer_optimized,high,32,2024-02-20,76,2.5,4,best,none,False
bioko_fire_2024__32NMJ,https://hyp3-tibet-jpl-test-contentbucket-hratibh1y9pa.s3.us-west-2.amazonaws.com/6316f0d3-b3c1-48a0-b46e-c3661f9d622b/OPERA_L3_DIST-ALERT-S1_T32NMJ_20240131T051441Z_20251017T012930Z_S1A_30_v0.1.zip,https://hyp3-tibet-jpl-test-contentbucket-hratibh1y9pa.s3.us-west-2.amazonaws.com/6316f0d3-b3c1-48a0-b46e-c3661f9d622b/OPERA_L3_DIST-ALERT-S1_T32NMJ_20240131T051441Z_20251017T012930Z_S1A_30_v0.1.png,2025-10-16T22:25:21+00:00,870.086,4.5,32NMJ,1,7,4,none,False,transformer_optimized,high,32,2024-01-31,124,2.5,4,best,none,False
papau_new_guinea_landslide_2024__54MYV,https://hyp3-tibet-jpl-test-contentbucket-hratibh1y9pa.s3.us-west-2.amazonaws.com/8332bce0-94c6-4bf6-bd04-e62460b51fa5/OPERA_L3_DIST-ALERT-S1_T54MYV_20240722T201347Z_20251017T012139Z_S1A_30_v0.1.zip,https://hyp3-tibet-jpl-test-contentbucket-hratibh1y9pa.s3.us-west-2.amazonaws.com/8332bce0-94c6-4bf6-bd04-e62460b51fa5/OPERA_L3_DIST-ALERT-S1_T54MYV_20240722T201347Z_20251017T012139Z_S1A_30_v0.1.png,2025-10-16T22:25:21+00:00,457.151,4.5,54MYV,1,7,4,none,False,transformer_optimized,high,32,2024-07-22,31,2.5,4,best,none,False
belize_fire_south_2024__19HBD,https://hyp3-tibet-jpl-test-contentbucket-hratibh1y9pa.s3.us-west-2.amazonaws.com/73911a1a-769e-4132-954c-593de650f7ff/OPERA_L3_DIST-ALERT-S1_T19HBD_20240702T233645Z_20251017T011439Z_S1A_30_v0.1.zip,https://hyp3-tibet-jpl-test-contentbucket-hratibh1y9pa.s3.us-west-2.amazonaws.com/73911a1a-769e-4132-954c-593de650f7ff/OPERA_L3_DIST-ALERT-S1_T19HBD_20240702T233645Z_20251017T011439Z_S1A_30_v0.1.png,2025-10-16T22:25:21+00:00,192.691,4.5,19HBD,1,7,4,none,False,transformer_optimized,high,32,2024-07-02,91,2.5,4,best,none,False
bioko_fire_2024__32NMJ,https://hyp3-tibet-jpl-test-contentbucket-hratibh1y9pa.s3.us-west-2.amazonaws.com/bac87d7f-1482-44ab-8835-4c4bae25afa3/OPERA_L3_DIST-ALERT-S1_T32NMJ_20240307T173644Z_20251017T011952Z_S1A_30_v0.1.zip,https://hyp3-tibet-jpl-test-contentbucket-hratibh1y9pa.s3.us-west-2.amazonaws.com/bac87d7f-1482-44ab-8835-4c4bae25afa3/OPERA_L3_DIST-ALERT-S1_T32NMJ_20240307T173644Z_20251017T011952Z_S1A_30_v0.1.png,2025-10-16T22:25:21+00:00,505.285,4.5,32NMJ,1,7,4,none,False,transformer_optimized,high,32,2024-03-07,132,2.5,4,best,none,False
attica_fire_2024__34SGH,https://hyp3-tibet-jpl-test-contentbucket-hratibh1y9pa.s3.us-west-2.amazonaws.com/72677361-b55c-4029-8efa-313aa1ff43fd/OPERA_L3_DIST-ALERT-S1_T34SGH_20240820T162359Z_20251017T012849Z_S1A_30_v0.1.zip,https://hyp3-tibet-jpl-test-contentbucket-hratibh1y9pa.s3.us-west-2.amazonaws.com/72677361-b55c-4029-8efa-313aa1ff43fd/OPERA_L3_DIST-ALERT-S1_T34SGH_20240820T162359Z_20251017T012849Z_S1A_30_v0.1.png,2025-10-16T22:25:21+00:00,1239.534,4.5,34SGH,1,7,4,none,False,transformer_optimized,high,32,2024-08-20,102,2.5,4,best,none,False
attica_fire_2024__34SGH,https://hyp3-tibet-jpl-test-contentbucket-hratibh1y9pa.s3.us-west-2.amazonaws.com/b6f15ca4-4deb-4417-b7e6-441759815c61/OPERA_L3_DIST-ALERT-S1_T34SGH_20240919T043202Z_20251017T012811Z_S1A_30_v0.1.zip,https://hyp3-tibet-jpl-test-contentbucket-hratibh1y9pa.s3.us-west-2.amazonaws.com/b6f15ca4-4deb-4417-b7e6-441759815c61/OPERA_L3_DIST-ALERT-S1_T34SGH_20240919T043202Z_20251017T012811Z_S1A_30_v0.1.png,2025-10-16T22:25:21+00:00,1225.847,4.5,34SGH,1,7,4,none,False,transformer_optimized,high,32,2024-09-19,7,2.5,4,best,none,False
demak_flood_2024__49MEN,https://hyp3-tibet-jpl-test-contentbucket-hratibh1y9pa.s3.us-west-2.amazonaws.com/f7b91e93-e23a-4f0a-bbe1-ab40ffa932e2/OPERA_L3_DIST-ALERT-S1_T49MEN_20240224T105848Z_20251017T013046Z_S1A_30_v0.1.zip,https://hyp3-tibet-jpl-test-contentbucket-hratibh1y9pa.s3.us-west-2.amazonaws.com/f7b91e93-e23a-4f0a-bbe1-ab40ffa932e2/OPERA_L3_DIST-ALERT-S1_T49MEN_20240224T105848Z_20251017T013046Z_S1A_30_v0.1.png,2025-10-16T22:25:21+00:00,1386.072,4.5,49MEN,1,7,4,none,False,transformer_optimized,high,32,2024-02-24,127,2.5,4,best,none,False
chilcotin_river_landslide_and_flood_2024__10UEC,https://hyp3-tibet-jpl-test-contentbucket-hratibh1y9pa.s3.us-west-2.amazonaws.com/2ce942f9-2e19-4415-85c7-008c7b237e0f/OPERA_L3_DIST-ALERT-S1_T10UEC_20240709T142048Z_20251017T012634Z_S1A_30_v0.1.zip,https://hyp3-tibet-jpl-test-contentbucket-hratibh1y9pa.s3.us-west-2.amazonaws.com/2ce942f9-2e19-4415-85c7-008c7b237e0f/OPERA_L3_DIST-ALERT-S1_T10UEC_20240709T142048Z_20251017T012634Z_S1A_30_v0.1.png,2025-10-16T22:25:21+00:00,1199.851,4.5,10UEC,1,7,4,none,False,transformer_optimized,high,32,2024-07-09,13,2.5,4,best,none,False
demak_flood_2024__49MDN,https://hyp3-tibet-jpl-test-contentbucket-hratibh1y9pa.s3.us-west-2.amazonaws.com/4d1d6e1d-4e60-4a8a-8a0c-aa783197752c/OPERA_L3_DIST-ALERT-S1_T49MDN_20240312T110700Z_20251017T011631Z_S1A_30_v0.1.zip,https://hyp3-tibet-jpl-test-contentbucket-hratibh1y9pa.s3.us-west-2.amazonaws.com/4d1d6e1d-4e60-4a8a-8a0c-aa783197752c/OPERA_L3_DIST-ALERT-S1_T49MDN_20240312T110700Z_20251017T011631Z_S1A_30_v0.1.png,2025-10-16T22:25:21+00:00,675.728,4.5,49MDN,1,7,4,none,False,transformer_optimized,high,32,2024-03-12,25,2.5,4,best,none,False
papau_new_guinea_landslide_2024__54MYV,https://hyp3-tibet-jpl-test-contentbucket-hratibh1y9pa.s3.us-west-2.amazonaws.com/75e43719-fd55-41fd-a6bc-43e402ce0df4/OPERA_L3_DIST-ALERT-S1_T54MYV_20240603T084743Z_20251017T012800Z_S1A_30_v0.1.zip,https://hyp3-tibet-jpl-test-contentbucket-hratibh1y9pa.s3.us-west-2.amazonaws.com/75e43719-fd55-41fd-a6bc-43e402ce0df4/OPERA_L3_DIST-ALERT-S1_T54MYV_20240603T084743Z_20251017T012800Z_S1A_30_v0.1.png,2025-10-16T22:25:21+00:00,1412.263,4.5,54MYV,1,7,4,none,False,transformer_optimized,high,32,2024-06-03,9,2.5,4,best,none,False
belize_fire_south_2024__19HBD,https://hyp3-tibet-jpl-test-contentbucket-hratibh1y9pa.s3.us-west-2.amazonaws.com/de7d6f24-4aae-47b4-b35c-e3fcc8007706/OPERA_L3_DIST-ALERT-S1_T19HBD_20240515T233647Z_20251017T010508Z_S1A_30_v0.1.zip,https://hyp3-tibet-jpl-test-contentbucket-hratibh1y9pa.s3.us-west-2.amazonaws.com/de7d6f24-4aae-47b4-b35c-e3fcc8007706/OPERA_L3_DIST-ALERT-S1_T19HBD_20240515T233647Z_20251017T010508Z_S1A_30_v0.1.png,2025-10-16T22:25:21+00:00,112.683,4.5,19HBD,1,7,4,none,False,transformer_optimized,high,32,2024-05-15,91,2.5,4,best,none,False
attica_fire_2024__34SGH,https://hyp3-tibet-jpl-test-contentbucket-hratibh1y9pa.s3.us-west-2.amazonaws.com/2d7c8d72-1cb0-45e8-9b63-dda5741b4b25/OPERA_L3_DIST-ALERT-S1_T34SGH_20240827T161551Z_20251017T011506Z_S1A_30_v0.1.zip,https://hyp3-tibet-jpl-test-contentbucket-hratibh1y9pa.s3.us-west-2.amazonaws.com/2d7c8d72-1cb0-45e8-9b63-dda5741b4b25/OPERA_L3_DIST-ALERT-S1_T34SGH_20240827T161551Z_20251017T011506Z_S1A_30_v0.1.png,2025-10-16T22:25:21+00:00,686.335,4.5,34SGH,1,7,4,none,False,transformer_optimized,high,32,2024-08-27,29,2.5,4,best,none,False
bioko_fire_2024__32NMJ,https://hyp3-tibet-jpl-test-contentbucket-hratibh1y9pa.s3.us-west-2.amazonaws.com/3e601ad2-00f1-4ab0-b7cb-3830de49b403/OPERA_L3_DIST-ALERT-S1_T32NMJ_20240307T051440Z_20251017T011608Z_S1A_30_v0.1.zip,https://hyp3-tibet-jpl-test-contentbucket-hratibh1y9pa.s3.us-west-2.amazonaws.com/3e601ad2-00f1-4ab0-b7cb-3830de49b403/OPERA_L3_DIST-ALERT-S1_T32NMJ_20240307T051440Z_20251017T011608Z_S1A_30_v0.1.png,2025-10-16T22:25:21+00:00,808.298,4.5,32NMJ,1,7,4,none,False,transformer_optimized,high,32,2024-03-07,124,2.5,4,best,none,False
belize_fire_south_2024__19HBD,https://hyp3-tibet-jpl-test-contentbucket-hratibh1y9pa.s3.us-west-2.amazonaws.com/a76e0d23-d372-401d-aefa-86b1cfa08a9f/OPERA_L3_DIST-ALERT-S1_T19HBD_20240510T232837Z_20251017T013002Z_S1A_30_v0.1.zip,https://hyp3-tibet-jpl-test-contentbucket-hratibh1y9pa.s3.us-west-2.amazonaws.com/a76e0d23-d372-401d-aefa-86b1cfa08a9f/OPERA_L3_DIST-ALERT-S1_T19HBD_20240510T232837Z_20251017T013002Z_S1A_30_v0.1.png,2025-10-16T22:25:21+00:00,1710.785,4.5,19HBD,1,7,4,none,False,transformer_optimized,high,32,2024-05-10,18,2.5,4,best,none,False
attica_fire_2024__34SGH,https://hyp3-tibet-jpl-test-contentbucket-hratibh1y9pa.s3.us-west-2.amazonaws.com/86661000-c204-4b42-bd47-584f6b62baf7/OPERA_L3_DIST-ALERT-S1_T34SGH_20240913T162359Z_20251017T012327Z_S1A_30_v0.1.zip,https://hyp3-tibet-jpl-test-contentbucket-hratibh1y9pa.s3.us-west-2.amazonaws.com/86661000-c204-4b42-bd47-584f6b62baf7/OPERA_L3_DIST-ALERT-S1_T34SGH_20240913T162359Z_20251017T012327Z_S1A_30_v0.1.png,2025-10-16T22:25:21+00:00,1349.946,4.5,34SGH,1,7,4,none,False,transformer_optimized,high,32,2024-09-13,102,2.5,4,best,none,False
bioko_fire_2024__32NMJ,https://hyp3-tibet-jpl-test-contentbucket-hratibh1y9pa.s3.us-west-2.amazonaws.com/ef4cb91b-c1ff-4d5a-a2d6-e18de9cffcdc/OPERA_L3_DIST-ALERT-S1_T32NMJ_20240217T174445Z_20251017T012443Z_S1A_30_v0.1.zip,https://hyp3-tibet-jpl-test-contentbucket-hratibh1y9pa.s3.us-west-2.amazonaws.com/ef4cb91b-c1ff-4d5a-a2d6-e18de9cffcdc/OPERA_L3_DIST-ALERT-S1_T32NMJ_20240217T174445Z_20251017T012443Z_S1A_30_v0.1.png,2025-10-16T22:25:21+00:00,1384.391,4.5,32NMJ,1,7,4,none,False,transformer_optimized,high,32,2024-02-17,30,2.5,4,best,none,False
papau_new_guinea_landslide_2024__54MYV,https://hyp3-tibet-jpl-test-contentbucket-hratibh1y9pa.s3.us-west-2.amazonaws.com/69e30d86-ac95-44d6-93bc-e32cea39628a/OPERA_L3_DIST-ALERT-S1_T54MYV_20240616T201349Z_20251017T010925Z_S1A_30_v0.1.zip,https://hyp3-tibet-jpl-test-contentbucket-hratibh1y9pa.s3.us-west-2.amazonaws.com/69e30d86-ac95-44d6-93bc-e32cea39628a/OPERA_L3_DIST-ALERT-S1_T54MYV_20240616T201349Z_20251017T010925Z_S1A_30_v0.1.png,2025-10-16T22:25:21+00:00,466.284,4.5,54MYV,1,7,4,none,False,transformer_optimized,high,32,2024-06-16,31,2.5,4,best,none,False
park_fire_2024__10TEK,https://hyp3-tibet-jpl-test-contentbucket-hratibh1y9pa.s3.us-west-2.amazonaws.com/f47cc93b-860d-4ba2-b296-965f464355e3/OPERA_L3_DIST-ALERT-S1_T10TEK_20240914T141548Z_20251017T012052Z_S1A_30_v0.1.zip,https://hyp3-tibet-jpl-test-contentbucket-hratibh1y9pa.s3.us-west-2.amazonaws.com/f47cc93b-860d-4ba2-b296-965f464355e3/OPERA_L3_DIST-ALERT-S1_T10TEK_20240914T141548Z_20251017T012052Z_S1A_30_v0.1.png,2025-10-16T22:25:21+00:00,1223.342,4.5,10TEK,1,7,4,none,False,transformer_optimized,high,32,2024-09-14,115,2.5,4,best,none,False
demak_flood_2024__49MDN,https://hyp3-tibet-jpl-test-contentbucket-hratibh1y9pa.s3.us-west-2.amazonaws.com/b378e8c7-3eb4-4a69-8ddb-5927a0ae1ea9/OPERA_L3_DIST-ALERT-S1_T49MDN_20240331T105853Z_20251017T012013Z_S1A_30_v0.1.zip,https://hyp3-tibet-jpl-test-contentbucket-hratibh1y9pa.s3.us-west-2.amazonaws.com/b378e8c7-3eb4-4a69-8ddb-5927a0ae1ea9/OPERA_L3_DIST-ALERT-S1_T49MDN_20240331T105853Z_20251017T012013Z_S1A_30_v0.1.png,2025-10-16T22:25:21+00:00,1218.184,4.5,49MDN,1,7,4,none,False,transformer_optimized,high,32,2024-03-31,127,2.5,4,best,none,False
park_fire_2024__10TEK,https://hyp3-tibet-jpl-test-contentbucket-hratibh1y9pa.s3.us-west-2.amazonaws.com/13683d79-39c8-4729-a591-5b3543ef0d1e/OPERA_L3_DIST-ALERT-S1_T10TEK_20240904T020034Z_20251017T011039Z_S1A_30_v0.1.zip,https://hyp3-tibet-jpl-test-contentbucket-hratibh1y9pa.s3.us-west-2.amazonaws.com/13683d79-39c8-4729-a591-5b3543ef0d1e/OPERA_L3_DIST-ALERT-S1_T10TEK_20240904T020034Z_20251017T011039Z_S1A_30_v0.1.png,2025-10-16T22:25:21+00:00,641.63,4.5,10TEK,1,7,4,none,False,transformer_optimized,high,32,2024-09-04,137,2.5,4,best,none,False
demak_flood_2024__49MDN,https://hyp3-tibet-jpl-test-contentbucket-hratibh1y9pa.s3.us-west-2.amazonaws.com/ab5a30e9-9bb2-49be-b8f6-9482c8128a7c/OPERA_L3_DIST-ALERT-S1_T49MDN_20240429T110702Z_20251017T010735Z_S1A_30_v0.1.zip,https://hyp3-tibet-jpl-test-contentbucket-hratibh1y9pa.s3.us-west-2.amazonaws.com/ab5a30e9-9bb2-49be-b8f6-9482c8128a7c/OPERA_L3_DIST-ALERT-S1_T49MDN_20240429T110702Z_20251017T010735Z_S1A_30_v0.1.png,2025-10-16T22:25:21+00:00,510.269,4.5,49MDN,1,7,4,none,False,transformer_optimized,high,32,2024-04-29,25,2.5,4,best,none,False
tuscany_flood_2023__32TPP,https://hyp3-tibet-jpl-test-contentbucket-hratibh1y9pa.s3.us-west-2.amazonaws.com/476727fa-a82c-478d-bd27-d56d0c54eaf4/OPERA_L3_DIST-ALERT-S1_T32TPP_20231006T052813Z_20251017T012047Z_S1A_30_v0.1.zip,https://hyp3-tibet-jpl-test-contentbucket-hratibh1y9pa.s3.us-west-2.amazonaws.com/476727fa-a82c-478d-bd27-d56d0c54eaf4/OPERA_L3_DIST-ALERT-S1_T32TPP_20231006T052813Z_20251017T012047Z_S1A_30_v0.1.png,2025-10-16T22:25:21+00:00,1316.76,4.5,32TPP,1,7,4,none,False,transformer_optimized,high,32,2023-10-06,168,2.5,4,best,none,False
tuscany_flood_2023__32TPP,https://hyp3-tibet-jpl-test-contentbucket-hratibh1y9pa.s3.us-west-2.amazonaws.com/aaac637a-3ec9-4199-8e84-949813de9e2f/OPERA_L3_DIST-ALERT-S1_T32TPP_20231014T170644Z_20251017T012127Z_S1A_30_v0.1.zip,https://hyp3-tibet-jpl-test-contentbucket-hratibh1y9pa.s3.us-west-2.amazonaws.com/aaac637a-3ec9-4199-8e84-949813de9e2f/OPERA_L3_DIST-ALERT-S1_T32TPP_20231014T170644Z_20251017T012127Z_S1A_30_v0.1.png,2025-10-16T22:25:21+00:00,1473.307,4.5,32TPP,1,7,4,none,False,transformer_optimized,high,32,2023-10-14,117,2.5,4,best,none,False
demak_flood_2024__49MDN,https://hyp3-tibet-jpl-test-contentbucket-hratibh1y9pa.s3.us-west-2.amazonaws.com/7833a9e5-1b4f-40ef-87fa-e1e1bfd1a320/OPERA_L3_DIST-ALERT-S1_T49MDN_20240224T105852Z_20251017T012117Z_S1A_30_v0.1.zip,https://hyp3-tibet-jpl-test-contentbucket-hratibh1y9pa.s3.us-west-2.amazonaws.com/7833a9e5-1b4f-40ef-87fa-e1e1bfd1a320/OPERA_L3_DIST-ALERT-S1_T49MDN_20240224T105852Z_20251017T012117Z_S1A_30_v0.1.png,2025-10-16T22:25:21+00:00,1460.822,4.5,49MDN,1,7,4,none,False,transformer_optimized,high,32,2024-02-24,127,2.5,4,best,none,False
park_fire_2024__10TFK,https://hyp3-tibet-jpl-test-contentbucket-hratibh1y9pa.s3.us-west-2.amazonaws.com/d9056330-f2c2-4271-bd61-dcfdd9998c7a/OPERA_L3_DIST-ALERT-S1_T10TFK_20240909T140735Z_20251017T011455Z_S1A_30_v0.1.zip,https://hyp3-tibet-jpl-test-contentbucket-hratibh1y9pa.s3.us-west-2.amazonaws.com/d9056330-f2c2-4271-bd61-dcfdd9998c7a/OPERA_L3_DIST-ALERT-S1_T10TFK_20240909T140735Z_20251017T011455Z_S1A_30_v0.1.png,2025-10-16T22:25:21+00:00,1155.647,4.5,10TFK,1,7,4,none,False,transformer_optimized,high,32,2024-09-09,42,2.5,4,best,none,False
tuscany_flood_2023__32TPP,https://hyp3-tibet-jpl-test-contentbucket-hratibh1y9pa.s3.us-west-2.amazonaws.com/9816b932-489a-4a92-9f7c-e156835afbef/OPERA_L3_DIST-ALERT-S1_T32TPP_20231112T171453Z_20251017T011655Z_S1A_30_v0.1.zip,https://hyp3-tibet-jpl-test-contentbucket-hratibh1y9pa.s3.us-west-2.amazonaws.com/9816b932-489a-4a92-9f7c-e156835afbef/OPERA_L3_DIST-ALERT-S1_T32TPP_20231112T171453Z_20251017T011655Z_S1A_30_v0.1.png,2025-10-16T22:25:21+00:00,1269.999,4.5,32TPP,1,7,4,none,False,transformer_optimized,high,32,2023-11-12,15,2.5,4,best,none,False
papau_new_guinea_landslide_2024__54MYV,https://hyp3-tibet-jpl-test-contentbucket-hratibh1y9pa.s3.us-west-2.amazonaws.com/65646524-4d32-4bb4-b763-5462db349f88/OPERA_L3_DIST-ALERT-S1_T54MYV_20240604T201349Z_20251017T010255Z_S1A_30_v0.1.zip,https://hyp3-tibet-jpl-test-contentbucket-hratibh1y9pa.s3.us-west-2.amazonaws.com/65646524-4d32-4bb4-b763-5462db349f88/OPERA_L3_DIST-ALERT-S1_T54MYV_20240604T201349Z_20251017T010255Z_S1A_30_v0.1.png,2025-10-16T22:25:21+00:00,478.716,4.5,54MYV,1,7,4,none,False,transformer_optimized,high,32,2024-06-04,31,2.5,4,best,none,False
attica_fire_2024__34SGH,https://hyp3-tibet-jpl-test-contentbucket-hratibh1y9pa.s3.us-west-2.amazonaws.com/5ebe8ce0-e7cf-458a-98c3-57693307e3ec/OPERA_L3_DIST-ALERT-S1_T34SGH_20240908T161551Z_20251017T010135Z_S1A_30_v0.1.zip,https://hyp3-tibet-jpl-test-contentbucket-hratibh1y9pa.s3.us-west-2.amazonaws.com/5ebe8ce0-e7cf-458a-98c3-57693307e3ec/OPERA_L3_DIST-ALERT-S1_T34SGH_20240908T161551Z_20251017T010135Z_S1A_30_v0.1.png,2025-10-16T22:25:21+00:00,554.318,4.5,34SGH,1,7,4,none,False,transformer_optimized,high,32,2024-09-08,29,2.5,4,best,none,False
park_fire_2024__10TEK,https://hyp3-tibet-jpl-test-contentbucket-hratibh1y9pa.s3.us-west-2.amazonaws.com/5159925d-c7fc-466b-ae1f-66986caa6166/OPERA_L3_DIST-ALERT-S1_T10TEK_20240921T140738Z_20251017T010336Z_S1A_30_v0.1.zip,https://hyp3-tibet-jpl-test-contentbucket-hratibh1y9pa.s3.us-west-2.amazonaws.com/5159925d-c7fc-466b-ae1f-66986caa6166/OPERA_L3_DIST-ALERT-S1_T10TEK_20240921T140738Z_20251017T010336Z_S1A_30_v0.1.png,2025-10-16T22:25:21+00:00,647.507,4.5,10TEK,1,7,4,none,False,transformer_optimized,high,32,2024-09-21,42,2.5,4,best,none,False
demak_flood_2024__49MDN,https://hyp3-tibet-jpl-test-contentbucket-hratibh1y9pa.s3.us-west-2.amazonaws.com/eb9784ac-19ac-485b-82eb-cb5ab9099397/OPERA_L3_DIST-ALERT-S1_T49MDN_20240217T110700Z_20251017T010020Z_S1A_30_v0.1.zip,https://hyp3-tibet-jpl-test-contentbucket-hratibh1y9pa.s3.us-west-2.amazonaws.com/eb9784ac-19ac-485b-82eb-cb5ab9099397/OPERA_L3_DIST-ALERT-S1_T49MDN_20240217T110700Z_20251017T010020Z_S1A_30_v0.1.png,2025-10-16T22:25:21+00:00,603.045,4.5,49MDN,1,7,4,none,False,transformer_optimized,high,32,2024-02-17,25,2.5,4,best,none,False
tuscany_flood_2023__32TPP,https://hyp3-tibet-jpl-test-contentbucket-hratibh1y9pa.s3.us-west-2.amazonaws.com/bb1fb612-f485-417c-b1cc-0367b6d71c9f/OPERA_L3_DIST-ALERT-S1_T32TPP_20231118T052002Z_20251017T010958Z_S1A_30_v0.1.zip,https://hyp3-tibet-jpl-test-contentbucket-hratibh1y9pa.s3.us-west-2.amazonaws.com/bb1fb612-f485-417c-b1cc-0367b6d71c9f/OPERA_L3_DIST-ALERT-S1_T32TPP_20231118T052002Z_20251017T010958Z_S1A_30_v0.1.png,2025-10-16T22:25:21+00:00,1132.226,4.5,32TPP,1,7,4,none,False,transformer_optimized,high,32,2023-11-18,95,2.5,4,best,none,False
belize_fire_south_2024__19HBD,https://hyp3-tibet-jpl-test-contentbucket-hratibh1y9pa.s3.us-west-2.amazonaws.com/a0ab7f83-656a-4f6d-a9a8-02f6d53b8f44/OPERA_L3_DIST-ALERT-S1_T19HBD_20240428T232837Z_20251017T011948Z_S1A_30_v0.1.zip,https://hyp3-tibet-jpl-test-contentbucket-hratibh1y9pa.s3.us-west-2.amazonaws.com/a0ab7f83-656a-4f6d-a9a8-02f6d53b8f44/OPERA_L3_DIST-ALERT-S1_T19HBD_20240428T232837Z_20251017T011948Z_S1A_30_v0.1.png,2025-10-16T22:25:21+00:00,1778.405,4.5,19HBD,1,7,4,none,False,transformer_optimized,high,32,2024-04-28,18,2.5,4,best,none,False
papau_new_guinea_landslide_2024__54MYV,https://hyp3-tibet-jpl-test-contentbucket-hratibh1y9pa.s3.us-west-2.amazonaws.com/13a9fe7c-c945-417f-93ed-ad20411c3be7/OPERA_L3_DIST-ALERT-S1_T54MYV_20240709T084741Z_20251017T011123Z_S1A_30_v0.1.zip,https://hyp3-tibet-jpl-test-contentbucket-hratibh1y9pa.s3.us-west-2.amazonaws.com/13a9fe7c-c945-417f-93ed-ad20411c3be7/OPERA_L3_DIST-ALERT-S1_T54MYV_20240709T084741Z_20251017T011123Z_S1A_30_v0.1.png,2025-10-16T22:25:21+00:00,1249.153,4.5,54MYV,1,7,4,none,False,transformer_optimized,high,32,2024-07-09,9,2.5,4,best,none,False
park_fire_2024__10TEK,https://hyp3-tibet-jpl-test-contentbucket-hratibh1y9pa.s3.us-west-2.amazonaws.com/896d1efe-a70f-4d93-99e4-d7cd3ee366cb/OPERA_L3_DIST-ALERT-S1_T10TEK_20240921T020843Z_20251017T011140Z_S1A_30_v0.1.zip,https://hyp3-tibet-jpl-test-contentbucket-hratibh1y9pa.s3.us-west-2.amazonaws.com/896d1efe-a70f-4d93-99e4-d7cd3ee366cb/OPERA_L3_DIST-ALERT-S1_T10TEK_20240921T020843Z_20251017T011140Z_S1A_30_v0.1.png,2025-10-16T22:25:21+00:00,1329.277,4.5,10TEK,1,7,4,none,False,transformer_optimized,high,32,2024-09-21,35,2.5,4,best,none,False
belize_fire_south_2024__19HBD,https://hyp3-tibet-jpl-test-contentbucket-hratibh1y9pa.s3.us-west-2.amazonaws.com/ee1f9eba-e9e4-43e4-8ae9-e6c1986bd73c/OPERA_L3_DIST-ALERT-S1_T19HBD_20240508T100431Z_20251017T012129Z_S1A_30_v0.1.zip,https://hyp3-tibet-jpl-test-contentbucket-hratibh1y9pa.s3.us-west-2.amazonaws.com/ee1f9eba-e9e4-43e4-8ae9-e6c1986bd73c/OPERA_L3_DIST-ALERT-S1_T19HBD_20240508T100431Z_20251017T012129Z_S1A_30_v0.1.png,2025-10-16T22:25:21+00:00,2027.664,4.5,19HBD,1,7,4,none,False,transformer_optimized,high,32,2024-05-08,156,2.5,4,best,none,False
bioko_fire_2024__32NMJ,https://hyp3-tibet-jpl-test-contentbucket-hratibh1y9pa.s3.us-west-2.amazonaws.com/35414030-27f7-475f-9274-3f681385990c/OPERA_L3_DIST-ALERT-S1_T32NMJ_20240212T173644Z_20251017T005537Z_S1A_30_v0.1.zip,https://hyp3-tibet-jpl-test-contentbucket-hratibh1y9pa.s3.us-west-2.amazonaws.com/35414030-27f7-475f-9274-3f681385990c/OPERA_L3_DIST-ALERT-S1_T32NMJ_20240212T173644Z_20251017T005537Z_S1A_30_v0.1.png,2025-10-16T22:25:21+00:00,438.608,4.5,32NMJ,1,7,4,none,False,transformer_optimized,high,32,2024-02-12,132,2.5,4,best,none,False
attica_fire_2024__34SGH,https://hyp3-tibet-jpl-test-contentbucket-hratibh1y9pa.s3.us-west-2.amazonaws.com/585ed587-ec6a-4fe1-a8d0-2874d0ef2f0f/OPERA_L3_DIST-ALERT-S1_T34SGH_20240721T043201Z_20251017T010723Z_S1A_30_v0.1.zip,https://hyp3-tibet-jpl-test-contentbucket-hratibh1y9pa.s3.us-west-2.amazonaws.com/585ed587-ec6a-4fe1-a8d0-2874d0ef2f0f/OPERA_L3_DIST-ALERT-S1_T34SGH_20240721T043201Z_20251017T010723Z_S1A_30_v0.1.png,2025-10-16T22:25:21+00:00,1311.752,4.5,34SGH,1,7,4,none,False,transformer_optimized,high,32,2024-07-21,7,2.5,4,best,none,False
tuscany_flood_2023__32TPP,https://hyp3-tibet-jpl-test-contentbucket-hratibh1y9pa.s3.us-west-2.amazonaws.com/6d0d3795-a207-4350-8145-ce23861bf9ef/OPERA_L3_DIST-ALERT-S1_T32TPP_20231123T052812Z_20251017T010612Z_S1A_30_v0.1.zip,https://hyp3-tibet-jpl-test-contentbucket-hratibh1y9pa.s3.us-west-2.amazonaws.com/6d0d3795-a207-4350-8145-ce23861bf9ef/OPERA_L3_DIST-ALERT-S1_T32TPP_20231123T052812Z_20251017T010612Z_S1A_30_v0.1.png,2025-10-16T22:25:21+00:00,1400.987,4.5,32TPP,1,7,4,none,False,transformer_optimized,high,32,2023-11-23,168,2.5,4,best,none,False
park_fire_2024__10TFK,https://hyp3-tibet-jpl-test-contentbucket-hratibh1y9pa.s3.us-west-2.amazonaws.com/b3834821-9b0e-4969-9d85-9f79bca66e99/OPERA_L3_DIST-ALERT-S1_T10TFK_20240909T020841Z_20251017T005255Z_S1A_30_v0.1.zip,https://hyp3-tibet-jpl-test-contentbucket-hratibh1y9pa.s3.us-west-2.amazonaws.com/b3834821-9b0e-4969-9d85-9f79bca66e99/OPERA_L3_DIST-ALERT-S1_T10TFK_20240909T020841Z_20251017T005255Z_S1A_30_v0.1.png,2025-10-16T22:25:21+00:00,685.665,4.5,10TFK,1,7,4,none,False,transformer_optimized,high,32,2024-09-09,35,2.5,4,best,none,False
attica_fire_2024__34SGH,https://hyp3-tibet-jpl-test-contentbucket-hratibh1y9pa.s3.us-west-2.amazonaws.com/a46786fb-41ba-41be-9863-0d685de4f339/OPERA_L3_DIST-ALERT-S1_T34SGH_20241007T162400Z_20251017T010625Z_S1A_30_v0.1.zip,https://hyp3-tibet-jpl-test-contentbucket-hratibh1y9pa.s3.us-west-2.amazonaws.com/a46786fb-41ba-41be-9863-0d685de4f339/OPERA_L3_DIST-ALERT-S1_T34SGH_20241007T162400Z_20251017T010625Z_S1A_30_v0.1.png,2025-10-16T22:25:21+00:00,1535.066,4.5,34SGH,1,7,4,none,False,transformer_optimized,high,32,2024-10-07,102,2.5,4,best,none,False
tuscany_flood_2023__32TPP,https://hyp3-tibet-jpl-test-contentbucket-hratibh1y9pa.s3.us-west-2.amazonaws.com/da4671e9-4039-4711-94b4-a2fbfa24621f/OPERA_L3_DIST-ALERT-S1_T32TPP_20231025T052002Z_20251017T010438Z_S1A_30_v0.1.zip,https://hyp3-tibet-jpl-test-contentbucket-hratibh1y9pa.s3.us-west-2.amazonaws.com/da4671e9-4039-4711-94b4-a2fbfa24621f/OPERA_L3_DIST-ALERT-S1_T32TPP_20231025T052002Z_20251017T010438Z_S1A_30_v0.1.png,2025-10-16T22:25:21+00:00,1432.031,4.5,32TPP,1,7,4,none,False,transformer_optimized,high,32,2023-10-25,95,2.5,4,best,none,False
attica_fire_2024__34SGH,https://hyp3-tibet-jpl-test-contentbucket-hratibh1y9pa.s3.us-west-2.amazonaws.com/21209691-fe9c-468c-97c2-fdef5f918f7b/OPERA_L3_DIST-ALERT-S1_T34SGH_20241001T043202Z_20251017T010212Z_S1A_30_v0.1.zip,https://hyp3-tibet-jpl-test-contentbucket-hratibh1y9pa.s3.us-west-2.amazonaws.com/21209691-fe9c-468c-97c2-fdef5f918f7b/OPERA_L3_DIST-ALERT-S1_T34SGH_20241001T043202Z_20251017T010212Z_S1A_30_v0.1.png,2025-10-16T22:25:21+00:00,1434.687,4.5,34SGH,1,7,4,none,False,transformer_optimized,high,32,2024-10-01,7,2.5,4,best,none,False
park_fire_2024__10TFK,https://hyp3-tibet-jpl-test-contentbucket-hratibh1y9pa.s3.us-west-2.amazonaws.com/97ba4d64-d9e4-40c2-97ff-998d25d27c89/OPERA_L3_DIST-ALERT-S1_T10TFK_20240914T141545Z_20251017T004918Z_S1A_30_v0.1.zip,https://hyp3-tibet-jpl-test-contentbucket-hratibh1y9pa.s3.us-west-2.amazonaws.com/97ba4d64-d9e4-40c2-97ff-998d25d27c89/OPERA_L3_DIST-ALERT-S1_T10TFK_20240914T141545Z_20251017T004918Z_S1A_30_v0.1.png,2025-10-16T22:25:21+00:00,689.812,4.5,10TFK,1,7,4,none,False,transformer_optimized,high,32,2024-09-14,115,2.5,4,best,none,False
bioko_fire_2024__32NMJ,https://hyp3-tibet-jpl-test-contentbucket-hratibh1y9pa.s3.us-west-2.amazonaws.com/6801512e-a46f-48f0-9941-db74340eb1fd/OPERA_L3_DIST-ALERT-S1_T32NMJ_20240324T174445Z_20251017T010113Z_S1A_30_v0.1.zip,https://hyp3-tibet-jpl-test-contentbucket-hratibh1y9pa.s3.us-west-2.amazonaws.com/6801512e-a46f-48f0-9941-db74340eb1fd/OPERA_L3_DIST-ALERT-S1_T32NMJ_20240324T174445Z_20251017T010113Z_S1A_30_v0.1.png,2025-10-16T22:25:21+00:00,1396.977,4.5,32NMJ,1,7,4,none,False,transformer_optimized,high,32,2024-03-24,30,2.5,4,best,none,False
papau_new_guinea_landslide_2024__54MYV,https://hyp3-tibet-jpl-test-contentbucket-hratibh1y9pa.s3.us-west-2.amazonaws.com/4fd8a6d1-44a2-4ef4-962f-2526caa52126/OPERA_L3_DIST-ALERT-S1_T54MYV_20240424T200540Z_20251017T010520Z_S1A_30_v0.1.zip,https://hyp3-tibet-jpl-test-contentbucket-hratibh1y9pa.s3.us-west-2.amazonaws.com/4fd8a6d1-44a2-4ef4-962f-2526caa52126/OPERA_L3_DIST-ALERT-S1_T54MYV_20240424T200540Z_20251017T010520Z_S1A_30_v0.1.png,2025-10-16T22:25:21+00:00,1687.628,4.5,54MYV,1,7,4,none,False,transformer_optimized,high,32,2024-04-24,133,2.5,4,best,none,False
tuscany_flood_2023__32TPP,https://hyp3-tibet-jpl-test-contentbucket-hratibh1y9pa.s3.us-west-2.amazonaws.com/3d2bf32e-425e-41d1-bedc-9e5bd239664d/OPERA_L3_DIST-ALERT-S1_T32TPP_20231124T171452Z_20251017T005952Z_S1A_30_v0.1.zip,https://hyp3-tibet-jpl-test-contentbucket-hratibh1y9pa.s3.us-west-2.amazonaws.com/3d2bf32e-425e-41d1-bedc-9e5bd239664d/OPERA_L3_DIST-ALERT-S1_T32TPP_20231124T171452Z_20251017T005952Z_S1A_30_v0.1.png,2025-10-16T22:25:21+00:00,1424.083,4.5,32TPP,1,7,4,none,False,transformer_optimized,high,32,2023-11-24,15,2.5,4,best,none,False
tuscany_flood_2023__32TPP,https://hyp3-tibet-jpl-test-contentbucket-hratibh1y9pa.s3.us-west-2.amazonaws.com/8e78fd94-fcba-4292-b8b3-5c820f2e9c62/OPERA_L3_DIST-ALERT-S1_T32TPP_20231119T170644Z_20251017T005957Z_S1A_30_v0.1.zip,https://hyp3-tibet-jpl-test-contentbucket-hratibh1y9pa.s3.us-west-2.amazonaws.com/8e78fd94-fcba-4292-b8b3-5c820f2e9c62/OPERA_L3_DIST-ALERT-S1_T32TPP_20231119T170644Z_20251017T005957Z_S1A_30_v0.1.png,2025-10-16T22:25:21+00:00,1419.594,4.5,32TPP,1,7,4,none,False,transformer_optimized,high,32,2023-11-19,117,2.5,4,best,none,False
belize_fire_south_2024__19HBD,https://hyp3-tibet-jpl-test-contentbucket-hratibh1y9pa.s3.us-west-2.amazonaws.com/05dff618-402a-46da-b20b-7088b9dc6ed2/OPERA_L3_DIST-ALERT-S1_T19HBD_20240503T233647Z_20251017T003840Z_S1A_30_v0.1.zip,https://hyp3-tibet-jpl-test-contentbucket-hratibh1y9pa.s3.us-west-2.amazonaws.com/05dff618-402a-46da-b20b-7088b9dc6ed2/OPERA_L3_DIST-ALERT-S1_T19HBD_20240503T233647Z_20251017T003840Z_S1A_30_v0.1.png,2025-10-16T22:25:21+00:00,166.335,4.5,19HBD,1,7,4,none,False,transformer_optimized,high,32,2024-05-03,91,2.5,4,best,none,False
papau_new_guinea_landslide_2024__54MYV,https://hyp3-tibet-jpl-test-contentbucket-hratibh1y9pa.s3.us-west-2.amazonaws.com/ad87f908-fb0c-4c08-b30e-bbe6f6311098/OPERA_L3_DIST-ALERT-S1_T54MYV_20240623T200539Z_20251017T005847Z_S1A_30_v0.1.zip,https://hyp3-tibet-jpl-test-contentbucket-hratibh1y9pa.s3.us-west-2.amazonaws.com/ad87f908-fb0c-4c08-b30e-bbe6f6311098/OPERA_L3_DIST-ALERT-S1_T54MYV_20240623T200539Z_20251017T005847Z_S1A_30_v0.1.png,2025-10-16T22:25:21+00:00,1388.643,4.5,54MYV,1,7,4,none,False,transformer_optimized,high,32,2024-06-23,133,2.5,4,best,none,False
demak_flood_2024__49MEN,https://hyp3-tibet-jpl-test-contentbucket-hratibh1y9pa.s3.us-west-2.amazonaws.com/4a185d4b-28cf-40b4-9a44-3eed6fb6ed52/OPERA_L3_DIST-ALERT-S1_T49MEN_20240424T105849Z_20251017T010356Z_S1A_30_v0.1.zip,https://hyp3-tibet-jpl-test-contentbucket-hratibh1y9pa.s3.us-west-2.amazonaws.com/4a185d4b-28cf-40b4-9a44-3eed6fb6ed52/OPERA_L3_DIST-ALERT-S1_T49MEN_20240424T105849Z_20251017T010356Z_S1A_30_v0.1.png,2025-10-16T22:25:21+00:00,1787.164,4.5,49MEN,1,7,4,none,False,transformer_optimized,high,32,2024-04-24,127,2.5,4,best,none,False
demak_flood_2024__49MEN,https://hyp3-tibet-jpl-test-contentbucket-hratibh1y9pa.s3.us-west-2.amazonaws.com/9b3bca84-c0bf-420e-9a19-c35461c0303b/OPERA_L3_DIST-ALERT-S1_T49MEN_20240319T105848Z_20251017T005702Z_S1A_30_v0.1.zip,https://hyp3-tibet-jpl-test-contentbucket-hratibh1y9pa.s3.us-west-2.amazonaws.com/9b3bca84-c0bf-420e-9a19-c35461c0303b/OPERA_L3_DIST-ALERT-S1_T49MEN_20240319T105848Z_20251017T005702Z_S1A_30_v0.1.png,2025-10-16T22:25:21+00:00,1373.418,4.5,49MEN,1,7,4,none,False,transformer_optimized,high,32,2024-03-19,127,2.5,4,best,none,False
papau_new_guinea_landslide_2024__54MYV,https://hyp3-tibet-jpl-test-contentbucket-hratibh1y9pa.s3.us-west-2.amazonaws.com/66493b2a-a2c0-4ccf-8775-019b4fa6bb37/OPERA_L3_DIST-ALERT-S1_T54MYV_20240429T201350Z_20251017T004039Z_S1A_30_v0.1.zip,https://hyp3-tibet-jpl-test-contentbucket-hratibh1y9pa.s3.us-west-2.amazonaws.com/66493b2a-a2c0-4ccf-8775-019b4fa6bb37/OPERA_L3_DIST-ALERT-S1_T54MYV_20240429T201350Z_20251017T004039Z_S1A_30_v0.1.png,2025-10-16T22:25:21+00:00,408.724,4.5,54MYV,1,7,4,none,False,transformer_optimized,high,32,2024-04-29,31,2.5,4,best,none,False
belize_fire_south_2024__19HBD,https://hyp3-tibet-jpl-test-contentbucket-hratibh1y9pa.s3.us-west-2.amazonaws.com/cdb1909b-2104-4492-b4b4-120a0e2e1b7e/OPERA_L3_DIST-ALERT-S1_T19HBD_20240714T233645Z_20251017T003534Z_S1A_30_v0.1.zip,https://hyp3-tibet-jpl-test-contentbucket-hratibh1y9pa.s3.us-west-2.amazonaws.com/cdb1909b-2104-4492-b4b4-120a0e2e1b7e/OPERA_L3_DIST-ALERT-S1_T19HBD_20240714T233645Z_20251017T003534Z_S1A_30_v0.1.png,2025-10-16T22:25:21+00:00,196.498,4.5,19HBD,1,7,4,none,False,transformer_optimized,high,32,2024-07-14,91,2.5,4,best,none,False
papau_new_guinea_landslide_2024__54MYV,https://hyp3-tibet-jpl-test-contentbucket-hratibh1y9pa.s3.us-west-2.amazonaws.com/f33c67ff-bd73-4188-9e4a-2a794dbb3460/OPERA_L3_DIST-ALERT-S1_T54MYV_20240615T084742Z_20251017T005049Z_S1A_30_v0.1.zip,https://hyp3-tibet-jpl-test-contentbucket-hratibh1y9pa.s3.us-west-2.amazonaws.com/f33c67ff-bd73-4188-9e4a-2a794dbb3460/OPERA_L3_DIST-ALERT-S1_T54MYV_20240615T084742Z_20251017T005049Z_S1A_30_v0.1.png,2025-10-16T22:25:21+00:00,1220.918,4.5,54MYV,1,7,4,none,False,transformer_optimized,high,32,2024-06-15,9,2.5,4,best,none,False
attica_fire_2024__34SGH,https://hyp3-tibet-jpl-test-contentbucket-hratibh1y9pa.s3.us-west-2.amazonaws.com/375cbc12-9ee5-4925-b27c-ab2fd1c7ba01/OPERA_L3_DIST-ALERT-S1_T34SGH_20240821T042353Z_20251017T004518Z_S1A_30_v0.1.zip,https://hyp3-tibet-jpl-test-contentbucket-hratibh1y9pa.s3.us-west-2.amazonaws.com/375cbc12-9ee5-4925-b27c-ab2fd1c7ba01/OPERA_L3_DIST-ALERT-S1_T34SGH_20240821T042353Z_20251017T004518Z_S1A_30_v0.1.png,2025-10-16T22:25:21+00:00,850.765,4.5,34SGH,1,7,4,none,False,transformer_optimized,high,32,2024-08-21,109,2.5,4,best,none,False
demak_flood_2024__49MEN,https://hyp3-tibet-jpl-test-contentbucket-hratibh1y9pa.s3.us-west-2.amazonaws.com/950ce363-f5da-45e5-8c5e-5d9bc02e336c/OPERA_L3_DIST-ALERT-S1_T49MEN_20240331T105849Z_20251017T005813Z_S1A_30_v0.1.zip,https://hyp3-tibet-jpl-test-contentbucket-hratibh1y9pa.s3.us-west-2.amazonaws.com/950ce363-f5da-45e5-8c5e-5d9bc02e336c/OPERA_L3_DIST-ALERT-S1_T49MEN_20240331T105849Z_20251017T005813Z_S1A_30_v0.1.png,2025-10-16T22:25:21+00:00,1668.719,4.5,49MEN,1,7,4,none,False,transformer_optimized,high,32,2024-03-31,127,2.5,4,best,none,False
chilcotin_river_landslide_and_flood_2024__10UEC,https://hyp3-tibet-jpl-test-contentbucket-hratibh1y9pa.s3.us-west-2.amazonaws.com/2c70abe8-9da9-4f16-90bc-8790e974fa7d/OPERA_L3_DIST-ALERT-S1_T10UEC_20240730T020343Z_20251017T003847Z_S1A_30_v0.1.zip,https://hyp3-tibet-jpl-test-contentbucket-hratibh1y9pa.s3.us-west-2.amazonaws.com/2c70abe8-9da9-4f16-90bc-8790e974fa7d/OPERA_L3_DIST-ALERT-S1_T10UEC_20240730T020343Z_20251017T003847Z_S1A_30_v0.1.png,2025-10-16T22:25:21+00:00,653.489,4.5,10UEC,1,7,4,none,False,transformer_optimized,high,32,2024-07-30,137,2.5,4,best,none,False
demak_flood_2024__49MDN,https://hyp3-tibet-jpl-test-contentbucket-hratibh1y9pa.s3.us-west-2.amazonaws.com/bf599437-229b-400f-a7b8-7c2b623b314f/OPERA_L3_DIST-ALERT-S1_T49MDN_20240412T105852Z_20251017T005327Z_S1A_30_v0.1.zip,https://hyp3-tibet-jpl-test-contentbucket-hratibh1y9pa.s3.us-west-2.amazonaws.com/bf599437-229b-400f-a7b8-7c2b623b314f/OPERA_L3_DIST-ALERT-S1_T49MDN_20240412T105852Z_20251017T005327Z_S1A_30_v0.1.png,2025-10-16T22:25:21+00:00,1492.958,4.5,49MDN,1,7,4,none,False,transformer_optimized,high,32,2024-04-12,127,2.5,4,best,none,False
park_fire_2024__10TEK,https://hyp3-tibet-jpl-test-contentbucket-hratibh1y9pa.s3.us-west-2.amazonaws.com/bab6a6f5-cd89-4017-b6a9-bf82f03eaebf/OPERA_L3_DIST-ALERT-S1_T10TEK_20240902T141547Z_20251017T004703Z_S1A_30_v0.1.zip,https://hyp3-tibet-jpl-test-contentbucket-hratibh1y9pa.s3.us-west-2.amazonaws.com/bab6a6f5-cd89-4017-b6a9-bf82f03eaebf/OPERA_L3_DIST-ALERT-S1_T10TEK_20240902T141547Z_20251017T004703Z_S1A_30_v0.1.png,2025-10-16T22:25:21+00:00,1306.795,4.5,10TEK,1,7,4,none,False,transformer_optimized,high,32,2024-09-02,115,2.5,4,best,none,False
demak_flood_2024__49MDN,https://hyp3-tibet-jpl-test-contentbucket-hratibh1y9pa.s3.us-west-2.amazonaws.com/b35fa54e-ad3a-4a98-b192-a71cb2755862/OPERA_L3_DIST-ALERT-S1_T49MDN_20240408T221749Z_20251017T004635Z_S1A_30_v0.1.zip,https://hyp3-tibet-jpl-test-contentbucket-hratibh1y9pa.s3.us-west-2.amazonaws.com/b35fa54e-ad3a-4a98-b192-a71cb2755862/OPERA_L3_DIST-ALERT-S1_T49MDN_20240408T221749Z_20251017T004635Z_S1A_30_v0.1.png,2025-10-16T22:25:21+00:00,1333.236,4.5,49MDN,1,7,4,none,False,transformer_optimized,high,32,2024-04-08,76,2.5,4,best,none,False
chilcotin_river_landslide_and_flood_2024__10UEC,https://hyp3-tibet-jpl-test-contentbucket-hratibh1y9pa.s3.us-west-2.amazonaws.com/fa3cff03-5a94-4790-b80a-0348ea1c274a/OPERA_L3_DIST-ALERT-S1_T10UEC_20240802T142047Z_20251017T004511Z_S1A_30_v0.1.zip,https://hyp3-tibet-jpl-test-contentbucket-hratibh1y9pa.s3.us-west-2.amazonaws.com/fa3cff03-5a94-4790-b80a-0348ea1c274a/OPERA_L3_DIST-ALERT-S1_T10UEC_20240802T142047Z_20251017T004511Z_S1A_30_v0.1.png,2025-10-16T22:25:21+00:00,1305.437,4.5,10UEC,1,7,4,none,False,transformer_optimized,high,32,2024-08-02,13,2.5,4,best,none,False
attica_fire_2024__34SGH,https://hyp3-tibet-jpl-test-contentbucket-hratibh1y9pa.s3.us-west-2.amazonaws.com/8f72de83-3659-40c3-b1c9-f3f24dbbaf76/OPERA_L3_DIST-ALERT-S1_T34SGH_20240802T043201Z_20251017T004907Z_S1A_30_v0.1.zip,https://hyp3-tibet-jpl-test-contentbucket-hratibh1y9pa.s3.us-west-2.amazonaws.com/8f72de83-3659-40c3-b1c9-f3f24dbbaf76/OPERA_L3_DIST-ALERT-S1_T34SGH_20240802T043201Z_20251017T004907Z_S1A_30_v0.1.png,2025-10-16T22:25:21+00:00,1609.489,4.5,34SGH,1,7,4,none,False,transformer_optimized,high,32,2024-08-02,7,2.5,4,best,none,False
attica_fire_2024__34SGH,https://hyp3-tibet-jpl-test-contentbucket-hratibh1y9pa.s3.us-west-2.amazonaws.com/3345fc76-67c7-477f-b4d5-dfe67ef30e36/OPERA_L3_DIST-ALERT-S1_T34SGH_20240814T043201Z_20251017T004742Z_S1A_30_v0.1.zip,https://hyp3-tibet-jpl-test-contentbucket-hratibh1y9pa.s3.us-west-2.amazonaws.com/3345fc76-67c7-477f-b4d5-dfe67ef30e36/OPERA_L3_DIST-ALERT-S1_T34SGH_20240814T043201Z_20251017T004742Z_S1A_30_v0.1.png,2025-10-16T22:25:21+00:00,1617.671,4.5,34SGH,1,7,4,none,False,transformer_optimized,high,32,2024-08-14,7,2.5,4,best,none,False
demak_flood_2024__49MEN,https://hyp3-tibet-jpl-test-contentbucket-hratibh1y9pa.s3.us-west-2.amazonaws.com/b5d7a3e2-fa1e-45a9-8a6f-a4e1893b7146/OPERA_L3_DIST-ALERT-S1_T49MEN_20240326T105048Z_20251017T002656Z_S1A_30_v0.1.zip,https://hyp3-tibet-jpl-test-contentbucket-hratibh1y9pa.s3.us-west-2.amazonaws.com/b5d7a3e2-fa1e-45a9-8a6f-a4e1893b7146/OPERA_L3_DIST-ALERT-S1_T49MEN_20240326T105048Z_20251017T002656Z_S1A_30_v0.1.png,2025-10-16T22:25:21+00:00,387.923,4.5,49MEN,1,7,4,none,False,transformer_optimized,high,32,2024-03-26,54,2.5,4,best,none,False
bioko_fire_2024__32NMJ,https://hyp3-tibet-jpl-test-contentbucket-hratibh1y9pa.s3.us-west-2.amazonaws.com/50856ff4-3600-4e16-beef-6bd17799754b/OPERA_L3_DIST-ALERT-S1_T32NMJ_20240405T174446Z_20251017T004501Z_S1A_30_v0.1.zip,https://hyp3-tibet-jpl-test-contentbucket-hratibh1y9pa.s3.us-west-2.amazonaws.com/50856ff4-3600-4e16-beef-6bd17799754b/OPERA_L3_DIST-ALERT-S1_T32NMJ_20240405T174446Z_20251017T004501Z_S1A_30_v0.1.png,2025-10-16T22:25:21+00:00,1477.759,4.5,32NMJ,1,7,4,none,False,transformer_optimized,high,32,2024-04-05,30,2.5,4,best,none,False
demak_flood_2024__49MEN,https://hyp3-tibet-jpl-test-contentbucket-hratibh1y9pa.s3.us-west-2.amazonaws.com/eae259e4-2ff6-4802-a794-c2374642e1e1/OPERA_L3_DIST-ALERT-S1_T49MEN_20240315T221745Z_20251017T003324Z_S1A_30_v0.1.zip,https://hyp3-tibet-jpl-test-contentbucket-hratibh1y9pa.s3.us-west-2.amazonaws.com/eae259e4-2ff6-4802-a794-c2374642e1e1/OPERA_L3_DIST-ALERT-S1_T49MEN_20240315T221745Z_20251017T003324Z_S1A_30_v0.1.png,2025-10-16T22:25:21+00:00,908.606,4.5,49MEN,1,7,4,none,False,transformer_optimized,high,32,2024-03-15,76,2.5,4,best,none,False
demak_flood_2024__49MEN,https://hyp3-tibet-jpl-test-contentbucket-hratibh1y9pa.s3.us-west-2.amazonaws.com/e3eb40ce-53b5-4a46-8815-0c81483d9cda/OPERA_L3_DIST-ALERT-S1_T49MEN_20240420T221746Z_20251017T002922Z_S1A_30_v0.1.zip,https://hyp3-tibet-jpl-test-contentbucket-hratibh1y9pa.s3.us-west-2.amazonaws.com/e3eb40ce-53b5-4a46-8815-0c81483d9cda/OPERA_L3_DIST-ALERT-S1_T49MEN_20240420T221746Z_20251017T002922Z_S1A_30_v0.1.png,2025-10-16T22:25:21+00:00,847.99,4.5,49MEN,1,7,4,none,False,transformer_optimized,high,32,2024-04-20,76,2.5,4,best,none,False
tuscany_flood_2023__32TPP,https://hyp3-tibet-jpl-test-contentbucket-hratibh1y9pa.s3.us-west-2.amazonaws.com/9a93075f-d398-4334-b8a7-e27d2951fbba/OPERA_L3_DIST-ALERT-S1_T32TPP_20231205T052812Z_20251017T003650Z_S1A_30_v0.1.zip,https://hyp3-tibet-jpl-test-contentbucket-hratibh1y9pa.s3.us-west-2.amazonaws.com/9a93075f-d398-4334-b8a7-e27d2951fbba/OPERA_L3_DIST-ALERT-S1_T32TPP_20231205T052812Z_20251017T003650Z_S1A_30_v0.1.png,2025-10-16T22:25:21+00:00,1436.778,4.5,32TPP,1,7,4,none,False,transformer_optimized,high,32,2023-12-05,168,2.5,4,best,none,False
attica_fire_2024__34SGH,https://hyp3-tibet-jpl-test-contentbucket-hratibh1y9pa.s3.us-west-2.amazonaws.com/faa40a29-5aad-4e40-aa13-2b452caaedd0/OPERA_L3_DIST-ALERT-S1_T34SGH_20240722T161551Z_20251017T002308Z_S1A_30_v0.1.zip,https://hyp3-tibet-jpl-test-contentbucket-hratibh1y9pa.s3.us-west-2.amazonaws.com/faa40a29-5aad-4e40-aa13-2b452caaedd0/OPERA_L3_DIST-ALERT-S1_T34SGH_20240722T161551Z_20251017T002308Z_S1A_30_v0.1.png,2025-10-16T22:25:21+00:00,629.787,4.5,34SGH,1,7,4,none,False,transformer_optimized,high,32,2024-07-22,29,2.5,4,best,none,False
chilcotin_river_landslide_and_flood_2024__10UEC,https://hyp3-tibet-jpl-test-contentbucket-hratibh1y9pa.s3.us-west-2.amazonaws.com/7e6e6f8e-b063-4147-9f05-6f4d980325e4/OPERA_L3_DIST-ALERT-S1_T10UEC_20240721T142047Z_20251017T003151Z_S1A_30_v0.1.zip,https://hyp3-tibet-jpl-test-contentbucket-hratibh1y9pa.s3.us-west-2.amazonaws.com/7e6e6f8e-b063-4147-9f05-6f4d980325e4/OPERA_L3_DIST-ALERT-S1_T10UEC_20240721T142047Z_20251017T003151Z_S1A_30_v0.1.png,2025-10-16T22:25:21+00:00,1194.694,4.5,10UEC,1,7,4,none,False,transformer_optimized,high,32,2024-07-21,13,2.5,4,best,none,False
park_fire_2024__10TFK,https://hyp3-tibet-jpl-test-contentbucket-hratibh1y9pa.s3.us-west-2.amazonaws.com/c00da7ff-4297-46a5-9aa1-b0ee05de3146/OPERA_L3_DIST-ALERT-S1_T10TFK_20240916T020030Z_20251017T003942Z_S1A_30_v0.1.zip,https://hyp3-tibet-jpl-test-contentbucket-hratibh1y9pa.s3.us-west-2.amazonaws.com/c00da7ff-4297-46a5-9aa1-b0ee05de3146/OPERA_L3_DIST-ALERT-S1_T10TFK_20240916T020030Z_20251017T003942Z_S1A_30_v0.1.png,2025-10-16T22:25:21+00:00,1828.796,4.5,10TFK,1,7,4,none,False,transformer_optimized,high,32,2024-09-16,137,2.5,4,best,none,False
demak_flood_2024__49MDN,https://hyp3-tibet-jpl-test-contentbucket-hratibh1y9pa.s3.us-west-2.amazonaws.com/cfa4ba46-d6c3-4a5f-8850-4009cfeb0bd9/OPERA_L3_DIST-ALERT-S1_T49MDN_20240307T105852Z_20251017T003030Z_S1A_30_v0.1.zip,https://hyp3-tibet-jpl-test-contentbucket-hratibh1y9pa.s3.us-west-2.amazonaws.com/cfa4ba46-d6c3-4a5f-8850-4009cfeb0bd9/OPERA_L3_DIST-ALERT-S1_T49MDN_20240307T105852Z_20251017T003030Z_S1A_30_v0.1.png,2025-10-16T22:25:21+00:00,1352.977,4.5,49MDN,1,7,4,none,False,transformer_optimized,high,32,2024-03-07,127,2.5,4,best,none,False
demak_flood_2024__49MEN,https://hyp3-tibet-jpl-test-contentbucket-hratibh1y9pa.s3.us-west-2.amazonaws.com/3d82b440-b254-432f-a294-6dc1ed8a1f2b/OPERA_L3_DIST-ALERT-S1_T49MEN_20240314T105048Z_20251017T001227Z_S1A_30_v0.1.zip,https://hyp3-tibet-jpl-test-contentbucket-hratibh1y9pa.s3.us-west-2.amazonaws.com/3d82b440-b254-432f-a294-6dc1ed8a1f2b/OPERA_L3_DIST-ALERT-S1_T49MEN_20240314T105048Z_20251017T001227Z_S1A_30_v0.1.png,2025-10-16T22:25:21+00:00,478.265,4.5,49MEN,1,7,4,none,False,transformer_optimized,high,32,2024-03-14,54,2.5,4,best,none,False
demak_flood_2024__49MDN,https://hyp3-tibet-jpl-test-contentbucket-hratibh1y9pa.s3.us-west-2.amazonaws.com/ab24a0da-76eb-4281-b8cc-301994bc876b/OPERA_L3_DIST-ALERT-S1_T49MDN_20240405T110701Z_20251017T001247Z_S1A_30_v0.1.zip,https://hyp3-tibet-jpl-test-contentbucket-hratibh1y9pa.s3.us-west-2.amazonaws.com/ab24a0da-76eb-4281-b8cc-301994bc876b/OPERA_L3_DIST-ALERT-S1_T49MDN_20240405T110701Z_20251017T001247Z_S1A_30_v0.1.png,2025-10-16T22:25:21+00:00,594.978,4.5,49MDN,1,7,4,none,False,transformer_optimized,high,32,2024-04-05,25,2.5,4,best,none,False
bioko_fire_2024__32NMJ,https://hyp3-tibet-jpl-test-contentbucket-hratibh1y9pa.s3.us-west-2.amazonaws.com/b7f974f2-5ec5-4cbf-8eff-1aeb84ace3b9/OPERA_L3_DIST-ALERT-S1_T32NMJ_20240219T050633Z_20251017T001528Z_S1A_30_v0.1.zip,https://hyp3-tibet-jpl-test-contentbucket-hratibh1y9pa.s3.us-west-2.amazonaws.com/b7f974f2-5ec5-4cbf-8eff-1aeb84ace3b9/OPERA_L3_DIST-ALERT-S1_T32NMJ_20240219T050633Z_20251017T001528Z_S1A_30_v0.1.png,2025-10-16T22:25:21+00:00,695.51,4.5,32NMJ,1,7,4,none,False,transformer_optimized,high,32,2024-02-19,51,2.5,4,best,none,False
attica_fire_2024__34SGH,https://hyp3-tibet-jpl-test-contentbucket-hratibh1y9pa.s3.us-west-2.amazonaws.com/a1c7756c-d771-4f5a-88b8-0d541fed4504/OPERA_L3_DIST-ALERT-S1_T34SGH_20240914T042354Z_20251017T001404Z_S1A_30_v0.1.zip,https://hyp3-tibet-jpl-test-contentbucket-hratibh1y9pa.s3.us-west-2.amazonaws.com/a1c7756c-d771-4f5a-88b8-0d541fed4504/OPERA_L3_DIST-ALERT-S1_T34SGH_20240914T042354Z_20251017T001404Z_S1A_30_v0.1.png,2025-10-16T22:25:21+00:00,832.563,4.5,34SGH,1,7,4,none,False,transformer_optimized,high,32,2024-09-14,109,2.5,4,best,none,False
attica_fire_2024__34SGH,https://hyp3-tibet-jpl-test-contentbucket-hratibh1y9pa.s3.us-west-2.amazonaws.com/0a53007d-213b-41e9-8cfd-9002e5e18fa1/OPERA_L3_DIST-ALERT-S1_T34SGH_20240808T162358Z_20251017T002419Z_S1A_30_v0.1.zip,https://hyp3-tibet-jpl-test-contentbucket-hratibh1y9pa.s3.us-west-2.amazonaws.com/0a53007d-213b-41e9-8cfd-9002e5e18fa1/OPERA_L3_DIST-ALERT-S1_T34SGH_20240808T162358Z_20251017T002419Z_S1A_30_v0.1.png,2025-10-16T22:25:21+00:00,1419.645,4.5,34SGH,1,7,4,none,False,transformer_optimized,high,32,2024-08-08,102,2.5,4,best,none,False
tuscany_flood_2023__32TPP,https://hyp3-tibet-jpl-test-contentbucket-hratibh1y9pa.s3.us-west-2.amazonaws.com/4a7320de-2e7c-4431-a63a-4ff602833ff9/OPERA_L3_DIST-ALERT-S1_T32TPP_20231106T052002Z_20251017T002552Z_S1A_30_v0.1.zip,https://hyp3-tibet-jpl-test-contentbucket-hratibh1y9pa.s3.us-west-2.amazonaws.com/4a7320de-2e7c-4431-a63a-4ff602833ff9/OPERA_L3_DIST-ALERT-S1_T32TPP_20231106T052002Z_20251017T002552Z_S1A_30_v0.1.png,2025-10-16T22:25:21+00:00,1551.301,4.5,32TPP,1,7,4,none,False,transformer_optimized,high,32,2023-11-06,95,2.5,4,best,none,False
chilcotin_river_landslide_and_flood_2024__10UEC,https://hyp3-tibet-jpl-test-contentbucket-hratibh1y9pa.s3.us-west-2.amazonaws.com/bb1297fd-0476-4c8f-9329-e2dd897e0211/OPERA_L3_DIST-ALERT-S1_T10UEC_20240706T020344Z_20251017T000716Z_S1A_30_v0.1.zip,https://hyp3-tibet-jpl-test-contentbucket-hratibh1y9pa.s3.us-west-2.amazonaws.com/bb1297fd-0476-4c8f-9329-e2dd897e0211/OPERA_L3_DIST-ALERT-S1_T10UEC_20240706T020344Z_20251017T000716Z_S1A_30_v0.1.png,2025-10-16T22:25:21+00:00,705.227,4.5,10UEC,1,7,4,none,False,transformer_optimized,high,32,2024-07-06,137,2.5,4,best,none,False
tuscany_flood_2023__32TPP,https://hyp3-tibet-jpl-test-contentbucket-hratibh1y9pa.s3.us-west-2.amazonaws.com/4abbd211-7572-411f-83a1-444d9bbd43af/OPERA_L3_DIST-ALERT-S1_T32TPP_20231107T170644Z_20251017T002125Z_S1A_30_v0.1.zip,https://hyp3-tibet-jpl-test-contentbucket-hratibh1y9pa.s3.us-west-2.amazonaws.com/4abbd211-7572-411f-83a1-444d9bbd43af/OPERA_L3_DIST-ALERT-S1_T32TPP_20231107T170644Z_20251017T002125Z_S1A_30_v0.1.png,2025-10-16T22:25:21+00:00,1562.823,4.5,32TPP,1,7,4,none,False,transformer_optimized,high,32,2023-11-07,117,2.5,4,best,none,False
chilcotin_river_landslide_and_flood_2024__10UEC,https://hyp3-tibet-jpl-test-contentbucket-hratibh1y9pa.s3.us-west-2.amazonaws.com/e9453c8c-a34b-4547-84d5-3069f221627c/OPERA_L3_DIST-ALERT-S1_T10UEC_20240916T020344Z_20251017T000745Z_S1A_30_v0.1.zip,https://hyp3-tibet-jpl-test-contentbucket-hratibh1y9pa.s3.us-west-2.amazonaws.com/e9453c8c-a34b-4547-84d5-3069f221627c/OPERA_L3_DIST-ALERT-S1_T10UEC_20240916T020344Z_20251017T000745Z_S1A_30_v0.1.png,2025-10-16T22:25:21+00:00,769.116,4.5,10UEC,1,7,4,none,False,transformer_optimized,high,32,2024-09-16,137,2.5,4,best,none,False
chilcotin_river_landslide_and_flood_2024__10UEC,https://hyp3-tibet-jpl-test-contentbucket-hratibh1y9pa.s3.us-west-2.amazonaws.com/8cbc224d-641e-4534-b607-3b228d4b2aaf/OPERA_L3_DIST-ALERT-S1_T10UEC_20240907T142048Z_20251017T001330Z_S1A_30_v0.1.zip,https://hyp3-tibet-jpl-test-contentbucket-hratibh1y9pa.s3.us-west-2.amazonaws.com/8cbc224d-641e-4534-b607-3b228d4b2aaf/OPERA_L3_DIST-ALERT-S1_T10UEC_20240907T142048Z_20251017T001330Z_S1A_30_v0.1.png,2025-10-16T22:25:21+00:00,1238.676,4.5,10UEC,1,7,4,none,False,transformer_optimized,high,32,2024-09-07,13,2.5,4,best,none,False
demak_flood_2024__49MEN,https://hyp3-tibet-jpl-test-contentbucket-hratibh1y9pa.s3.us-west-2.amazonaws.com/004bcc20-5894-43f0-8e71-7f1bbbfeb88b/OPERA_L3_DIST-ALERT-S1_T49MEN_20240408T221746Z_20251017T000645Z_S1A_30_v0.1.zip,https://hyp3-tibet-jpl-test-contentbucket-hratibh1y9pa.s3.us-west-2.amazonaws.com/004bcc20-5894-43f0-8e71-7f1bbbfeb88b/OPERA_L3_DIST-ALERT-S1_T49MEN_20240408T221746Z_20251017T000645Z_S1A_30_v0.1.png,2025-10-16T22:25:21+00:00,887.212,4.5,49MEN,1,7,4,none,False,transformer_optimized,high,32,2024-04-08,76,2.5,4,best,none,False
papau_new_guinea_landslide_2024__54MYV,https://hyp3-tibet-jpl-test-contentbucket-hratibh1y9pa.s3.us-west-2.amazonaws.com/c8f36bb9-7d62-497d-9b6f-6aa6ec6fe939/OPERA_L3_DIST-ALERT-S1_T54MYV_20240721T084741Z_20251017T001140Z_S1A_30_v0.1.zip,https://hyp3-tibet-jpl-test-contentbucket-hratibh1y9pa.s3.us-west-2.amazonaws.com/c8f36bb9-7d62-497d-9b6f-6aa6ec6fe939/OPERA_L3_DIST-ALERT-S1_T54MYV_20240721T084741Z_20251017T001140Z_S1A_30_v0.1.png,2025-10-16T22:25:21+00:00,1282.182,4.5,54MYV,1,7,4,none,False,transformer_optimized,high,32,2024-07-21,9,2.5,4,best,none,False
bioko_fire_2024__32NMJ,https://hyp3-tibet-jpl-test-contentbucket-hratibh1y9pa.s3.us-west-2.amazonaws.com/7e521e51-8a85-47c4-8dd6-a156bbd8a89d/OPERA_L3_DIST-ALERT-S1_T32NMJ_20240124T174446Z_20251017T000709Z_S1A_30_v0.1.zip,https://hyp3-tibet-jpl-test-contentbucket-hratibh1y9pa.s3.us-west-2.amazonaws.com/7e521e51-8a85-47c4-8dd6-a156bbd8a89d/OPERA_L3_DIST-ALERT-S1_T32NMJ_20240124T174446Z_20251017T000709Z_S1A_30_v0.1.png,2025-10-16T22:25:21+00:00,1153.026,4.5,32NMJ,1,7,4,none,False,transformer_optimized,high,32,2024-01-24,30,2.5,4,best,none,False
attica_fire_2024__34SGH,https://hyp3-tibet-jpl-test-contentbucket-hratibh1y9pa.s3.us-west-2.amazonaws.com/75d74745-e2a3-46df-972c-616476c80639/OPERA_L3_DIST-ALERT-S1_T34SGH_20240925T162359Z_20251017T000724Z_S1A_30_v0.1.zip,https://hyp3-tibet-jpl-test-contentbucket-hratibh1y9pa.s3.us-west-2.amazonaws.com/75d74745-e2a3-46df-972c-616476c80639/OPERA_L3_DIST-ALERT-S1_T34SGH_20240925T162359Z_20251017T000724Z_S1A_30_v0.1.png,2025-10-16T22:25:21+00:00,1270.466,4.5,34SGH,1,7,4,none,False,transformer_optimized,high,32,2024-09-25,102,2.5,4,best,none,False
bioko_fire_2024__32NMJ,https://hyp3-tibet-jpl-test-contentbucket-hratibh1y9pa.s3.us-west-2.amazonaws.com/ba711e92-e004-401b-827f-abe5b6d8320e/OPERA_L3_DIST-ALERT-S1_T32NMJ_20240126T050634Z_20251016T235402Z_S1A_30_v0.1.zip,https://hyp3-tibet-jpl-test-contentbucket-hratibh1y9pa.s3.us-west-2.amazonaws.com/ba711e92-e004-401b-827f-abe5b6d8320e/OPERA_L3_DIST-ALERT-S1_T32NMJ_20240126T050634Z_20251016T235402Z_S1A_30_v0.1.png,2025-10-16T22:25:21+00:00,677.104,4.5,32NMJ,1,7,4,none,False,transformer_optimized,high,32,2024-01-26,51,2.5,4,best,none,False
demak_flood_2024__49MEN,https://hyp3-tibet-jpl-test-contentbucket-hratibh1y9pa.s3.us-west-2.amazonaws.com/fb98bd41-a3f8-4406-9405-958aff25587d/OPERA_L3_DIST-ALERT-S1_T49MEN_20240506T105849Z_20251017T000435Z_S1A_30_v0.1.zip,https://hyp3-tibet-jpl-test-contentbucket-hratibh1y9pa.s3.us-west-2.amazonaws.com/fb98bd41-a3f8-4406-9405-958aff25587d/OPERA_L3_DIST-ALERT-S1_T49MEN_20240506T105849Z_20251017T000435Z_S1A_30_v0.1.png,2025-10-16T22:25:21+00:00,1350.957,4.5,49MEN,1,7,4,none,False,transformer_optimized,high,32,2024-05-06,127,2.5,4,best,none,False
bioko_fire_2024__32NMJ,https://hyp3-tibet-jpl-test-contentbucket-hratibh1y9pa.s3.us-west-2.amazonaws.com/5d1d588c-abae-4a91-8d9d-ec15b7e0bf19/OPERA_L3_DIST-ALERT-S1_T32NMJ_20240229T174445Z_20251017T000822Z_S1A_30_v0.1.zip,https://hyp3-tibet-jpl-test-contentbucket-hratibh1y9pa.s3.us-west-2.amazonaws.com/5d1d588c-abae-4a91-8d9d-ec15b7e0bf19/OPERA_L3_DIST-ALERT-S1_T32NMJ_20240229T174445Z_20251017T000822Z_S1A_30_v0.1.png,2025-10-16T22:25:21+00:00,1565.717,4.5,32NMJ,1,7,4,none,False,transformer_optimized,high,32,2024-02-29,30,2.5,4,best,none,False
attica_fire_2024__34SGH,https://hyp3-tibet-jpl-test-contentbucket-hratibh1y9pa.s3.us-west-2.amazonaws.com/9e892597-6a54-441d-9359-928bea621aed/OPERA_L3_DIST-ALERT-S1_T34SGH_20240728T042353Z_20251016T235619Z_S1A_30_v0.1.zip,https://hyp3-tibet-jpl-test-contentbucket-hratibh1y9pa.s3.us-west-2.amazonaws.com/9e892597-6a54-441d-9359-928bea621aed/OPERA_L3_DIST-ALERT-S1_T34SGH_20240728T042353Z_20251016T235619Z_S1A_30_v0.1.png,2025-10-16T22:25:21+00:00,911.525,4.5,34SGH,1,7,4,none,False,transformer_optimized,high,32,2024-07-28,109,2.5,4,best,none,False
tuscany_flood_2023__32TPP,https://hyp3-tibet-jpl-test-contentbucket-hratibh1y9pa.s3.us-west-2.amazonaws.com/93c025fa-404b-49a0-9e84-470adbcd8687/OPERA_L3_DIST-ALERT-S1_T32TPP_20231111T052812Z_20251017T000443Z_S1A_30_v0.1.zip,https://hyp3-tibet-jpl-test-contentbucket-hratibh1y9pa.s3.us-west-2.amazonaws.com/93c025fa-404b-49a0-9e84-470adbcd8687/OPERA_L3_DIST-ALERT-S1_T32TPP_20231111T052812Z_20251017T000443Z_S1A_30_v0.1.png,2025-10-16T22:25:21+00:00,1487.675,4.5,32TPP,1,7,4,none,False,transformer_optimized,high,32,2023-11-11,168,2.5,4,best,none,False
chilcotin_river_landslide_and_flood_2024__10UEC,https://hyp3-tibet-jpl-test-contentbucket-hratibh1y9pa.s3.us-west-2.amazonaws.com/395bd2ed-362f-4a61-9f2f-e55ac871181a/OPERA_L3_DIST-ALERT-S1_T10UEC_20240904T020343Z_20251016T235040Z_S1A_30_v0.1.zip,https://hyp3-tibet-jpl-test-contentbucket-hratibh1y9pa.s3.us-west-2.amazonaws.com/395bd2ed-362f-4a61-9f2f-e55ac871181a/OPERA_L3_DIST-ALERT-S1_T10UEC_20240904T020343Z_20251016T235040Z_S1A_30_v0.1.png,2025-10-16T22:25:21+00:00,637.942,4.5,10UEC,1,7,4,none,False,transformer_optimized,high,32,2024-09-04,137,2.5,4,best,none,False
demak_flood_2024__49MEN,https://hyp3-tibet-jpl-test-contentbucket-hratibh1y9pa.s3.us-west-2.amazonaws.com/25d03a29-c26f-40f3-9b4d-4d047bb41c04/OPERA_L3_DIST-ALERT-S1_T49MEN_20240219T105048Z_20251016T234831Z_S1A_30_v0.1.zip,https://hyp3-tibet-jpl-test-contentbucket-hratibh1y9pa.s3.us-west-2.amazonaws.com/25d03a29-c26f-40f3-9b4d-4d047bb41c04/OPERA_L3_DIST-ALERT-S1_T49MEN_20240219T105048Z_20251016T234831Z_S1A_30_v0.1.png,2025-10-16T22:25:21+00:00,528.411,4.5,49MEN,1,7,4,none,False,transformer_optimized,high,32,2024-02-19,54,2.5,4,best,none,False
tuscany_flood_2023__32TPP,https://hyp3-tibet-jpl-test-contentbucket-hratibh1y9pa.s3.us-west-2.amazonaws.com/86ede298-cf87-456f-b7d4-f658f1b63e16/OPERA_L3_DIST-ALERT-S1_T32TPP_20231013T052002Z_20251017T000107Z_S1A_30_v0.1.zip,https://hyp3-tibet-jpl-test-contentbucket-hratibh1y9pa.s3.us-west-2.amazonaws.com/86ede298-cf87-456f-b7d4-f658f1b63e16/OPERA_L3_DIST-ALERT-S1_T32TPP_20231013T052002Z_20251017T000107Z_S1A_30_v0.1.png,2025-10-16T22:25:21+00:00,1298.677,4.5,32TPP,1,7,4,none,False,transformer_optimized,high,32,2023-10-13,95,2.5,4,best,none,False
tuscany_flood_2023__32TPP,https://hyp3-tibet-jpl-test-contentbucket-hratibh1y9pa.s3.us-west-2.amazonaws.com/38c4fa0e-e119-4c43-8b2a-c4785ad2687f/OPERA_L3_DIST-ALERT-S1_T32TPP_20231007T171454Z_20251017T000012Z_S1A_30_v0.1.zip,https://hyp3-tibet-jpl-test-contentbucket-hratibh1y9pa.s3.us-west-2.amazonaws.com/38c4fa0e-e119-4c43-8b2a-c4785ad2687f/OPERA_L3_DIST-ALERT-S1_T32TPP_20231007T171454Z_20251017T000012Z_S1A_30_v0.1.png,2025-10-16T22:25:21+00:00,1307.251,4.5,32TPP,1,7,4,none,False,transformer_optimized,high,32,2023-10-07,15,2.5,4,best,none,False
park_fire_2024__10TEK,https://hyp3-tibet-jpl-test-contentbucket-hratibh1y9pa.s3.us-west-2.amazonaws.com/5530742a-e667-462b-865b-b946bd7edfa9/OPERA_L3_DIST-ALERT-S1_T10TEK_20240916T020035Z_20251016T234813Z_S1A_30_v0.1.zip,https://hyp3-tibet-jpl-test-contentbucket-hratibh1y9pa.s3.us-west-2.amazonaws.com/5530742a-e667-462b-865b-b946bd7edfa9/OPERA_L3_DIST-ALERT-S1_T10TEK_20240916T020035Z_20251016T234813Z_S1A_30_v0.1.png,2025-10-16T22:25:21+00:00,737.033,4.5,10TEK,1,7,4,none,False,transformer_optimized,high,32,2024-09-16,137,2.5,4,best,none,False
attica_fire_2024__34SGH,https://hyp3-tibet-jpl-test-contentbucket-hratibh1y9pa.s3.us-west-2.amazonaws.com/ca88eb9e-e160-4de1-a247-0de166b225a7/OPERA_L3_DIST-ALERT-S1_T34SGH_20240902T042353Z_20251016T234723Z_S1A_30_v0.1.zip,https://hyp3-tibet-jpl-test-contentbucket-hratibh1y9pa.s3.us-west-2.amazonaws.com/ca88eb9e-e160-4de1-a247-0de166b225a7/OPERA_L3_DIST-ALERT-S1_T34SGH_20240902T042353Z_20251016T234723Z_S1A_30_v0.1.png,2025-10-16T22:25:21+00:00,710.264,4.5,34SGH,1,7,4,none,False,transformer_optimized,high,32,2024-09-02,109,2.5,4,best,none,False
papau_new_guinea_landslide_2024__54MYV,https://hyp3-tibet-jpl-test-contentbucket-hratibh1y9pa.s3.us-west-2.amazonaws.com/07bf4cf2-5442-41c9-9fdd-8908792b3677/OPERA_L3_DIST-ALERT-S1_T54MYV_20240705T200539Z_20251016T235926Z_S1A_30_v0.1.zip,https://hyp3-tibet-jpl-test-contentbucket-hratibh1y9pa.s3.us-west-2.amazonaws.com/07bf4cf2-5442-41c9-9fdd-8908792b3677/OPERA_L3_DIST-ALERT-S1_T54MYV_20240705T200539Z_20251016T235926Z_S1A_30_v0.1.png,2025-10-16T22:25:21+00:00,1419.248,4.5,54MYV,1,7,4,none,False,transformer_optimized,high,32,2024-07-05,133,2.5,4,best,none,False
park_fire_2024__10TEK,https://hyp3-tibet-jpl-test-contentbucket-hratibh1y9pa.s3.us-west-2.amazonaws.com/41ee707c-9f5c-4010-9b6d-afdb3125acbd/OPERA_L3_DIST-ALERT-S1_T10TEK_20240909T020843Z_20251016T235623Z_S1A_30_v0.1.zip,https://hyp3-tibet-jpl-test-contentbucket-hratibh1y9pa.s3.us-west-2.amazonaws.com/41ee707c-9f5c-4010-9b6d-afdb3125acbd/OPERA_L3_DIST-ALERT-S1_T10TEK_20240909T020843Z_20251016T235623Z_S1A_30_v0.1.png,2025-10-16T22:25:21+00:00,1296.158,4.5,10TEK,1,7,4,none,False,transformer_optimized,high,32,2024-09-09,35,2.5,4,best,none,False
chilcotin_river_landslide_and_flood_2024__10UEC,https://hyp3-tibet-jpl-test-contentbucket-hratibh1y9pa.s3.us-west-2.amazonaws.com/c3937898-de45-4e65-8f8a-a884f3f6167a/OPERA_L3_DIST-ALERT-S1_T10UEC_20240919T142048Z_20251016T235711Z_S1A_30_v0.1.zip,https://hyp3-tibet-jpl-test-contentbucket-hratibh1y9pa.s3.us-west-2.amazonaws.com/c3937898-de45-4e65-8f8a-a884f3f6167a/OPERA_L3_DIST-ALERT-S1_T10UEC_20240919T142048Z_20251016T235711Z_S1A_30_v0.1.png,2025-10-16T22:25:21+00:00,1346.237,4.5,10UEC,1,7,4,none,False,transformer_optimized,high,32,2024-09-19,13,2.5,4,best,none,False
attica_fire_2024__34SGH,https://hyp3-tibet-jpl-test-contentbucket-hratibh1y9pa.s3.us-west-2.amazonaws.com/6198419b-ae43-44a6-8e84-58bbb1659ca3/OPERA_L3_DIST-ALERT-S1_T34SGH_20241008T042355Z_20251016T234806Z_S1A_30_v0.1.zip,https://hyp3-tibet-jpl-test-contentbucket-hratibh1y9pa.s3.us-west-2.amazonaws.com/6198419b-ae43-44a6-8e84-58bbb1659ca3/OPERA_L3_DIST-ALERT-S1_T34SGH_20241008T042355Z_20251016T234806Z_S1A_30_v0.1.png,2025-10-16T22:25:21+00:00,974.762,4.5,34SGH,1,7,4,none,False,transformer_optimized,high,32,2024-10-08,109,2.5,4,best,none,False
attica_fire_2024__34SGH,https://hyp3-tibet-jpl-test-contentbucket-hratibh1y9pa.s3.us-west-2.amazonaws.com/3a41425e-b895-4d2c-834a-07425c475ebf/OPERA_L3_DIST-ALERT-S1_T34SGH_20240727T162358Z_20251016T235551Z_S1A_30_v0.1.zip,https://hyp3-tibet-jpl-test-contentbucket-hratibh1y9pa.s3.us-west-2.amazonaws.com/3a41425e-b895-4d2c-834a-07425c475ebf/OPERA_L3_DIST-ALERT-S1_T34SGH_20240727T162358Z_20251016T235551Z_S1A_30_v0.1.png,2025-10-16T22:25:21+00:00,1444.024,4.5,34SGH,1,7,4,none,False,transformer_optimized,high,32,2024-07-27,102,2.5,4,best,none,False
attica_fire_2024__34SGH,https://hyp3-tibet-jpl-test-contentbucket-hratibh1y9pa.s3.us-west-2.amazonaws.com/fc870512-4885-40d2-85ff-1e9208f5ec4b/OPERA_L3_DIST-ALERT-S1_T34SGH_20240920T161551Z_20251016T234159Z_S1A_30_v0.1.zip,https://hyp3-tibet-jpl-test-contentbucket-hratibh1y9pa.s3.us-west-2.amazonaws.com/fc870512-4885-40d2-85ff-1e9208f5ec4b/OPERA_L3_DIST-ALERT-S1_T34SGH_20240920T161551Z_20251016T234159Z_S1A_30_v0.1.png,2025-10-16T22:25:21+00:00,725.134,4.5,34SGH,1,7,4,none,False,transformer_optimized,high,32,2024-09-20,29,2.5,4,best,none,False
demak_flood_2024__49MEN,https://hyp3-tibet-jpl-test-contentbucket-hratibh1y9pa.s3.us-west-2.amazonaws.com/50277ec5-56d7-4ed2-a1fc-8f4e988e2b25/OPERA_L3_DIST-ALERT-S1_T49MEN_20240419T105049Z_20251016T233602Z_S1A_30_v0.1.zip,https://hyp3-tibet-jpl-test-contentbucket-hratibh1y9pa.s3.us-west-2.amazonaws.com/50277ec5-56d7-4ed2-a1fc-8f4e988e2b25/OPERA_L3_DIST-ALERT-S1_T49MEN_20240419T105049Z_20251016T233602Z_S1A_30_v0.1.png,2025-10-16T22:25:21+00:00,456.624,4.5,49MEN,1,7,4,none,False,transformer_optimized,high,32,2024-04-19,54,2.5,4,best,none,False
bioko_fire_2024__32NMJ,https://hyp3-tibet-jpl-test-contentbucket-hratibh1y9pa.s3.us-west-2.amazonaws.com/df82e5a2-da82-4c54-8c1f-21c3ab6f0766/OPERA_L3_DIST-ALERT-S1_T32NMJ_20240114T050634Z_20251016T233817Z_S1A_30_v0.1.zip,https://hyp3-tibet-jpl-test-contentbucket-hratibh1y9pa.s3.us-west-2.amazonaws.com/df82e5a2-da82-4c54-8c1f-21c3ab6f0766/OPERA_L3_DIST-ALERT-S1_T32NMJ_20240114T050634Z_20251016T233817Z_S1A_30_v0.1.png,2025-10-16T22:25:21+00:00,628.533,4.5,32NMJ,1,7,4,none,False,transformer_optimized,high,32,2024-01-14,51,2.5,4,best,none,False
attica_fire_2024__34SGH,https://hyp3-tibet-jpl-test-contentbucket-hratibh1y9pa.s3.us-west-2.amazonaws.com/e04f256a-d81f-4a67-93b6-999ed1f5113a/OPERA_L3_DIST-ALERT-S1_T34SGH_20240907T043201Z_20251016T235442Z_S1A_30_v0.1.zip,https://hyp3-tibet-jpl-test-contentbucket-hratibh1y9pa.s3.us-west-2.amazonaws.com/e04f256a-d81f-4a67-93b6-999ed1f5113a/OPERA_L3_DIST-ALERT-S1_T34SGH_20240907T043201Z_20251016T235442Z_S1A_30_v0.1.png,2025-10-16T22:25:21+00:00,1689.394,4.5,34SGH,1,7,4,none,False,transformer_optimized,high,32,2024-09-07,7,2.5,4,best,none,False
demak_flood_2024__49MDN,https://hyp3-tibet-jpl-test-contentbucket-hratibh1y9pa.s3.us-west-2.amazonaws.com/bde2b125-b8c6-4230-bdb7-203c3ea181df/OPERA_L3_DIST-ALERT-S1_T49MDN_20240511T110702Z_20251016T233642Z_S1A_30_v0.1.zip,https://hyp3-tibet-jpl-test-contentbucket-hratibh1y9pa.s3.us-west-2.amazonaws.com/bde2b125-b8c6-4230-bdb7-203c3ea181df/OPERA_L3_DIST-ALERT-S1_T49MDN_20240511T110702Z_20251016T233642Z_S1A_30_v0.1.png,2025-10-16T22:25:21+00:00,562.428,4.5,49MDN,1,7,4,none,False,transformer_optimized,high,32,2024-05-11,25,2.5,4,best,none,False
demak_flood_2024__49MEN,https://hyp3-tibet-jpl-test-contentbucket-hratibh1y9pa.s3.us-west-2.amazonaws.com/2171d3ee-cf29-4859-9598-1a6a3b43d1d5/OPERA_L3_DIST-ALERT-S1_T49MEN_20240303T221745Z_20251016T233940Z_S1A_30_v0.1.zip,https://hyp3-tibet-jpl-test-contentbucket-hratibh1y9pa.s3.us-west-2.amazonaws.com/2171d3ee-cf29-4859-9598-1a6a3b43d1d5/OPERA_L3_DIST-ALERT-S1_T49MEN_20240303T221745Z_20251016T233940Z_S1A_30_v0.1.png,2025-10-16T22:25:21+00:00,839.485,4.5,49MEN,1,7,4,none,False,transformer_optimized,high,32,2024-03-03,76,2.5,4,best,none,False
bioko_fire_2024__32NMJ,https://hyp3-tibet-jpl-test-contentbucket-hratibh1y9pa.s3.us-west-2.amazonaws.com/24151afc-f962-439a-8d2d-2082eb1369d6/OPERA_L3_DIST-ALERT-S1_T32NMJ_20240331T173645Z_20251016T233516Z_S1A_30_v0.1.zip,https://hyp3-tibet-jpl-test-contentbucket-hratibh1y9pa.s3.us-west-2.amazonaws.com/24151afc-f962-439a-8d2d-2082eb1369d6/OPERA_L3_DIST-ALERT-S1_T32NMJ_20240331T173645Z_20251016T233516Z_S1A_30_v0.1.png,2025-10-16T22:25:21+00:00,568.005,4.5,32NMJ,1,7,4,none,False,transformer_optimized,high,32,2024-03-31,132,2.5,4,best,none,False
belize_fire_south_2024__19HBD,https://hyp3-tibet-jpl-test-contentbucket-hratibh1y9pa.s3.us-west-2.amazonaws.com/d2f104de-0f8b-4239-a9e3-b2fe47c4720c/OPERA_L3_DIST-ALERT-S1_T19HBD_20240520T100431Z_20251016T235617Z_S1A_30_v0.1.zip,https://hyp3-tibet-jpl-test-contentbucket-hratibh1y9pa.s3.us-west-2.amazonaws.com/d2f104de-0f8b-4239-a9e3-b2fe47c4720c/OPERA_L3_DIST-ALERT-S1_T19HBD_20240520T100431Z_20251016T235617Z_S1A_30_v0.1.png,2025-10-16T22:25:21+00:00,1902.091,4.5,19HBD,1,7,4,none,False,transformer_optimized,high,32,2024-05-20,156,2.5,4,best,none,False
bioko_fire_2024__32NMJ,https://hyp3-tibet-jpl-test-contentbucket-hratibh1y9pa.s3.us-west-2.amazonaws.com/81408c15-7cac-45aa-84df-94ff0461c5db/OPERA_L3_DIST-ALERT-S1_T32NMJ_20240212T051440Z_20251016T233949Z_S1A_30_v0.1.zip,https://hyp3-tibet-jpl-test-contentbucket-hratibh1y9pa.s3.us-west-2.amazonaws.com/81408c15-7cac-45aa-84df-94ff0461c5db/OPERA_L3_DIST-ALERT-S1_T32NMJ_20240212T051440Z_20251016T233949Z_S1A_30_v0.1.png,2025-10-16T22:25:21+00:00,935.312,4.5,32NMJ,1,7,4,none,False,transformer_optimized,high,32,2024-02-12,124,2.5,4,best,none,False
bioko_fire_2024__32NMJ,https://hyp3-tibet-jpl-test-contentbucket-hratibh1y9pa.s3.us-west-2.amazonaws.com/b8c829a4-8532-4d42-a2f3-228dd233e79c/OPERA_L3_DIST-ALERT-S1_T32NMJ_20240119T051441Z_20251016T233506Z_S1A_30_v0.1.zip,https://hyp3-tibet-jpl-test-contentbucket-hratibh1y9pa.s3.us-west-2.amazonaws.com/b8c829a4-8532-4d42-a2f3-228dd233e79c/OPERA_L3_DIST-ALERT-S1_T32NMJ_20240119T051441Z_20251016T233506Z_S1A_30_v0.1.png,2025-10-16T22:25:21+00:00,744.298,4.5,32NMJ,1,7,4,none,False,transformer_optimized,high,32,2024-01-19,124,2.5,4,best,none,False
belize_fire_south_2024__19HBD,https://hyp3-tibet-jpl-test-contentbucket-hratibh1y9pa.s3.us-west-2.amazonaws.com/2d8821dd-68cd-4e27-a1b1-d27eca961415/OPERA_L3_DIST-ALERT-S1_T19HBD_20240522T232837Z_20251016T235105Z_S1A_30_v0.1.zip,https://hyp3-tibet-jpl-test-contentbucket-hratibh1y9pa.s3.us-west-2.amazonaws.com/2d8821dd-68cd-4e27-a1b1-d27eca961415/OPERA_L3_DIST-ALERT-S1_T19HBD_20240522T232837Z_20251016T235105Z_S1A_30_v0.1.png,2025-10-16T22:25:21+00:00,1807.001,4.5,19HBD,1,7,4,none,False,transformer_optimized,high,32,2024-05-22,18,2.5,4,best,none,False
tuscany_flood_2023__32TPP,https://hyp3-tibet-jpl-test-contentbucket-hratibh1y9pa.s3.us-west-2.amazonaws.com/38e24306-c0ab-4e3a-83d5-9f9b58262ebe/OPERA_L3_DIST-ALERT-S1_T32TPP_20231201T170643Z_20251016T234345Z_S1A_30_v0.1.zip,https://hyp3-tibet-jpl-test-contentbucket-hratibh1y9pa.s3.us-west-2.amazonaws.com/38e24306-c0ab-4e3a-83d5-9f9b58262ebe/OPERA_L3_DIST-ALERT-S1_T32TPP_20231201T170643Z_20251016T234345Z_S1A_30_v0.1.png,2025-10-16T22:25:21+00:00,1310.874,4.5,32TPP,1,7,4,none,False,transformer_optimized,high,32,2023-12-01,117,2.5,4,best,none,False
attica_fire_2024__34SGH,https://hyp3-tibet-jpl-test-contentbucket-hratibh1y9pa.s3.us-west-2.amazonaws.com/3424b431-e21a-4389-a2d0-15a9eb762b8a/OPERA_L3_DIST-ALERT-S1_T34SGH_20240809T042353Z_20251016T233732Z_S1A_30_v0.1.zip,https://hyp3-tibet-jpl-test-contentbucket-hratibh1y9pa.s3.us-west-2.amazonaws.com/3424b431-e21a-4389-a2d0-15a9eb762b8a/OPERA_L3_DIST-ALERT-S1_T34SGH_20240809T042353Z_20251016T233732Z_S1A_30_v0.1.png,2025-10-16T22:25:21+00:00,988.73,4.5,34SGH,1,7,4,none,False,transformer_optimized,high,32,2024-08-09,109,2.5,4,best,none,False
attica_fire_2024__34SGH,https://hyp3-tibet-jpl-test-contentbucket-hratibh1y9pa.s3.us-west-2.amazonaws.com/2dafd27f-6304-493f-ae67-b9faba788a9c/OPERA_L3_DIST-ALERT-S1_T34SGH_20240826T043201Z_20251016T234500Z_S1A_30_v0.1.zip,https://hyp3-tibet-jpl-test-contentbucket-hratibh1y9pa.s3.us-west-2.amazonaws.com/2dafd27f-6304-493f-ae67-b9faba788a9c/OPERA_L3_DIST-ALERT-S1_T34SGH_20240826T043201Z_20251016T234500Z_S1A_30_v0.1.png,2025-10-16T22:25:21+00:00,1527.276,4.5,34SGH,1,7,4,none,False,transformer_optimized,high,32,2024-08-26,7,2.5,4,best,none,False
attica_fire_2024__34SGH,https://hyp3-tibet-jpl-test-contentbucket-hratibh1y9pa.s3.us-west-2.amazonaws.com/aa076386-fe25-452b-89c8-8d52a20c4f98/OPERA_L3_DIST-ALERT-S1_T34SGH_20240926T042354Z_20251016T233457Z_S1A_30_v0.1.zip,https://hyp3-tibet-jpl-test-contentbucket-hratibh1y9pa.s3.us-west-2.amazonaws.com/aa076386-fe25-452b-89c8-8d52a20c4f98/OPERA_L3_DIST-ALERT-S1_T34SGH_20240926T042354Z_20251016T233457Z_S1A_30_v0.1.png,2025-10-16T22:25:21+00:00,864.368,4.5,34SGH,1,7,4,none,False,transformer_optimized,high,32,2024-09-26,109,2.5,4,best,none,False
tuscany_flood_2023__32TPP,https://hyp3-tibet-jpl-test-contentbucket-hratibh1y9pa.s3.us-west-2.amazonaws.com/6fec4a3e-a307-4853-abe2-0eac70f305b6/OPERA_L3_DIST-ALERT-S1_T32TPP_20231030T052813Z_20251016T234444Z_S1A_30_v0.1.zip,https://hyp3-tibet-jpl-test-contentbucket-hratibh1y9pa.s3.us-west-2.amazonaws.com/6fec4a3e-a307-4853-abe2-0eac70f305b6/OPERA_L3_DIST-ALERT-S1_T32TPP_20231030T052813Z_20251016T234444Z_S1A_30_v0.1.png,2025-10-16T22:25:21+00:00,1555.707,4.5,32TPP,1,7,4,none,False,transformer_optimized,high,32,2023-10-30,168,2.5,4,best,none,False
attica_fire_2024__34SGH,https://hyp3-tibet-jpl-test-contentbucket-hratibh1y9pa.s3.us-west-2.amazonaws.com/a49c6af6-355d-45e0-9de4-a3177f07ac23/OPERA_L3_DIST-ALERT-S1_T34SGH_20240815T161550Z_20251016T233111Z_S1A_30_v0.1.zip,https://hyp3-tibet-jpl-test-contentbucket-hratibh1y9pa.s3.us-west-2.amazonaws.com/a49c6af6-355d-45e0-9de4-a3177f07ac23/OPERA_L3_DIST-ALERT-S1_T34SGH_20240815T161550Z_20251016T233111Z_S1A_30_v0.1.png,2025-10-16T22:25:21+00:00,725.922,4.5,34SGH,1,7,4,none,False,transformer_optimized,high,32,2024-08-15,29,2.5,4,best,none,False
belize_fire_south_2024__19HBD,https://hyp3-tibet-jpl-test-contentbucket-hratibh1y9pa.s3.us-west-2.amazonaws.com/76dcad76-f158-437c-9120-9e5c7dcf08a8/OPERA_L3_DIST-ALERT-S1_T19HBD_20240421T233647Z_20251016T232017Z_S1A_30_v0.1.zip,https://hyp3-tibet-jpl-test-contentbucket-hratibh1y9pa.s3.us-west-2.amazonaws.com/76dcad76-f158-437c-9120-9e5c7dcf08a8/OPERA_L3_DIST-ALERT-S1_T19HBD_20240421T233647Z_20251016T232017Z_S1A_30_v0.1.png,2025-10-16T22:25:21+00:00,192.477,4.5,19HBD,1,7,4,none,False,transformer_optimized,high,32,2024-04-21,91,2.5,4,best,none,False
belize_fire_south_2024__19HBD,https://hyp3-tibet-jpl-test-contentbucket-hratibh1y9pa.s3.us-west-2.amazonaws.com/804a7c0f-9566-4d42-b2df-c877ecf1f4be/OPERA_L3_DIST-ALERT-S1_T19HBD_20240416T232837Z_20251016T234859Z_S1A_30_v0.1.zip,https://hyp3-tibet-jpl-test-contentbucket-hratibh1y9pa.s3.us-west-2.amazonaws.com/804a7c0f-9566-4d42-b2df-c877ecf1f4be/OPERA_L3_DIST-ALERT-S1_T19HBD_20240416T232837Z_20251016T234859Z_S1A_30_v0.1.png,2025-10-16T22:25:21+00:00,1831.955,4.5,19HBD,1,7,4,none,False,transformer_optimized,high,32,2024-04-16,18,2.5,4,best,none,False
demak_flood_2024__49MDN,https://hyp3-tibet-jpl-test-contentbucket-hratibh1y9pa.s3.us-west-2.amazonaws.com/a3c5497c-df77-4387-8033-b56079589292/OPERA_L3_DIST-ALERT-S1_T49MDN_20240417T110702Z_20251016T232813Z_S1A_30_v0.1.zip,https://hyp3-tibet-jpl-test-contentbucket-hratibh1y9pa.s3.us-west-2.amazonaws.com/a3c5497c-df77-4387-8033-b56079589292/OPERA_L3_DIST-ALERT-S1_T49MDN_20240417T110702Z_20251016T232813Z_S1A_30_v0.1.png,2025-10-16T22:25:21+00:00,671.04,4.5,49MDN,1,7,4,none,False,transformer_optimized,high,32,2024-04-17,25,2.5,4,best,none,False
chilcotin_river_landslide_and_flood_2024__10UEC,https://hyp3-tibet-jpl-test-contentbucket-hratibh1y9pa.s3.us-west-2.amazonaws.com/7a5d9c84-cac3-4da4-a3e3-bb57a71f451f/OPERA_L3_DIST-ALERT-S1_T10UEC_20240814T142047Z_20251016T233905Z_S1A_30_v0.1.zip,https://hyp3-tibet-jpl-test-contentbucket-hratibh1y9pa.s3.us-west-2.amazonaws.com/7a5d9c84-cac3-4da4-a3e3-bb57a71f451f/OPERA_L3_DIST-ALERT-S1_T10UEC_20240814T142047Z_20251016T233905Z_S1A_30_v0.1.png,2025-10-16T22:25:21+00:00,1305.726,4.5,10UEC,1,7,4,none,False,transformer_optimized,high,32,2024-08-14,13,2.5,4,best,none,False
papau_new_guinea_landslide_2024__54MYV,https://hyp3-tibet-jpl-test-contentbucket-hratibh1y9pa.s3.us-west-2.amazonaws.com/bdb1e64f-950d-4a6c-8b51-b0690ea4f398/OPERA_L3_DIST-ALERT-S1_T54MYV_20240518T200541Z_20251016T234226Z_S1A_30_v0.1.zip,https://hyp3-tibet-jpl-test-contentbucket-hratibh1y9pa.s3.us-west-2.amazonaws.com/bdb1e64f-950d-4a6c-8b51-b0690ea4f398/OPERA_L3_DIST-ALERT-S1_T54MYV_20240518T200541Z_20251016T234226Z_S1A_30_v0.1.png,2025-10-16T22:25:21+00:00,1571.649,4.5,54MYV,1,7,4,none,False,transformer_optimized,high,32,2024-05-18,133,2.5,4,best,none,False
belize_fire_south_2024__19HBD,https://hyp3-tibet-jpl-test-contentbucket-hratibh1y9pa.s3.us-west-2.amazonaws.com/c5e477db-f62f-41eb-9487-63532b9eeebf/OPERA_L3_DIST-ALERT-S1_T19HBD_20240608T233646Z_20251016T231932Z_S1A_30_v0.1.zip,https://hyp3-tibet-jpl-test-contentbucket-hratibh1y9pa.s3.us-west-2.amazonaws.com/c5e477db-f62f-41eb-9487-63532b9eeebf/OPERA_L3_DIST-ALERT-S1_T19HBD_20240608T233646Z_20251016T231932Z_S1A_30_v0.1.png,2025-10-16T22:25:21+00:00,209.053,4.5,19HBD,1,7,4,none,False,transformer_optimized,high,32,2024-06-08,91,2.5,4,best,none,False
bioko_fire_2024__32NMJ,https://hyp3-tibet-jpl-test-contentbucket-hratibh1y9pa.s3.us-west-2.amazonaws.com/12d82aa8-8324-46dc-81a2-4fca1b68c92f/OPERA_L3_DIST-ALERT-S1_T32NMJ_20240312T174445Z_20251016T234011Z_S1A_30_v0.1.zip,https://hyp3-tibet-jpl-test-contentbucket-hratibh1y9pa.s3.us-west-2.amazonaws.com/12d82aa8-8324-46dc-81a2-4fca1b68c92f/OPERA_L3_DIST-ALERT-S1_T32NMJ_20240312T174445Z_20251016T234011Z_S1A_30_v0.1.png,2025-10-16T22:25:21+00:00,1575.431,4.5,32NMJ,1,7,4,none,False,transformer_optimized,high,32,2024-03-12,30,2.5,4,best,none,False
belize_fire_south_2024__19HBD,https://hyp3-tibet-jpl-test-contentbucket-hratibh1y9pa.s3.us-west-2.amazonaws.com/58023242-d178-48da-9c50-5861b9dff033/OPERA_L3_DIST-ALERT-S1_T19HBD_20240426T100431Z_20251016T234534Z_S1A_30_v0.1.zip,https://hyp3-tibet-jpl-test-contentbucket-hratibh1y9pa.s3.us-west-2.amazonaws.com/58023242-d178-48da-9c50-5861b9dff033/OPERA_L3_DIST-ALERT-S1_T19HBD_20240426T100431Z_20251016T234534Z_S1A_30_v0.1.png,2025-10-16T22:25:21+00:00,1933.854,4.5,19HBD,1,7,4,none,False,transformer_optimized,high,32,2024-04-26,156,2.5,4,best,none,False
park_fire_2024__10TFK,https://hyp3-tibet-jpl-test-contentbucket-hratibh1y9pa.s3.us-west-2.amazonaws.com/27dccf83-1dc5-4177-b59f-b58e694d2edc/OPERA_L3_DIST-ALERT-S1_T10TFK_20240904T020029Z_20251016T233829Z_S1A_30_v0.1.zip,https://hyp3-tibet-jpl-test-contentbucket-hratibh1y9pa.s3.us-west-2.amazonaws.com/27dccf83-1dc5-4177-b59f-b58e694d2edc/OPERA_L3_DIST-ALERT-S1_T10TFK_20240904T020029Z_20251016T233829Z_S1A_30_v0.1.png,2025-10-16T22:25:21+00:00,1609.73,4.5,10TFK,1,7,4,none,False,transformer_optimized,high,32,2024-09-04,137,2.5,4,best,none,False
papau_new_guinea_landslide_2024__54MYV,https://hyp3-tibet-jpl-test-contentbucket-hratibh1y9pa.s3.us-west-2.amazonaws.com/ac77b5bd-b623-47d5-ac58-c2e81f290442/OPERA_L3_DIST-ALERT-S1_T54MYV_20240522T084743Z_20251016T233145Z_S1A_30_v0.1.zip,https://hyp3-tibet-jpl-test-contentbucket-hratibh1y9pa.s3.us-west-2.amazonaws.com/ac77b5bd-b623-47d5-ac58-c2e81f290442/OPERA_L3_DIST-ALERT-S1_T54MYV_20240522T084743Z_20251016T233145Z_S1A_30_v0.1.png,2025-10-16T22:25:21+00:00,1322.228,4.5,54MYV,1,7,4,none,False,transformer_optimized,high,32,2024-05-22,9,2.5,4,best,none,False
demak_flood_2024__49MDN,https://hyp3-tibet-jpl-test-contentbucket-hratibh1y9pa.s3.us-west-2.amazonaws.com/ce41216b-a914-40d6-889c-1ef007ce4886/OPERA_L3_DIST-ALERT-S1_T49MDN_20240303T221748Z_20251016T233748Z_S1A_30_v0.1.zip,https://hyp3-tibet-jpl-test-contentbucket-hratibh1y9pa.s3.us-west-2.amazonaws.com/ce41216b-a914-40d6-889c-1ef007ce4886/OPERA_L3_DIST-ALERT-S1_T49MDN_20240303T221748Z_20251016T233748Z_S1A_30_v0.1.png,2025-10-16T22:25:21+00:00,1692.127,4.5,49MDN,1,7,4,none,False,transformer_optimized,high,32,2024-03-03,76,2.5,4,best,none,False
bioko_fire_2024__32NMJ,https://hyp3-tibet-jpl-test-contentbucket-hratibh1y9pa.s3.us-west-2.amazonaws.com/6929e623-0a32-465f-a3b2-d9da5887c4c8/OPERA_L3_DIST-ALERT-S1_T32NMJ_20240119T173645Z_20251016T231907Z_S1A_30_v0.1.zip,https://hyp3-tibet-jpl-test-contentbucket-hratibh1y9pa.s3.us-west-2.amazonaws.com/6929e623-0a32-465f-a3b2-d9da5887c4c8/OPERA_L3_DIST-ALERT-S1_T32NMJ_20240119T173645Z_20251016T231907Z_S1A_30_v0.1.png,2025-10-16T22:25:21+00:00,556.309,4.5,32NMJ,1,7,4,none,False,transformer_optimized,high,32,2024-01-19,132,2.5,4,best,none,False
tuscany_flood_2023__32TPP,https://hyp3-tibet-jpl-test-contentbucket-hratibh1y9pa.s3.us-west-2.amazonaws.com/84791dcf-0bc0-4904-935b-910c14eb6d4b/OPERA_L3_DIST-ALERT-S1_T32TPP_20231031T171453Z_20251016T233106Z_S1A_30_v0.1.zip,https://hyp3-tibet-jpl-test-contentbucket-hratibh1y9pa.s3.us-west-2.amazonaws.com/84791dcf-0bc0-4904-935b-910c14eb6d4b/OPERA_L3_DIST-ALERT-S1_T32TPP_20231031T171453Z_20251016T233106Z_S1A_30_v0.1.png,2025-10-16T22:25:21+00:00,1475.572,4.5,32TPP,1,7,4,none,False,transformer_optimized,high,32,2023-10-31,15,2.5,4,best,none,False
belize_fire_south_2024__19HBD,https://hyp3-tibet-jpl-test-contentbucket-hratibh1y9pa.s3.us-west-2.amazonaws.com/f3ccacb7-0cb6-4ac6-8682-c069464c2578/OPERA_L3_DIST-ALERT-S1_T19HBD_20240709T232835Z_20251016T233617Z_S1A_30_v0.1.zip,https://hyp3-tibet-jpl-test-contentbucket-hratibh1y9pa.s3.us-west-2.amazonaws.com/f3ccacb7-0cb6-4ac6-8682-c069464c2578/OPERA_L3_DIST-ALERT-S1_T19HBD_20240709T232835Z_20251016T233617Z_S1A_30_v0.1.png,2025-10-16T22:25:21+00:00,1773.813,4.5,19HBD,1,7,4,none,False,transformer_optimized,high,32,2024-07-09,18,2.5,4,best,none,False
park_fire_2024__10TFK,https://hyp3-tibet-jpl-test-contentbucket-hratibh1y9pa.s3.us-west-2.amazonaws.com/593e272e-eac6-477f-8f4e-69673b4bebcd/OPERA_L3_DIST-ALERT-S1_T10TFK_20240921T020841Z_20251016T231632Z_S1A_30_v0.1.zip,https://hyp3-tibet-jpl-test-contentbucket-hratibh1y9pa.s3.us-west-2.amazonaws.com/593e272e-eac6-477f-8f4e-69673b4bebcd/OPERA_L3_DIST-ALERT-S1_T10TFK_20240921T020841Z_20251016T231632Z_S1A_30_v0.1.png,2025-10-16T22:25:21+00:00,683.752,4.5,10TFK,1,7,4,none,False,transformer_optimized,high,32,2024-09-21,35,2.5,4,best,none,False
tuscany_flood_2023__32TPP,https://hyp3-tibet-jpl-test-contentbucket-hratibh1y9pa.s3.us-west-2.amazonaws.com/5e92ddd2-247a-4485-a3fa-e45e784345ea/OPERA_L3_DIST-ALERT-S1_T32TPP_20231019T171454Z_20251016T232722Z_S1A_30_v0.1.zip,https://hyp3-tibet-jpl-test-contentbucket-hratibh1y9pa.s3.us-west-2.amazonaws.com/5e92ddd2-247a-4485-a3fa-e45e784345ea/OPERA_L3_DIST-ALERT-S1_T32TPP_20231019T171454Z_20251016T232722Z_S1A_30_v0.1.png,2025-10-16T22:25:21+00:00,1407.018,4.5,32TPP,1,7,4,none,False,transformer_optimized,high,32,2023-10-19,15,2.5,4,best,none,False
tuscany_flood_2023__32TPP,https://hyp3-tibet-jpl-test-contentbucket-hratibh1y9pa.s3.us-west-2.amazonaws.com/6ec2b0e8-ce44-469d-a981-387fc25f7a98/OPERA_L3_DIST-ALERT-S1_T32TPP_20231206T171452Z_20251016T232348Z_S1A_30_v0.1.zip,https://hyp3-tibet-jpl-test-contentbucket-hratibh1y9pa.s3.us-west-2.amazonaws.com/6ec2b0e8-ce44-469d-a981-387fc25f7a98/OPERA_L3_DIST-ALERT-S1_T32TPP_20231206T171452Z_20251016T232348Z_S1A_30_v0.1.png,2025-10-16T22:25:21+00:00,1292.337,4.5,32TPP,1,7,4,none,False,transformer_optimized,high,32,2023-12-06,15,2.5,4,best,none,False
demak_flood_2024__49MEN,https://hyp3-tibet-jpl-test-contentbucket-hratibh1y9pa.s3.us-west-2.amazonaws.com/cdb8c8fd-27c3-4bb9-9ed4-bca5765fcb9c/OPERA_L3_DIST-ALERT-S1_T49MEN_20240502T221746Z_20251016T231208Z_S1A_30_v0.1.zip,https://hyp3-tibet-jpl-test-contentbucket-hratibh1y9pa.s3.us-west-2.amazonaws.com/cdb8c8fd-27c3-4bb9-9ed4-bca5765fcb9c/OPERA_L3_DIST-ALERT-S1_T49MEN_20240502T221746Z_20251016T231208Z_S1A_30_v0.1.png,2025-10-16T22:25:21+00:00,698.189,4.5,49MEN,1,7,4,none,False,transformer_optimized,high,32,2024-05-02,76,2.5,4,best,none,False
tuscany_flood_2023__32TPP,https://hyp3-tibet-jpl-test-contentbucket-hratibh1y9pa.s3.us-west-2.amazonaws.com/f5818975-034d-436f-a74a-1ca8883394e4/OPERA_L3_DIST-ALERT-S1_T32TPP_20231018T052813Z_20251016T232202Z_S1A_30_v0.1.zip,https://hyp3-tibet-jpl-test-contentbucket-hratibh1y9pa.s3.us-west-2.amazonaws.com/f5818975-034d-436f-a74a-1ca8883394e4/OPERA_L3_DIST-ALERT-S1_T32TPP_20231018T052813Z_20251016T232202Z_S1A_30_v0.1.png,2025-10-16T22:25:21+00:00,1429.813,4.5,32TPP,1,7,4,none,False,transformer_optimized,high,32,2023-10-18,168,2.5,4,best,none,False
demak_flood_2024__49MDN,https://hyp3-tibet-jpl-test-contentbucket-hratibh1y9pa.s3.us-west-2.amazonaws.com/84e956e4-bc88-4044-8998-21641a02ba44/OPERA_L3_DIST-ALERT-S1_T49MDN_20240229T110700Z_20251016T230657Z_S1A_30_v0.1.zip,https://hyp3-tibet-jpl-test-contentbucket-hratibh1y9pa.s3.us-west-2.amazonaws.com/84e956e4-bc88-4044-8998-21641a02ba44/OPERA_L3_DIST-ALERT-S1_T49MDN_20240229T110700Z_20251016T230657Z_S1A_30_v0.1.png,2025-10-16T22:25:21+00:00,602.857,4.5,49MDN,1,7,4,none,False,transformer_optimized,high,32,2024-02-29,25,2.5,4,best,none,False
demak_flood_2024__49MEN,https://hyp3-tibet-jpl-test-contentbucket-hratibh1y9pa.s3.us-west-2.amazonaws.com/437b85ba-acf3-4cd7-9450-3ce7392646f6/OPERA_L3_DIST-ALERT-S1_T49MEN_20240302T105048Z_20251016T230507Z_S1A_30_v0.1.zip,https://hyp3-tibet-jpl-test-contentbucket-hratibh1y9pa.s3.us-west-2.amazonaws.com/437b85ba-acf3-4cd7-9450-3ce7392646f6/OPERA_L3_DIST-ALERT-S1_T49MEN_20240302T105048Z_20251016T230507Z_S1A_30_v0.1.png,2025-10-16T22:25:21+00:00,491.144,4.5,49MEN,1,7,4,none,False,transformer_optimized,high,32,2024-03-02,54,2.5,4,best,none,False
attica_fire_2024__34SGH,https://hyp3-tibet-jpl-test-contentbucket-hratibh1y9pa.s3.us-west-2.amazonaws.com/def13457-ad46-4189-a95d-df7734260752/OPERA_L3_DIST-ALERT-S1_T34SGH_20240715T162359Z_20251016T232044Z_S1A_30_v0.1.zip,https://hyp3-tibet-jpl-test-contentbucket-hratibh1y9pa.s3.us-west-2.amazonaws.com/def13457-ad46-4189-a95d-df7734260752/OPERA_L3_DIST-ALERT-S1_T34SGH_20240715T162359Z_20251016T232044Z_S1A_30_v0.1.png,2025-10-16T22:25:21+00:00,1538.995,4.5,34SGH,1,7,4,none,False,transformer_optimized,high,32,2024-07-15,102,2.5,4,best,none,False
chilcotin_river_landslide_and_flood_2024__10UEC,https://hyp3-tibet-jpl-test-contentbucket-hratibh1y9pa.s3.us-west-2.amazonaws.com/1f26b721-f60a-4e38-b8b8-a57a7bd3c66a/OPERA_L3_DIST-ALERT-S1_T10UEC_20240826T142048Z_20251016T231944Z_S1A_30_v0.1.zip,https://hyp3-tibet-jpl-test-contentbucket-hratibh1y9pa.s3.us-west-2.amazonaws.com/1f26b721-f60a-4e38-b8b8-a57a7bd3c66a/OPERA_L3_DIST-ALERT-S1_T10UEC_20240826T142048Z_20251016T231944Z_S1A_30_v0.1.png,2025-10-16T22:25:21+00:00,1481.606,4.5,10UEC,1,7,4,none,False,transformer_optimized,high,32,2024-08-26,13,2.5,4,best,none,False
papau_new_guinea_landslide_2024__54MYV,https://hyp3-tibet-jpl-test-contentbucket-hratibh1y9pa.s3.us-west-2.amazonaws.com/fe863cc2-febd-4915-af23-1ddd5c17290c/OPERA_L3_DIST-ALERT-S1_T54MYV_20240628T201348Z_20251016T230132Z_S1A_30_v0.1.zip,https://hyp3-tibet-jpl-test-contentbucket-hratibh1y9pa.s3.us-west-2.amazonaws.com/fe863cc2-febd-4915-af23-1ddd5c17290c/OPERA_L3_DIST-ALERT-S1_T54MYV_20240628T201348Z_20251016T230132Z_S1A_30_v0.1.png,2025-10-16T22:25:21+00:00,459.096,4.5,54MYV,1,7,4,none,False,transformer_optimized,high,32,2024-06-28,31,2.5,4,best,none,False
bioko_fire_2024__32NMJ,https://hyp3-tibet-jpl-test-contentbucket-hratibh1y9pa.s3.us-west-2.amazonaws.com/ce001dae-facc-472e-837f-e94d562283c7/OPERA_L3_DIST-ALERT-S1_T32NMJ_20240224T051440Z_20251016T230635Z_S1A_30_v0.1.zip,https://hyp3-tibet-jpl-test-contentbucket-hratibh1y9pa.s3.us-west-2.amazonaws.com/ce001dae-facc-472e-837f-e94d562283c7/OPERA_L3_DIST-ALERT-S1_T32NMJ_20240224T051440Z_20251016T230635Z_S1A_30_v0.1.png,2025-10-16T22:25:21+00:00,1015.995,4.5,32NMJ,1,7,4,none,False,transformer_optimized,high,32,2024-02-24,124,2.5,4,best,none,False
demak_flood_2024__49MEN,https://hyp3-tibet-jpl-test-contentbucket-hratibh1y9pa.s3.us-west-2.amazonaws.com/abc3872e-a680-4163-9c03-ba5671d5c5d5/OPERA_L3_DIST-ALERT-S1_T49MEN_20240412T105847Z_20251016T231013Z_S1A_30_v0.1.zip,https://hyp3-tibet-jpl-test-contentbucket-hratibh1y9pa.s3.us-west-2.amazonaws.com/abc3872e-a680-4163-9c03-ba5671d5c5d5/OPERA_L3_DIST-ALERT-S1_T49MEN_20240412T105847Z_20251016T231013Z_S1A_30_v0.1.png,2025-10-16T22:25:21+00:00,1267.361,4.5,49MEN,1,7,4,none,False,transformer_optimized,high,32,2024-04-12,127,2.5,4,best,none,False
belize_fire_south_2024__19HBD,https://hyp3-tibet-jpl-test-contentbucket-hratibh1y9pa.s3.us-west-2.amazonaws.com/aba58d0b-328d-4db4-beec-2b3032cbc681/OPERA_L3_DIST-ALERT-S1_T19HBD_20240620T233646Z_20251016T224740Z_S1A_30_v0.1.zip,https://hyp3-tibet-jpl-test-contentbucket-hratibh1y9pa.s3.us-west-2.amazonaws.com/aba58d0b-328d-4db4-beec-2b3032cbc681/OPERA_L3_DIST-ALERT-S1_T19HBD_20240620T233646Z_20251016T224740Z_S1A_30_v0.1.png,2025-10-16T22:25:21+00:00,186.319,4.5,19HBD,1,7,4,none,False,transformer_optimized,high,32,2024-06-20,91,2.5,4,best,none,False
bioko_fire_2024__32NMJ,https://hyp3-tibet-jpl-test-contentbucket-hratibh1y9pa.s3.us-west-2.amazonaws.com/06b24a7c-7536-4c87-9d8c-7cf17474af33/OPERA_L3_DIST-ALERT-S1_T32NMJ_20240302T050633Z_20251016T225746Z_S1A_30_v0.1.zip,https://hyp3-tibet-jpl-test-contentbucket-hratibh1y9pa.s3.us-west-2.amazonaws.com/06b24a7c-7536-4c87-9d8c-7cf17474af33/OPERA_L3_DIST-ALERT-S1_T32NMJ_20240302T050633Z_20251016T225746Z_S1A_30_v0.1.png,2025-10-16T22:25:21+00:00,826.259,4.5,32NMJ,1,7,4,none,False,transformer_optimized,high,32,2024-03-02,51,2.5,4,best,none,False
papau_new_guinea_landslide_2024__54MYV,https://hyp3-tibet-jpl-test-contentbucket-hratibh1y9pa.s3.us-west-2.amazonaws.com/d5854ea5-f42e-41bd-915f-0fbdbf8968e4/OPERA_L3_DIST-ALERT-S1_T54MYV_20240530T200540Z_20251016T230518Z_S1A_30_v0.1.zip,https://hyp3-tibet-jpl-test-contentbucket-hratibh1y9pa.s3.us-west-2.amazonaws.com/d5854ea5-f42e-41bd-915f-0fbdbf8968e4/OPERA_L3_DIST-ALERT-S1_T54MYV_20240530T200540Z_20251016T230518Z_S1A_30_v0.1.png,2025-10-16T22:25:21+00:00,1601.803,4.5,54MYV,1,7,4,none,False,transformer_optimized,high,32,2024-05-30,133,2.5,4,best,none,False
bioko_fire_2024__32NMJ,https://hyp3-tibet-jpl-test-contentbucket-hratibh1y9pa.s3.us-west-2.amazonaws.com/4e17b9bd-4846-4f51-87c5-9ae8f907caf7/OPERA_L3_DIST-ALERT-S1_T32NMJ_20240326T050633Z_20251016T224913Z_S1A_30_v0.1.zip,https://hyp3-tibet-jpl-test-contentbucket-hratibh1y9pa.s3.us-west-2.amazonaws.com/4e17b9bd-4846-4f51-87c5-9ae8f907caf7/OPERA_L3_DIST-ALERT-S1_T32NMJ_20240326T050633Z_20251016T224913Z_S1A_30_v0.1.png,2025-10-16T22:25:21+00:00,807.858,4.5,32NMJ,1,7,4,none,False,transformer_optimized,high,32,2024-03-26,51,2.5,4,best,none,False
demak_flood_2024__49MDN,https://hyp3-tibet-jpl-test-contentbucket-hratibh1y9pa.s3.us-west-2.amazonaws.com/93c2aaf2-cbad-4814-a920-26e7a7c0835d/OPERA_L3_DIST-ALERT-S1_T49MDN_20240506T105854Z_20251016T225007Z_S1A_30_v0.1.zip,https://hyp3-tibet-jpl-test-contentbucket-hratibh1y9pa.s3.us-west-2.amazonaws.com/93c2aaf2-cbad-4814-a920-26e7a7c0835d/OPERA_L3_DIST-ALERT-S1_T49MDN_20240506T105854Z_20251016T225007Z_S1A_30_v0.1.png,2025-10-16T22:25:21+00:00,1252.434,4.5,49MDN,1,7,4,none,False,transformer_optimized,high,32,2024-05-06,127,2.5,4,best,none,False
demak_flood_2024__49MDN,https://hyp3-tibet-jpl-test-contentbucket-hratibh1y9pa.s3.us-west-2.amazonaws.com/88023bd9-38a4-436b-ac3e-153877d240af/OPERA_L3_DIST-ALERT-S1_T49MDN_20240319T105853Z_20251016T225324Z_S1A_30_v0.1.zip,https://hyp3-tibet-jpl-test-contentbucket-hratibh1y9pa.s3.us-west-2.amazonaws.com/88023bd9-38a4-436b-ac3e-153877d240af/OPERA_L3_DIST-ALERT-S1_T49MDN_20240319T105853Z_20251016T225324Z_S1A_30_v0.1.png,2025-10-16T22:25:21+00:00,1447.349,4.5,49MDN,1,7,4,none,False,transformer_optimized,high,32,2024-03-19,127,2.5,4,best,none,False
belize_fire_south_2024__19HBD,https://hyp3-tibet-jpl-test-contentbucket-hratibh1y9pa.s3.us-west-2.amazonaws.com/ab3768c6-2382-4dba-a5b5-d747169f0513/OPERA_L3_DIST-ALERT-S1_T19HBD_20240625T100429Z_20251016T230918Z_S1A_30_v0.1.zip,https://hyp3-tibet-jpl-test-contentbucket-hratibh1y9pa.s3.us-west-2.amazonaws.com/ab3768c6-2382-4dba-a5b5-d747169f0513/OPERA_L3_DIST-ALERT-S1_T19HBD_20240625T100429Z_20251016T230918Z_S1A_30_v0.1.png,2025-10-16T22:25:21+00:00,2402.361,4.5,19HBD,1,7,4,none,False,transformer_optimized,high,32,2024-06-25,156,2.5,4,best,none,False
chilcotin_river_landslide_and_flood_2024__10UEC,https://hyp3-tibet-jpl-test-contentbucket-hratibh1y9pa.s3.us-west-2.amazonaws.com/f9690229-e650-4c20-9afc-66ff5a4d13cb/OPERA_L3_DIST-ALERT-S1_T10UEC_20240718T020343Z_20251016T223926Z_S1A_30_v0.1.zip,https://hyp3-tibet-jpl-test-contentbucket-hratibh1y9pa.s3.us-west-2.amazonaws.com/f9690229-e650-4c20-9afc-66ff5a4d13cb/OPERA_L3_DIST-ALERT-S1_T10UEC_20240718T020343Z_20251016T223926Z_S1A_30_v0.1.png,2025-10-16T22:25:21+00:00,607.25,4.5,10UEC,1,7,4,none,False,transformer_optimized,high,32,2024-07-18,137,2.5,4,best,none,False
demak_flood_2024__49MEN,https://hyp3-tibet-jpl-test-contentbucket-hratibh1y9pa.s3.us-west-2.amazonaws.com/fe37ed51-4c19-4744-8b13-b34303665351/OPERA_L3_DIST-ALERT-S1_T49MEN_20240513T105049Z_20251016T223707Z_S1A_30_v0.1.zip,https://hyp3-tibet-jpl-test-contentbucket-hratibh1y9pa.s3.us-west-2.amazonaws.com/fe37ed51-4c19-4744-8b13-b34303665351/OPERA_L3_DIST-ALERT-S1_T49MEN_20240513T105049Z_20251016T223707Z_S1A_30_v0.1.png,2025-10-16T22:25:21+00:00,458.567,4.5,49MEN,1,7,4,none,False,transformer_optimized,high,32,2024-05-13,54,2.5,4,best,none,False
park_fire_2024__10TFK,https://hyp3-tibet-jpl-test-contentbucket-hratibh1y9pa.s3.us-west-2.amazonaws.com/50c08ef4-ca6b-44c7-bea9-12299edccbbf/OPERA_L3_DIST-ALERT-S1_T10TFK_20240921T140735Z_20251016T225153Z_S1A_30_v0.1.zip,https://hyp3-tibet-jpl-test-contentbucket-hratibh1y9pa.s3.us-west-2.amazonaws.com/50c08ef4-ca6b-44c7-bea9-12299edccbbf/OPERA_L3_DIST-ALERT-S1_T10TFK_20240921T140735Z_20251016T225153Z_S1A_30_v0.1.png,2025-10-16T22:25:21+00:00,1361.352,4.5,10TFK,1,7,4,none,False,transformer_optimized,high,32,2024-09-21,42,2.5,4,best,none,False
papau_new_guinea_landslide_2024__54MYV,https://hyp3-tibet-jpl-test-contentbucket-hratibh1y9pa.s3.us-west-2.amazonaws.com/687d9c99-60f1-42cc-ad7b-1a7ba8ac60b7/OPERA_L3_DIST-ALERT-S1_T54MYV_20240710T201347Z_20251016T223543Z_S1A_30_v0.1.zip,https://hyp3-tibet-jpl-test-contentbucket-hratibh1y9pa.s3.us-west-2.amazonaws.com/687d9c99-60f1-42cc-ad7b-1a7ba8ac60b7/OPERA_L3_DIST-ALERT-S1_T54MYV_20240710T201347Z_20251016T223543Z_S1A_30_v0.1.png,2025-10-16T22:25:21+00:00,374.859,4.5,54MYV,1,7,4,none,False,transformer_optimized,high,32,2024-07-10,31,2.5,4,best,none,False
attica_fire_2024__34SGH,https://hyp3-tibet-jpl-test-contentbucket-hratibh1y9pa.s3.us-west-2.amazonaws.com/9f14a847-c4fa-4c55-b833-5735dcf5ad57/OPERA_L3_DIST-ALERT-S1_T34SGH_20240901T162359Z_20251016T225142Z_S1A_30_v0.1.zip,https://hyp3-tibet-jpl-test-contentbucket-hratibh1y9pa.s3.us-west-2.amazonaws.com/9f14a847-c4fa-4c55-b833-5735dcf5ad57/OPERA_L3_DIST-ALERT-S1_T34SGH_20240901T162359Z_20251016T225142Z_S1A_30_v0.1.png,2025-10-16T22:25:21+00:00,1346.125,4.5,34SGH,1,7,4,none,False,transformer_optimized,high,32,2024-09-01,102,2.5,4,best,none,False
bioko_fire_2024__32NMJ,https://hyp3-tibet-jpl-test-contentbucket-hratibh1y9pa.s3.us-west-2.amazonaws.com/17111057-70fc-4920-97e0-7374d5318dd6/OPERA_L3_DIST-ALERT-S1_T32NMJ_20240319T173645Z_20251016T231045Z_S1A_30_v0.1.zip,https://hyp3-tibet-jpl-test-contentbucket-hratibh1y9pa.s3.us-west-2.amazonaws.com/17111057-70fc-4920-97e0-7374d5318dd6/OPERA_L3_DIST-ALERT-S1_T32NMJ_20240319T173645Z_20251016T231045Z_S1A_30_v0.1.png,2025-10-16T22:25:21+00:00,487.775,4.5,32NMJ,1,7,4,none,False,transformer_optimized,high,32,2024-03-19,132,2.5,4,best,none,False
tuscany_flood_2023__32TPP,https://hyp3-tibet-jpl-test-contentbucket-hratibh1y9pa.s3.us-west-2.amazonaws.com/be2c80f2-5001-40ee-8138-a17892b0e478/OPERA_L3_DIST-ALERT-S1_T32TPP_20231212T052001Z_20251016T232750Z_S1A_30_v0.1.zip,https://hyp3-tibet-jpl-test-contentbucket-hratibh1y9pa.s3.us-west-2.amazonaws.com/be2c80f2-5001-40ee-8138-a17892b0e478/OPERA_L3_DIST-ALERT-S1_T32TPP_20231212T052001Z_20251016T232750Z_S1A_30_v0.1.png,2025-10-16T22:25:21+00:00,1591.146,4.5,32TPP,1,7,4,none,False,transformer_optimized,high,32,2023-12-12,95,2.5,4,best,none,False
bioko_fire_2024__32NMJ,https://hyp3-tibet-jpl-test-contentbucket-hratibh1y9pa.s3.us-west-2.amazonaws.com/ba3d856a-2265-4de5-91e8-1f8528acf2a0/OPERA_L3_DIST-ALERT-S1_T32NMJ_20240131T173645Z_20251016T231212Z_S1A_30_v0.1.zip,https://hyp3-tibet-jpl-test-contentbucket-hratibh1y9pa.s3.us-west-2.amazonaws.com/ba3d856a-2265-4de5-91e8-1f8528acf2a0/OPERA_L3_DIST-ALERT-S1_T32NMJ_20240131T173645Z_20251016T231212Z_S1A_30_v0.1.png,2025-10-16T22:25:21+00:00,542.362,4.5,32NMJ,1,7,4,none,False,transformer_optimized,high,32,2024-01-31,132,2.5,4,best,none,False
papau_new_guinea_landslide_2024__54MYV,https://hyp3-tibet-jpl-test-contentbucket-hratibh1y9pa.s3.us-west-2.amazonaws.com/67678ad1-e81c-4eb6-a785-b021ab649bcb/OPERA_L3_DIST-ALERT-S1_T54MYV_20240428T084743Z_20251016T230818Z_S1A_30_v0.1.zip,https://hyp3-tibet-jpl-test-contentbucket-hratibh1y9pa.s3.us-west-2.amazonaws.com/67678ad1-e81c-4eb6-a785-b021ab649bcb/OPERA_L3_DIST-ALERT-S1_T54MYV_20240428T084743Z_20251016T230818Z_S1A_30_v0.1.png,2025-10-16T22:25:21+00:00,1281.659,4.5,54MYV,1,7,4,none,False,transformer_optimized,high,32,2024-04-28,9,2.5,4,best,none,False
papau_new_guinea_landslide_2024__54MYV,https://hyp3-tibet-jpl-test-contentbucket-hratibh1y9pa.s3.us-west-2.amazonaws.com/9da5c143-1484-47e8-abf9-7d97abb9e5a0/OPERA_L3_DIST-ALERT-S1_T54MYV_20240523T201349Z_20251016T230045Z_S1A_30_v0.1.zip,https://hyp3-tibet-jpl-test-contentbucket-hratibh1y9pa.s3.us-west-2.amazonaws.com/9da5c143-1484-47e8-abf9-7d97abb9e5a0/OPERA_L3_DIST-ALERT-S1_T54MYV_20240523T201349Z_20251016T230045Z_S1A_30_v0.1.png,2025-10-16T22:25:21+00:00,508.745,4.5,54MYV,1,7,4,none,False,transformer_optimized,high,32,2024-05-23,31,2.5,4,best,none,False
bioko_fire_2024__32NMJ,https://hyp3-tibet-jpl-test-contentbucket-hratibh1y9pa.s3.us-west-2.amazonaws.com/2378f23d-5a0b-4bd5-bc29-24e59deb4fc7/OPERA_L3_DIST-ALERT-S1_T32NMJ_20240319T051441Z_20251016T225757Z_S1A_30_v0.1.zip,https://hyp3-tibet-jpl-test-contentbucket-hratibh1y9pa.s3.us-west-2.amazonaws.com/2378f23d-5a0b-4bd5-bc29-24e59deb4fc7/OPERA_L3_DIST-ALERT-S1_T32NMJ_20240319T051441Z_20251016T225757Z_S1A_30_v0.1.png,2025-10-16T22:25:21+00:00,713.348,4.5,32NMJ,1,7,4,none,False,transformer_optimized,high,32,2024-03-19,124,2.5,4,best,none,False
demak_flood_2024__49MEN,https://hyp3-tibet-jpl-test-contentbucket-hratibh1y9pa.s3.us-west-2.amazonaws.com/c1714ae4-9421-4477-9e3a-b19b8a13959b/OPERA_L3_DIST-ALERT-S1_T49MEN_20240215T220938Z_20251016T230348Z_S1A_30_v0.1.zip,https://hyp3-tibet-jpl-test-contentbucket-hratibh1y9pa.s3.us-west-2.amazonaws.com/c1714ae4-9421-4477-9e3a-b19b8a13959b/OPERA_L3_DIST-ALERT-S1_T49MEN_20240215T220938Z_20251016T230348Z_S1A_30_v0.1.png,2025-10-16T22:25:21+00:00,1255.647,4.5,49MEN,1,7,4,none,False,transformer_optimized,high,32,2024-02-15,3,2.5,4,best,none,False
belize_fire_south_2024__19HBD,https://hyp3-tibet-jpl-test-contentbucket-hratibh1y9pa.s3.us-west-2.amazonaws.com/2a83f226-93f2-4820-ac08-21e534f11b8a/OPERA_L3_DIST-ALERT-S1_T19HBD_20240527T233647Z_20251016T225113Z_S1A_30_v0.1.zip,https://hyp3-tibet-jpl-test-contentbucket-hratibh1y9pa.s3.us-west-2.amazonaws.com/2a83f226-93f2-4820-ac08-21e534f11b8a/OPERA_L3_DIST-ALERT-S1_T19HBD_20240527T233647Z_20251016T225113Z_S1A_30_v0.1.png,2025-10-16T22:25:21+00:00,214.354,4.5,19HBD,1,7,4,none,False,transformer_optimized,high,32,2024-05-27,91,2.5,4,best,none,False
demak_flood_2024__49MDN,https://hyp3-tibet-jpl-test-contentbucket-hratibh1y9pa.s3.us-west-2.amazonaws.com/f8da4106-f911-4092-8669-1e28ae35fec1/OPERA_L3_DIST-ALERT-S1_T49MDN_20240327T221748Z_20251016T230225Z_S1A_30_v0.1.zip,https://hyp3-tibet-jpl-test-contentbucket-hratibh1y9pa.s3.us-west-2.amazonaws.com/f8da4106-f911-4092-8669-1e28ae35fec1/OPERA_L3_DIST-ALERT-S1_T49MDN_20240327T221748Z_20251016T230225Z_S1A_30_v0.1.png,2025-10-16T22:25:21+00:00,1393.855,4.5,49MDN,1,7,4,none,False,transformer_optimized,high,32,2024-03-27,76,2.5,4,best,none,False
papau_new_guinea_landslide_2024__54MYV,https://hyp3-tibet-jpl-test-contentbucket-hratibh1y9pa.s3.us-west-2.amazonaws.com/4576ba2b-7019-4428-b7f7-fdc1ddcd48ee/OPERA_L3_DIST-ALERT-S1_T54MYV_20240627T084742Z_20251016T230120Z_S1A_30_v0.1.zip,https://hyp3-tibet-jpl-test-contentbucket-hratibh1y9pa.s3.us-west-2.amazonaws.com/4576ba2b-7019-4428-b7f7-fdc1ddcd48ee/OPERA_L3_DIST-ALERT-S1_T54MYV_20240627T084742Z_20251016T230120Z_S1A_30_v0.1.png,2025-10-16T22:25:21+00:00,1450.689,4.5,54MYV,1,7,4,none,False,transformer_optimized,high,32,2024-06-27,9,2.5,4,best,none,False
bioko_fire_2024__32NMJ,https://hyp3-tibet-jpl-test-contentbucket-hratibh1y9pa.s3.us-west-2.amazonaws.com/b3e10bbf-545e-499c-bcab-89f4ca7bba9b/OPERA_L3_DIST-ALERT-S1_T32NMJ_20240112T174446Z_20251016T230616Z_S1A_30_v0.1.zip,https://hyp3-tibet-jpl-test-contentbucket-hratibh1y9pa.s3.us-west-2.amazonaws.com/b3e10bbf-545e-499c-bcab-89f4ca7bba9b/OPERA_L3_DIST-ALERT-S1_T32NMJ_20240112T174446Z_20251016T230616Z_S1A_30_v0.1.png,2025-10-16T22:25:21+00:00,1799.679,4.5,32NMJ,1,7,4,none,False,transformer_optimized,high,32,2024-01-12,30,2.5,4,best,none,False
bioko_fire_2024__32NMJ,https://hyp3-tibet-jpl-test-contentbucket-hratibh1y9pa.s3.us-west-2.amazonaws.com/7a63adf9-1e64-477f-9f04-6279476d81d7/OPERA_L3_DIST-ALERT-S1_T32NMJ_20240224T173644Z_20251016T224332Z_S1A_30_v0.1.zip,https://hyp3-tibet-jpl-test-contentbucket-hratibh1y9pa.s3.us-west-2.amazonaws.com/7a63adf9-1e64-477f-9f04-6279476d81d7/OPERA_L3_DIST-ALERT-S1_T32NMJ_20240224T173644Z_20251016T224332Z_S1A_30_v0.1.png,2025-10-16T22:25:21+00:00,529.85,4.5,32NMJ,1,7,4,none,False,transformer_optimized,high,32,2024-02-24,132,2.5,4,best,none,False
belize_fire_south_2024__19HBD,https://hyp3-tibet-jpl-test-contentbucket-hratibh1y9pa.s3.us-west-2.amazonaws.com/2300b34d-0a35-4a7b-9fca-662673c37d4c/OPERA_L3_DIST-ALERT-S1_T19HBD_20240603T232837Z_20251016T230533Z_S1A_30_v0.1.zip,https://hyp3-tibet-jpl-test-contentbucket-hratibh1y9pa.s3.us-west-2.amazonaws.com/2300b34d-0a35-4a7b-9fca-662673c37d4c/OPERA_L3_DIST-ALERT-S1_T19HBD_20240603T232837Z_20251016T230533Z_S1A_30_v0.1.png,2025-10-16T22:25:21+00:00,2178.672,4.5,19HBD,1,7,4,none,False,transformer_optimized,high,32,2024-06-03,18,2.5,4,best,none,False
park_fire_2024__10TFK,https://hyp3-tibet-jpl-test-contentbucket-hratibh1y9pa.s3.us-west-2.amazonaws.com/da6c405a-1f86-484b-a0e1-7b6a906845a3/OPERA_L3_DIST-ALERT-S1_T10TFK_20240902T141544Z_20251016T224038Z_S1A_30_v0.1.zip,https://hyp3-tibet-jpl-test-contentbucket-hratibh1y9pa.s3.us-west-2.amazonaws.com/da6c405a-1f86-484b-a0e1-7b6a906845a3/OPERA_L3_DIST-ALERT-S1_T10TFK_20240902T141544Z_20251016T224038Z_S1A_30_v0.1.png,2025-10-16T22:25:21+00:00,680.495,4.5,10TFK,1,7,4,none,False,transformer_optimized,high,32,2024-09-02,115,2.5,4,best,none,False
chilcotin_river_landslide_and_flood_2024__10UEC,https://hyp3-tibet-jpl-test-contentbucket-hratibh1y9pa.s3.us-west-2.amazonaws.com/0574cd0a-68de-4473-8c7f-92c95dd137ef/OPERA_L3_DIST-ALERT-S1_T10UEC_20240811T020343Z_20251016T224026Z_S1A_30_v0.1.zip,https://hyp3-tibet-jpl-test-contentbucket-hratibh1y9pa.s3.us-west-2.amazonaws.com/0574cd0a-68de-4473-8c7f-92c95dd137ef/OPERA_L3_DIST-ALERT-S1_T10UEC_20240811T020343Z_20251016T224026Z_S1A_30_v0.1.png,2025-10-16T22:25:21+00:00,667.905,4.5,10UEC,1,7,4,none,False,transformer_optimized,high,32,2024-08-11,137,2.5,4,best,none,False
tuscany_flood_2023__32TPP,https://hyp3-tibet-jpl-test-contentbucket-hratibh1y9pa.s3.us-west-2.amazonaws.com/c78c7d2b-87bd-482a-a1a7-224bd5e3b872/OPERA_L3_DIST-ALERT-S1_T32TPP_20231130T052001Z_20251016T225110Z_S1A_30_v0.1.zip,https://hyp3-tibet-jpl-test-contentbucket-hratibh1y9pa.s3.us-west-2.amazonaws.com/c78c7d2b-87bd-482a-a1a7-224bd5e3b872/OPERA_L3_DIST-ALERT-S1_T32TPP_20231130T052001Z_20251016T225110Z_S1A_30_v0.1.png,2025-10-16T22:25:21+00:00,1316.363,4.5,32TPP,1,7,4,none,False,transformer_optimized,high,32,2023-11-30,95,2.5,4,best,none,False
attica_fire_2024__34SGH,https://hyp3-tibet-jpl-test-contentbucket-hratibh1y9pa.s3.us-west-2.amazonaws.com/05b0a971-90a9-4a18-970f-fc4d0ebd385b/OPERA_L3_DIST-ALERT-S1_T34SGH_20241002T161552Z_20251016T223858Z_S1A_30_v0.1.zip,https://hyp3-tibet-jpl-test-contentbucket-hratibh1y9pa.s3.us-west-2.amazonaws.com/05b0a971-90a9-4a18-970f-fc4d0ebd385b/OPERA_L3_DIST-ALERT-S1_T34SGH_20241002T161552Z_20251016T223858Z_S1A_30_v0.1.png,2025-10-16T22:25:21+00:00,571.635,4.5,34SGH,1,7,4,none,False,transformer_optimized,high,32,2024-10-02,29,2.5,4,best,none,False
belize_fire_south_2024__19HBD,https://hyp3-tibet-jpl-test-contentbucket-hratibh1y9pa.s3.us-west-2.amazonaws.com/1fbf59ef-e8c1-4f48-958d-621ebd11796d/OPERA_L3_DIST-ALERT-S1_T19HBD_20240613T100430Z_20251016T230547Z_S1A_30_v0.1.zip,https://hyp3-tibet-jpl-test-contentbucket-hratibh1y9pa.s3.us-west-2.amazonaws.com/1fbf59ef-e8c1-4f48-958d-621ebd11796d/OPERA_L3_DIST-ALERT-S1_T19HBD_20240613T100430Z_20251016T230547Z_S1A_30_v0.1.png,2025-10-16T22:25:21+00:00,2183.032,4.5,19HBD,1,7,4,none,False,transformer_optimized,high,32,2024-06-13,156,2.5,4,best,none,False
demak_flood_2024__49MDN,https://hyp3-tibet-jpl-test-contentbucket-hratibh1y9pa.s3.us-west-2.amazonaws.com/89fccbe8-fc27-4397-ad1e-9725a24c0b25/OPERA_L3_DIST-ALERT-S1_T49MDN_20240424T105853Z_20251016T225308Z_S1A_30_v0.1.zip,https://hyp3-tibet-jpl-test-contentbucket-hratibh1y9pa.s3.us-west-2.amazonaws.com/89fccbe8-fc27-4397-ad1e-9725a24c0b25/OPERA_L3_DIST-ALERT-S1_T49MDN_20240424T105853Z_20251016T225308Z_S1A_30_v0.1.png,2025-10-16T22:25:21+00:00,1434.417,4.5,49MDN,1,7,4,none,False,transformer_optimized,high,32,2024-04-24,127,2.5,4,best,none,False
bioko_fire_2024__32NMJ,https://hyp3-tibet-jpl-test-contentbucket-hratibh1y9pa.s3.us-west-2.amazonaws.com/c6e50715-b292-47c9-bb6c-b1a3072a32a1/OPERA_L3_DIST-ALERT-S1_T32NMJ_20240314T050633Z_20251016T224921Z_S1A_30_v0.1.zip,https://hyp3-tibet-jpl-test-contentbucket-hratibh1y9pa.s3.us-west-2.amazonaws.com/c6e50715-b292-47c9-bb6c-b1a3072a32a1/OPERA_L3_DIST-ALERT-S1_T32NMJ_20240314T050633Z_20251016T224921Z_S1A_30_v0.1.png,2025-10-16T22:25:21+00:00,625.36,4.5,32NMJ,1,7,4,none,False,transformer_optimized,high,32,2024-03-14,51,2.5,4,best,none,False
papau_new_guinea_landslide_2024__54MYV,https://hyp3-tibet-jpl-test-contentbucket-hratibh1y9pa.s3.us-west-2.amazonaws.com/fa46ec54-ba20-48e1-9886-f9ab71c732a0/OPERA_L3_DIST-ALERT-S1_T54MYV_20240506T200541Z_20251016T225504Z_S1A_30_v0.1.zip,https://hyp3-tibet-jpl-test-contentbucket-hratibh1y9pa.s3.us-west-2.amazonaws.com/fa46ec54-ba20-48e1-9886-f9ab71c732a0/OPERA_L3_DIST-ALERT-S1_T54MYV_20240506T200541Z_20251016T225504Z_S1A_30_v0.1.png,2025-10-16T22:25:21+00:00,1553.3,4.5,54MYV,1,7,4,none,False,transformer_optimized,high,32,2024-05-06,133,2.5,4,best,none,False
papau_new_guinea_landslide_2024__54MYV,https://hyp3-tibet-jpl-test-contentbucket-hratibh1y9pa.s3.us-west-2.amazonaws.com/7a3ad970-850d-4e3a-bfd9-be32aadd7b9e/OPERA_L3_DIST-ALERT-S1_T54MYV_20240511T201350Z_20251016T223502Z_S1A_30_v0.1.zip,https://hyp3-tibet-jpl-test-contentbucket-hratibh1y9pa.s3.us-west-2.amazonaws.com/7a3ad970-850d-4e3a-bfd9-be32aadd7b9e/OPERA_L3_DIST-ALERT-S1_T54MYV_20240511T201350Z_20251016T223502Z_S1A_30_v0.1.png,2025-10-16T22:25:21+00:00,335.615,4.5,54MYV,1,7,4,none,False,transformer_optimized,high,32,2024-05-11,31,2.5,4,best,none,False
demak_flood_2024__49MEN,https://hyp3-tibet-jpl-test-contentbucket-hratibh1y9pa.s3.us-west-2.amazonaws.com/4c4c8d73-29a6-4d26-8058-82f2774f019f/OPERA_L3_DIST-ALERT-S1_T49MEN_20240407T105049Z_20251016T223523Z_S1A_30_v0.1.zip,https://hyp3-tibet-jpl-test-contentbucket-hratibh1y9pa.s3.us-west-2.amazonaws.com/4c4c8d73-29a6-4d26-8058-82f2774f019f/OPERA_L3_DIST-ALERT-S1_T49MEN_20240407T105049Z_20251016T223523Z_S1A_30_v0.1.png,2025-10-16T22:25:21+00:00,352.484,4.5,49MEN,1,7,4,none,False,transformer_optimized,high,32,2024-04-07,54,2.5,4,best,none,False
demak_flood_2024__49MDN,https://hyp3-tibet-jpl-test-contentbucket-hratibh1y9pa.s3.us-west-2.amazonaws.com/7050e954-ccac-49a9-9166-8d320638183b/OPERA_L3_DIST-ALERT-S1_T49MDN_20240220T221748Z_20251016T224840Z_S1A_30_v0.1.zip,https://hyp3-tibet-jpl-test-contentbucket-hratibh1y9pa.s3.us-west-2.amazonaws.com/7050e954-ccac-49a9-9166-8d320638183b/OPERA_L3_DIST-ALERT-S1_T49MDN_20240220T221748Z_20251016T224840Z_S1A_30_v0.1.png,2025-10-16T22:25:21+00:00,1164.236,4.5,49MDN,1,7,4,none,False,transformer_optimized,high,32,2024-02-20,76,2.5,4,best,none,False
bioko_fire_2024__32NMJ,https://hyp3-tibet-jpl-test-contentbucket-hratibh1y9pa.s3.us-west-2.amazonaws.com/6a627cd9-f829-4ff0-9249-44eee5bfa9c9/OPERA_L3_DIST-ALERT-S1_T32NMJ_20240207T050633Z_20251016T223811Z_S1A_30_v0.1.zip,https://hyp3-tibet-jpl-test-contentbucket-hratibh1y9pa.s3.us-west-2.amazonaws.com/6a627cd9-f829-4ff0-9249-44eee5bfa9c9/OPERA_L3_DIST-ALERT-S1_T32NMJ_20240207T050633Z_20251016T223811Z_S1A_30_v0.1.png,2025-10-16T22:25:21+00:00,521.667,4.5,32NMJ,1,7,4,none,False,transformer_optimized,high,32,2024-02-07,51,2.5,4,best,none,False
bioko_fire_2024__32NMJ,https://hyp3-tibet-jpl-test-contentbucket-hratibh1y9pa.s3.us-west-2.amazonaws.com/8c285e21-83f6-4662-8606-93209a666c16/OPERA_L3_DIST-ALERT-S1_T32NMJ_20240331T051441Z_20251016T224251Z_S1A_30_v0.1.zip,https://hyp3-tibet-jpl-test-contentbucket-hratibh1y9pa.s3.us-west-2.amazonaws.com/8c285e21-83f6-4662-8606-93209a666c16/OPERA_L3_DIST-ALERT-S1_T32NMJ_20240331T051441Z_20251016T224251Z_S1A_30_v0.1.png,2025-10-16T22:25:21+00:00,804.812,4.5,32NMJ,1,7,4,none,False,transformer_optimized,high,32,2024-03-31,124,2.5,4,best,none,False
park_fire_2024__10TFK,https://hyp3-tibet-jpl-test-contentbucket-hratibh1y9pa.s3.us-west-2.amazonaws.com/a4e74dda-6956-4cac-b317-03f92ffbc4db/OPERA_L3_DIST-ALERT-S1_T10TFK_20240828T020840Z_20251017T014045Z_S1A_30_v0.1.zip,https://hyp3-tibet-jpl-test-contentbucket-hratibh1y9pa.s3.us-west-2.amazonaws.com/a4e74dda-6956-4cac-b317-03f92ffbc4db/OPERA_L3_DIST-ALERT-S1_T10TFK_20240828T020840Z_20251017T014045Z_S1A_30_v0.1.png,2025-10-16T22:25:19+00:00,553.022,4.5,10TFK,1,7,4,none,False,transformer_optimized,high,32,2024-08-28,35,2.5,4,best,none,False
bangladesh_coastal_flood_2024__45QZF,https://hyp3-tibet-jpl-test-contentbucket-hratibh1y9pa.s3.us-west-2.amazonaws.com/4521fba5-f3b8-4340-9a56-e657da113c7f/OPERA_L3_DIST-ALERT-S1_T45QZF_20240806T234822Z_20251017T013843Z_S1A_30_v0.1.zip,https://hyp3-tibet-jpl-test-contentbucket-hratibh1y9pa.s3.us-west-2.amazonaws.com/4521fba5-f3b8-4340-9a56-e657da113c7f/OPERA_L3_DIST-ALERT-S1_T45QZF_20240806T234822Z_20251017T013843Z_S1A_30_v0.1.png,2025-10-16T22:25:19+00:00,558.429,4.5,45QZF,1,7,4,none,False,transformer_optimized,high,32,2024-08-06,77,2.5,4,best,none,False
bangladesh_coastal_flood_2024__45QYF,https://hyp3-tibet-jpl-test-contentbucket-hratibh1y9pa.s3.us-west-2.amazonaws.com/b2b40488-2e4d-440d-8c16-2bd92675740a/OPERA_L3_DIST-ALERT-S1_T45QYF_20240612T235635Z_20251017T014823Z_S1A_30_v0.1.zip,https://hyp3-tibet-jpl-test-contentbucket-hratibh1y9pa.s3.us-west-2.amazonaws.com/b2b40488-2e4d-440d-8c16-2bd92675740a/OPERA_L3_DIST-ALERT-S1_T45QYF_20240612T235635Z_20251017T014823Z_S1A_30_v0.1.png,2025-10-16T22:25:19+00:00,1184.052,4.5,45QYF,1,7,4,none,False,transformer_optimized,high,32,2024-06-12,150,2.5,4,best,none,False
bangladesh_coastal_flood_2024__45QZF,https://hyp3-tibet-jpl-test-contentbucket-hratibh1y9pa.s3.us-west-2.amazonaws.com/f6719c22-870c-40df-b68f-f7a15fe6df4d/OPERA_L3_DIST-ALERT-S1_T45QZF_20240809T120438Z_20251017T015004Z_S1A_30_v0.1.zip,https://hyp3-tibet-jpl-test-contentbucket-hratibh1y9pa.s3.us-west-2.amazonaws.com/f6719c22-870c-40df-b68f-f7a15fe6df4d/OPERA_L3_DIST-ALERT-S1_T45QZF_20240809T120438Z_20251017T015004Z_S1A_30_v0.1.png,2025-10-16T22:25:19+00:00,1552.147,4.5,45QZF,1,7,4,none,False,transformer_optimized,high,32,2024-08-09,114,2.5,4,best,none,False
chiapas_fire_2024__15QUU,https://hyp3-tibet-jpl-test-contentbucket-hratibh1y9pa.s3.us-west-2.amazonaws.com/e293f83b-7877-42c1-aaf7-b1dcf8f1cf27/OPERA_L3_DIST-ALERT-S1_T15QUU_20240521T121038Z_20251017T013754Z_S1A_30_v0.1.zip,https://hyp3-tibet-jpl-test-contentbucket-hratibh1y9pa.s3.us-west-2.amazonaws.com/e293f83b-7877-42c1-aaf7-b1dcf8f1cf27/OPERA_L3_DIST-ALERT-S1_T15QUU_20240521T121038Z_20251017T013754Z_S1A_30_v0.1.png,2025-10-16T22:25:19+00:00,858.545,4.5,15QUU,1,7,4,none,False,transformer_optimized,high,32,2024-05-21,172,2.5,4,best,none,False
yajiang_fire_2024__47RQP,https://hyp3-tibet-jpl-test-contentbucket-hratibh1y9pa.s3.us-west-2.amazonaws.com/a6d2fb15-8bd0-4a78-9b53-ddc99138c461/OPERA_L3_DIST-ALERT-S1_T47RQP_20240506T231325Z_20251017T014147Z_S1A_30_v0.1.zip,https://hyp3-tibet-jpl-test-contentbucket-hratibh1y9pa.s3.us-west-2.amazonaws.com/a6d2fb15-8bd0-4a78-9b53-ddc99138c461/OPERA_L3_DIST-ALERT-S1_T47RQP_20240506T231325Z_20251017T014147Z_S1A_30_v0.1.png,2025-10-16T22:25:19+00:00,1178.171,4.5,47RQP,1,7,4,none,False,transformer_optimized,high,32,2024-05-06,135,2.5,4,best,none,False
chiapas_fire_2024__15QUU,https://hyp3-tibet-jpl-test-contentbucket-hratibh1y9pa.s3.us-west-2.amazonaws.com/a9cb323b-4968-4fcf-ad11-9bd87daa9137/OPERA_L3_DIST-ALERT-S1_T15QUU_20240322T121038Z_20251017T013546Z_S1A_30_v0.1.zip,https://hyp3-tibet-jpl-test-contentbucket-hratibh1y9pa.s3.us-west-2.amazonaws.com/a9cb323b-4968-4fcf-ad11-9bd87daa9137/OPERA_L3_DIST-ALERT-S1_T15QUU_20240322T121038Z_20251017T013546Z_S1A_30_v0.1.png,2025-10-16T22:25:19+00:00,878.398,4.5,15QUU,1,7,4,none,False,transformer_optimized,high,32,2024-03-22,172,2.5,4,best,none,False
bangladesh_coastal_flood_2024__45QZE,https://hyp3-tibet-jpl-test-contentbucket-hratibh1y9pa.s3.us-west-2.amazonaws.com/a18484c6-aed9-4187-95e7-364cceefce74/OPERA_L3_DIST-ALERT-S1_T45QZE_20240615T121237Z_20251017T012847Z_S1A_30_v0.1.zip,https://hyp3-tibet-jpl-test-contentbucket-hratibh1y9pa.s3.us-west-2.amazonaws.com/a18484c6-aed9-4187-95e7-364cceefce74/OPERA_L3_DIST-ALERT-S1_T45QZE_20240615T121237Z_20251017T012847Z_S1A_30_v0.1.png,2025-10-16T22:25:19+00:00,421.854,4.5,45QZE,1,7,4,none,False,transformer_optimized,high,32,2024-06-15,12,2.5,4,best,none,False
bangladesh_coastal_flood_2024__45QZF,https://hyp3-tibet-jpl-test-contentbucket-hratibh1y9pa.s3.us-west-2.amazonaws.com/87018639-375f-4354-9599-8e321e182c73/OPERA_L3_DIST-ALERT-S1_T45QZF_20240818T234822Z_20251017T013137Z_S1A_30_v0.1.zip,https://hyp3-tibet-jpl-test-contentbucket-hratibh1y9pa.s3.us-west-2.amazonaws.com/87018639-375f-4354-9599-8e321e182c73/OPERA_L3_DIST-ALERT-S1_T45QZF_20240818T234822Z_20251017T013137Z_S1A_30_v0.1.png,2025-10-16T22:25:19+00:00,692.333,4.5,45QZF,1,7,4,none,False,transformer_optimized,high,32,2024-08-18,77,2.5,4,best,none,False
yajiang_fire_2024__47RPP,https://hyp3-tibet-jpl-test-contentbucket-hratibh1y9pa.s3.us-west-2.amazonaws.com/42964599-db43-4d47-8885-a94a9215636c/OPERA_L3_DIST-ALERT-S1_T47RPP_20240410T112530Z_20251017T013156Z_S1A_30_v0.1.zip,https://hyp3-tibet-jpl-test-contentbucket-hratibh1y9pa.s3.us-west-2.amazonaws.com/42964599-db43-4d47-8885-a94a9215636c/OPERA_L3_DIST-ALERT-S1_T47RPP_20240410T112530Z_20251017T013156Z_S1A_30_v0.1.png,2025-10-16T22:25:19+00:00,714.628,4.5,47RPP,1,7,4,none,False,transformer_optimized,high,32,2024-04-10,99,2.5,4,best,none,False
park_fire_2024__10TFK,https://hyp3-tibet-jpl-test-contentbucket-hratibh1y9pa.s3.us-west-2.amazonaws.com/453ca162-ba0f-4d10-9648-85f08c9e727a/OPERA_L3_DIST-ALERT-S1_T10TFK_20240816T140734Z_20251017T014047Z_S1A_30_v0.1.zip,https://hyp3-tibet-jpl-test-contentbucket-hratibh1y9pa.s3.us-west-2.amazonaws.com/453ca162-ba0f-4d10-9648-85f08c9e727a/OPERA_L3_DIST-ALERT-S1_T10TFK_20240816T140734Z_20251017T014047Z_S1A_30_v0.1.png,2025-10-16T22:25:19+00:00,1345.769,4.5,10TFK,1,7,4,none,False,transformer_optimized,high,32,2024-08-16,42,2.5,4,best,none,False
yajiang_fire_2024__47RPP,https://hyp3-tibet-jpl-test-contentbucket-hratibh1y9pa.s3.us-west-2.amazonaws.com/aa11baec-79e5-412f-998d-f47f0c62f55d/OPERA_L3_DIST-ALERT-S1_T47RPP_20240307T231325Z_20251017T014035Z_S1A_30_v0.1.zip,https://hyp3-tibet-jpl-test-contentbucket-hratibh1y9pa.s3.us-west-2.amazonaws.com/aa11baec-79e5-412f-998d-f47f0c62f55d/OPERA_L3_DIST-ALERT-S1_T47RPP_20240307T231325Z_20251017T014035Z_S1A_30_v0.1.png,2025-10-16T22:25:19+00:00,1393.694,4.5,47RPP,1,7,4,none,False,transformer_optimized,high,32,2024-03-07,135,2.5,4,best,none,False
chiapas_fire_2024__15QUU,https://hyp3-tibet-jpl-test-contentbucket-hratibh1y9pa.s3.us-west-2.amazonaws.com/7a7605c1-ce9d-4b8f-a488-3925f0493060/OPERA_L3_DIST-ALERT-S1_T15QUU_20240318T003142Z_20251017T013201Z_S1A_30_v0.1.zip,https://hyp3-tibet-jpl-test-contentbucket-hratibh1y9pa.s3.us-west-2.amazonaws.com/7a7605c1-ce9d-4b8f-a488-3925f0493060/OPERA_L3_DIST-ALERT-S1_T15QUU_20240318T003142Z_20251017T013201Z_S1A_30_v0.1.png,2025-10-16T22:25:19+00:00,936.564,4.5,15QUU,1,7,4,none,False,transformer_optimized,high,32,2024-03-18,107,2.5,4,best,none,False
porto_alegre_flood_2024__22JDN,https://hyp3-tibet-jpl-test-contentbucket-hratibh1y9pa.s3.us-west-2.amazonaws.com/de5fbcc0-c9e1-4d7b-8d41-e116ed6386f4/OPERA_L3_DIST-ALERT-S1_T22JDN_20240604T084927Z_20251017T013453Z_S1A_30_v0.1.zip,https://hyp3-tibet-jpl-test-contentbucket-hratibh1y9pa.s3.us-west-2.amazonaws.com/de5fbcc0-c9e1-4d7b-8d41-e116ed6386f4/OPERA_L3_DIST-ALERT-S1_T22JDN_20240604T084927Z_20251017T013453Z_S1A_30_v0.1.png,2025-10-16T22:25:19+00:00,1144.196,4.5,22JDN,1,7,4,none,False,transformer_optimized,high,32,2024-06-04,24,2.5,4,best,none,False
yajiang_fire_2024__47RPP,https://hyp3-tibet-jpl-test-contentbucket-hratibh1y9pa.s3.us-west-2.amazonaws.com/d4c59609-2915-4b57-a37c-8a967bda9cb7/OPERA_L3_DIST-ALERT-S1_T47RPP_20240305T112530Z_20251017T012505Z_S1A_30_v0.1.zip,https://hyp3-tibet-jpl-test-contentbucket-hratibh1y9pa.s3.us-west-2.amazonaws.com/d4c59609-2915-4b57-a37c-8a967bda9cb7/OPERA_L3_DIST-ALERT-S1_T47RPP_20240305T112530Z_20251017T012505Z_S1A_30_v0.1.png,2025-10-16T22:25:19+00:00,511.684,4.5,47RPP,1,7,4,none,False,transformer_optimized,high,32,2024-03-05,99,2.5,4,best,none,False
chiapas_fire_2024__15QUU,https://hyp3-tibet-jpl-test-contentbucket-hratibh1y9pa.s3.us-west-2.amazonaws.com/8a5feb4b-09d0-42d4-8a5c-db933c9bbfa4/OPERA_L3_DIST-ALERT-S1_T15QUU_20240418T002335Z_20251017T012943Z_S1A_30_v0.1.zip,https://hyp3-tibet-jpl-test-contentbucket-hratibh1y9pa.s3.us-west-2.amazonaws.com/8a5feb4b-09d0-42d4-8a5c-db933c9bbfa4/OPERA_L3_DIST-ALERT-S1_T15QUU_20240418T002335Z_20251017T012943Z_S1A_30_v0.1.png,2025-10-16T22:25:19+00:00,864.576,4.5,15QUU,1,7,4,none,False,transformer_optimized,high,32,2024-04-18,34,2.5,4,best,none,False
park_fire_2024__10TFK,https://hyp3-tibet-jpl-test-contentbucket-hratibh1y9pa.s3.us-west-2.amazonaws.com/28f84b71-5fb5-41d2-9cb6-2652db904eba/OPERA_L3_DIST-ALERT-S1_T10TFK_20240821T141544Z_20251017T013010Z_S1A_30_v0.1.zip,https://hyp3-tibet-jpl-test-contentbucket-hratibh1y9pa.s3.us-west-2.amazonaws.com/28f84b71-5fb5-41d2-9cb6-2652db904eba/OPERA_L3_DIST-ALERT-S1_T10TFK_20240821T141544Z_20251017T013010Z_S1A_30_v0.1.png,2025-10-16T22:25:19+00:00,888.443,4.5,10TFK,1,7,4,none,False,transformer_optimized,high,32,2024-08-21,115,2.5,4,best,none,False
bangladesh_coastal_flood_2024__45QZE,https://hyp3-tibet-jpl-test-contentbucket-hratibh1y9pa.s3.us-west-2.amazonaws.com/f592e9ed-d5ee-4b97-901d-01210fb4f09e/OPERA_L3_DIST-ALERT-S1_T45QZE_20240728T120424Z_20251017T013858Z_S1A_30_v0.1.zip,https://hyp3-tibet-jpl-test-contentbucket-hratibh1y9pa.s3.us-west-2.amazonaws.com/f592e9ed-d5ee-4b97-901d-01210fb4f09e/OPERA_L3_DIST-ALERT-S1_T45QZE_20240728T120424Z_20251017T013858Z_S1A_30_v0.1.png,2025-10-16T22:25:19+00:00,1543.587,4.5,45QZE,1,7,4,none,False,transformer_optimized,high,32,2024-07-28,114,2.5,4,best,none,False
bangladesh_coastal_flood_2024__45QYF,https://hyp3-tibet-jpl-test-contentbucket-hratibh1y9pa.s3.us-west-2.amazonaws.com/ecb00650-9b63-4f6f-bb10-9220b17a6edb/OPERA_L3_DIST-ALERT-S1_T45QYF_20240823T235633Z_20251017T013527Z_S1A_30_v0.1.zip,https://hyp3-tibet-jpl-test-contentbucket-hratibh1y9pa.s3.us-west-2.amazonaws.com/ecb00650-9b63-4f6f-bb10-9220b17a6edb/OPERA_L3_DIST-ALERT-S1_T45QYF_20240823T235633Z_20251017T013527Z_S1A_30_v0.1.png,2025-10-16T22:25:19+00:00,1368.821,4.5,45QYF,1,7,4,none,False,transformer_optimized,high,32,2024-08-23,150,2.5,4,best,none,False
park_fire_2024__10TFK,https://hyp3-tibet-jpl-test-contentbucket-hratibh1y9pa.s3.us-west-2.amazonaws.com/fdb2b861-187f-4f80-8be2-6f012f30e064/OPERA_L3_DIST-ALERT-S1_T10TFK_20240723T020840Z_20251017T012338Z_S1A_30_v0.1.zip,https://hyp3-tibet-jpl-test-contentbucket-hratibh1y9pa.s3.us-west-2.amazonaws.com/fdb2b861-187f-4f80-8be2-6f012f30e064/OPERA_L3_DIST-ALERT-S1_T10TFK_20240723T020840Z_20251017T012338Z_S1A_30_v0.1.png,2025-10-16T22:25:19+00:00,645.041,4.5,10TFK,1,7,4,none,False,transformer_optimized,high,32,2024-07-23,35,2.5,4,best,none,False
yajiang_fire_2024__47RPP,https://hyp3-tibet-jpl-test-contentbucket-hratibh1y9pa.s3.us-west-2.amazonaws.com/0ba5e7c6-5227-4d8d-b756-a57f2c1d208e/OPERA_L3_DIST-ALERT-S1_T47RPP_20240429T232137Z_20251017T012403Z_S1A_30_v0.1.zip,https://hyp3-tibet-jpl-test-contentbucket-hratibh1y9pa.s3.us-west-2.amazonaws.com/0ba5e7c6-5227-4d8d-b756-a57f2c1d208e/OPERA_L3_DIST-ALERT-S1_T47RPP_20240429T232137Z_20251017T012403Z_S1A_30_v0.1.png,2025-10-16T22:25:19+00:00,797.474,4.5,47RPP,1,7,4,none,False,transformer_optimized,high,32,2024-04-29,33,2.5,4,best,none,False
bangladesh_coastal_flood_2024__45QYE,https://hyp3-tibet-jpl-test-contentbucket-hratibh1y9pa.s3.us-west-2.amazonaws.com/6de3f3c4-643b-402f-a852-184ee8afc034/OPERA_L3_DIST-ALERT-S1_T45QYE_20240814T121235Z_20251017T013159Z_S1A_30_v0.1.zip,https://hyp3-tibet-jpl-test-contentbucket-hratibh1y9pa.s3.us-west-2.amazonaws.com/6de3f3c4-643b-402f-a852-184ee8afc034/OPERA_L3_DIST-ALERT-S1_T45QYE_20240814T121235Z_20251017T013159Z_S1A_30_v0.1.png,2025-10-16T22:25:19+00:00,1277.418,4.5,45QYE,1,7,4,none,False,transformer_optimized,high,32,2024-08-14,12,2.5,4,best,none,False
bangladesh_coastal_flood_2024__45QYF,https://hyp3-tibet-jpl-test-contentbucket-hratibh1y9pa.s3.us-west-2.amazonaws.com/00280a47-2982-44e1-ad8c-9a4a064ad558/OPERA_L3_DIST-ALERT-S1_T45QYF_20240716T120443Z_20251017T012705Z_S1A_30_v0.1.zip,https://hyp3-tibet-jpl-test-contentbucket-hratibh1y9pa.s3.us-west-2.amazonaws.com/00280a47-2982-44e1-ad8c-9a4a064ad558/OPERA_L3_DIST-ALERT-S1_T45QYF_20240716T120443Z_20251017T012705Z_S1A_30_v0.1.png,2025-10-16T22:25:19+00:00,1047.015,4.5,45QYF,1,7,4,none,False,transformer_optimized,high,32,2024-07-16,114,2.5,4,best,none,False
bangladesh_coastal_flood_2024__45QZE,https://hyp3-tibet-jpl-test-contentbucket-hratibh1y9pa.s3.us-west-2.amazonaws.com/f95235ed-08ba-40ee-9d4e-1168438db1ca/OPERA_L3_DIST-ALERT-S1_T45QZE_20240624T235644Z_20251017T013522Z_S1A_30_v0.1.zip,https://hyp3-tibet-jpl-test-contentbucket-hratibh1y9pa.s3.us-west-2.amazonaws.com/f95235ed-08ba-40ee-9d4e-1168438db1ca/OPERA_L3_DIST-ALERT-S1_T45QZE_20240624T235644Z_20251017T013522Z_S1A_30_v0.1.png,2025-10-16T22:25:19+00:00,1632.069,4.5,45QZE,1,7,4,none,False,transformer_optimized,high,32,2024-06-24,150,2.5,4,best,none,False
bangladesh_coastal_flood_2024__45QYF,https://hyp3-tibet-jpl-test-contentbucket-hratibh1y9pa.s3.us-west-2.amazonaws.com/196c380d-6979-47d3-9fd2-27a47f6fadd9/OPERA_L3_DIST-ALERT-S1_T45QYF_20240728T120442Z_20251017T012220Z_S1A_30_v0.1.zip,https://hyp3-tibet-jpl-test-contentbucket-hratibh1y9pa.s3.us-west-2.amazonaws.com/196c380d-6979-47d3-9fd2-27a47f6fadd9/OPERA_L3_DIST-ALERT-S1_T45QYF_20240728T120442Z_20251017T012220Z_S1A_30_v0.1.png,2025-10-16T22:25:19+00:00,918.721,4.5,45QYF,1,7,4,none,False,transformer_optimized,high,32,2024-07-28,114,2.5,4,best,none,False
bangladesh_coastal_flood_2024__45QZE,https://hyp3-tibet-jpl-test-contentbucket-hratibh1y9pa.s3.us-west-2.amazonaws.com/637d6d4f-4386-4f06-8232-058efc6ba5e8/OPERA_L3_DIST-ALERT-S1_T45QZE_20240818T234836Z_20251017T011948Z_S1A_30_v0.1.zip,https://hyp3-tibet-jpl-test-contentbucket-hratibh1y9pa.s3.us-west-2.amazonaws.com/637d6d4f-4386-4f06-8232-058efc6ba5e8/OPERA_L3_DIST-ALERT-S1_T45QZE_20240818T234836Z_20251017T011948Z_S1A_30_v0.1.png,2025-10-16T22:25:19+00:00,755.397,4.5,45QZE,1,7,4,none,False,transformer_optimized,high,32,2024-08-18,77,2.5,4,best,none,False
park_fire_2024__10TFK,https://hyp3-tibet-jpl-test-contentbucket-hratibh1y9pa.s3.us-west-2.amazonaws.com/efac3dde-19ba-4a7c-b159-23e60dc03560/OPERA_L3_DIST-ALERT-S1_T10TFK_20240804T140734Z_20251017T012902Z_S1A_30_v0.1.zip,https://hyp3-tibet-jpl-test-contentbucket-hratibh1y9pa.s3.us-west-2.amazonaws.com/efac3dde-19ba-4a7c-b159-23e60dc03560/OPERA_L3_DIST-ALERT-S1_T10TFK_20240804T140734Z_20251017T012902Z_S1A_30_v0.1.png,2025-10-16T22:25:19+00:00,1412.371,4.5,10TFK,1,7,4,none,False,transformer_optimized,high,32,2024-08-04,42,2.5,4,best,none,False
bangladesh_coastal_flood_2024__45QZF,https://hyp3-tibet-jpl-test-contentbucket-hratibh1y9pa.s3.us-west-2.amazonaws.com/2b3627dc-8ceb-4323-82b5-cc0845e0ef2c/OPERA_L3_DIST-ALERT-S1_T45QZF_20240716T120438Z_20251017T013243Z_S1A_30_v0.1.zip,https://hyp3-tibet-jpl-test-contentbucket-hratibh1y9pa.s3.us-west-2.amazonaws.com/2b3627dc-8ceb-4323-82b5-cc0845e0ef2c/OPERA_L3_DIST-ALERT-S1_T45QZF_20240716T120438Z_20251017T013243Z_S1A_30_v0.1.png,2025-10-16T22:25:19+00:00,1627.403,4.5,45QZF,1,7,4,none,False,transformer_optimized,high,32,2024-07-16,114,2.5,4,best,none,False
yajiang_fire_2024__47RPP,https://hyp3-tibet-jpl-test-contentbucket-hratibh1y9pa.s3.us-west-2.amazonaws.com/a37e845f-1ef9-4cd3-8855-143b0947afda/OPERA_L3_DIST-ALERT-S1_T47RPP_20240222T112530Z_20251017T011828Z_S1A_30_v0.1.zip,https://hyp3-tibet-jpl-test-contentbucket-hratibh1y9pa.s3.us-west-2.amazonaws.com/a37e845f-1ef9-4cd3-8855-143b0947afda/OPERA_L3_DIST-ALERT-S1_T47RPP_20240222T112530Z_20251017T011828Z_S1A_30_v0.1.png,2025-10-16T22:25:19+00:00,802.735,4.5,47RPP,1,7,4,none,False,transformer_optimized,high,32,2024-02-22,99,2.5,4,best,none,False
park_fire_2024__10TEK,https://hyp3-tibet-jpl-test-contentbucket-hratibh1y9pa.s3.us-west-2.amazonaws.com/de9fbc90-83a3-44cd-bac1-3dc5a4133e6e/OPERA_L3_DIST-ALERT-S1_T10TEK_20240816T020842Z_20251017T012848Z_S1A_30_v0.1.zip,https://hyp3-tibet-jpl-test-contentbucket-hratibh1y9pa.s3.us-west-2.amazonaws.com/de9fbc90-83a3-44cd-bac1-3dc5a4133e6e/OPERA_L3_DIST-ALERT-S1_T10TEK_20240816T020842Z_20251017T012848Z_S1A_30_v0.1.png,2025-10-16T22:25:19+00:00,1491.963,4.5,10TEK,1,7,4,none,False,transformer_optimized,high,32,2024-08-16,35,2.5,4,best,none,False
chiapas_fire_2024__15QUU,https://hyp3-tibet-jpl-test-contentbucket-hratibh1y9pa.s3.us-west-2.amazonaws.com/f43bcf1f-a789-464c-9db5-20b27153c56e/OPERA_L3_DIST-ALERT-S1_T15QUU_20240411T003142Z_20251017T011403Z_S1A_30_v0.1.zip,https://hyp3-tibet-jpl-test-contentbucket-hratibh1y9pa.s3.us-west-2.amazonaws.com/f43bcf1f-a789-464c-9db5-20b27153c56e/OPERA_L3_DIST-ALERT-S1_T15QUU_20240411T003142Z_20251017T011403Z_S1A_30_v0.1.png,2025-10-16T22:25:19+00:00,816.0,4.5,15QUU,1,7,4,none,False,transformer_optimized,high,32,2024-04-11,107,2.5,4,best,none,False
bangladesh_coastal_flood_2024__45QZE,https://hyp3-tibet-jpl-test-contentbucket-hratibh1y9pa.s3.us-west-2.amazonaws.com/9311cec2-c508-4794-9d02-8f0a08cfbc26/OPERA_L3_DIST-ALERT-S1_T45QZE_20240809T120424Z_20251017T012449Z_S1A_30_v0.1.zip,https://hyp3-tibet-jpl-test-contentbucket-hratibh1y9pa.s3.us-west-2.amazonaws.com/9311cec2-c508-4794-9d02-8f0a08cfbc26/OPERA_L3_DIST-ALERT-S1_T45QZE_20240809T120424Z_20251017T012449Z_S1A_30_v0.1.png,2025-10-16T22:25:19+00:00,1496.075,4.5,45QZE,1,7,4,none,False,transformer_optimized,high,32,2024-08-09,114,2.5,4,best,none,False
bangladesh_coastal_flood_2024__45QYE,https://hyp3-tibet-jpl-test-contentbucket-hratibh1y9pa.s3.us-west-2.amazonaws.com/cf7a51b2-dc88-4c76-bed7-a1ad2f62a041/OPERA_L3_DIST-ALERT-S1_T45QYE_20240721T121235Z_20251017T012137Z_S1A_30_v0.1.zip,https://hyp3-tibet-jpl-test-contentbucket-hratibh1y9pa.s3.us-west-2.amazonaws.com/cf7a51b2-dc88-4c76-bed7-a1ad2f62a041/OPERA_L3_DIST-ALERT-S1_T45QYE_20240721T121235Z_20251017T012137Z_S1A_30_v0.1.png,2025-10-16T22:25:19+00:00,1394.963,4.5,45QYE,1,7,4,none,False,transformer_optimized,high,32,2024-07-21,12,2.5,4,best,none,False
bangladesh_coastal_flood_2024__45QZE,https://hyp3-tibet-jpl-test-contentbucket-hratibh1y9pa.s3.us-west-2.amazonaws.com/d2e2c28e-392a-43d3-af55-418d16f1227b/OPERA_L3_DIST-ALERT-S1_T45QZE_20240902T120425Z_20251017T012548Z_S1A_30_v0.1.zip,https://hyp3-tibet-jpl-test-contentbucket-hratibh1y9pa.s3.us-west-2.amazonaws.com/d2e2c28e-392a-43d3-af55-418d16f1227b/OPERA_L3_DIST-ALERT-S1_T45QZE_20240902T120425Z_20251017T012548Z_S1A_30_v0.1.png,2025-10-16T22:25:19+00:00,1647.508,4.5,45QZE,1,7,4,none,False,transformer_optimized,high,32,2024-09-02,114,2.5,4,best,none,False
bangladesh_coastal_flood_2024__45QZF,https://hyp3-tibet-jpl-test-contentbucket-hratibh1y9pa.s3.us-west-2.amazonaws.com/c62889a5-13d0-4450-958d-7560dcf01702/OPERA_L3_DIST-ALERT-S1_T45QZF_20240619T234824Z_20251017T010746Z_S1A_30_v0.1.zip,https://hyp3-tibet-jpl-test-contentbucket-hratibh1y9pa.s3.us-west-2.amazonaws.com/c62889a5-13d0-4450-958d-7560dcf01702/OPERA_L3_DIST-ALERT-S1_T45QZF_20240619T234824Z_20251017T010746Z_S1A_30_v0.1.png,2025-10-16T22:25:19+00:00,619.439,4.5,45QZF,1,7,4,none,False,transformer_optimized,high,32,2024-06-19,77,2.5,4,best,none,False
chiapas_fire_2024__15QUU,https://hyp3-tibet-jpl-test-contentbucket-hratibh1y9pa.s3.us-west-2.amazonaws.com/88c3dbb9-9e78-4a9a-a642-ef149310746f/OPERA_L3_DIST-ALERT-S1_T15QUU_20240517T003144Z_20251017T010939Z_S1A_30_v0.1.zip,https://hyp3-tibet-jpl-test-contentbucket-hratibh1y9pa.s3.us-west-2.amazonaws.com/88c3dbb9-9e78-4a9a-a642-ef149310746f/OPERA_L3_DIST-ALERT-S1_T15QUU_20240517T003144Z_20251017T010939Z_S1A_30_v0.1.png,2025-10-16T22:25:19+00:00,862.603,4.5,15QUU,1,7,4,none,False,transformer_optimized,high,32,2024-05-17,107,2.5,4,best,none,False
yajiang_fire_2024__47RQP,https://hyp3-tibet-jpl-test-contentbucket-hratibh1y9pa.s3.us-west-2.amazonaws.com/c1fb6af2-b4a7-4d70-8a72-9942b0d3795b/OPERA_L3_DIST-ALERT-S1_T47RQP_20240412T231322Z_20251017T012214Z_S1A_30_v0.1.zip,https://hyp3-tibet-jpl-test-contentbucket-hratibh1y9pa.s3.us-west-2.amazonaws.com/c1fb6af2-b4a7-4d70-8a72-9942b0d3795b/OPERA_L3_DIST-ALERT-S1_T47RQP_20240412T231322Z_20251017T012214Z_S1A_30_v0.1.png,2025-10-16T22:25:19+00:00,1623.606,4.5,47RQP,1,7,4,none,False,transformer_optimized,high,32,2024-04-12,135,2.5,4,best,none,False
bangladesh_coastal_flood_2024__45QYE,https://hyp3-tibet-jpl-test-contentbucket-hratibh1y9pa.s3.us-west-2.amazonaws.com/e8e18a2e-3e6f-411a-a10c-43960cf10342/OPERA_L3_DIST-ALERT-S1_T45QYE_20240802T121235Z_20251017T012114Z_S1A_30_v0.1.zip,https://hyp3-tibet-jpl-test-contentbucket-hratibh1y9pa.s3.us-west-2.amazonaws.com/e8e18a2e-3e6f-411a-a10c-43960cf10342/OPERA_L3_DIST-ALERT-S1_T45QYE_20240802T121235Z_20251017T012114Z_S1A_30_v0.1.png,2025-10-16T22:25:19+00:00,1655.406,4.5,45QYE,1,7,4,none,False,transformer_optimized,high,32,2024-08-02,12,2.5,4,best,none,False
yajiang_fire_2024__47RPP,https://hyp3-tibet-jpl-test-contentbucket-hratibh1y9pa.s3.us-west-2.amazonaws.com/b5934b6b-3207-4bfc-aeea-6a8a8f656bef/OPERA_L3_DIST-ALERT-S1_T47RPP_20240422T112531Z_20251017T010542Z_S1A_30_v0.1.zip,https://hyp3-tibet-jpl-test-contentbucket-hratibh1y9pa.s3.us-west-2.amazonaws.com/b5934b6b-3207-4bfc-aeea-6a8a8f656bef/OPERA_L3_DIST-ALERT-S1_T47RPP_20240422T112531Z_20251017T010542Z_S1A_30_v0.1.png,2025-10-16T22:25:19+00:00,714.746,4.5,47RPP,1,7,4,none,False,transformer_optimized,high,32,2024-04-22,99,2.5,4,best,none,False
park_fire_2024__10TEK,https://hyp3-tibet-jpl-test-contentbucket-hratibh1y9pa.s3.us-west-2.amazonaws.com/7c63c82c-631f-4bc7-83aa-872433f46c94/OPERA_L3_DIST-ALERT-S1_T10TEK_20240716T141547Z_20251017T011439Z_S1A_30_v0.1.zip,https://hyp3-tibet-jpl-test-contentbucket-hratibh1y9pa.s3.us-west-2.amazonaws.com/7c63c82c-631f-4bc7-83aa-872433f46c94/OPERA_L3_DIST-ALERT-S1_T10TEK_20240716T141547Z_20251017T011439Z_S1A_30_v0.1.png,2025-10-16T22:25:19+00:00,1353.493,4.5,10TEK,1,7,4,none,False,transformer_optimized,high,32,2024-07-16,115,2.5,4,best,none,False
bangladesh_coastal_flood_2024__45QYE,https://hyp3-tibet-jpl-test-contentbucket-hratibh1y9pa.s3.us-west-2.amazonaws.com/15093e9e-5c37-4af2-972f-d8a63b8450a4/OPERA_L3_DIST-ALERT-S1_T45QYE_20240821T120429Z_20251017T010244Z_S1A_30_v0.1.zip,https://hyp3-tibet-jpl-test-contentbucket-hratibh1y9pa.s3.us-west-2.amazonaws.com/15093e9e-5c37-4af2-972f-d8a63b8450a4/OPERA_L3_DIST-ALERT-S1_T45QYE_20240821T120429Z_20251017T010244Z_S1A_30_v0.1.png,2025-10-16T22:25:19+00:00,628.308,4.5,45QYE,1,7,4,none,False,transformer_optimized,high,32,2024-08-21,114,2.5,4,best,none,False
bangladesh_coastal_flood_2024__45QYF,https://hyp3-tibet-jpl-test-contentbucket-hratibh1y9pa.s3.us-west-2.amazonaws.com/a0c7c3a3-a453-489d-87df-11bb26075dc9/OPERA_L3_DIST-ALERT-S1_T45QYF_20240618T000444Z_20251017T005758Z_S1A_30_v0.1.zip,https://hyp3-tibet-jpl-test-contentbucket-hratibh1y9pa.s3.us-west-2.amazonaws.com/a0c7c3a3-a453-489d-87df-11bb26075dc9/OPERA_L3_DIST-ALERT-S1_T45QYF_20240618T000444Z_20251017T005758Z_S1A_30_v0.1.png,2025-10-16T22:25:19+00:00,491.808,4.5,45QYF,1,7,4,none,False,transformer_optimized,high,32,2024-06-18,48,2.5,4,best,none,False
park_fire_2024__10TFK,https://hyp3-tibet-jpl-test-contentbucket-hratibh1y9pa.s3.us-west-2.amazonaws.com/725bb392-475f-4f61-b576-a9143c27a223/OPERA_L3_DIST-ALERT-S1_T10TFK_20240723T140734Z_20251017T011007Z_S1A_30_v0.1.zip,https://hyp3-tibet-jpl-test-contentbucket-hratibh1y9pa.s3.us-west-2.amazonaws.com/725bb392-475f-4f61-b576-a9143c27a223/OPERA_L3_DIST-ALERT-S1_T10TFK_20240723T140734Z_20251017T011007Z_S1A_30_v0.1.png,2025-10-16T22:25:19+00:00,1297.016,4.5,10TFK,1,7,4,none,False,transformer_optimized,high,32,2024-07-23,42,2.5,4,best,none,False
bangladesh_coastal_flood_2024__45QYF,https://hyp3-tibet-jpl-test-contentbucket-hratibh1y9pa.s3.us-west-2.amazonaws.com/83bca4ea-67bd-48ca-937b-29258fb2d165/OPERA_L3_DIST-ALERT-S1_T45QYF_20240712T000442Z_20251017T005651Z_S1A_30_v0.1.zip,https://hyp3-tibet-jpl-test-contentbucket-hratibh1y9pa.s3.us-west-2.amazonaws.com/83bca4ea-67bd-48ca-937b-29258fb2d165/OPERA_L3_DIST-ALERT-S1_T45QYF_20240712T000442Z_20251017T005651Z_S1A_30_v0.1.png,2025-10-16T22:25:19+00:00,545.715,4.5,45QYF,1,7,4,none,False,transformer_optimized,high,32,2024-07-12,48,2.5,4,best,none,False
bangladesh_coastal_flood_2024__45QYE,https://hyp3-tibet-jpl-test-contentbucket-hratibh1y9pa.s3.us-west-2.amazonaws.com/46394e6d-6024-4a56-85e0-df8254c19ac7/OPERA_L3_DIST-ALERT-S1_T45QYE_20240902T120429Z_20251017T005631Z_S1A_30_v0.1.zip,https://hyp3-tibet-jpl-test-contentbucket-hratibh1y9pa.s3.us-west-2.amazonaws.com/46394e6d-6024-4a56-85e0-df8254c19ac7/OPERA_L3_DIST-ALERT-S1_T45QYE_20240902T120429Z_20251017T005631Z_S1A_30_v0.1.png,2025-10-16T22:25:19+00:00,621.388,4.5,45QYE,1,7,4,none,False,transformer_optimized,high,32,2024-09-02,114,2.5,4,best,none,False
bangladesh_coastal_flood_2024__45QYF,https://hyp3-tibet-jpl-test-contentbucket-hratibh1y9pa.s3.us-west-2.amazonaws.com/052d1739-3a12-4a9e-b060-a50f619b7ef7/OPERA_L3_DIST-ALERT-S1_T45QYF_20240622T120444Z_20251017T005959Z_S1A_30_v0.1.zip,https://hyp3-tibet-jpl-test-contentbucket-hratibh1y9pa.s3.us-west-2.amazonaws.com/052d1739-3a12-4a9e-b060-a50f619b7ef7/OPERA_L3_DIST-ALERT-S1_T45QYF_20240622T120444Z_20251017T005959Z_S1A_30_v0.1.png,2025-10-16T22:25:19+00:00,871.315,4.5,45QYF,1,7,4,none,False,transformer_optimized,high,32,2024-06-22,114,2.5,4,best,none,False
yajiang_fire_2024__47RPP,https://hyp3-tibet-jpl-test-contentbucket-hratibh1y9pa.s3.us-west-2.amazonaws.com/fbbfdd17-710c-4a53-81eb-ab299a1ef4fb/OPERA_L3_DIST-ALERT-S1_T47RPP_20240324T111719Z_20251017T011228Z_S1A_30_v0.1.zip,https://hyp3-tibet-jpl-test-contentbucket-hratibh1y9pa.s3.us-west-2.amazonaws.com/fbbfdd17-710c-4a53-81eb-ab299a1ef4fb/OPERA_L3_DIST-ALERT-S1_T47RPP_20240324T111719Z_20251017T011228Z_S1A_30_v0.1.png,2025-10-16T22:25:19+00:00,1625.945,4.5,47RPP,1,7,4,none,False,transformer_optimized,high,32,2024-03-24,26,2.5,4,best,none,False
yajiang_fire_2024__47RPP,https://hyp3-tibet-jpl-test-contentbucket-hratibh1y9pa.s3.us-west-2.amazonaws.com/bfb1919c-388d-4992-b58d-54265bf609db/OPERA_L3_DIST-ALERT-S1_T47RPP_20240224T231325Z_20251017T010747Z_S1A_30_v0.1.zip,https://hyp3-tibet-jpl-test-contentbucket-hratibh1y9pa.s3.us-west-2.amazonaws.com/bfb1919c-388d-4992-b58d-54265bf609db/OPERA_L3_DIST-ALERT-S1_T47RPP_20240224T231325Z_20251017T010747Z_S1A_30_v0.1.png,2025-10-16T22:25:19+00:00,1374.578,4.5,47RPP,1,7,4,none,False,transformer_optimized,high,32,2024-02-24,135,2.5,4,best,none,False
bangladesh_coastal_flood_2024__45QYF,https://hyp3-tibet-jpl-test-contentbucket-hratibh1y9pa.s3.us-west-2.amazonaws.com/786bf4e7-d6ec-4209-ac70-6179ee6e4156/OPERA_L3_DIST-ALERT-S1_T45QYF_20240902T120443Z_20251017T005510Z_S1A_30_v0.1.zip,https://hyp3-tibet-jpl-test-contentbucket-hratibh1y9pa.s3.us-west-2.amazonaws.com/786bf4e7-d6ec-4209-ac70-6179ee6e4156/OPERA_L3_DIST-ALERT-S1_T45QYF_20240902T120443Z_20251017T005510Z_S1A_30_v0.1.png,2025-10-16T22:25:19+00:00,830.552,4.5,45QYF,1,7,4,none,False,transformer_optimized,high,32,2024-09-02,114,2.5,4,best,none,False
porto_alegre_flood_2024__22JDM,https://hyp3-tibet-jpl-test-contentbucket-hratibh1y9pa.s3.us-west-2.amazonaws.com/b31592e7-af35-45d3-94bf-5a0fe4591957/OPERA_L3_DIST-ALERT-S1_T22JDM_20240604T084940Z_20251017T005959Z_S1A_30_v0.1.zip,https://hyp3-tibet-jpl-test-contentbucket-hratibh1y9pa.s3.us-west-2.amazonaws.com/b31592e7-af35-45d3-94bf-5a0fe4591957/OPERA_L3_DIST-ALERT-S1_T22JDM_20240604T084940Z_20251017T005959Z_S1A_30_v0.1.png,2025-10-16T22:25:19+00:00,1184.441,4.5,22JDM,1,7,4,none,False,transformer_optimized,high,32,2024-06-04,24,2.5,4,best,none,False
chiapas_fire_2024__15QUU,https://hyp3-tibet-jpl-test-contentbucket-hratibh1y9pa.s3.us-west-2.amazonaws.com/39ef2d0d-4451-4347-bba1-ab844033786b/OPERA_L3_DIST-ALERT-S1_T15QUU_20240427T121039Z_20251017T010126Z_S1A_30_v0.1.zip,https://hyp3-tibet-jpl-test-contentbucket-hratibh1y9pa.s3.us-west-2.amazonaws.com/39ef2d0d-4451-4347-bba1-ab844033786b/OPERA_L3_DIST-ALERT-S1_T15QUU_20240427T121039Z_20251017T010126Z_S1A_30_v0.1.png,2025-10-16T22:25:19+00:00,1362.754,4.5,15QUU,1,7,4,none,False,transformer_optimized,high,32,2024-04-27,172,2.5,4,best,none,False
yajiang_fire_2024__47RPP,https://hyp3-tibet-jpl-test-contentbucket-hratibh1y9pa.s3.us-west-2.amazonaws.com/3b2003a0-f95b-4760-8a25-ef6306b32dfc/OPERA_L3_DIST-ALERT-S1_T47RPP_20240319T231325Z_20251017T005652Z_S1A_30_v0.1.zip,https://hyp3-tibet-jpl-test-contentbucket-hratibh1y9pa.s3.us-west-2.amazonaws.com/3b2003a0-f95b-4760-8a25-ef6306b32dfc/OPERA_L3_DIST-ALERT-S1_T47RPP_20240319T231325Z_20251017T005652Z_S1A_30_v0.1.png,2025-10-16T22:25:19+00:00,1150.373,4.5,47RPP,1,7,4,none,False,transformer_optimized,high,32,2024-03-19,135,2.5,4,best,none,False
park_fire_2024__10TFK,https://hyp3-tibet-jpl-test-contentbucket-hratibh1y9pa.s3.us-west-2.amazonaws.com/b2962477-3843-4825-9865-e75d01e5df18/OPERA_L3_DIST-ALERT-S1_T10TFK_20240629T020841Z_20251017T004955Z_S1A_30_v0.1.zip,https://hyp3-tibet-jpl-test-contentbucket-hratibh1y9pa.s3.us-west-2.amazonaws.com/b2962477-3843-4825-9865-e75d01e5df18/OPERA_L3_DIST-ALERT-S1_T10TFK_20240629T020841Z_20251017T004955Z_S1A_30_v0.1.png,2025-10-16T22:25:19+00:00,753.701,4.5,10TFK,1,7,4,none,False,transformer_optimized,high,32,2024-06-29,35,2.5,4,best,none,False
bangladesh_coastal_flood_2024__45QYF,https://hyp3-tibet-jpl-test-contentbucket-hratibh1y9pa.s3.us-west-2.amazonaws.com/15229803-3bbb-46d4-adae-07995fa0ac8f/OPERA_L3_DIST-ALERT-S1_T45QYF_20240615T121253Z_20251017T005237Z_S1A_30_v0.1.zip,https://hyp3-tibet-jpl-test-contentbucket-hratibh1y9pa.s3.us-west-2.amazonaws.com/15229803-3bbb-46d4-adae-07995fa0ac8f/OPERA_L3_DIST-ALERT-S1_T45QYF_20240615T121253Z_20251017T005237Z_S1A_30_v0.1.png,2025-10-16T22:25:19+00:00,1078.805,4.5,45QYF,1,7,4,none,False,transformer_optimized,high,32,2024-06-15,12,2.5,4,best,none,False
yajiang_fire_2024__47RPP,https://hyp3-tibet-jpl-test-contentbucket-hratibh1y9pa.s3.us-west-2.amazonaws.com/467010dc-3f86-40cf-a6b5-a3f3e2eef1d1/OPERA_L3_DIST-ALERT-S1_T47RPP_20240324T232136Z_20251017T004719Z_S1A_30_v0.1.zip,https://hyp3-tibet-jpl-test-contentbucket-hratibh1y9pa.s3.us-west-2.amazonaws.com/467010dc-3f86-40cf-a6b5-a3f3e2eef1d1/OPERA_L3_DIST-ALERT-S1_T47RPP_20240324T232136Z_20251017T004719Z_S1A_30_v0.1.png,2025-10-16T22:25:19+00:00,851.482,4.5,47RPP,1,7,4,none,False,transformer_optimized,high,32,2024-03-24,33,2.5,4,best,none,False
chiapas_fire_2024__15QUU,https://hyp3-tibet-jpl-test-contentbucket-hratibh1y9pa.s3.us-west-2.amazonaws.com/5a440723-a5e6-46ed-b71a-6888aef85c05/OPERA_L3_DIST-ALERT-S1_T15QUU_20240423T003143Z_20251017T004638Z_S1A_30_v0.1.zip,https://hyp3-tibet-jpl-test-contentbucket-hratibh1y9pa.s3.us-west-2.amazonaws.com/5a440723-a5e6-46ed-b71a-6888aef85c05/OPERA_L3_DIST-ALERT-S1_T15QUU_20240423T003143Z_20251017T004638Z_S1A_30_v0.1.png,2025-10-16T22:25:19+00:00,873.324,4.5,15QUU,1,7,4,none,False,transformer_optimized,high,32,2024-04-23,107,2.5,4,best,none,False
bangladesh_coastal_flood_2024__45QZF,https://hyp3-tibet-jpl-test-contentbucket-hratibh1y9pa.s3.us-west-2.amazonaws.com/d9be5b2c-80f5-4182-b96c-806df44f7350/OPERA_L3_DIST-ALERT-S1_T45QZF_20240823T235629Z_20251017T005506Z_S1A_30_v0.1.zip,https://hyp3-tibet-jpl-test-contentbucket-hratibh1y9pa.s3.us-west-2.amazonaws.com/d9be5b2c-80f5-4182-b96c-806df44f7350/OPERA_L3_DIST-ALERT-S1_T45QZF_20240823T235629Z_20251017T005506Z_S1A_30_v0.1.png,2025-10-16T22:25:19+00:00,1388.366,4.5,45QZF,1,7,4,none,False,transformer_optimized,high,32,2024-08-23,150,2.5,4,best,none,False
yajiang_fire_2024__47RPP,https://hyp3-tibet-jpl-test-contentbucket-hratibh1y9pa.s3.us-west-2.amazonaws.com/f12dc167-cacb-49d4-872f-0a1d78094346/OPERA_L3_DIST-ALERT-S1_T47RPP_20240417T232137Z_20251017T004543Z_S1A_30_v0.1.zip,https://hyp3-tibet-jpl-test-contentbucket-hratibh1y9pa.s3.us-west-2.amazonaws.com/f12dc167-cacb-49d4-872f-0a1d78094346/OPERA_L3_DIST-ALERT-S1_T47RPP_20240417T232137Z_20251017T004543Z_S1A_30_v0.1.png,2025-10-16T22:25:19+00:00,909.968,4.5,47RPP,1,7,4,none,False,transformer_optimized,high,32,2024-04-17,33,2.5,4,best,none,False
bangladesh_coastal_flood_2024__45QYE,https://hyp3-tibet-jpl-test-contentbucket-hratibh1y9pa.s3.us-west-2.amazonaws.com/2f7ea484-f585-4032-b74f-c23ae77af1ea/OPERA_L3_DIST-ALERT-S1_T45QYE_20240709T121236Z_20251017T005432Z_S1A_30_v0.1.zip,https://hyp3-tibet-jpl-test-contentbucket-hratibh1y9pa.s3.us-west-2.amazonaws.com/2f7ea484-f585-4032-b74f-c23ae77af1ea/OPERA_L3_DIST-ALERT-S1_T45QYE_20240709T121236Z_20251017T005432Z_S1A_30_v0.1.png,2025-10-16T22:25:19+00:00,1444.053,4.5,45QYE,1,7,4,none,False,transformer_optimized,high,32,2024-07-09,12,2.5,4,best,none,False
park_fire_2024__10TFK,https://hyp3-tibet-jpl-test-contentbucket-hratibh1y9pa.s3.us-west-2.amazonaws.com/e7c8260c-b08f-4b1e-babc-3fa0099b802d/OPERA_L3_DIST-ALERT-S1_T10TFK_20240706T020030Z_20251017T005452Z_S1A_30_v0.1.zip,https://hyp3-tibet-jpl-test-contentbucket-hratibh1y9pa.s3.us-west-2.amazonaws.com/e7c8260c-b08f-4b1e-babc-3fa0099b802d/OPERA_L3_DIST-ALERT-S1_T10TFK_20240706T020030Z_20251017T005452Z_S1A_30_v0.1.png,2025-10-16T22:25:19+00:00,1457.64,4.5,10TFK,1,7,4,none,False,transformer_optimized,high,32,2024-07-06,137,2.5,4,best,none,False
yajiang_fire_2024__47RPP,https://hyp3-tibet-jpl-test-contentbucket-hratibh1y9pa.s3.us-west-2.amazonaws.com/de53aaf4-6a16-4c82-97da-0d5ebd189a63/OPERA_L3_DIST-ALERT-S1_T47RPP_20240405T232137Z_20251017T004353Z_S1A_30_v0.1.zip,https://hyp3-tibet-jpl-test-contentbucket-hratibh1y9pa.s3.us-west-2.amazonaws.com/de53aaf4-6a16-4c82-97da-0d5ebd189a63/OPERA_L3_DIST-ALERT-S1_T47RPP_20240405T232137Z_20251017T004353Z_S1A_30_v0.1.png,2025-10-16T22:25:19+00:00,955.825,4.5,47RPP,1,7,4,none,False,transformer_optimized,high,32,2024-04-05,33,2.5,4,best,none,False
bangladesh_coastal_flood_2024__45QZF,https://hyp3-tibet-jpl-test-contentbucket-hratibh1y9pa.s3.us-west-2.amazonaws.com/7129143a-1d95-4c43-a774-ca2bb0aeafac/OPERA_L3_DIST-ALERT-S1_T45QZF_20240902T120438Z_20251017T005734Z_S1A_30_v0.1.zip,https://hyp3-tibet-jpl-test-contentbucket-hratibh1y9pa.s3.us-west-2.amazonaws.com/7129143a-1d95-4c43-a774-ca2bb0aeafac/OPERA_L3_DIST-ALERT-S1_T45QZF_20240902T120438Z_20251017T005734Z_S1A_30_v0.1.png,2025-10-16T22:25:19+00:00,1880.449,4.5,45QZF,1,7,4,none,False,transformer_optimized,high,32,2024-09-02,114,2.5,4,best,none,False
chiapas_fire_2024__15QUU,https://hyp3-tibet-jpl-test-contentbucket-hratibh1y9pa.s3.us-west-2.amazonaws.com/b3ee8bb9-90dc-4147-9045-b7addf3b3f4e/OPERA_L3_DIST-ALERT-S1_T15QUU_20240306T003142Z_20251017T004159Z_S1A_30_v0.1.zip,https://hyp3-tibet-jpl-test-contentbucket-hratibh1y9pa.s3.us-west-2.amazonaws.com/b3ee8bb9-90dc-4147-9045-b7addf3b3f4e/OPERA_L3_DIST-ALERT-S1_T15QUU_20240306T003142Z_20251017T004159Z_S1A_30_v0.1.png,2025-10-16T22:25:19+00:00,901.801,4.5,15QUU,1,7,4,none,False,transformer_optimized,high,32,2024-03-06,107,2.5,4,best,none,False
bangladesh_coastal_flood_2024__45QYF,https://hyp3-tibet-jpl-test-contentbucket-hratibh1y9pa.s3.us-west-2.amazonaws.com/2d4fdd60-1218-42f4-b1d2-8b7856e0f630/OPERA_L3_DIST-ALERT-S1_T45QYF_20240817T000442Z_20251017T003156Z_S1A_30_v0.1.zip,https://hyp3-tibet-jpl-test-contentbucket-hratibh1y9pa.s3.us-west-2.amazonaws.com/2d4fdd60-1218-42f4-b1d2-8b7856e0f630/OPERA_L3_DIST-ALERT-S1_T45QYF_20240817T000442Z_20251017T003156Z_S1A_30_v0.1.png,2025-10-16T22:25:19+00:00,349.23,4.5,45QYF,1,7,4,none,False,transformer_optimized,high,32,2024-08-17,48,2.5,4,best,none,False
chiapas_fire_2024__15QUU,https://hyp3-tibet-jpl-test-contentbucket-hratibh1y9pa.s3.us-west-2.amazonaws.com/d80ef8fb-56df-4d46-8813-95021d3f0301/OPERA_L3_DIST-ALERT-S1_T15QUU_20240325T002334Z_20251017T003528Z_S1A_30_v0.1.zip,https://hyp3-tibet-jpl-test-contentbucket-hratibh1y9pa.s3.us-west-2.amazonaws.com/d80ef8fb-56df-4d46-8813-95021d3f0301/OPERA_L3_DIST-ALERT-S1_T15QUU_20240325T002334Z_20251017T003528Z_S1A_30_v0.1.png,2025-10-16T22:25:19+00:00,630.821,4.5,15QUU,1,7,4,none,False,transformer_optimized,high,32,2024-03-25,34,2.5,4,best,none,False
yajiang_fire_2024__47RPP,https://hyp3-tibet-jpl-test-contentbucket-hratibh1y9pa.s3.us-west-2.amazonaws.com/5b2764c9-c8ca-493a-89f2-b742baee79e9/OPERA_L3_DIST-ALERT-S1_T47RPP_20240506T231327Z_20251017T004802Z_S1A_30_v0.1.zip,https://hyp3-tibet-jpl-test-contentbucket-hratibh1y9pa.s3.us-west-2.amazonaws.com/5b2764c9-c8ca-493a-89f2-b742baee79e9/OPERA_L3_DIST-ALERT-S1_T47RPP_20240506T231327Z_20251017T004802Z_S1A_30_v0.1.png,2025-10-16T22:25:19+00:00,1456.196,4.5,47RPP,1,7,4,none,False,transformer_optimized,high,32,2024-05-06,135,2.5,4,best,none,False
bangladesh_coastal_flood_2024__45QZF,https://hyp3-tibet-jpl-test-contentbucket-hratibh1y9pa.s3.us-west-2.amazonaws.com/e421108a-91ad-4d78-bc77-1953b0473671/OPERA_L3_DIST-ALERT-S1_T45QZF_20240610T120440Z_20251017T005432Z_S1A_30_v0.1.zip,https://hyp3-tibet-jpl-test-contentbucket-hratibh1y9pa.s3.us-west-2.amazonaws.com/e421108a-91ad-4d78-bc77-1953b0473671/OPERA_L3_DIST-ALERT-S1_T45QZF_20240610T120440Z_20251017T005432Z_S1A_30_v0.1.png,2025-10-16T22:25:19+00:00,1849.079,4.5,45QZF,1,7,4,none,False,transformer_optimized,high,32,2024-06-10,114,2.5,4,best,none,False
yajiang_fire_2024__47RQP,https://hyp3-tibet-jpl-test-contentbucket-hratibh1y9pa.s3.us-west-2.amazonaws.com/8a6e94b8-eefd-49d0-9b8a-80c06f4239cc/OPERA_L3_DIST-ALERT-S1_T47RQP_20240424T231324Z_20251017T005015Z_S1A_30_v0.1.zip,https://hyp3-tibet-jpl-test-contentbucket-hratibh1y9pa.s3.us-west-2.amazonaws.com/8a6e94b8-eefd-49d0-9b8a-80c06f4239cc/OPERA_L3_DIST-ALERT-S1_T47RQP_20240424T231324Z_20251017T005015Z_S1A_30_v0.1.png,2025-10-16T22:25:19+00:00,1615.161,4.5,47RQP,1,7,4,none,False,transformer_optimized,high,32,2024-04-24,135,2.5,4,best,none,False
park_fire_2024__10TEK,https://hyp3-tibet-jpl-test-contentbucket-hratibh1y9pa.s3.us-west-2.amazonaws.com/992ae371-5b29-4bcf-b165-7922b87f0661/OPERA_L3_DIST-ALERT-S1_T10TEK_20240823T020034Z_20251017T003443Z_S1A_30_v0.1.zip,https://hyp3-tibet-jpl-test-contentbucket-hratibh1y9pa.s3.us-west-2.amazonaws.com/992ae371-5b29-4bcf-b165-7922b87f0661/OPERA_L3_DIST-ALERT-S1_T10TEK_20240823T020034Z_20251017T003443Z_S1A_30_v0.1.png,2025-10-16T22:25:19+00:00,712.473,4.5,10TEK,1,7,4,none,False,transformer_optimized,high,32,2024-08-23,137,2.5,4,best,none,False
chiapas_fire_2024__15QUU,https://hyp3-tibet-jpl-test-contentbucket-hratibh1y9pa.s3.us-west-2.amazonaws.com/c91e4436-32a5-44a9-a919-82c92ba3c44d/OPERA_L3_DIST-ALERT-S1_T15QUU_20240430T002335Z_20251017T003737Z_S1A_30_v0.1.zip,https://hyp3-tibet-jpl-test-contentbucket-hratibh1y9pa.s3.us-west-2.amazonaws.com/c91e4436-32a5-44a9-a919-82c92ba3c44d/OPERA_L3_DIST-ALERT-S1_T15QUU_20240430T002335Z_20251017T003737Z_S1A_30_v0.1.png,2025-10-16T22:25:19+00:00,857.35,4.5,15QUU,1,7,4,none,False,transformer_optimized,high,32,2024-04-30,34,2.5,4,best,none,False
bangladesh_coastal_flood_2024__45QZE,https://hyp3-tibet-jpl-test-contentbucket-hratibh1y9pa.s3.us-west-2.amazonaws.com/bdddc34b-b2a3-48af-b90d-55a3fbd42593/OPERA_L3_DIST-ALERT-S1_T45QZE_20240721T121235Z_20251017T003020Z_S1A_30_v0.1.zip,https://hyp3-tibet-jpl-test-contentbucket-hratibh1y9pa.s3.us-west-2.amazonaws.com/bdddc34b-b2a3-48af-b90d-55a3fbd42593/OPERA_L3_DIST-ALERT-S1_T45QZE_20240721T121235Z_20251017T003020Z_S1A_30_v0.1.png,2025-10-16T22:25:19+00:00,471.754,4.5,45QZE,1,7,4,none,False,transformer_optimized,high,32,2024-07-21,12,2.5,4,best,none,False
porto_alegre_flood_2024__22JDM,https://hyp3-tibet-jpl-test-contentbucket-hratibh1y9pa.s3.us-west-2.amazonaws.com/12682c06-1020-4f46-a0d7-9b08d88f6f0d/OPERA_L3_DIST-ALERT-S1_T22JDM_20240511T084941Z_20251017T004122Z_S1A_30_v0.1.zip,https://hyp3-tibet-jpl-test-contentbucket-hratibh1y9pa.s3.us-west-2.amazonaws.com/12682c06-1020-4f46-a0d7-9b08d88f6f0d/OPERA_L3_DIST-ALERT-S1_T22JDM_20240511T084941Z_20251017T004122Z_S1A_30_v0.1.png,2025-10-16T22:25:19+00:00,1184.798,4.5,22JDM,1,7,4,none,False,transformer_optimized,high,32,2024-05-11,24,2.5,4,best,none,False
park_fire_2024__10TEK,https://hyp3-tibet-jpl-test-contentbucket-hratibh1y9pa.s3.us-west-2.amazonaws.com/1addb94b-40b9-47ad-be80-4af989c89544/OPERA_L3_DIST-ALERT-S1_T10TEK_20240723T020842Z_20251017T004020Z_S1A_30_v0.1.zip,https://hyp3-tibet-jpl-test-contentbucket-hratibh1y9pa.s3.us-west-2.amazonaws.com/1addb94b-40b9-47ad-be80-4af989c89544/OPERA_L3_DIST-ALERT-S1_T10TEK_20240723T020842Z_20251017T004020Z_S1A_30_v0.1.png,2025-10-16T22:25:19+00:00,1142.633,4.5,10TEK,1,7,4,none,False,transformer_optimized,high,32,2024-07-23,35,2.5,4,best,none,False
park_fire_2024__10TFK,https://hyp3-tibet-jpl-test-contentbucket-hratibh1y9pa.s3.us-west-2.amazonaws.com/5cdd4767-2a80-43ad-8151-8e1f6036d23b/OPERA_L3_DIST-ALERT-S1_T10TFK_20240823T020029Z_20251017T011541Z_S1A_30_v0.1.zip,https://hyp3-tibet-jpl-test-contentbucket-hratibh1y9pa.s3.us-west-2.amazonaws.com/5cdd4767-2a80-43ad-8151-8e1f6036d23b/OPERA_L3_DIST-ALERT-S1_T10TFK_20240823T020029Z_20251017T011541Z_S1A_30_v0.1.png,2025-10-16T22:25:19+00:00,1694.342,4.5,10TFK,1,7,4,none,False,transformer_optimized,high,32,2024-08-23,137,2.5,4,best,none,False
yajiang_fire_2024__47RQP,https://hyp3-tibet-jpl-test-contentbucket-hratibh1y9pa.s3.us-west-2.amazonaws.com/2f03fb11-c01e-4747-9cdd-2807b30bddd8/OPERA_L3_DIST-ALERT-S1_T47RQP_20240319T231323Z_20251017T004719Z_S1A_30_v0.1.zip,https://hyp3-tibet-jpl-test-contentbucket-hratibh1y9pa.s3.us-west-2.amazonaws.com/2f03fb11-c01e-4747-9cdd-2807b30bddd8/OPERA_L3_DIST-ALERT-S1_T47RQP_20240319T231323Z_20251017T004719Z_S1A_30_v0.1.png,2025-10-16T22:25:19+00:00,1692.845,4.5,47RQP,1,7,4,none,False,transformer_optimized,high,32,2024-03-19,135,2.5,4,best,none,False
bangladesh_coastal_flood_2024__45QZF,https://hyp3-tibet-jpl-test-contentbucket-hratibh1y9pa.s3.us-west-2.amazonaws.com/d4d2748b-768a-4305-9753-1f0c7baa006b/OPERA_L3_DIST-ALERT-S1_T45QZF_20240821T120438Z_20251017T004054Z_S1A_30_v0.1.zip,https://hyp3-tibet-jpl-test-contentbucket-hratibh1y9pa.s3.us-west-2.amazonaws.com/d4d2748b-768a-4305-9753-1f0c7baa006b/OPERA_L3_DIST-ALERT-S1_T45QZF_20240821T120438Z_20251017T004054Z_S1A_30_v0.1.png,2025-10-16T22:25:19+00:00,1457.306,4.5,45QZF,1,7,4,none,False,transformer_optimized,high,32,2024-08-21,114,2.5,4,best,none,False
chiapas_fire_2024__15QUU,https://hyp3-tibet-jpl-test-contentbucket-hratibh1y9pa.s3.us-west-2.amazonaws.com/b353f045-587d-4a5c-a1f2-29e728dd8139/OPERA_L3_DIST-ALERT-S1_T15QUU_20240406T002335Z_20251017T003233Z_S1A_30_v0.1.zip,https://hyp3-tibet-jpl-test-contentbucket-hratibh1y9pa.s3.us-west-2.amazonaws.com/b353f045-587d-4a5c-a1f2-29e728dd8139/OPERA_L3_DIST-ALERT-S1_T15QUU_20240406T002335Z_20251017T003233Z_S1A_30_v0.1.png,2025-10-16T22:25:19+00:00,959.172,4.5,15QUU,1,7,4,none,False,transformer_optimized,high,32,2024-04-06,34,2.5,4,best,none,False
chiapas_fire_2024__15QUU,https://hyp3-tibet-jpl-test-contentbucket-hratibh1y9pa.s3.us-west-2.amazonaws.com/7bda0a28-69dd-4f17-bc5e-84e614c8f998/OPERA_L3_DIST-ALERT-S1_T15QUU_20240509T121039Z_20251017T003321Z_S1A_30_v0.1.zip,https://hyp3-tibet-jpl-test-contentbucket-hratibh1y9pa.s3.us-west-2.amazonaws.com/7bda0a28-69dd-4f17-bc5e-84e614c8f998/OPERA_L3_DIST-ALERT-S1_T15QUU_20240509T121039Z_20251017T003321Z_S1A_30_v0.1.png,2025-10-16T22:25:19+00:00,1067.739,4.5,15QUU,1,7,4,none,False,transformer_optimized,high,32,2024-05-09,172,2.5,4,best,none,False
bangladesh_coastal_flood_2024__45QYE,https://hyp3-tibet-jpl-test-contentbucket-hratibh1y9pa.s3.us-west-2.amazonaws.com/95718495-7111-4e8b-a004-8c2e57541642/OPERA_L3_DIST-ALERT-S1_T45QYE_20240809T120429Z_20251017T002755Z_S1A_30_v0.1.zip,https://hyp3-tibet-jpl-test-contentbucket-hratibh1y9pa.s3.us-west-2.amazonaws.com/95718495-7111-4e8b-a004-8c2e57541642/OPERA_L3_DIST-ALERT-S1_T45QYE_20240809T120429Z_20251017T002755Z_S1A_30_v0.1.png,2025-10-16T22:25:19+00:00,767.877,4.5,45QYE,1,7,4,none,False,transformer_optimized,high,32,2024-08-09,114,2.5,4,best,none,False
park_fire_2024__10TEK,https://hyp3-tibet-jpl-test-contentbucket-hratibh1y9pa.s3.us-west-2.amazonaws.com/4b177ead-dce2-4ac0-b3ee-05d78789f0e3/OPERA_L3_DIST-ALERT-S1_T10TEK_20240809T141547Z_20251017T003606Z_S1A_30_v0.1.zip,https://hyp3-tibet-jpl-test-contentbucket-hratibh1y9pa.s3.us-west-2.amazonaws.com/4b177ead-dce2-4ac0-b3ee-05d78789f0e3/OPERA_L3_DIST-ALERT-S1_T10TEK_20240809T141547Z_20251017T003606Z_S1A_30_v0.1.png,2025-10-16T22:25:19+00:00,1298.235,4.5,10TEK,1,7,4,none,False,transformer_optimized,high,32,2024-08-09,115,2.5,4,best,none,False
yajiang_fire_2024__47RQP,https://hyp3-tibet-jpl-test-contentbucket-hratibh1y9pa.s3.us-west-2.amazonaws.com/8796864a-289a-44eb-93f3-07b7c61ee115/OPERA_L3_DIST-ALERT-S1_T47RQP_20240424T110910Z_20251017T002308Z_S1A_30_v0.1.zip,https://hyp3-tibet-jpl-test-contentbucket-hratibh1y9pa.s3.us-west-2.amazonaws.com/8796864a-289a-44eb-93f3-07b7c61ee115/OPERA_L3_DIST-ALERT-S1_T47RQP_20240424T110910Z_20251017T002308Z_S1A_30_v0.1.png,2025-10-16T22:25:19+00:00,501.567,4.5,47RQP,1,7,4,none,False,transformer_optimized,high,32,2024-04-24,128,2.5,4,best,none,False
bangladesh_coastal_flood_2024__45QZE,https://hyp3-tibet-jpl-test-contentbucket-hratibh1y9pa.s3.us-west-2.amazonaws.com/9fd159c5-6d0c-40a4-8d69-34e8f0940bf5/OPERA_L3_DIST-ALERT-S1_T45QZE_20240830T234836Z_20251017T002630Z_S1A_30_v0.1.zip,https://hyp3-tibet-jpl-test-contentbucket-hratibh1y9pa.s3.us-west-2.amazonaws.com/9fd159c5-6d0c-40a4-8d69-34e8f0940bf5/OPERA_L3_DIST-ALERT-S1_T45QZE_20240830T234836Z_20251017T002630Z_S1A_30_v0.1.png,2025-10-16T22:25:19+00:00,742.444,4.5,45QZE,1,7,4,none,False,transformer_optimized,high,32,2024-08-30,77,2.5,4,best,none,False
bangladesh_coastal_flood_2024__45QYE,https://hyp3-tibet-jpl-test-contentbucket-hratibh1y9pa.s3.us-west-2.amazonaws.com/6dd0e414-7639-4254-84c6-9476f15e1d7e/OPERA_L3_DIST-ALERT-S1_T45QYE_20240728T120429Z_20251017T002319Z_S1A_30_v0.1.zip,https://hyp3-tibet-jpl-test-contentbucket-hratibh1y9pa.s3.us-west-2.amazonaws.com/6dd0e414-7639-4254-84c6-9476f15e1d7e/OPERA_L3_DIST-ALERT-S1_T45QYE_20240728T120429Z_20251017T002319Z_S1A_30_v0.1.png,2025-10-16T22:25:19+00:00,488.673,4.5,45QYE,1,7,4,none,False,transformer_optimized,high,32,2024-07-28,114,2.5,4,best,none,False
bangladesh_coastal_flood_2024__45QZE,https://hyp3-tibet-jpl-test-contentbucket-hratibh1y9pa.s3.us-west-2.amazonaws.com/7b65c9da-60d5-4ab5-afb9-616cc015b56a/OPERA_L3_DIST-ALERT-S1_T45QZE_20240716T120425Z_20251017T003720Z_S1A_30_v0.1.zip,https://hyp3-tibet-jpl-test-contentbucket-hratibh1y9pa.s3.us-west-2.amazonaws.com/7b65c9da-60d5-4ab5-afb9-616cc015b56a/OPERA_L3_DIST-ALERT-S1_T45QZE_20240716T120425Z_20251017T003720Z_S1A_30_v0.1.png,2025-10-16T22:25:19+00:00,1463.053,4.5,45QZE,1,7,4,none,False,transformer_optimized,high,32,2024-07-16,114,2.5,4,best,none,False
park_fire_2024__10TFK,https://hyp3-tibet-jpl-test-contentbucket-hratibh1y9pa.s3.us-west-2.amazonaws.com/32de1145-1f7b-4e29-8b1d-a001447a277c/OPERA_L3_DIST-ALERT-S1_T10TFK_20240828T140734Z_20251017T003152Z_S1A_30_v0.1.zip,https://hyp3-tibet-jpl-test-contentbucket-hratibh1y9pa.s3.us-west-2.amazonaws.com/32de1145-1f7b-4e29-8b1d-a001447a277c/OPERA_L3_DIST-ALERT-S1_T10TFK_20240828T140734Z_20251017T003152Z_S1A_30_v0.1.png,2025-10-16T22:25:19+00:00,1264.416,4.5,10TFK,1,7,4,none,False,transformer_optimized,high,32,2024-08-28,42,2.5,4,best,none,False
bangladesh_coastal_flood_2024__45QYF,https://hyp3-tibet-jpl-test-contentbucket-hratibh1y9pa.s3.us-west-2.amazonaws.com/1fd67ea6-c8c6-489f-a21b-48464d61a882/OPERA_L3_DIST-ALERT-S1_T45QYF_20240811T235633Z_20251017T002938Z_S1A_30_v0.1.zip,https://hyp3-tibet-jpl-test-contentbucket-hratibh1y9pa.s3.us-west-2.amazonaws.com/1fd67ea6-c8c6-489f-a21b-48464d61a882/OPERA_L3_DIST-ALERT-S1_T45QYF_20240811T235633Z_20251017T002938Z_S1A_30_v0.1.png,2025-10-16T22:25:19+00:00,1037.16,4.5,45QYF,1,7,4,none,False,transformer_optimized,high,32,2024-08-11,150,2.5,4,best,none,False
yajiang_fire_2024__47RPP,https://hyp3-tibet-jpl-test-contentbucket-hratibh1y9pa.s3.us-west-2.amazonaws.com/b187a8db-6dd8-457f-be52-4de7f9d8ffec/OPERA_L3_DIST-ALERT-S1_T47RPP_20240312T111719Z_20251017T003030Z_S1A_30_v0.1.zip,https://hyp3-tibet-jpl-test-contentbucket-hratibh1y9pa.s3.us-west-2.amazonaws.com/b187a8db-6dd8-457f-be52-4de7f9d8ffec/OPERA_L3_DIST-ALERT-S1_T47RPP_20240312T111719Z_20251017T003030Z_S1A_30_v0.1.png,2025-10-16T22:25:19+00:00,1200.447,4.5,47RPP,1,7,4,none,False,transformer_optimized,high,32,2024-03-12,26,2.5,4,best,none,False
park_fire_2024__10TFK,https://hyp3-tibet-jpl-test-contentbucket-hratibh1y9pa.s3.us-west-2.amazonaws.com/4df0264b-b20d-47b9-8595-685037317e50/OPERA_L3_DIST-ALERT-S1_T10TFK_20240716T141544Z_20251017T001741Z_S1A_30_v0.1.zip,https://hyp3-tibet-jpl-test-contentbucket-hratibh1y9pa.s3.us-west-2.amazonaws.com/4df0264b-b20d-47b9-8595-685037317e50/OPERA_L3_DIST-ALERT-S1_T10TFK_20240716T141544Z_20251017T001741Z_S1A_30_v0.1.png,2025-10-16T22:25:19+00:00,459.005,4.5,10TFK,1,7,4,none,False,transformer_optimized,high,32,2024-07-16,115,2.5,4,best,none,False
bangladesh_coastal_flood_2024__45QYF,https://hyp3-tibet-jpl-test-contentbucket-hratibh1y9pa.s3.us-west-2.amazonaws.com/36e8258a-6ade-4c62-9cd5-f3404cefdfba/OPERA_L3_DIST-ALERT-S1_T45QYF_20240627T121253Z_20251017T003135Z_S1A_30_v0.1.zip,https://hyp3-tibet-jpl-test-contentbucket-hratibh1y9pa.s3.us-west-2.amazonaws.com/36e8258a-6ade-4c62-9cd5-f3404cefdfba/OPERA_L3_DIST-ALERT-S1_T45QYF_20240627T121253Z_20251017T003135Z_S1A_30_v0.1.png,2025-10-16T22:25:19+00:00,1305.353,4.5,45QYF,1,7,4,none,False,transformer_optimized,high,32,2024-06-27,12,2.5,4,best,none,False
yajiang_fire_2024__47RQP,https://hyp3-tibet-jpl-test-contentbucket-hratibh1y9pa.s3.us-west-2.amazonaws.com/87f4e317-7dfe-4019-8282-22735c175599/OPERA_L3_DIST-ALERT-S1_T47RQP_20240319T110909Z_20251017T001708Z_S1A_30_v0.1.zip,https://hyp3-tibet-jpl-test-contentbucket-hratibh1y9pa.s3.us-west-2.amazonaws.com/87f4e317-7dfe-4019-8282-22735c175599/OPERA_L3_DIST-ALERT-S1_T47RQP_20240319T110909Z_20251017T001708Z_S1A_30_v0.1.png,2025-10-16T22:25:19+00:00,608.75,4.5,47RQP,1,7,4,none,False,transformer_optimized,high,32,2024-03-19,128,2.5,4,best,none,False
bangladesh_coastal_flood_2024__45QYF,https://hyp3-tibet-jpl-test-contentbucket-hratibh1y9pa.s3.us-west-2.amazonaws.com/e99c19d3-6570-4e27-90fd-2ad457f43128/OPERA_L3_DIST-ALERT-S1_T45QYF_20240704T120443Z_20251017T002212Z_S1A_30_v0.1.zip,https://hyp3-tibet-jpl-test-contentbucket-hratibh1y9pa.s3.us-west-2.amazonaws.com/e99c19d3-6570-4e27-90fd-2ad457f43128/OPERA_L3_DIST-ALERT-S1_T45QYF_20240704T120443Z_20251017T002212Z_S1A_30_v0.1.png,2025-10-16T22:25:19+00:00,956.673,4.5,45QYF,1,7,4,none,False,transformer_optimized,high,32,2024-07-04,114,2.5,4,best,none,False
bangladesh_coastal_flood_2024__45QYF,https://hyp3-tibet-jpl-test-contentbucket-hratibh1y9pa.s3.us-west-2.amazonaws.com/4b773d36-0292-476b-8441-b3cd0bd978bc/OPERA_L3_DIST-ALERT-S1_T45QYF_20240709T121252Z_20251017T002448Z_S1A_30_v0.1.zip,https://hyp3-tibet-jpl-test-contentbucket-hratibh1y9pa.s3.us-west-2.amazonaws.com/4b773d36-0292-476b-8441-b3cd0bd978bc/OPERA_L3_DIST-ALERT-S1_T45QYF_20240709T121252Z_20251017T002448Z_S1A_30_v0.1.png,2025-10-16T22:25:19+00:00,1204.364,4.5,45QYF,1,7,4,none,False,transformer_optimized,high,32,2024-07-09,12,2.5,4,best,none,False
yajiang_fire_2024__47RQP,https://hyp3-tibet-jpl-test-contentbucket-hratibh1y9pa.s3.us-west-2.amazonaws.com/bf24d454-9c15-4047-b0a4-e7560a47f7b0/OPERA_L3_DIST-ALERT-S1_T47RQP_20240217T111717Z_20251017T003343Z_S1A_30_v0.1.zip,https://hyp3-tibet-jpl-test-contentbucket-hratibh1y9pa.s3.us-west-2.amazonaws.com/bf24d454-9c15-4047-b0a4-e7560a47f7b0/OPERA_L3_DIST-ALERT-S1_T47RQP_20240217T111717Z_20251017T003343Z_S1A_30_v0.1.png,2025-10-16T22:25:19+00:00,1806.557,4.5,47RQP,1,7,4,none,False,transformer_optimized,high,32,2024-02-17,26,2.5,4,best,none,False
yajiang_fire_2024__47RPP,https://hyp3-tibet-jpl-test-contentbucket-hratibh1y9pa.s3.us-west-2.amazonaws.com/f898ff8e-196b-42e0-aeca-e7e004f028de/OPERA_L3_DIST-ALERT-S1_T47RPP_20240424T231326Z_20251017T002528Z_S1A_30_v0.1.zip,https://hyp3-tibet-jpl-test-contentbucket-hratibh1y9pa.s3.us-west-2.amazonaws.com/f898ff8e-196b-42e0-aeca-e7e004f028de/OPERA_L3_DIST-ALERT-S1_T47RPP_20240424T231326Z_20251017T002528Z_S1A_30_v0.1.png,2025-10-16T22:25:19+00:00,1435.405,4.5,47RPP,1,7,4,none,False,transformer_optimized,high,32,2024-04-24,135,2.5,4,best,none,False
bangladesh_coastal_flood_2024__45QZE,https://hyp3-tibet-jpl-test-contentbucket-hratibh1y9pa.s3.us-west-2.amazonaws.com/5e282799-13eb-427d-9c4d-207de9822ffe/OPERA_L3_DIST-ALERT-S1_T45QZE_20240610T120426Z_20251017T002911Z_S1A_30_v0.1.zip,https://hyp3-tibet-jpl-test-contentbucket-hratibh1y9pa.s3.us-west-2.amazonaws.com/5e282799-13eb-427d-9c4d-207de9822ffe/OPERA_L3_DIST-ALERT-S1_T45QZE_20240610T120426Z_20251017T002911Z_S1A_30_v0.1.png,2025-10-16T22:25:19+00:00,1653.594,4.5,45QZE,1,7,4,none,False,transformer_optimized,high,32,2024-06-10,114,2.5,4,best,none,False
bangladesh_coastal_flood_2024__45QYF,https://hyp3-tibet-jpl-test-contentbucket-hratibh1y9pa.s3.us-west-2.amazonaws.com/c6573303-b7be-4959-9b4a-90334edd3c1b/OPERA_L3_DIST-ALERT-S1_T45QYF_20240610T120444Z_20251017T001339Z_S1A_30_v0.1.zip,https://hyp3-tibet-jpl-test-contentbucket-hratibh1y9pa.s3.us-west-2.amazonaws.com/c6573303-b7be-4959-9b4a-90334edd3c1b/OPERA_L3_DIST-ALERT-S1_T45QYF_20240610T120444Z_20251017T001339Z_S1A_30_v0.1.png,2025-10-16T22:25:19+00:00,749.948,4.5,45QYF,1,7,4,none,False,transformer_optimized,high,32,2024-06-10,114,2.5,4,best,none,False
park_fire_2024__10TFK,https://hyp3-tibet-jpl-test-contentbucket-hratibh1y9pa.s3.us-west-2.amazonaws.com/db46f9c3-06bd-40a3-91f2-83885bd0bfb9/OPERA_L3_DIST-ALERT-S1_T10TFK_20240816T020840Z_20251017T000705Z_S1A_30_v0.1.zip,https://hyp3-tibet-jpl-test-contentbucket-hratibh1y9pa.s3.us-west-2.amazonaws.com/db46f9c3-06bd-40a3-91f2-83885bd0bfb9/OPERA_L3_DIST-ALERT-S1_T10TFK_20240816T020840Z_20251017T000705Z_S1A_30_v0.1.png,2025-10-16T22:25:19+00:00,501.889,4.5,10TFK,1,7,4,none,False,transformer_optimized,high,32,2024-08-16,35,2.5,4,best,none,False
bangladesh_coastal_flood_2024__45QYF,https://hyp3-tibet-jpl-test-contentbucket-hratibh1y9pa.s3.us-west-2.amazonaws.com/1351c60c-dec0-432b-a17f-38c823e6fce1/OPERA_L3_DIST-ALERT-S1_T45QYF_20240829T000442Z_20251017T000450Z_S1A_30_v0.1.zip,https://hyp3-tibet-jpl-test-contentbucket-hratibh1y9pa.s3.us-west-2.amazonaws.com/1351c60c-dec0-432b-a17f-38c823e6fce1/OPERA_L3_DIST-ALERT-S1_T45QYF_20240829T000442Z_20251017T000450Z_S1A_30_v0.1.png,2025-10-16T22:25:19+00:00,363.468,4.5,45QYF,1,7,4,none,False,transformer_optimized,high,32,2024-08-29,48,2.5,4,best,none,False
chiapas_fire_2024__15QUU,https://hyp3-tibet-jpl-test-contentbucket-hratibh1y9pa.s3.us-west-2.amazonaws.com/5cac8888-2917-4ee6-b1af-e681f0115570/OPERA_L3_DIST-ALERT-S1_T15QUU_20240403T121038Z_20251017T002323Z_S1A_30_v0.1.zip,https://hyp3-tibet-jpl-test-contentbucket-hratibh1y9pa.s3.us-west-2.amazonaws.com/5cac8888-2917-4ee6-b1af-e681f0115570/OPERA_L3_DIST-ALERT-S1_T15QUU_20240403T121038Z_20251017T002323Z_S1A_30_v0.1.png,2025-10-16T22:25:19+00:00,1495.481,4.5,15QUU,1,7,4,none,False,transformer_optimized,high,32,2024-04-03,172,2.5,4,best,none,False
bangladesh_coastal_flood_2024__45QZF,https://hyp3-tibet-jpl-test-contentbucket-hratibh1y9pa.s3.us-west-2.amazonaws.com/ed34aa78-8767-4381-a2f0-cafc425c45de/OPERA_L3_DIST-ALERT-S1_T45QZF_20240622T120439Z_20251017T003030Z_S1A_30_v0.1.zip,https://hyp3-tibet-jpl-test-contentbucket-hratibh1y9pa.s3.us-west-2.amazonaws.com/ed34aa78-8767-4381-a2f0-cafc425c45de/OPERA_L3_DIST-ALERT-S1_T45QZF_20240622T120439Z_20251017T003030Z_S1A_30_v0.1.png,2025-10-16T22:25:19+00:00,1989.095,4.5,45QZF,1,7,4,none,False,transformer_optimized,high,32,2024-06-22,114,2.5,4,best,none,False
park_fire_2024__10TEK,https://hyp3-tibet-jpl-test-contentbucket-hratibh1y9pa.s3.us-west-2.amazonaws.com/e052ae0c-273e-45a0-8043-d2f5b6b14059/OPERA_L3_DIST-ALERT-S1_T10TEK_20240828T020842Z_20251017T001527Z_S1A_30_v0.1.zip,https://hyp3-tibet-jpl-test-contentbucket-hratibh1y9pa.s3.us-west-2.amazonaws.com/e052ae0c-273e-45a0-8043-d2f5b6b14059/OPERA_L3_DIST-ALERT-S1_T10TEK_20240828T020842Z_20251017T001527Z_S1A_30_v0.1.png,2025-10-16T22:25:19+00:00,1111.055,4.5,10TEK,1,7,4,none,False,transformer_optimized,high,32,2024-08-28,35,2.5,4,best,none,False
bangladesh_coastal_flood_2024__45QZF,https://hyp3-tibet-jpl-test-contentbucket-hratibh1y9pa.s3.us-west-2.amazonaws.com/0cc38eff-022e-403a-8ec7-6c03ba0eba5c/OPERA_L3_DIST-ALERT-S1_T45QZF_20240624T235630Z_20251017T001553Z_S1A_30_v0.1.zip,https://hyp3-tibet-jpl-test-contentbucket-hratibh1y9pa.s3.us-west-2.amazonaws.com/0cc38eff-022e-403a-8ec7-6c03ba0eba5c/OPERA_L3_DIST-ALERT-S1_T45QZF_20240624T235630Z_20251017T001553Z_S1A_30_v0.1.png,2025-10-16T22:25:19+00:00,1131.285,4.5,45QZF,1,7,4,none,False,transformer_optimized,high,32,2024-06-24,150,2.5,4,best,none,False
yajiang_fire_2024__47RPP,https://hyp3-tibet-jpl-test-contentbucket-hratibh1y9pa.s3.us-west-2.amazonaws.com/3e9025b0-1b92-4b55-994c-e081e7361fc7/OPERA_L3_DIST-ALERT-S1_T47RPP_20240429T111721Z_20251017T002005Z_S1A_30_v0.1.zip,https://hyp3-tibet-jpl-test-contentbucket-hratibh1y9pa.s3.us-west-2.amazonaws.com/3e9025b0-1b92-4b55-994c-e081e7361fc7/OPERA_L3_DIST-ALERT-S1_T47RPP_20240429T111721Z_20251017T002005Z_S1A_30_v0.1.png,2025-10-16T22:25:19+00:00,1417.916,4.5,47RPP,1,7,4,none,False,transformer_optimized,high,32,2024-04-29,26,2.5,4,best,none,False
park_fire_2024__10TEK,https://hyp3-tibet-jpl-test-contentbucket-hratibh1y9pa.s3.us-west-2.amazonaws.com/635237ec-4bdc-4e4d-a1a1-efbad40ee4bf/OPERA_L3_DIST-ALERT-S1_T10TEK_20240804T140737Z_20251017T000128Z_S1A_30_v0.1.zip,https://hyp3-tibet-jpl-test-contentbucket-hratibh1y9pa.s3.us-west-2.amazonaws.com/635237ec-4bdc-4e4d-a1a1-efbad40ee4bf/OPERA_L3_DIST-ALERT-S1_T10TEK_20240804T140737Z_20251017T000128Z_S1A_30_v0.1.png,2025-10-16T22:25:19+00:00,379.539,4.5,10TEK,1,7,4,none,False,transformer_optimized,high,32,2024-08-04,42,2.5,4,best,none,False
yajiang_fire_2024__47RPP,https://hyp3-tibet-jpl-test-contentbucket-hratibh1y9pa.s3.us-west-2.amazonaws.com/04aef16b-38c8-48c6-a068-5f5d73202098/OPERA_L3_DIST-ALERT-S1_T47RPP_20240317T112530Z_20251017T000419Z_S1A_30_v0.1.zip,https://hyp3-tibet-jpl-test-contentbucket-hratibh1y9pa.s3.us-west-2.amazonaws.com/04aef16b-38c8-48c6-a068-5f5d73202098/OPERA_L3_DIST-ALERT-S1_T47RPP_20240317T112530Z_20251017T000419Z_S1A_30_v0.1.png,2025-10-16T22:25:19+00:00,621.478,4.5,47RPP,1,7,4,none,False,transformer_optimized,high,32,2024-03-17,99,2.5,4,best,none,False
yajiang_fire_2024__47RQP,https://hyp3-tibet-jpl-test-contentbucket-hratibh1y9pa.s3.us-west-2.amazonaws.com/97bf886a-f3c8-406e-938e-219466f5aded/OPERA_L3_DIST-ALERT-S1_T47RQP_20240324T111718Z_20251017T002243Z_S1A_30_v0.1.zip,https://hyp3-tibet-jpl-test-contentbucket-hratibh1y9pa.s3.us-west-2.amazonaws.com/97bf886a-f3c8-406e-938e-219466f5aded/OPERA_L3_DIST-ALERT-S1_T47RQP_20240324T111718Z_20251017T002243Z_S1A_30_v0.1.png,2025-10-16T22:25:19+00:00,1724.023,4.5,47RQP,1,7,4,none,False,transformer_optimized,high,32,2024-03-24,26,2.5,4,best,none,False
yajiang_fire_2024__47RQP,https://hyp3-tibet-jpl-test-contentbucket-hratibh1y9pa.s3.us-west-2.amazonaws.com/85591077-3097-41dd-bb8e-77bdc71f87ff/OPERA_L3_DIST-ALERT-S1_T47RQP_20240506T110911Z_20251017T000557Z_S1A_30_v0.1.zip,https://hyp3-tibet-jpl-test-contentbucket-hratibh1y9pa.s3.us-west-2.amazonaws.com/85591077-3097-41dd-bb8e-77bdc71f87ff/OPERA_L3_DIST-ALERT-S1_T47RQP_20240506T110911Z_20251017T000557Z_S1A_30_v0.1.png,2025-10-16T22:25:19+00:00,709.243,4.5,47RQP,1,7,4,none,False,transformer_optimized,high,32,2024-05-06,128,2.5,4,best,none,False
bangladesh_coastal_flood_2024__45QYF,https://hyp3-tibet-jpl-test-contentbucket-hratibh1y9pa.s3.us-west-2.amazonaws.com/87d5ac8d-a250-472a-8236-7c2f3fd8e066/OPERA_L3_DIST-ALERT-S1_T45QYF_20240826T121252Z_20251017T001452Z_S1A_30_v0.1.zip,https://hyp3-tibet-jpl-test-contentbucket-hratibh1y9pa.s3.us-west-2.amazonaws.com/87d5ac8d-a250-472a-8236-7c2f3fd8e066/OPERA_L3_DIST-ALERT-S1_T45QYF_20240826T121252Z_20251017T001452Z_S1A_30_v0.1.png,2025-10-16T22:25:19+00:00,1323.713,4.5,45QYF,1,7,4,none,False,transformer_optimized,high,32,2024-08-26,12,2.5,4,best,none,False
bangladesh_coastal_flood_2024__45QYE,https://hyp3-tibet-jpl-test-contentbucket-hratibh1y9pa.s3.us-west-2.amazonaws.com/a109b3c9-6053-4328-9327-4a482b77ed1b/OPERA_L3_DIST-ALERT-S1_T45QYE_20240612T235648Z_20251017T002337Z_S1A_30_v0.1.zip,https://hyp3-tibet-jpl-test-contentbucket-hratibh1y9pa.s3.us-west-2.amazonaws.com/a109b3c9-6053-4328-9327-4a482b77ed1b/OPERA_L3_DIST-ALERT-S1_T45QYE_20240612T235648Z_20251017T002337Z_S1A_30_v0.1.png,2025-10-16T22:25:19+00:00,1877.291,4.5,45QYE,1,7,4,none,False,transformer_optimized,high,32,2024-06-12,150,2.5,4,best,none,False
bangladesh_coastal_flood_2024__45QYF,https://hyp3-tibet-jpl-test-contentbucket-hratibh1y9pa.s3.us-west-2.amazonaws.com/c0a42afd-0f86-4941-8184-8b67b6910e48/OPERA_L3_DIST-ALERT-S1_T45QYF_20240809T120443Z_20251017T000423Z_S1A_30_v0.1.zip,https://hyp3-tibet-jpl-test-contentbucket-hratibh1y9pa.s3.us-west-2.amazonaws.com/c0a42afd-0f86-4941-8184-8b67b6910e48/OPERA_L3_DIST-ALERT-S1_T45QYF_20240809T120443Z_20251017T000423Z_S1A_30_v0.1.png,2025-10-16T22:25:19+00:00,777.38,4.5,45QYF,1,7,4,none,False,transformer_optimized,high,32,2024-08-09,114,2.5,4,best,none,False
bangladesh_coastal_flood_2024__45QZF,https://hyp3-tibet-jpl-test-contentbucket-hratibh1y9pa.s3.us-west-2.amazonaws.com/7fce72da-b0d5-4664-95b6-5c326ca4cf12/OPERA_L3_DIST-ALERT-S1_T45QZF_20240830T234822Z_20251017T000335Z_S1A_30_v0.1.zip,https://hyp3-tibet-jpl-test-contentbucket-hratibh1y9pa.s3.us-west-2.amazonaws.com/7fce72da-b0d5-4664-95b6-5c326ca4cf12/OPERA_L3_DIST-ALERT-S1_T45QZF_20240830T234822Z_20251017T000335Z_S1A_30_v0.1.png,2025-10-16T22:25:19+00:00,729.425,4.5,45QZF,1,7,4,none,False,transformer_optimized,high,32,2024-08-30,77,2.5,4,best,none,False
bangladesh_coastal_flood_2024__45QZE,https://hyp3-tibet-jpl-test-contentbucket-hratibh1y9pa.s3.us-west-2.amazonaws.com/8fb70411-d44e-4028-b81f-2e8444f4a8be/OPERA_L3_DIST-ALERT-S1_T45QZE_20240826T121236Z_20251016T235712Z_S1A_30_v0.1.zip,https://hyp3-tibet-jpl-test-contentbucket-hratibh1y9pa.s3.us-west-2.amazonaws.com/8fb70411-d44e-4028-b81f-2e8444f4a8be/OPERA_L3_DIST-ALERT-S1_T45QZE_20240826T121236Z_20251016T235712Z_S1A_30_v0.1.png,2025-10-16T22:25:19+00:00,400.806,4.5,45QZE,1,7,4,none,False,transformer_optimized,high,32,2024-08-26,12,2.5,4,best,none,False
park_fire_2024__10TEK,https://hyp3-tibet-jpl-test-contentbucket-hratibh1y9pa.s3.us-west-2.amazonaws.com/7c9d17e8-b188-443d-821d-6aad125812cd/OPERA_L3_DIST-ALERT-S1_T10TEK_20240706T020034Z_20251017T000004Z_S1A_30_v0.1.zip,https://hyp3-tibet-jpl-test-contentbucket-hratibh1y9pa.s3.us-west-2.amazonaws.com/7c9d17e8-b188-443d-821d-6aad125812cd/OPERA_L3_DIST-ALERT-S1_T10TEK_20240706T020034Z_20251017T000004Z_S1A_30_v0.1.png,2025-10-16T22:25:19+00:00,642.424,4.5,10TEK,1,7,4,none,False,transformer_optimized,high,32,2024-07-06,137,2.5,4,best,none,False
yajiang_fire_2024__47RQP,https://hyp3-tibet-jpl-test-contentbucket-hratibh1y9pa.s3.us-west-2.amazonaws.com/3c5b68c1-cf41-40df-9e16-fa2b21859e9b/OPERA_L3_DIST-ALERT-S1_T47RQP_20240307T231323Z_20251017T001749Z_S1A_30_v0.1.zip,https://hyp3-tibet-jpl-test-contentbucket-hratibh1y9pa.s3.us-west-2.amazonaws.com/3c5b68c1-cf41-40df-9e16-fa2b21859e9b/OPERA_L3_DIST-ALERT-S1_T47RQP_20240307T231323Z_20251017T001749Z_S1A_30_v0.1.png,2025-10-16T22:25:19+00:00,1747.995,4.5,47RQP,1,7,4,none,False,transformer_optimized,high,32,2024-03-07,135,2.5,4,best,none,False
chiapas_fire_2024__15QUU,https://hyp3-tibet-jpl-test-contentbucket-hratibh1y9pa.s3.us-west-2.amazonaws.com/7a6175bd-8dcd-46a0-b983-ace053ff7c6b/OPERA_L3_DIST-ALERT-S1_T15QUU_20240301T002334Z_20251017T000330Z_S1A_30_v0.1.zip,https://hyp3-tibet-jpl-test-contentbucket-hratibh1y9pa.s3.us-west-2.amazonaws.com/7a6175bd-8dcd-46a0-b983-ace053ff7c6b/OPERA_L3_DIST-ALERT-S1_T15QUU_20240301T002334Z_20251017T000330Z_S1A_30_v0.1.png,2025-10-16T22:25:19+00:00,914.796,4.5,15QUU,1,7,4,none,False,transformer_optimized,high,32,2024-03-01,34,2.5,4,best,none,False
bangladesh_coastal_flood_2024__45QYE,https://hyp3-tibet-jpl-test-contentbucket-hratibh1y9pa.s3.us-west-2.amazonaws.com/7301b512-0785-44cf-9fb7-58d51cfa7f28/OPERA_L3_DIST-ALERT-S1_T45QYE_20240823T235647Z_20251017T002008Z_S1A_30_v0.1.zip,https://hyp3-tibet-jpl-test-contentbucket-hratibh1y9pa.s3.us-west-2.amazonaws.com/7301b512-0785-44cf-9fb7-58d51cfa7f28/OPERA_L3_DIST-ALERT-S1_T45QYE_20240823T235647Z_20251017T002008Z_S1A_30_v0.1.png,2025-10-16T22:25:19+00:00,1949.703,4.5,45QYE,1,7,4,none,False,transformer_optimized,high,32,2024-08-23,150,2.5,4,best,none,False
yajiang_fire_2024__47RQP,https://hyp3-tibet-jpl-test-contentbucket-hratibh1y9pa.s3.us-west-2.amazonaws.com/9b4723e4-e639-4fc1-bc86-0e810bd98d39/OPERA_L3_DIST-ALERT-S1_T47RQP_20240312T111717Z_20251017T000953Z_S1A_30_v0.1.zip,https://hyp3-tibet-jpl-test-contentbucket-hratibh1y9pa.s3.us-west-2.amazonaws.com/9b4723e4-e639-4fc1-bc86-0e810bd98d39/OPERA_L3_DIST-ALERT-S1_T47RQP_20240312T111717Z_20251017T000953Z_S1A_30_v0.1.png,2025-10-16T22:25:19+00:00,1393.63,4.5,47RQP,1,7,4,none,False,transformer_optimized,high,32,2024-03-12,26,2.5,4,best,none,False
yajiang_fire_2024__47RPP,https://hyp3-tibet-jpl-test-contentbucket-hratibh1y9pa.s3.us-west-2.amazonaws.com/649221b5-ee6f-4686-a7ac-e5510f3358b9/OPERA_L3_DIST-ALERT-S1_T47RPP_20240329T112531Z_20251016T235718Z_S1A_30_v0.1.zip,https://hyp3-tibet-jpl-test-contentbucket-hratibh1y9pa.s3.us-west-2.amazonaws.com/649221b5-ee6f-4686-a7ac-e5510f3358b9/OPERA_L3_DIST-ALERT-S1_T47RPP_20240329T112531Z_20251016T235718Z_S1A_30_v0.1.png,2025-10-16T22:25:19+00:00,726.441,4.5,47RPP,1,7,4,none,False,transformer_optimized,high,32,2024-03-29,99,2.5,4,best,none,False
bangladesh_coastal_flood_2024__45QZE,https://hyp3-tibet-jpl-test-contentbucket-hratibh1y9pa.s3.us-west-2.amazonaws.com/141b7caa-7b61-4df5-a678-ffedbc02df7f/OPERA_L3_DIST-ALERT-S1_T45QZE_20240821T120424Z_20251017T001159Z_S1A_30_v0.1.zip,https://hyp3-tibet-jpl-test-contentbucket-hratibh1y9pa.s3.us-west-2.amazonaws.com/141b7caa-7b61-4df5-a678-ffedbc02df7f/OPERA_L3_DIST-ALERT-S1_T45QZE_20240821T120424Z_20251017T001159Z_S1A_30_v0.1.png,2025-10-16T22:25:19+00:00,1674.491,4.5,45QZE,1,7,4,none,False,transformer_optimized,high,32,2024-08-21,114,2.5,4,best,none,False
yajiang_fire_2024__47RPP,https://hyp3-tibet-jpl-test-contentbucket-hratibh1y9pa.s3.us-west-2.amazonaws.com/c59e5a1f-1bc1-45e1-b8d9-dea8c7838737/OPERA_L3_DIST-ALERT-S1_T47RPP_20240217T111719Z_20251017T000843Z_S1A_30_v0.1.zip,https://hyp3-tibet-jpl-test-contentbucket-hratibh1y9pa.s3.us-west-2.amazonaws.com/c59e5a1f-1bc1-45e1-b8d9-dea8c7838737/OPERA_L3_DIST-ALERT-S1_T47RPP_20240217T111719Z_20251017T000843Z_S1A_30_v0.1.png,2025-10-16T22:25:19+00:00,1533.608,4.5,47RPP,1,7,4,none,False,transformer_optimized,high,32,2024-02-17,26,2.5,4,best,none,False
bangladesh_coastal_flood_2024__45QZF,https://hyp3-tibet-jpl-test-contentbucket-hratibh1y9pa.s3.us-west-2.amazonaws.com/15959d85-a018-4ced-90a1-88ffdc453f98/OPERA_L3_DIST-ALERT-S1_T45QZF_20240728T120438Z_20251017T001036Z_S1A_30_v0.1.zip,https://hyp3-tibet-jpl-test-contentbucket-hratibh1y9pa.s3.us-west-2.amazonaws.com/15959d85-a018-4ced-90a1-88ffdc453f98/OPERA_L3_DIST-ALERT-S1_T45QZF_20240728T120438Z_20251017T001036Z_S1A_30_v0.1.png,2025-10-16T22:25:19+00:00,1937.289,4.5,45QZF,1,7,4,none,False,transformer_optimized,high,32,2024-07-28,114,2.5,4,best,none,False
bangladesh_coastal_flood_2024__45QZE,https://hyp3-tibet-jpl-test-contentbucket-hratibh1y9pa.s3.us-west-2.amazonaws.com/212ff6ee-72c2-4aaf-8c3b-89f0f1157cb9/OPERA_L3_DIST-ALERT-S1_T45QZE_20240811T235643Z_20251016T235932Z_S1A_30_v0.1.zip,https://hyp3-tibet-jpl-test-contentbucket-hratibh1y9pa.s3.us-west-2.amazonaws.com/212ff6ee-72c2-4aaf-8c3b-89f0f1157cb9/OPERA_L3_DIST-ALERT-S1_T45QZE_20240811T235643Z_20251016T235932Z_S1A_30_v0.1.png,2025-10-16T22:25:19+00:00,1265.16,4.5,45QZE,1,7,4,none,False,transformer_optimized,high,32,2024-08-11,150,2.5,4,best,none,False
park_fire_2024__10TFK,https://hyp3-tibet-jpl-test-contentbucket-hratibh1y9pa.s3.us-west-2.amazonaws.com/8fee2f53-09ee-4b61-a0f4-9ddf09899fdd/OPERA_L3_DIST-ALERT-S1_T10TFK_20240809T141544Z_20251016T234951Z_S1A_30_v0.1.zip,https://hyp3-tibet-jpl-test-contentbucket-hratibh1y9pa.s3.us-west-2.amazonaws.com/8fee2f53-09ee-4b61-a0f4-9ddf09899fdd/OPERA_L3_DIST-ALERT-S1_T10TFK_20240809T141544Z_20251016T234951Z_S1A_30_v0.1.png,2025-10-16T22:25:19+00:00,712.301,4.5,10TFK,1,7,4,none,False,transformer_optimized,high,32,2024-08-09,115,2.5,4,best,none,False
bangladesh_coastal_flood_2024__45QZE,https://hyp3-tibet-jpl-test-contentbucket-hratibh1y9pa.s3.us-west-2.amazonaws.com/c55cf575-389a-425b-bf60-b5dd84e032ce/OPERA_L3_DIST-ALERT-S1_T45QZE_20240904T235643Z_20251016T235908Z_S1A_30_v0.1.zip,https://hyp3-tibet-jpl-test-contentbucket-hratibh1y9pa.s3.us-west-2.amazonaws.com/c55cf575-389a-425b-bf60-b5dd84e032ce/OPERA_L3_DIST-ALERT-S1_T45QZE_20240904T235643Z_20251016T235908Z_S1A_30_v0.1.png,2025-10-16T22:25:19+00:00,1333.652,4.5,45QZE,1,7,4,none,False,transformer_optimized,high,32,2024-09-04,150,2.5,4,best,none,False
park_fire_2024__10TEK,https://hyp3-tibet-jpl-test-contentbucket-hratibh1y9pa.s3.us-west-2.amazonaws.com/246c7040-69ec-41f6-90a6-80ef1cf7c78d/OPERA_L3_DIST-ALERT-S1_T10TEK_20240816T140737Z_20251016T234724Z_S1A_30_v0.1.zip,https://hyp3-tibet-jpl-test-contentbucket-hratibh1y9pa.s3.us-west-2.amazonaws.com/246c7040-69ec-41f6-90a6-80ef1cf7c78d/OPERA_L3_DIST-ALERT-S1_T10TEK_20240816T140737Z_20251016T234724Z_S1A_30_v0.1.png,2025-10-16T22:25:19+00:00,716.325,4.5,10TEK,1,7,4,none,False,transformer_optimized,high,32,2024-08-16,42,2.5,4,best,none,False
park_fire_2024__10TFK,https://hyp3-tibet-jpl-test-contentbucket-hratibh1y9pa.s3.us-west-2.amazonaws.com/fda0d5a2-d3b2-40c8-9c22-4261ab99cc29/OPERA_L3_DIST-ALERT-S1_T10TFK_20240811T020029Z_20251016T235652Z_S1A_30_v0.1.zip,https://hyp3-tibet-jpl-test-contentbucket-hratibh1y9pa.s3.us-west-2.amazonaws.com/fda0d5a2-d3b2-40c8-9c22-4261ab99cc29/OPERA_L3_DIST-ALERT-S1_T10TFK_20240811T020029Z_20251016T235652Z_S1A_30_v0.1.png,2025-10-16T22:25:19+00:00,1507.881,4.5,10TFK,1,7,4,none,False,transformer_optimized,high,32,2024-08-11,137,2.5,4,best,none,False
bangladesh_coastal_flood_2024__45QYF,https://hyp3-tibet-jpl-test-contentbucket-hratibh1y9pa.s3.us-west-2.amazonaws.com/ef2f3f30-fb51-46d6-8f93-72eab591576e/OPERA_L3_DIST-ALERT-S1_T45QYF_20240814T121251Z_20251016T235052Z_S1A_30_v0.1.zip,https://hyp3-tibet-jpl-test-contentbucket-hratibh1y9pa.s3.us-west-2.amazonaws.com/ef2f3f30-fb51-46d6-8f93-72eab591576e/OPERA_L3_DIST-ALERT-S1_T45QYF_20240814T121251Z_20251016T235052Z_S1A_30_v0.1.png,2025-10-16T22:25:19+00:00,1145.713,4.5,45QYF,1,7,4,none,False,transformer_optimized,high,32,2024-08-14,12,2.5,4,best,none,False
bangladesh_coastal_flood_2024__45QYF,https://hyp3-tibet-jpl-test-contentbucket-hratibh1y9pa.s3.us-west-2.amazonaws.com/aae31840-088d-4320-bb50-7d42f7a54032/OPERA_L3_DIST-ALERT-S1_T45QYF_20240805T000442Z_20251016T233834Z_S1A_30_v0.1.zip,https://hyp3-tibet-jpl-test-contentbucket-hratibh1y9pa.s3.us-west-2.amazonaws.com/aae31840-088d-4320-bb50-7d42f7a54032/OPERA_L3_DIST-ALERT-S1_T45QYF_20240805T000442Z_20251016T233834Z_S1A_30_v0.1.png,2025-10-16T22:25:19+00:00,330.466,4.5,45QYF,1,7,4,none,False,transformer_optimized,high,32,2024-08-05,48,2.5,4,best,none,False
bangladesh_coastal_flood_2024__45QYE,https://hyp3-tibet-jpl-test-contentbucket-hratibh1y9pa.s3.us-west-2.amazonaws.com/967af56d-b839-4184-8741-8ee3edef47cc/OPERA_L3_DIST-ALERT-S1_T45QYE_20240826T121236Z_20251016T235437Z_S1A_30_v0.1.zip,https://hyp3-tibet-jpl-test-contentbucket-hratibh1y9pa.s3.us-west-2.amazonaws.com/967af56d-b839-4184-8741-8ee3edef47cc/OPERA_L3_DIST-ALERT-S1_T45QYE_20240826T121236Z_20251016T235437Z_S1A_30_v0.1.png,2025-10-16T22:25:19+00:00,1434.458,4.5,45QYE,1,7,4,none,False,transformer_optimized,high,32,2024-08-26,12,2.5,4,best,none,False
yajiang_fire_2024__47RPP,https://hyp3-tibet-jpl-test-contentbucket-hratibh1y9pa.s3.us-west-2.amazonaws.com/19ae3ca2-d821-4a9c-8f15-d459195bd17c/OPERA_L3_DIST-ALERT-S1_T47RPP_20240229T232136Z_20251016T234350Z_S1A_30_v0.1.zip,https://hyp3-tibet-jpl-test-contentbucket-hratibh1y9pa.s3.us-west-2.amazonaws.com/19ae3ca2-d821-4a9c-8f15-d459195bd17c/OPERA_L3_DIST-ALERT-S1_T47RPP_20240229T232136Z_20251016T234350Z_S1A_30_v0.1.png,2025-10-16T22:25:19+00:00,907.738,4.5,47RPP,1,7,4,none,False,transformer_optimized,high,32,2024-02-29,33,2.5,4,best,none,False
chiapas_fire_2024__15QUU,https://hyp3-tibet-jpl-test-contentbucket-hratibh1y9pa.s3.us-west-2.amazonaws.com/e97adbf3-2e48-46c4-96d8-f9b0165b75ae/OPERA_L3_DIST-ALERT-S1_T15QUU_20240505T003144Z_20251016T234402Z_S1A_30_v0.1.zip,https://hyp3-tibet-jpl-test-contentbucket-hratibh1y9pa.s3.us-west-2.amazonaws.com/e97adbf3-2e48-46c4-96d8-f9b0165b75ae/OPERA_L3_DIST-ALERT-S1_T15QUU_20240505T003144Z_20251016T234402Z_S1A_30_v0.1.png,2025-10-16T22:25:19+00:00,950.653,4.5,15QUU,1,7,4,none,False,transformer_optimized,high,32,2024-05-05,107,2.5,4,best,none,False
park_fire_2024__10TEK,https://hyp3-tibet-jpl-test-contentbucket-hratibh1y9pa.s3.us-west-2.amazonaws.com/f3c68fa0-dded-4cd4-a487-c906628f08f6/OPERA_L3_DIST-ALERT-S1_T10TEK_20240811T020034Z_20251016T233908Z_S1A_30_v0.1.zip,https://hyp3-tibet-jpl-test-contentbucket-hratibh1y9pa.s3.us-west-2.amazonaws.com/f3c68fa0-dded-4cd4-a487-c906628f08f6/OPERA_L3_DIST-ALERT-S1_T10TEK_20240811T020034Z_20251016T233908Z_S1A_30_v0.1.png,2025-10-16T22:25:19+00:00,686.285,4.5,10TEK,1,7,4,none,False,transformer_optimized,high,32,2024-08-11,137,2.5,4,best,none,False
park_fire_2024__10TEK,https://hyp3-tibet-jpl-test-contentbucket-hratibh1y9pa.s3.us-west-2.amazonaws.com/22f4d55f-33b3-4238-af50-bcce42e7b637/OPERA_L3_DIST-ALERT-S1_T10TEK_20240704T141547Z_20251016T235220Z_S1A_30_v0.1.zip,https://hyp3-tibet-jpl-test-contentbucket-hratibh1y9pa.s3.us-west-2.amazonaws.com/22f4d55f-33b3-4238-af50-bcce42e7b637/OPERA_L3_DIST-ALERT-S1_T10TEK_20240704T141547Z_20251016T235220Z_S1A_30_v0.1.png,2025-10-16T22:25:19+00:00,1551.717,4.5,10TEK,1,7,4,none,False,transformer_optimized,high,32,2024-07-04,115,2.5,4,best,none,False
yajiang_fire_2024__47RPP,https://hyp3-tibet-jpl-test-contentbucket-hratibh1y9pa.s3.us-west-2.amazonaws.com/d12f4c85-fd97-4639-8df7-972a56a7cc8e/OPERA_L3_DIST-ALERT-S1_T47RPP_20240511T232137Z_20251016T233727Z_S1A_30_v0.1.zip,https://hyp3-tibet-jpl-test-contentbucket-hratibh1y9pa.s3.us-west-2.amazonaws.com/d12f4c85-fd97-4639-8df7-972a56a7cc8e/OPERA_L3_DIST-ALERT-S1_T47RPP_20240511T232137Z_20251016T233727Z_S1A_30_v0.1.png,2025-10-16T22:25:19+00:00,680.687,4.5,47RPP,1,7,4,none,False,transformer_optimized,high,32,2024-05-11,33,2.5,4,best,none,False
bangladesh_coastal_flood_2024__45QZF,https://hyp3-tibet-jpl-test-contentbucket-hratibh1y9pa.s3.us-west-2.amazonaws.com/56e970c1-aae4-412f-801b-015becb8b43d/OPERA_L3_DIST-ALERT-S1_T45QZF_20240811T235629Z_20251016T234625Z_S1A_30_v0.1.zip,https://hyp3-tibet-jpl-test-contentbucket-hratibh1y9pa.s3.us-west-2.amazonaws.com/56e970c1-aae4-412f-801b-015becb8b43d/OPERA_L3_DIST-ALERT-S1_T45QZF_20240811T235629Z_20251016T234625Z_S1A_30_v0.1.png,2025-10-16T22:25:19+00:00,1440.216,4.5,45QZF,1,7,4,none,False,transformer_optimized,high,32,2024-08-11,150,2.5,4,best,none,False
bangladesh_coastal_flood_2024__45QYE,https://hyp3-tibet-jpl-test-contentbucket-hratibh1y9pa.s3.us-west-2.amazonaws.com/1862787d-d1b7-46a7-ad48-9e030b26c4a2/OPERA_L3_DIST-ALERT-S1_T45QYE_20240615T121237Z_20251016T234623Z_S1A_30_v0.1.zip,https://hyp3-tibet-jpl-test-contentbucket-hratibh1y9pa.s3.us-west-2.amazonaws.com/1862787d-d1b7-46a7-ad48-9e030b26c4a2/OPERA_L3_DIST-ALERT-S1_T45QYE_20240615T121237Z_20251016T234623Z_S1A_30_v0.1.png,2025-10-16T22:25:19+00:00,1456.751,4.5,45QYE,1,7,4,none,False,transformer_optimized,high,32,2024-06-15,12,2.5,4,best,none,False
chiapas_fire_2024__15QUU,https://hyp3-tibet-jpl-test-contentbucket-hratibh1y9pa.s3.us-west-2.amazonaws.com/5b5b30d6-16ea-4161-8cc8-95b9bc846c25/OPERA_L3_DIST-ALERT-S1_T15QUU_20240512T002335Z_20251016T233749Z_S1A_30_v0.1.zip,https://hyp3-tibet-jpl-test-contentbucket-hratibh1y9pa.s3.us-west-2.amazonaws.com/5b5b30d6-16ea-4161-8cc8-95b9bc846c25/OPERA_L3_DIST-ALERT-S1_T15QUU_20240512T002335Z_20251016T233749Z_S1A_30_v0.1.png,2025-10-16T22:25:19+00:00,978.922,4.5,15QUU,1,7,4,none,False,transformer_optimized,high,32,2024-05-12,34,2.5,4,best,none,False
bangladesh_coastal_flood_2024__45QZE,https://hyp3-tibet-jpl-test-contentbucket-hratibh1y9pa.s3.us-west-2.amazonaws.com/32ce2406-99be-416a-b89c-6e8e6c3b7f67/OPERA_L3_DIST-ALERT-S1_T45QZE_20240823T235643Z_20251016T234417Z_S1A_30_v0.1.zip,https://hyp3-tibet-jpl-test-contentbucket-hratibh1y9pa.s3.us-west-2.amazonaws.com/32ce2406-99be-416a-b89c-6e8e6c3b7f67/OPERA_L3_DIST-ALERT-S1_T45QZE_20240823T235643Z_20251016T234417Z_S1A_30_v0.1.png,2025-10-16T22:25:19+00:00,1393.657,4.5,45QZE,1,7,4,none,False,transformer_optimized,high,32,2024-08-23,150,2.5,4,best,none,False
bangladesh_coastal_flood_2024__45QYF,https://hyp3-tibet-jpl-test-contentbucket-hratibh1y9pa.s3.us-west-2.amazonaws.com/050586d9-7858-44af-b632-60a9ad964395/OPERA_L3_DIST-ALERT-S1_T45QYF_20240821T120443Z_20251016T233505Z_S1A_30_v0.1.zip,https://hyp3-tibet-jpl-test-contentbucket-hratibh1y9pa.s3.us-west-2.amazonaws.com/050586d9-7858-44af-b632-60a9ad964395/OPERA_L3_DIST-ALERT-S1_T45QYF_20240821T120443Z_20251016T233505Z_S1A_30_v0.1.png,2025-10-16T22:25:19+00:00,880.813,4.5,45QYF,1,7,4,none,False,transformer_optimized,high,32,2024-08-21,114,2.5,4,best,none,False
yajiang_fire_2024__47RQP,https://hyp3-tibet-jpl-test-contentbucket-hratibh1y9pa.s3.us-west-2.amazonaws.com/7e221d8a-181b-4433-9a16-10e27c289cd0/OPERA_L3_DIST-ALERT-S1_T47RQP_20240429T111719Z_20251016T234949Z_S1A_30_v0.1.zip,https://hyp3-tibet-jpl-test-contentbucket-hratibh1y9pa.s3.us-west-2.amazonaws.com/7e221d8a-181b-4433-9a16-10e27c289cd0/OPERA_L3_DIST-ALERT-S1_T47RQP_20240429T111719Z_20251016T234949Z_S1A_30_v0.1.png,2025-10-16T22:25:19+00:00,1861.936,4.5,47RQP,1,7,4,none,False,transformer_optimized,high,32,2024-04-29,26,2.5,4,best,none,False
park_fire_2024__10TEK,https://hyp3-tibet-jpl-test-contentbucket-hratibh1y9pa.s3.us-west-2.amazonaws.com/711e0dc1-b40c-42a2-a3e5-b9837875d861/OPERA_L3_DIST-ALERT-S1_T10TEK_20240718T020034Z_20251016T232842Z_S1A_30_v0.1.zip,https://hyp3-tibet-jpl-test-contentbucket-hratibh1y9pa.s3.us-west-2.amazonaws.com/711e0dc1-b40c-42a2-a3e5-b9837875d861/OPERA_L3_DIST-ALERT-S1_T10TEK_20240718T020034Z_20251016T232842Z_S1A_30_v0.1.png,2025-10-16T22:25:19+00:00,768.205,4.5,10TEK,1,7,4,none,False,transformer_optimized,high,32,2024-07-18,137,2.5,4,best,none,False
bangladesh_coastal_flood_2024__45QYE,https://hyp3-tibet-jpl-test-contentbucket-hratibh1y9pa.s3.us-west-2.amazonaws.com/30b8a6a1-679b-4f98-9ca2-8b6717fe3860/OPERA_L3_DIST-ALERT-S1_T45QYE_20240627T121236Z_20251016T233920Z_S1A_30_v0.1.zip,https://hyp3-tibet-jpl-test-contentbucket-hratibh1y9pa.s3.us-west-2.amazonaws.com/30b8a6a1-679b-4f98-9ca2-8b6717fe3860/OPERA_L3_DIST-ALERT-S1_T45QYE_20240627T121236Z_20251016T233920Z_S1A_30_v0.1.png,2025-10-16T22:25:19+00:00,1659.697,4.5,45QYE,1,7,4,none,False,transformer_optimized,high,32,2024-06-27,12,2.5,4,best,none,False
park_fire_2024__10TFK,https://hyp3-tibet-jpl-test-contentbucket-hratibh1y9pa.s3.us-west-2.amazonaws.com/3b052eee-3438-4394-be51-889f7c665d25/OPERA_L3_DIST-ALERT-S1_T10TFK_20240728T141544Z_20251016T232152Z_S1A_30_v0.1.zip,https://hyp3-tibet-jpl-test-contentbucket-hratibh1y9pa.s3.us-west-2.amazonaws.com/3b052eee-3438-4394-be51-889f7c665d25/OPERA_L3_DIST-ALERT-S1_T10TFK_20240728T141544Z_20251016T232152Z_S1A_30_v0.1.png,2025-10-16T22:25:19+00:00,637.371,4.5,10TFK,1,7,4,none,False,transformer_optimized,high,32,2024-07-28,115,2.5,4,best,none,False
park_fire_2024__10TFK,https://hyp3-tibet-jpl-test-contentbucket-hratibh1y9pa.s3.us-west-2.amazonaws.com/59c2170b-f5c3-43fd-b210-e587da0776c5/OPERA_L3_DIST-ALERT-S1_T10TFK_20240804T020840Z_20251016T232122Z_S1A_30_v0.1.zip,https://hyp3-tibet-jpl-test-contentbucket-hratibh1y9pa.s3.us-west-2.amazonaws.com/59c2170b-f5c3-43fd-b210-e587da0776c5/OPERA_L3_DIST-ALERT-S1_T10TFK_20240804T020840Z_20251016T232122Z_S1A_30_v0.1.png,2025-10-16T22:25:19+00:00,758.869,4.5,10TFK,1,7,4,none,False,transformer_optimized,high,32,2024-08-04,35,2.5,4,best,none,False
yajiang_fire_2024__47RPP,https://hyp3-tibet-jpl-test-contentbucket-hratibh1y9pa.s3.us-west-2.amazonaws.com/c83d083f-7ce2-4d3b-bb44-759cad63b1d2/OPERA_L3_DIST-ALERT-S1_T47RPP_20240412T231324Z_20251016T233127Z_S1A_30_v0.1.zip,https://hyp3-tibet-jpl-test-contentbucket-hratibh1y9pa.s3.us-west-2.amazonaws.com/c83d083f-7ce2-4d3b-bb44-759cad63b1d2/OPERA_L3_DIST-ALERT-S1_T47RPP_20240412T231324Z_20251016T233127Z_S1A_30_v0.1.png,2025-10-16T22:25:19+00:00,1403.933,4.5,47RPP,1,7,4,none,False,transformer_optimized,high,32,2024-04-12,135,2.5,4,best,none,False
bangladesh_coastal_flood_2024__45QYF,https://hyp3-tibet-jpl-test-contentbucket-hratibh1y9pa.s3.us-west-2.amazonaws.com/3ba67ff5-d9ec-466b-a7fe-3106ecf99a2d/OPERA_L3_DIST-ALERT-S1_T45QYF_20240904T235633Z_20251016T233123Z_S1A_30_v0.1.zip,https://hyp3-tibet-jpl-test-contentbucket-hratibh1y9pa.s3.us-west-2.amazonaws.com/3ba67ff5-d9ec-466b-a7fe-3106ecf99a2d/OPERA_L3_DIST-ALERT-S1_T45QYF_20240904T235633Z_20251016T233123Z_S1A_30_v0.1.png,2025-10-16T22:25:19+00:00,1493.331,4.5,45QYF,1,7,4,none,False,transformer_optimized,high,32,2024-09-04,150,2.5,4,best,none,False
park_fire_2024__10TEK,https://hyp3-tibet-jpl-test-contentbucket-hratibh1y9pa.s3.us-west-2.amazonaws.com/dc986c2d-88c3-410c-8acd-1c7d76870296/OPERA_L3_DIST-ALERT-S1_T10TEK_20240804T020842Z_20251016T233111Z_S1A_30_v0.1.zip,https://hyp3-tibet-jpl-test-contentbucket-hratibh1y9pa.s3.us-west-2.amazonaws.com/dc986c2d-88c3-410c-8acd-1c7d76870296/OPERA_L3_DIST-ALERT-S1_T10TEK_20240804T020842Z_20251016T233111Z_S1A_30_v0.1.png,2025-10-16T22:25:19+00:00,1513.856,4.5,10TEK,1,7,4,none,False,transformer_optimized,high,32,2024-08-04,35,2.5,4,best,none,False
park_fire_2024__10TFK,https://hyp3-tibet-jpl-test-contentbucket-hratibh1y9pa.s3.us-west-2.amazonaws.com/58c6a878-2c01-4426-8a2c-8fa6d2d23a32/OPERA_L3_DIST-ALERT-S1_T10TFK_20240718T020029Z_20251016T233138Z_S1A_30_v0.1.zip,https://hyp3-tibet-jpl-test-contentbucket-hratibh1y9pa.s3.us-west-2.amazonaws.com/58c6a878-2c01-4426-8a2c-8fa6d2d23a32/OPERA_L3_DIST-ALERT-S1_T10TFK_20240718T020029Z_20251016T233138Z_S1A_30_v0.1.png,2025-10-16T22:25:19+00:00,1602.086,4.5,10TFK,1,7,4,none,False,transformer_optimized,high,32,2024-07-18,137,2.5,4,best,none,False
yajiang_fire_2024__47RPP,https://hyp3-tibet-jpl-test-contentbucket-hratibh1y9pa.s3.us-west-2.amazonaws.com/0c894db9-a0f8-480e-a639-e2e7c006fc49/OPERA_L3_DIST-ALERT-S1_T47RPP_20240331T231326Z_20251016T232200Z_S1A_30_v0.1.zip,https://hyp3-tibet-jpl-test-contentbucket-hratibh1y9pa.s3.us-west-2.amazonaws.com/0c894db9-a0f8-480e-a639-e2e7c006fc49/OPERA_L3_DIST-ALERT-S1_T47RPP_20240331T231326Z_20251016T232200Z_S1A_30_v0.1.png,2025-10-16T22:25:19+00:00,1449.963,4.5,47RPP,1,7,4,none,False,transformer_optimized,high,32,2024-03-31,135,2.5,4,best,none,False
park_fire_2024__10TEK,https://hyp3-tibet-jpl-test-contentbucket-hratibh1y9pa.s3.us-west-2.amazonaws.com/71cb8d4e-5a75-494c-95d1-cb87da67fae6/OPERA_L3_DIST-ALERT-S1_T10TEK_20240723T140737Z_20251016T230247Z_S1A_30_v0.1.zip,https://hyp3-tibet-jpl-test-contentbucket-hratibh1y9pa.s3.us-west-2.amazonaws.com/71cb8d4e-5a75-494c-95d1-cb87da67fae6/OPERA_L3_DIST-ALERT-S1_T10TEK_20240723T140737Z_20251016T230247Z_S1A_30_v0.1.png,2025-10-16T22:25:19+00:00,698.136,4.5,10TEK,1,7,4,none,False,transformer_optimized,high,32,2024-07-23,42,2.5,4,best,none,False
chiapas_fire_2024__15QUU,https://hyp3-tibet-jpl-test-contentbucket-hratibh1y9pa.s3.us-west-2.amazonaws.com/0385c313-268c-42db-a4fa-d0c6ec9a5e02/OPERA_L3_DIST-ALERT-S1_T15QUU_20240310T121037Z_20251016T230635Z_S1A_30_v0.1.zip,https://hyp3-tibet-jpl-test-contentbucket-hratibh1y9pa.s3.us-west-2.amazonaws.com/0385c313-268c-42db-a4fa-d0c6ec9a5e02/OPERA_L3_DIST-ALERT-S1_T15QUU_20240310T121037Z_20251016T230635Z_S1A_30_v0.1.png,2025-10-16T22:25:19+00:00,965.335,4.5,15QUU,1,7,4,none,False,transformer_optimized,high,32,2024-03-10,172,2.5,4,best,none,False
bangladesh_coastal_flood_2024__45QZE,https://hyp3-tibet-jpl-test-contentbucket-hratibh1y9pa.s3.us-west-2.amazonaws.com/d1bce208-c745-4304-8216-844f4cfa776a/OPERA_L3_DIST-ALERT-S1_T45QZE_20240619T234837Z_20251016T230013Z_S1A_30_v0.1.zip,https://hyp3-tibet-jpl-test-contentbucket-hratibh1y9pa.s3.us-west-2.amazonaws.com/d1bce208-c745-4304-8216-844f4cfa776a/OPERA_L3_DIST-ALERT-S1_T45QZE_20240619T234837Z_20251016T230013Z_S1A_30_v0.1.png,2025-10-16T22:25:19+00:00,731.308,4.5,45QZE,1,7,4,none,False,transformer_optimized,high,32,2024-06-19,77,2.5,4,best,none,False
porto_alegre_flood_2024__22JDN,https://hyp3-tibet-jpl-test-contentbucket-hratibh1y9pa.s3.us-west-2.amazonaws.com/e184632b-e048-4882-9aca-30b6c2e7e9ed/OPERA_L3_DIST-ALERT-S1_T22JDN_20240530T084130Z_20251016T225348Z_S1A_30_v0.1.zip,https://hyp3-tibet-jpl-test-contentbucket-hratibh1y9pa.s3.us-west-2.amazonaws.com/e184632b-e048-4882-9aca-30b6c2e7e9ed/OPERA_L3_DIST-ALERT-S1_T22JDN_20240530T084130Z_20251016T225348Z_S1A_30_v0.1.png,2025-10-16T22:25:19+00:00,341.669,4.5,22JDN,1,7,4,none,False,transformer_optimized,high,32,2024-05-30,126,2.5,4,best,none,False
bangladesh_coastal_flood_2024__45QYE,https://hyp3-tibet-jpl-test-contentbucket-hratibh1y9pa.s3.us-west-2.amazonaws.com/5fb7ce32-0ba2-4c2c-9972-e7190052df68/OPERA_L3_DIST-ALERT-S1_T45QYE_20240904T235647Z_20251016T231339Z_S1A_30_v0.1.zip,https://hyp3-tibet-jpl-test-contentbucket-hratibh1y9pa.s3.us-west-2.amazonaws.com/5fb7ce32-0ba2-4c2c-9972-e7190052df68/OPERA_L3_DIST-ALERT-S1_T45QYE_20240904T235647Z_20251016T231339Z_S1A_30_v0.1.png,2025-10-16T22:25:19+00:00,1610.003,4.5,45QYE,1,7,4,none,False,transformer_optimized,high,32,2024-09-04,150,2.5,4,best,none,False
park_fire_2024__10TFK,https://hyp3-tibet-jpl-test-contentbucket-hratibh1y9pa.s3.us-west-2.amazonaws.com/54e55311-b2bd-4cd1-b3d8-1543738b5ac7/OPERA_L3_DIST-ALERT-S1_T10TFK_20240629T140735Z_20251016T230017Z_S1A_30_v0.1.zip,https://hyp3-tibet-jpl-test-contentbucket-hratibh1y9pa.s3.us-west-2.amazonaws.com/54e55311-b2bd-4cd1-b3d8-1543738b5ac7/OPERA_L3_DIST-ALERT-S1_T10TFK_20240629T140735Z_20251016T230017Z_S1A_30_v0.1.png,2025-10-16T22:25:19+00:00,1167.505,4.5,10TFK,1,7,4,none,False,transformer_optimized,high,32,2024-06-29,42,2.5,4,best,none,False
porto_alegre_flood_2024__22JDM,https://hyp3-tibet-jpl-test-contentbucket-hratibh1y9pa.s3.us-west-2.amazonaws.com/301a38b4-fed6-4b84-801c-371b8d640396/OPERA_L3_DIST-ALERT-S1_T22JDM_20240530T084133Z_20251016T223941Z_S1A_30_v0.1.zip,https://hyp3-tibet-jpl-test-contentbucket-hratibh1y9pa.s3.us-west-2.amazonaws.com/301a38b4-fed6-4b84-801c-371b8d640396/OPERA_L3_DIST-ALERT-S1_T22JDM_20240530T084133Z_20251016T223941Z_S1A_30_v0.1.png,2025-10-16T22:25:19+00:00,619.049,4.5,22JDM,1,7,4,none,False,transformer_optimized,high,32,2024-05-30,126,2.5,4,best,none,False
bangladesh_coastal_flood_2024__45QZE,https://hyp3-tibet-jpl-test-contentbucket-hratibh1y9pa.s3.us-west-2.amazonaws.com/a0c0301e-b343-4f34-bbeb-1bb1a4e1ac54/OPERA_L3_DIST-ALERT-S1_T45QZE_20240622T120426Z_20251016T225634Z_S1A_30_v0.1.zip,https://hyp3-tibet-jpl-test-contentbucket-hratibh1y9pa.s3.us-west-2.amazonaws.com/a0c0301e-b343-4f34-bbeb-1bb1a4e1ac54/OPERA_L3_DIST-ALERT-S1_T45QZE_20240622T120426Z_20251016T225634Z_S1A_30_v0.1.png,2025-10-16T22:25:19+00:00,1647.551,4.5,45QZE,1,7,4,none,False,transformer_optimized,high,32,2024-06-22,114,2.5,4,best,none,False
yajiang_fire_2024__47RPP,https://hyp3-tibet-jpl-test-contentbucket-hratibh1y9pa.s3.us-west-2.amazonaws.com/552fdd70-9a38-4bb6-a672-e4ec8abd3a1d/OPERA_L3_DIST-ALERT-S1_T47RPP_20240504T112531Z_20251016T224030Z_S1A_30_v0.1.zip,https://hyp3-tibet-jpl-test-contentbucket-hratibh1y9pa.s3.us-west-2.amazonaws.com/552fdd70-9a38-4bb6-a672-e4ec8abd3a1d/OPERA_L3_DIST-ALERT-S1_T47RPP_20240504T112531Z_20251016T224030Z_S1A_30_v0.1.png,2025-10-16T22:25:19+00:00,665.466,4.5,47RPP,1,7,4,none,False,transformer_optimized,high,32,2024-05-04,99,2.5,4,best,none,False
bangladesh_coastal_flood_2024__45QZE,https://hyp3-tibet-jpl-test-contentbucket-hratibh1y9pa.s3.us-west-2.amazonaws.com/d3d1f1d4-b6df-47a3-b6db-8e90af2dff3c/OPERA_L3_DIST-ALERT-S1_T45QZE_20240802T121235Z_20251016T223422Z_S1A_30_v0.1.zip,https://hyp3-tibet-jpl-test-contentbucket-hratibh1y9pa.s3.us-west-2.amazonaws.com/d3d1f1d4-b6df-47a3-b6db-8e90af2dff3c/OPERA_L3_DIST-ALERT-S1_T45QZE_20240802T121235Z_20251016T223422Z_S1A_30_v0.1.png,2025-10-16T22:25:19+00:00,294.234,4.5,45QZE,1,7,4,none,False,transformer_optimized,high,32,2024-08-02,12,2.5,4,best,none,False
yajiang_fire_2024__47RPP,https://hyp3-tibet-jpl-test-contentbucket-hratibh1y9pa.s3.us-west-2.amazonaws.com/dd017ebf-9313-4822-9d60-7554b9a66926/OPERA_L3_DIST-ALERT-S1_T47RPP_20240312T232136Z_20251016T224215Z_S1A_30_v0.1.zip,https://hyp3-tibet-jpl-test-contentbucket-hratibh1y9pa.s3.us-west-2.amazonaws.com/dd017ebf-9313-4822-9d60-7554b9a66926/OPERA_L3_DIST-ALERT-S1_T47RPP_20240312T232136Z_20251016T224215Z_S1A_30_v0.1.png,2025-10-16T22:25:19+00:00,776.79,4.5,47RPP,1,7,4,none,False,transformer_optimized,high,32,2024-03-12,33,2.5,4,best,none,False
bangladesh_coastal_flood_2024__45QZE,https://hyp3-tibet-jpl-test-contentbucket-hratibh1y9pa.s3.us-west-2.amazonaws.com/1bd0acd5-a993-4b7b-b076-ee7fd71892ac/OPERA_L3_DIST-ALERT-S1_T45QZE_20240627T121236Z_20251016T223458Z_S1A_30_v0.1.zip,https://hyp3-tibet-jpl-test-contentbucket-hratibh1y9pa.s3.us-west-2.amazonaws.com/1bd0acd5-a993-4b7b-b076-ee7fd71892ac/OPERA_L3_DIST-ALERT-S1_T45QZE_20240627T121236Z_20251016T223458Z_S1A_30_v0.1.png,2025-10-16T22:25:19+00:00,329.635,4.5,45QZE,1,7,4,none,False,transformer_optimized,high,32,2024-06-27,12,2.5,4,best,none,False
bangladesh_coastal_flood_2024__45QZE,https://hyp3-tibet-jpl-test-contentbucket-hratibh1y9pa.s3.us-west-2.amazonaws.com/e4a88005-fc20-4613-a799-744bb0c829c9/OPERA_L3_DIST-ALERT-S1_T45QZE_20240814T121235Z_20251016T223537Z_S1A_30_v0.1.zip,https://hyp3-tibet-jpl-test-contentbucket-hratibh1y9pa.s3.us-west-2.amazonaws.com/e4a88005-fc20-4613-a799-744bb0c829c9/OPERA_L3_DIST-ALERT-S1_T45QZE_20240814T121235Z_20251016T223537Z_S1A_30_v0.1.png,2025-10-16T22:25:19+00:00,370.596,4.5,45QZE,1,7,4,none,False,transformer_optimized,high,32,2024-08-14,12,2.5,4,best,none,False
park_fire_2024__10TFK,https://hyp3-tibet-jpl-test-contentbucket-hratibh1y9pa.s3.us-west-2.amazonaws.com/19cabdce-47ff-4434-87af-44006330a471/OPERA_L3_DIST-ALERT-S1_T10TFK_20240730T020029Z_20251016T233123Z_S1A_30_v0.1.zip,https://hyp3-tibet-jpl-test-contentbucket-hratibh1y9pa.s3.us-west-2.amazonaws.com/19cabdce-47ff-4434-87af-44006330a471/OPERA_L3_DIST-ALERT-S1_T10TFK_20240730T020029Z_20251016T233123Z_S1A_30_v0.1.png,2025-10-16T22:25:19+00:00,1805.581,4.5,10TFK,1,7,4,none,False,transformer_optimized,high,32,2024-07-30,137,2.5,4,best,none,False
park_fire_2024__10TEK,https://hyp3-tibet-jpl-test-contentbucket-hratibh1y9pa.s3.us-west-2.amazonaws.com/ded091c8-b23a-49bc-81da-c7791d5cfd56/OPERA_L3_DIST-ALERT-S1_T10TEK_20240629T020843Z_20251016T225431Z_S1A_30_v0.1.zip,https://hyp3-tibet-jpl-test-contentbucket-hratibh1y9pa.s3.us-west-2.amazonaws.com/ded091c8-b23a-49bc-81da-c7791d5cfd56/OPERA_L3_DIST-ALERT-S1_T10TEK_20240629T020843Z_20251016T225431Z_S1A_30_v0.1.png,2025-10-16T22:25:19+00:00,1522.553,4.5,10TEK,1,7,4,none,False,transformer_optimized,high,32,2024-06-29,35,2.5,4,best,none,False
porto_alegre_flood_2024__22JDN,https://hyp3-tibet-jpl-test-contentbucket-hratibh1y9pa.s3.us-west-2.amazonaws.com/34e2b9b4-b6a4-4a91-9890-d2e43831ac3d/OPERA_L3_DIST-ALERT-S1_T22JDN_20240511T084927Z_20251016T232620Z_S1A_30_v0.1.zip,https://hyp3-tibet-jpl-test-contentbucket-hratibh1y9pa.s3.us-west-2.amazonaws.com/34e2b9b4-b6a4-4a91-9890-d2e43831ac3d/OPERA_L3_DIST-ALERT-S1_T22JDN_20240511T084927Z_20251016T232620Z_S1A_30_v0.1.png,2025-10-16T22:25:19+00:00,1321.092,4.5,22JDN,1,7,4,none,False,transformer_optimized,high,32,2024-05-11,24,2.5,4,best,none,False
park_fire_2024__10TEK,https://hyp3-tibet-jpl-test-contentbucket-hratibh1y9pa.s3.us-west-2.amazonaws.com/19821ee6-d156-4142-87b0-8430c91e501e/OPERA_L3_DIST-ALERT-S1_T10TEK_20240711T140737Z_20251016T231446Z_S1A_30_v0.1.zip,https://hyp3-tibet-jpl-test-contentbucket-hratibh1y9pa.s3.us-west-2.amazonaws.com/19821ee6-d156-4142-87b0-8430c91e501e/OPERA_L3_DIST-ALERT-S1_T10TEK_20240711T140737Z_20251016T231446Z_S1A_30_v0.1.png,2025-10-16T22:25:19+00:00,640.745,4.5,10TEK,1,7,4,none,False,transformer_optimized,high,32,2024-07-11,42,2.5,4,best,none,False
yajiang_fire_2024__47RQP,https://hyp3-tibet-jpl-test-contentbucket-hratibh1y9pa.s3.us-west-2.amazonaws.com/da7c2f43-7d8a-41c6-bae1-b020f23ca7b3/OPERA_L3_DIST-ALERT-S1_T47RQP_20240331T231324Z_20251016T233225Z_S1A_30_v0.1.zip,https://hyp3-tibet-jpl-test-contentbucket-hratibh1y9pa.s3.us-west-2.amazonaws.com/da7c2f43-7d8a-41c6-bae1-b020f23ca7b3/OPERA_L3_DIST-ALERT-S1_T47RQP_20240331T231324Z_20251016T233225Z_S1A_30_v0.1.png,2025-10-16T22:25:19+00:00,1839.779,4.5,47RQP,1,7,4,none,False,transformer_optimized,high,32,2024-03-31,135,2.5,4,best,none,False
bangladesh_coastal_flood_2024__45QYE,https://hyp3-tibet-jpl-test-contentbucket-hratibh1y9pa.s3.us-west-2.amazonaws.com/2056ea6e-cea5-4b94-9c3c-13ba1c97fa40/OPERA_L3_DIST-ALERT-S1_T45QYE_20240704T120430Z_20251016T231257Z_S1A_30_v0.1.zip,https://hyp3-tibet-jpl-test-contentbucket-hratibh1y9pa.s3.us-west-2.amazonaws.com/2056ea6e-cea5-4b94-9c3c-13ba1c97fa40/OPERA_L3_DIST-ALERT-S1_T45QYE_20240704T120430Z_20251016T231257Z_S1A_30_v0.1.png,2025-10-16T22:25:19+00:00,502.98,4.5,45QYE,1,7,4,none,False,transformer_optimized,high,32,2024-07-04,114,2.5,4,best,none,False
yajiang_fire_2024__47RQP,https://hyp3-tibet-jpl-test-contentbucket-hratibh1y9pa.s3.us-west-2.amazonaws.com/0eea546b-4e2c-436c-8af1-225d46be7e77/OPERA_L3_DIST-ALERT-S1_T47RQP_20240331T110910Z_20251016T231247Z_S1A_30_v0.1.zip,https://hyp3-tibet-jpl-test-contentbucket-hratibh1y9pa.s3.us-west-2.amazonaws.com/0eea546b-4e2c-436c-8af1-225d46be7e77/OPERA_L3_DIST-ALERT-S1_T47RQP_20240331T110910Z_20251016T231247Z_S1A_30_v0.1.png,2025-10-16T22:25:19+00:00,703.994,4.5,47RQP,1,7,4,none,False,transformer_optimized,high,32,2024-03-31,128,2.5,4,best,none,False
bangladesh_coastal_flood_2024__45QZE,https://hyp3-tibet-jpl-test-contentbucket-hratibh1y9pa.s3.us-west-2.amazonaws.com/76e50836-4052-46ad-a658-12fce37fae26/OPERA_L3_DIST-ALERT-S1_T45QZE_20240612T235645Z_20251016T232746Z_S1A_30_v0.1.zip,https://hyp3-tibet-jpl-test-contentbucket-hratibh1y9pa.s3.us-west-2.amazonaws.com/76e50836-4052-46ad-a658-12fce37fae26/OPERA_L3_DIST-ALERT-S1_T45QZE_20240612T235645Z_20251016T232746Z_S1A_30_v0.1.png,2025-10-16T22:25:19+00:00,1491.639,4.5,45QZE,1,7,4,none,False,transformer_optimized,high,32,2024-06-12,150,2.5,4,best,none,False
bangladesh_coastal_flood_2024__45QYF,https://hyp3-tibet-jpl-test-contentbucket-hratibh1y9pa.s3.us-west-2.amazonaws.com/9d7abc30-a0ad-4625-99a4-fcec29d41a96/OPERA_L3_DIST-ALERT-S1_T45QYF_20240724T000442Z_20251016T230920Z_S1A_30_v0.1.zip,https://hyp3-tibet-jpl-test-contentbucket-hratibh1y9pa.s3.us-west-2.amazonaws.com/9d7abc30-a0ad-4625-99a4-fcec29d41a96/OPERA_L3_DIST-ALERT-S1_T45QYF_20240724T000442Z_20251016T230920Z_S1A_30_v0.1.png,2025-10-16T22:25:19+00:00,528.339,4.5,45QYF,1,7,4,none,False,transformer_optimized,high,32,2024-07-24,48,2.5,4,best,none,False
bangladesh_coastal_flood_2024__45QZF,https://hyp3-tibet-jpl-test-contentbucket-hratibh1y9pa.s3.us-west-2.amazonaws.com/b4b7552f-5ddf-4b57-941b-0dec8a6a0443/OPERA_L3_DIST-ALERT-S1_T45QZF_20240904T235630Z_20251016T231519Z_S1A_30_v0.1.zip,https://hyp3-tibet-jpl-test-contentbucket-hratibh1y9pa.s3.us-west-2.amazonaws.com/b4b7552f-5ddf-4b57-941b-0dec8a6a0443/OPERA_L3_DIST-ALERT-S1_T45QZF_20240904T235630Z_20251016T231519Z_S1A_30_v0.1.png,2025-10-16T22:25:19+00:00,1330.483,4.5,45QZF,1,7,4,none,False,transformer_optimized,high,32,2024-09-04,150,2.5,4,best,none,False
bangladesh_coastal_flood_2024__45QYE,https://hyp3-tibet-jpl-test-contentbucket-hratibh1y9pa.s3.us-west-2.amazonaws.com/b825b978-f365-435a-bde9-5db980fc4d1b/OPERA_L3_DIST-ALERT-S1_T45QYE_20240811T235647Z_20251016T232353Z_S1A_30_v0.1.zip,https://hyp3-tibet-jpl-test-contentbucket-hratibh1y9pa.s3.us-west-2.amazonaws.com/b825b978-f365-435a-bde9-5db980fc4d1b/OPERA_L3_DIST-ALERT-S1_T45QYE_20240811T235647Z_20251016T232353Z_S1A_30_v0.1.png,2025-10-16T22:25:19+00:00,1819.052,4.5,45QYE,1,7,4,none,False,transformer_optimized,high,32,2024-08-11,150,2.5,4,best,none,False
yajiang_fire_2024__47RQP,https://hyp3-tibet-jpl-test-contentbucket-hratibh1y9pa.s3.us-west-2.amazonaws.com/4a9490e7-49a3-4628-8179-f5fcd0308177/OPERA_L3_DIST-ALERT-S1_T47RQP_20240224T231323Z_20251016T233028Z_S1A_30_v0.1.zip,https://hyp3-tibet-jpl-test-contentbucket-hratibh1y9pa.s3.us-west-2.amazonaws.com/4a9490e7-49a3-4628-8179-f5fcd0308177/OPERA_L3_DIST-ALERT-S1_T47RQP_20240224T231323Z_20251016T233028Z_S1A_30_v0.1.png,2025-10-16T22:25:19+00:00,2185.58,4.5,47RQP,1,7,4,none,False,transformer_optimized,high,32,2024-02-24,135,2.5,4,best,none,False
park_fire_2024__10TEK,https://hyp3-tibet-jpl-test-contentbucket-hratibh1y9pa.s3.us-west-2.amazonaws.com/46f952e0-15a9-47ba-9719-ac1e6ff28c68/OPERA_L3_DIST-ALERT-S1_T10TEK_20240728T141546Z_20251016T231525Z_S1A_30_v0.1.zip,https://hyp3-tibet-jpl-test-contentbucket-hratibh1y9pa.s3.us-west-2.amazonaws.com/46f952e0-15a9-47ba-9719-ac1e6ff28c68/OPERA_L3_DIST-ALERT-S1_T10TEK_20240728T141546Z_20251016T231525Z_S1A_30_v0.1.png,2025-10-16T22:25:19+00:00,1281.353,4.5,10TEK,1,7,4,none,False,transformer_optimized,high,32,2024-07-28,115,2.5,4,best,none,False
bangladesh_coastal_flood_2024__45QZE,https://hyp3-tibet-jpl-test-contentbucket-hratibh1y9pa.s3.us-west-2.amazonaws.com/cdaafd9f-4a0b-485e-b4cb-56a77d521f1b/OPERA_L3_DIST-ALERT-S1_T45QZE_20240704T120425Z_20251016T231806Z_S1A_30_v0.1.zip,https://hyp3-tibet-jpl-test-contentbucket-hratibh1y9pa.s3.us-west-2.amazonaws.com/cdaafd9f-4a0b-485e-b4cb-56a77d521f1b/OPERA_L3_DIST-ALERT-S1_T45QZE_20240704T120425Z_20251016T231806Z_S1A_30_v0.1.png,2025-10-16T22:25:19+00:00,1502.865,4.5,45QZE,1,7,4,none,False,transformer_optimized,high,32,2024-07-04,114,2.5,4,best,none,False
bangladesh_coastal_flood_2024__45QZE,https://hyp3-tibet-jpl-test-contentbucket-hratibh1y9pa.s3.us-west-2.amazonaws.com/8ebf1471-ebb5-4e02-8192-2862ad90ae58/OPERA_L3_DIST-ALERT-S1_T45QZE_20240806T234836Z_20251016T230325Z_S1A_30_v0.1.zip,https://hyp3-tibet-jpl-test-contentbucket-hratibh1y9pa.s3.us-west-2.amazonaws.com/8ebf1471-ebb5-4e02-8192-2862ad90ae58/OPERA_L3_DIST-ALERT-S1_T45QZE_20240806T234836Z_20251016T230325Z_S1A_30_v0.1.png,2025-10-16T22:25:19+00:00,801.363,4.5,45QZE,1,7,4,none,False,transformer_optimized,high,32,2024-08-06,77,2.5,4,best,none,False
bangladesh_coastal_flood_2024__45QYE,https://hyp3-tibet-jpl-test-contentbucket-hratibh1y9pa.s3.us-west-2.amazonaws.com/cfc86d37-99b4-40b2-ad8f-cfea2172d768/OPERA_L3_DIST-ALERT-S1_T45QYE_20240610T120431Z_20251016T230340Z_S1A_30_v0.1.zip,https://hyp3-tibet-jpl-test-contentbucket-hratibh1y9pa.s3.us-west-2.amazonaws.com/cfc86d37-99b4-40b2-ad8f-cfea2172d768/OPERA_L3_DIST-ALERT-S1_T45QYE_20240610T120431Z_20251016T230340Z_S1A_30_v0.1.png,2025-10-16T22:25:19+00:00,686.234,4.5,45QYE,1,7,4,none,False,transformer_optimized,high,32,2024-06-10,114,2.5,4,best,none,False
park_fire_2024__10TEK,https://hyp3-tibet-jpl-test-contentbucket-hratibh1y9pa.s3.us-west-2.amazonaws.com/5fdf3b10-1f00-40c7-a6b3-6ec2b35bc9a9/OPERA_L3_DIST-ALERT-S1_T10TEK_20240828T140737Z_20251016T225407Z_S1A_30_v0.1.zip,https://hyp3-tibet-jpl-test-contentbucket-hratibh1y9pa.s3.us-west-2.amazonaws.com/5fdf3b10-1f00-40c7-a6b3-6ec2b35bc9a9/OPERA_L3_DIST-ALERT-S1_T10TEK_20240828T140737Z_20251016T225407Z_S1A_30_v0.1.png,2025-10-16T22:25:19+00:00,608.676,4.5,10TEK,1,7,4,none,False,transformer_optimized,high,32,2024-08-28,42,2.5,4,best,none,False
bangladesh_coastal_flood_2024__45QYE,https://hyp3-tibet-jpl-test-contentbucket-hratibh1y9pa.s3.us-west-2.amazonaws.com/1859d38f-5376-4ac1-9332-e895ac4a32fc/OPERA_L3_DIST-ALERT-S1_T45QYE_20240716T120429Z_20251016T225217Z_S1A_30_v0.1.zip,https://hyp3-tibet-jpl-test-contentbucket-hratibh1y9pa.s3.us-west-2.amazonaws.com/1859d38f-5376-4ac1-9332-e895ac4a32fc/OPERA_L3_DIST-ALERT-S1_T45QYE_20240716T120429Z_20251016T225217Z_S1A_30_v0.1.png,2025-10-16T22:25:19+00:00,685.929,4.5,45QYE,1,7,4,none,False,transformer_optimized,high,32,2024-07-16,114,2.5,4,best,none,False
bangladesh_coastal_flood_2024__45QYF,https://hyp3-tibet-jpl-test-contentbucket-hratibh1y9pa.s3.us-west-2.amazonaws.com/1221357f-b0bd-4b0a-814d-4703b1b4c6c6/OPERA_L3_DIST-ALERT-S1_T45QYF_20240721T121252Z_20251016T224833Z_S1A_30_v0.1.zip,https://hyp3-tibet-jpl-test-contentbucket-hratibh1y9pa.s3.us-west-2.amazonaws.com/1221357f-b0bd-4b0a-814d-4703b1b4c6c6/OPERA_L3_DIST-ALERT-S1_T45QYF_20240721T121252Z_20251016T224833Z_S1A_30_v0.1.png,2025-10-16T22:25:19+00:00,1159.241,4.5,45QYF,1,7,4,none,False,transformer_optimized,high,32,2024-07-21,12,2.5,4,best,none,False
bangladesh_coastal_flood_2024__45QZF,https://hyp3-tibet-jpl-test-contentbucket-hratibh1y9pa.s3.us-west-2.amazonaws.com/71784aac-fab0-4239-acf7-8e80f2089149/OPERA_L3_DIST-ALERT-S1_T45QZF_20240612T235631Z_20251016T230323Z_S1A_30_v0.1.zip,https://hyp3-tibet-jpl-test-contentbucket-hratibh1y9pa.s3.us-west-2.amazonaws.com/71784aac-fab0-4239-acf7-8e80f2089149/OPERA_L3_DIST-ALERT-S1_T45QZF_20240612T235631Z_20251016T230323Z_S1A_30_v0.1.png,2025-10-16T22:25:19+00:00,1332.323,4.5,45QZF,1,7,4,none,False,transformer_optimized,high,32,2024-06-12,150,2.5,4,best,none,False
chiapas_fire_2024__15QUU,https://hyp3-tibet-jpl-test-contentbucket-hratibh1y9pa.s3.us-west-2.amazonaws.com/b271acee-cf3f-4b1f-98c4-7dc603932251/OPERA_L3_DIST-ALERT-S1_T15QUU_20240313T002334Z_20251016T225806Z_S1A_30_v0.1.zip,https://hyp3-tibet-jpl-test-contentbucket-hratibh1y9pa.s3.us-west-2.amazonaws.com/b271acee-cf3f-4b1f-98c4-7dc603932251/OPERA_L3_DIST-ALERT-S1_T15QUU_20240313T002334Z_20251016T225806Z_S1A_30_v0.1.png,2025-10-16T22:25:19+00:00,1068.715,4.5,15QUU,1,7,4,none,False,transformer_optimized,high,32,2024-03-13,34,2.5,4,best,none,False
park_fire_2024__10TEK,https://hyp3-tibet-jpl-test-contentbucket-hratibh1y9pa.s3.us-west-2.amazonaws.com/05cb0520-9145-45ef-9d9f-7a09be10d083/OPERA_L3_DIST-ALERT-S1_T10TEK_20240821T141547Z_20251016T225509Z_S1A_30_v0.1.zip,https://hyp3-tibet-jpl-test-contentbucket-hratibh1y9pa.s3.us-west-2.amazonaws.com/05cb0520-9145-45ef-9d9f-7a09be10d083/OPERA_L3_DIST-ALERT-S1_T10TEK_20240821T141547Z_20251016T225509Z_S1A_30_v0.1.png,2025-10-16T22:25:19+00:00,1178.976,4.5,10TEK,1,7,4,none,False,transformer_optimized,high,32,2024-08-21,115,2.5,4,best,none,False
chiapas_fire_2024__15QUU,https://hyp3-tibet-jpl-test-contentbucket-hratibh1y9pa.s3.us-west-2.amazonaws.com/fba94657-219a-4340-9259-92fa0b81ea42/OPERA_L3_DIST-ALERT-S1_T15QUU_20240227T121037Z_20251016T225252Z_S1A_30_v0.1.zip,https://hyp3-tibet-jpl-test-contentbucket-hratibh1y9pa.s3.us-west-2.amazonaws.com/fba94657-219a-4340-9259-92fa0b81ea42/OPERA_L3_DIST-ALERT-S1_T15QUU_20240227T121037Z_20251016T225252Z_S1A_30_v0.1.png,2025-10-16T22:25:19+00:00,1421.037,4.5,15QUU,1,7,4,none,False,transformer_optimized,high,32,2024-02-27,172,2.5,4,best,none,False
park_fire_2024__10TEK,https://hyp3-tibet-jpl-test-contentbucket-hratibh1y9pa.s3.us-west-2.amazonaws.com/b638e154-9383-45a9-bdc9-68d4f8be9a93/OPERA_L3_DIST-ALERT-S1_T10TEK_20240730T020034Z_20251016T224024Z_S1A_30_v0.1.zip,https://hyp3-tibet-jpl-test-contentbucket-hratibh1y9pa.s3.us-west-2.amazonaws.com/b638e154-9383-45a9-bdc9-68d4f8be9a93/OPERA_L3_DIST-ALERT-S1_T10TEK_20240730T020034Z_20251016T224024Z_S1A_30_v0.1.png,2025-10-16T22:25:19+00:00,665.429,4.5,10TEK,1,7,4,none,False,transformer_optimized,high,32,2024-07-30,137,2.5,4,best,none,False
park_fire_2024__10TEK,https://hyp3-tibet-jpl-test-contentbucket-hratibh1y9pa.s3.us-west-2.amazonaws.com/c616fc74-bd35-4e19-baaf-16e022f7ceb0/OPERA_L3_DIST-ALERT-S1_T10TEK_20240629T140738Z_20251016T223846Z_S1A_30_v0.1.zip,https://hyp3-tibet-jpl-test-contentbucket-hratibh1y9pa.s3.us-west-2.amazonaws.com/c616fc74-bd35-4e19-baaf-16e022f7ceb0/OPERA_L3_DIST-ALERT-S1_T10TEK_20240629T140738Z_20251016T223846Z_S1A_30_v0.1.png,2025-10-16T22:25:19+00:00,562.161,4.5,10TEK,1,7,4,none,False,transformer_optimized,high,32,2024-06-29,42,2.5,4,best,none,False
chiapas_fire_2024__15QUU,https://hyp3-tibet-jpl-test-contentbucket-hratibh1y9pa.s3.us-west-2.amazonaws.com/09dd3bf3-9e50-46c4-99a9-8a62849773c9/OPERA_L3_DIST-ALERT-S1_T15QUU_20240415T121038Z_20251016T225136Z_S1A_30_v0.1.zip,https://hyp3-tibet-jpl-test-contentbucket-hratibh1y9pa.s3.us-west-2.amazonaws.com/09dd3bf3-9e50-46c4-99a9-8a62849773c9/OPERA_L3_DIST-ALERT-S1_T15QUU_20240415T121038Z_20251016T225136Z_S1A_30_v0.1.png,2025-10-16T22:25:19+00:00,1344.471,4.5,15QUU,1,7,4,none,False,transformer_optimized,high,32,2024-04-15,172,2.5,4,best,none,False
bangladesh_coastal_flood_2024__45QYE,https://hyp3-tibet-jpl-test-contentbucket-hratibh1y9pa.s3.us-west-2.amazonaws.com/ff84f383-74b9-4337-9aaf-3a76c27ae0d8/OPERA_L3_DIST-ALERT-S1_T45QYE_20240622T120430Z_20251016T223747Z_S1A_30_v0.1.zip,https://hyp3-tibet-jpl-test-contentbucket-hratibh1y9pa.s3.us-west-2.amazonaws.com/ff84f383-74b9-4337-9aaf-3a76c27ae0d8/OPERA_L3_DIST-ALERT-S1_T45QYE_20240622T120430Z_20251016T223747Z_S1A_30_v0.1.png,2025-10-16T22:25:19+00:00,502.816,4.5,45QYE,1,7,4,none,False,transformer_optimized,high,32,2024-06-22,114,2.5,4,best,none,False
yajiang_fire_2024__47RPP,https://hyp3-tibet-jpl-test-contentbucket-hratibh1y9pa.s3.us-west-2.amazonaws.com/c1a5de28-24fe-489e-b0db-8557cc40b3c7/OPERA_L3_DIST-ALERT-S1_T47RPP_20240217T232136Z_20251016T225430Z_S1A_30_v0.1.zip,https://hyp3-tibet-jpl-test-contentbucket-hratibh1y9pa.s3.us-west-2.amazonaws.com/c1a5de28-24fe-489e-b0db-8557cc40b3c7/OPERA_L3_DIST-ALERT-S1_T47RPP_20240217T232136Z_20251016T225430Z_S1A_30_v0.1.png,2025-10-16T22:25:19+00:00,855.153,4.5,47RPP,1,7,4,none,False,transformer_optimized,high,32,2024-02-17,33,2.5,4,best,none,False
bangladesh_coastal_flood_2024__45QYE,https://hyp3-tibet-jpl-test-contentbucket-hratibh1y9pa.s3.us-west-2.amazonaws.com/15c8c0cb-7765-4781-9ea7-0e49665b5a44/OPERA_L3_DIST-ALERT-S1_T45QYE_20240624T235648Z_20251016T230539Z_S1A_30_v0.1.zip,https://hyp3-tibet-jpl-test-contentbucket-hratibh1y9pa.s3.us-west-2.amazonaws.com/15c8c0cb-7765-4781-9ea7-0e49665b5a44/OPERA_L3_DIST-ALERT-S1_T45QYE_20240624T235648Z_20251016T230539Z_S1A_30_v0.1.png,2025-10-16T22:25:19+00:00,1490.718,4.5,45QYE,1,7,4,none,False,transformer_optimized,high,32,2024-06-24,150,2.5,4,best,none,False
bangladesh_coastal_flood_2024__45QZF,https://hyp3-tibet-jpl-test-contentbucket-hratibh1y9pa.s3.us-west-2.amazonaws.com/91328b2e-bbe2-4186-9c7f-5b72283eb313/OPERA_L3_DIST-ALERT-S1_T45QZF_20240704T120439Z_20251016T230214Z_S1A_30_v0.1.zip,https://hyp3-tibet-jpl-test-contentbucket-hratibh1y9pa.s3.us-west-2.amazonaws.com/91328b2e-bbe2-4186-9c7f-5b72283eb313/OPERA_L3_DIST-ALERT-S1_T45QZF_20240704T120439Z_20251016T230214Z_S1A_30_v0.1.png,2025-10-16T22:25:19+00:00,1986.102,4.5,45QZF,1,7,4,none,False,transformer_optimized,high,32,2024-07-04,114,2.5,4,best,none,False
bangladesh_coastal_flood_2024__45QYF,https://hyp3-tibet-jpl-test-contentbucket-hratibh1y9pa.s3.us-west-2.amazonaws.com/1ef990e9-98fe-4b6d-8994-8b2030fde264/OPERA_L3_DIST-ALERT-S1_T45QYF_20240802T121252Z_20251016T225258Z_S1A_30_v0.1.zip,https://hyp3-tibet-jpl-test-contentbucket-hratibh1y9pa.s3.us-west-2.amazonaws.com/1ef990e9-98fe-4b6d-8994-8b2030fde264/OPERA_L3_DIST-ALERT-S1_T45QYF_20240802T121252Z_20251016T225258Z_S1A_30_v0.1.png,2025-10-16T22:25:19+00:00,1037.154,4.5,45QYF,1,7,4,none,False,transformer_optimized,high,32,2024-08-02,12,2.5,4,best,none,False
yajiang_fire_2024__47RQP,https://hyp3-tibet-jpl-test-contentbucket-hratibh1y9pa.s3.us-west-2.amazonaws.com/91b632ed-41f0-49c4-8955-aa4b3032075a/OPERA_L3_DIST-ALERT-S1_T47RQP_20240224T110909Z_20251016T223843Z_S1A_30_v0.1.zip,https://hyp3-tibet-jpl-test-contentbucket-hratibh1y9pa.s3.us-west-2.amazonaws.com/91b632ed-41f0-49c4-8955-aa4b3032075a/OPERA_L3_DIST-ALERT-S1_T47RQP_20240224T110909Z_20251016T223843Z_S1A_30_v0.1.png,2025-10-16T22:25:19+00:00,556.256,4.5,47RQP,1,7,4,none,False,transformer_optimized,high,32,2024-02-24,128,2.5,4,best,none,False
park_fire_2024__10TFK,https://hyp3-tibet-jpl-test-contentbucket-hratibh1y9pa.s3.us-west-2.amazonaws.com/5eadea65-e95c-4a35-84a9-edf689bda47b/OPERA_L3_DIST-ALERT-S1_T10TFK_20240711T140735Z_20251016T225328Z_S1A_30_v0.1.zip,https://hyp3-tibet-jpl-test-contentbucket-hratibh1y9pa.s3.us-west-2.amazonaws.com/5eadea65-e95c-4a35-84a9-edf689bda47b/OPERA_L3_DIST-ALERT-S1_T10TFK_20240711T140735Z_20251016T225328Z_S1A_30_v0.1.png,2025-10-16T22:25:19+00:00,1456.786,4.5,10TFK,1,7,4,none,False,transformer_optimized,high,32,2024-07-11,42,2.5,4,best,none,False
park_fire_2024__10TFK,https://hyp3-tibet-jpl-test-contentbucket-hratibh1y9pa.s3.us-west-2.amazonaws.com/9d8e29af-a6ff-4882-94fa-2d41ec67f7fa/OPERA_L3_DIST-ALERT-S1_T10TFK_20240704T141545Z_20251016T224120Z_S1A_30_v0.1.zip,https://hyp3-tibet-jpl-test-contentbucket-hratibh1y9pa.s3.us-west-2.amazonaws.com/9d8e29af-a6ff-4882-94fa-2d41ec67f7fa/OPERA_L3_DIST-ALERT-S1_T10TFK_20240704T141545Z_20251016T224120Z_S1A_30_v0.1.png,2025-10-16T22:25:19+00:00,721.741,4.5,10TFK,1,7,4,none,False,transformer_optimized,high,32,2024-07-04,115,2.5,4,best,none,False
bangladesh_coastal_flood_2024__45QZE,https://hyp3-tibet-jpl-test-contentbucket-hratibh1y9pa.s3.us-west-2.amazonaws.com/4dca7ac7-8435-4c47-96c8-8bd64680c070/OPERA_L3_DIST-ALERT-S1_T45QZE_20240709T121236Z_20251016T223448Z_S1A_30_v0.1.zip,https://hyp3-tibet-jpl-test-contentbucket-hratibh1y9pa.s3.us-west-2.amazonaws.com/4dca7ac7-8435-4c47-96c8-8bd64680c070/OPERA_L3_DIST-ALERT-S1_T45QZE_20240709T121236Z_20251016T223448Z_S1A_30_v0.1.png,2025-10-16T22:25:19+00:00,320.105,4.5,45QZE,1,7,4,none,False,transformer_optimized,high,32,2024-07-09,12,2.5,4,best,none,False
bangladesh_coastal_flood_2024__45QYF,https://hyp3-tibet-jpl-test-contentbucket-hratibh1y9pa.s3.us-west-2.amazonaws.com/dca16906-1ab8-4043-8903-05662b201fd8/OPERA_L3_DIST-ALERT-S1_T45QYF_20240624T235634Z_20251016T225038Z_S1A_30_v0.1.zip,https://hyp3-tibet-jpl-test-contentbucket-hratibh1y9pa.s3.us-west-2.amazonaws.com/dca16906-1ab8-4043-8903-05662b201fd8/OPERA_L3_DIST-ALERT-S1_T45QYF_20240624T235634Z_20251016T225038Z_S1A_30_v0.1.png,2025-10-16T22:25:19+00:00,1288.361,4.5,45QYF,1,7,4,none,False,transformer_optimized,high,32,2024-06-24,150,2.5,4,best,none,False
chiapas_fire_2024__15QUU,https://hyp3-tibet-jpl-test-contentbucket-hratibh1y9pa.s3.us-west-2.amazonaws.com/e09fc7ef-0f25-4496-873d-9bbff7e0951f/OPERA_L3_DIST-ALERT-S1_T15QUU_20240330T003143Z_20251016T224349Z_S1A_30_v0.1.zip,https://hyp3-tibet-jpl-test-contentbucket-hratibh1y9pa.s3.us-west-2.amazonaws.com/e09fc7ef-0f25-4496-873d-9bbff7e0951f/OPERA_L3_DIST-ALERT-S1_T15QUU_20240330T003143Z_20251016T224349Z_S1A_30_v0.1.png,2025-10-16T22:25:19+00:00,872.01,4.5,15QUU,1,7,4,none,False,transformer_optimized,high,32,2024-03-30,107,2.5,4,best,none,False
chiapas_fire_2024__15QUU,https://hyp3-tibet-jpl-test-contentbucket-hratibh1y9pa.s3.us-west-2.amazonaws.com/f576a301-8199-4444-96b2-3be5f1f1ef78/OPERA_L3_DIST-ALERT-S1_T15QUU_20240223T003142Z_20251016T224335Z_S1A_30_v0.1.zip,https://hyp3-tibet-jpl-test-contentbucket-hratibh1y9pa.s3.us-west-2.amazonaws.com/f576a301-8199-4444-96b2-3be5f1f1ef78/OPERA_L3_DIST-ALERT-S1_T15QUU_20240223T003142Z_20251016T224335Z_S1A_30_v0.1.png,2025-10-16T22:25:19+00:00,858.687,4.5,15QUU,1,7,4,none,False,transformer_optimized,high,32,2024-02-23,107,2.5,4,best,none,False
