job_name,zip_url,s3_uri,browse_url,product_request_time,processing_duration,high_confidence_alert_threshold,mgrs_tile_id,post_date_buffer_days,stride_for_norm_param_estimation,n_workers_for_norm_param_estimation,delta_lookback_days_mw,use_date_encoding,model_source,memory_strategy,batch_size_for_norm_param_estimation,model_context_length,post_date,track_number,low_confidence_alert_threshold,n_workers_for_despeckling,device,max_pre_imgs_per_burst_mw,model_compilation
southwest_france_flood_2023__2023-12-14__30TYR__transformer_v1_32-20mc,https://hyp3-tibet-jpl-test-contentbucket-hratibh1y9pa.s3.us-west-2.amazonaws.com/7c20c3ad-ae5c-43d1-b9f3-aab43a56e47e/OPERA_L3_DIST-ALERT-S1_T30TYR_20231213T060043Z_20251215T212129Z_S1A_30_v0.1.zip,s3://hyp3-tibet-jpl-test-contentbucket-hratibh1y9pa7c20c3ad-ae5c-43d1-b9f3-aab43a56e47e/OPERA_L3_DIST-ALERT-S1_T30TYR_20231213T060043Z_20251215T212129Z_S1A_30_v0.1,https://hyp3-tibet-jpl-test-contentbucket-hratibh1y9pa.s3.us-west-2.amazonaws.com/7c20c3ad-ae5c-43d1-b9f3-aab43a56e47e/OPERA_L3_DIST-ALERT-S1_T30TYR_20231213T060043Z_20251215T212129Z_S1A_30_v0.1.png,2025-12-15T20:48:28+00:00,645.613,4.5,30TYR,1,23,4,none,False,transformer_v1_32,high,32,20,2023-12-13,110,2.5,4,best,none,False
smokehouse_creek_fire_2024__2024-02-26__14SLE__transformer_v1_32-20mc,https://hyp3-tibet-jpl-test-contentbucket-hratibh1y9pa.s3.us-west-2.amazonaws.com/c7d33211-652c-4e2a-b920-6c255bb9802a/OPERA_L3_DIST-ALERT-S1_T14SLE_20240216T124630Z_20251215T212503Z_S1A_30_v0.1.zip,s3://hyp3-tibet-jpl-test-contentbucket-hratibh1y9pac7d33211-652c-4e2a-b920-6c255bb9802a/OPERA_L3_DIST-ALERT-S1_T14SLE_20240216T124630Z_20251215T212503Z_S1A_30_v0.1,https://hyp3-tibet-jpl-test-contentbucket-hratibh1y9pa.s3.us-west-2.amazonaws.com/c7d33211-652c-4e2a-b920-6c255bb9802a/OPERA_L3_DIST-ALERT-S1_T14SLE_20240216T124630Z_20251215T212503Z_S1A_30_v0.1.png,2025-12-15T20:48:28+00:00,861.907,4.5,14SLE,1,23,4,none,False,transformer_v1_32,high,32,20,2024-02-16,12,2.5,4,best,none,False
smokehouse_creek_fire_2024__2024-02-26__14SKE__transformer_v1_32-20mc,https://hyp3-tibet-jpl-test-contentbucket-hratibh1y9pa.s3.us-west-2.amazonaws.com/b9bff71f-d15b-4745-b8db-e8f764667515/OPERA_L3_DIST-ALERT-S1_T14SKE_20240323T124634Z_20251215T212633Z_S1A_30_v0.1.zip,s3://hyp3-tibet-jpl-test-contentbucket-hratibh1y9pab9bff71f-d15b-4745-b8db-e8f764667515/OPERA_L3_DIST-ALERT-S1_T14SKE_20240323T124634Z_20251215T212633Z_S1A_30_v0.1,https://hyp3-tibet-jpl-test-contentbucket-hratibh1y9pa.s3.us-west-2.amazonaws.com/b9bff71f-d15b-4745-b8db-e8f764667515/OPERA_L3_DIST-ALERT-S1_T14SKE_20240323T124634Z_20251215T212633Z_S1A_30_v0.1.png,2025-12-15T20:48:28+00:00,959.884,4.5,14SKE,1,23,4,none,False,transformer_v1_32,high,32,20,2024-03-23,12,2.5,4,best,none,False
southwest_france_flood_2023__2023-12-14__30TXR__transformer_v1_32-20mc,https://hyp3-tibet-jpl-test-contentbucket-hratibh1y9pa.s3.us-west-2.amazonaws.com/ae04aaf2-5780-4f96-a579-36d2b3e217c5/OPERA_L3_DIST-ALERT-S1_T30TXR_20240117T180443Z_20251215T212247Z_S1A_30_v0.1.zip,s3://hyp3-tibet-jpl-test-contentbucket-hratibh1y9paae04aaf2-5780-4f96-a579-36d2b3e217c5/OPERA_L3_DIST-ALERT-S1_T30TXR_20240117T180443Z_20251215T212247Z_S1A_30_v0.1,https://hyp3-tibet-jpl-test-contentbucket-hratibh1y9pa.s3.us-west-2.amazonaws.com/ae04aaf2-5780-4f96-a579-36d2b3e217c5/OPERA_L3_DIST-ALERT-S1_T30TXR_20240117T180443Z_20251215T212247Z_S1A_30_v0.1.png,2025-12-15T20:48:28+00:00,715.276,4.5,30TXR,1,23,4,none,False,transformer_v1_32,high,32,20,2024-01-17,103,2.5,4,best,none,False
smokehouse_creek_fire_2024__2024-02-26__14SME__transformer_v1_32-20mc,https://hyp3-tibet-jpl-test-contentbucket-hratibh1y9pa.s3.us-west-2.amazonaws.com/c5754aab-5a67-423d-a64b-059b9f019805/OPERA_L3_DIST-ALERT-S1_T14SME_20240204T124630Z_20251215T211503Z_S1A_30_v0.1.zip,s3://hyp3-tibet-jpl-test-contentbucket-hratibh1y9pac5754aab-5a67-423d-a64b-059b9f019805/OPERA_L3_DIST-ALERT-S1_T14SME_20240204T124630Z_20251215T211503Z_S1A_30_v0.1,https://hyp3-tibet-jpl-test-contentbucket-hratibh1y9pa.s3.us-west-2.amazonaws.com/c5754aab-5a67-423d-a64b-059b9f019805/OPERA_L3_DIST-ALERT-S1_T14SME_20240204T124630Z_20251215T211503Z_S1A_30_v0.1.png,2025-12-15T20:48:28+00:00,257.764,4.5,14SME,1,23,4,none,False,transformer_v1_32,high,32,20,2024-02-04,12,2.5,4,best,none,False
southwest_france_flood_2023__2023-12-14__30TXR__transformer_v1_32-20mc,https://hyp3-tibet-jpl-test-contentbucket-hratibh1y9pa.s3.us-west-2.amazonaws.com/de0e9790-7978-490e-aba3-c281e09fac2d/OPERA_L3_DIST-ALERT-S1_T30TXR_20231120T174831Z_20251215T211926Z_S1A_30_v0.1.zip,s3://hyp3-tibet-jpl-test-contentbucket-hratibh1y9pade0e9790-7978-490e-aba3-c281e09fac2d/OPERA_L3_DIST-ALERT-S1_T30TXR_20231120T174831Z_20251215T211926Z_S1A_30_v0.1,https://hyp3-tibet-jpl-test-contentbucket-hratibh1y9pa.s3.us-west-2.amazonaws.com/de0e9790-7978-490e-aba3-c281e09fac2d/OPERA_L3_DIST-ALERT-S1_T30TXR_20231120T174831Z_20251215T211926Z_S1A_30_v0.1.png,2025-12-15T20:48:28+00:00,548.845,4.5,30TXR,1,23,4,none,False,transformer_v1_32,high,32,20,2023-11-20,132,2.5,4,best,none,False
smokehouse_creek_fire_2024__2024-02-26__14SKE__transformer_v1_32-20mc,https://hyp3-tibet-jpl-test-contentbucket-hratibh1y9pa.s3.us-west-2.amazonaws.com/16689b46-5b55-403f-ae93-ddb3302a772d/OPERA_L3_DIST-ALERT-S1_T14SKE_20240416T124635Z_20251215T212130Z_S1A_30_v0.1.zip,s3://hyp3-tibet-jpl-test-contentbucket-hratibh1y9pa16689b46-5b55-403f-ae93-ddb3302a772d/OPERA_L3_DIST-ALERT-S1_T14SKE_20240416T124635Z_20251215T212130Z_S1A_30_v0.1,https://hyp3-tibet-jpl-test-contentbucket-hratibh1y9pa.s3.us-west-2.amazonaws.com/16689b46-5b55-403f-ae93-ddb3302a772d/OPERA_L3_DIST-ALERT-S1_T14SKE_20240416T124635Z_20251215T212130Z_S1A_30_v0.1.png,2025-12-15T20:48:28+00:00,680.235,4.5,14SKE,1,23,4,none,False,transformer_v1_32,high,32,20,2024-04-16,12,2.5,4,best,none,False
southwest_france_flood_2023__2023-12-14__30TYR__transformer_v1_32-20mc,https://hyp3-tibet-jpl-test-contentbucket-hratibh1y9pa.s3.us-west-2.amazonaws.com/0ccc99ea-ec81-4bff-9b38-7e61b56d591a/OPERA_L3_DIST-ALERT-S1_T30TYR_20231219T175630Z_20251215T213601Z_S1A_30_v0.1.zip,s3://hyp3-tibet-jpl-test-contentbucket-hratibh1y9pa0ccc99ea-ec81-4bff-9b38-7e61b56d591a/OPERA_L3_DIST-ALERT-S1_T30TYR_20231219T175630Z_20251215T213601Z_S1A_30_v0.1,https://hyp3-tibet-jpl-test-contentbucket-hratibh1y9pa.s3.us-west-2.amazonaws.com/0ccc99ea-ec81-4bff-9b38-7e61b56d591a/OPERA_L3_DIST-ALERT-S1_T30TYR_20231219T175630Z_20251215T213601Z_S1A_30_v0.1.png,2025-12-15T20:48:28+00:00,1553.887,4.5,30TYR,1,23,4,none,False,transformer_v1_32,high,32,20,2023-12-19,30,2.5,4,best,none,False
monkey_creek_fire_2024__2024-07-18__11TLK__transformer_v1_32-20mc,https://hyp3-tibet-jpl-test-contentbucket-hratibh1y9pa.s3.us-west-2.amazonaws.com/488779e9-23a6-48f7-8fb9-3b3542af020d/OPERA_L3_DIST-ALERT-S1_T11TLK_20240828T140624Z_20251215T212449Z_S1A_30_v0.1.zip,s3://hyp3-tibet-jpl-test-contentbucket-hratibh1y9pa488779e9-23a6-48f7-8fb9-3b3542af020d/OPERA_L3_DIST-ALERT-S1_T11TLK_20240828T140624Z_20251215T212449Z_S1A_30_v0.1,https://hyp3-tibet-jpl-test-contentbucket-hratibh1y9pa.s3.us-west-2.amazonaws.com/488779e9-23a6-48f7-8fb9-3b3542af020d/OPERA_L3_DIST-ALERT-S1_T11TLK_20240828T140624Z_20251215T212449Z_S1A_30_v0.1.png,2025-12-15T20:48:28+00:00,884.617,4.5,11TLK,1,23,4,none,False,transformer_v1_32,high,32,20,2024-08-28,42,2.5,4,best,none,False
southwest_france_flood_2023__2023-12-14__30TXR__transformer_v1_32-20mc,https://hyp3-tibet-jpl-test-contentbucket-hratibh1y9pa.s3.us-west-2.amazonaws.com/a1a97032-00d9-4f45-8748-5aa76d13ace3/OPERA_L3_DIST-ALERT-S1_T30TXR_20240111T060851Z_20251215T213251Z_S1A_30_v0.1.zip,s3://hyp3-tibet-jpl-test-contentbucket-hratibh1y9paa1a97032-00d9-4f45-8748-5aa76d13ace3/OPERA_L3_DIST-ALERT-S1_T30TXR_20240111T060851Z_20251215T213251Z_S1A_30_v0.1,https://hyp3-tibet-jpl-test-contentbucket-hratibh1y9pa.s3.us-west-2.amazonaws.com/a1a97032-00d9-4f45-8748-5aa76d13ace3/OPERA_L3_DIST-ALERT-S1_T30TXR_20240111T060851Z_20251215T213251Z_S1A_30_v0.1.png,2025-12-15T20:48:28+00:00,1391.405,4.5,30TXR,1,23,4,none,False,transformer_v1_32,high,32,20,2024-01-11,8,2.5,4,best,none,False
monkey_creek_fire_2024__2024-07-18__11TLK__transformer_v1_32-20mc,https://hyp3-tibet-jpl-test-contentbucket-hratibh1y9pa.s3.us-west-2.amazonaws.com/4cb755e0-6993-475a-b6b0-de9ba77f3e5e/OPERA_L3_DIST-ALERT-S1_T11TLK_20240811T135807Z_20251215T212424Z_S1A_30_v0.1.zip,s3://hyp3-tibet-jpl-test-contentbucket-hratibh1y9pa4cb755e0-6993-475a-b6b0-de9ba77f3e5e/OPERA_L3_DIST-ALERT-S1_T11TLK_20240811T135807Z_20251215T212424Z_S1A_30_v0.1,https://hyp3-tibet-jpl-test-contentbucket-hratibh1y9pa.s3.us-west-2.amazonaws.com/4cb755e0-6993-475a-b6b0-de9ba77f3e5e/OPERA_L3_DIST-ALERT-S1_T11TLK_20240811T135807Z_20251215T212424Z_S1A_30_v0.1.png,2025-12-15T20:48:28+00:00,885.166,4.5,11TLK,1,23,4,none,False,transformer_v1_32,high,32,20,2024-08-11,144,2.5,4,best,none,False
brazzaville_flood_and_landslides_2024__2024-02-08__33MWR__transformer_v1_32-20mc,https://hyp3-tibet-jpl-test-contentbucket-hratibh1y9pa.s3.us-west-2.amazonaws.com/4d3a357f-f261-4953-9385-d0dbff758b03/OPERA_L3_DIST-ALERT-S1_T33MWR_20240204T044346Z_20251215T212416Z_S1A_30_v0.1.zip,s3://hyp3-tibet-jpl-test-contentbucket-hratibh1y9pa4d3a357f-f261-4953-9385-d0dbff758b03/OPERA_L3_DIST-ALERT-S1_T33MWR_20240204T044346Z_20251215T212416Z_S1A_30_v0.1,https://hyp3-tibet-jpl-test-contentbucket-hratibh1y9pa.s3.us-west-2.amazonaws.com/4d3a357f-f261-4953-9385-d0dbff758b03/OPERA_L3_DIST-ALERT-S1_T33MWR_20240204T044346Z_20251215T212416Z_S1A_30_v0.1.png,2025-12-15T20:48:28+00:00,874.834,4.5,33MWR,1,23,4,none,False,transformer_v1_32,high,32,20,2024-02-04,7,2.5,4,best,none,False
brazzaville_flood_and_landslides_2024__2024-02-08__33MWR__transformer_v1_32-20mc,https://hyp3-tibet-jpl-test-contentbucket-hratibh1y9pa.s3.us-west-2.amazonaws.com/ff3e8997-6a80-441b-ae53-a197f5937fd3/OPERA_L3_DIST-ALERT-S1_T33MWR_20240123T044346Z_20251215T212649Z_S1A_30_v0.1.zip,s3://hyp3-tibet-jpl-test-contentbucket-hratibh1y9paff3e8997-6a80-441b-ae53-a197f5937fd3/OPERA_L3_DIST-ALERT-S1_T33MWR_20240123T044346Z_20251215T212649Z_S1A_30_v0.1,https://hyp3-tibet-jpl-test-contentbucket-hratibh1y9pa.s3.us-west-2.amazonaws.com/ff3e8997-6a80-441b-ae53-a197f5937fd3/OPERA_L3_DIST-ALERT-S1_T33MWR_20240123T044346Z_20251215T212649Z_S1A_30_v0.1.png,2025-12-15T20:48:28+00:00,1035.146,4.5,33MWR,1,23,4,none,False,transformer_v1_32,high,32,20,2024-01-23,7,2.5,4,best,none,False
smokehouse_creek_fire_2024__2024-02-26__14SME__transformer_v1_32-20mc,https://hyp3-tibet-jpl-test-contentbucket-hratibh1y9pa.s3.us-west-2.amazonaws.com/2f6e1c90-7e5e-4b04-ab58-d6fe7ec749b9/OPERA_L3_DIST-ALERT-S1_T14SME_20240216T004509Z_20251215T212508Z_S1A_30_v0.1.zip,s3://hyp3-tibet-jpl-test-contentbucket-hratibh1y9pa2f6e1c90-7e5e-4b04-ab58-d6fe7ec749b9/OPERA_L3_DIST-ALERT-S1_T14SME_20240216T004509Z_20251215T212508Z_S1A_30_v0.1,https://hyp3-tibet-jpl-test-contentbucket-hratibh1y9pa.s3.us-west-2.amazonaws.com/2f6e1c90-7e5e-4b04-ab58-d6fe7ec749b9/OPERA_L3_DIST-ALERT-S1_T14SME_20240216T004509Z_20251215T212508Z_S1A_30_v0.1.png,2025-12-15T20:48:28+00:00,924.953,4.5,14SME,1,23,4,none,False,transformer_v1_32,high,32,20,2024-02-16,5,2.5,4,best,none,False
smokehouse_creek_fire_2024__2024-02-26__14SKE__transformer_v1_32-20mc,https://hyp3-tibet-jpl-test-contentbucket-hratibh1y9pa.s3.us-west-2.amazonaws.com/e0d69969-8ad9-449c-8db7-754939b4dc16/OPERA_L3_DIST-ALERT-S1_T14SKE_20240404T124635Z_20251215T212604Z_S1A_30_v0.1.zip,s3://hyp3-tibet-jpl-test-contentbucket-hratibh1y9pae0d69969-8ad9-449c-8db7-754939b4dc16/OPERA_L3_DIST-ALERT-S1_T14SKE_20240404T124635Z_20251215T212604Z_S1A_30_v0.1,https://hyp3-tibet-jpl-test-contentbucket-hratibh1y9pa.s3.us-west-2.amazonaws.com/e0d69969-8ad9-449c-8db7-754939b4dc16/OPERA_L3_DIST-ALERT-S1_T14SKE_20240404T124635Z_20251215T212604Z_S1A_30_v0.1.png,2025-12-15T20:48:28+00:00,1004.418,4.5,14SKE,1,23,4,none,False,transformer_v1_32,high,32,20,2024-04-04,12,2.5,4,best,none,False
brazzaville_flood_and_landslides_2024__2024-02-08__33MWR__transformer_v1_32-20mc,https://hyp3-tibet-jpl-test-contentbucket-hratibh1y9pa.s3.us-west-2.amazonaws.com/9fa907a7-e249-4eea-bcb7-254c8ff9eb31/OPERA_L3_DIST-ALERT-S1_T33MWR_20240311T044345Z_20251215T212122Z_S1A_30_v0.1.zip,s3://hyp3-tibet-jpl-test-contentbucket-hratibh1y9pa9fa907a7-e249-4eea-bcb7-254c8ff9eb31/OPERA_L3_DIST-ALERT-S1_T33MWR_20240311T044345Z_20251215T212122Z_S1A_30_v0.1,https://hyp3-tibet-jpl-test-contentbucket-hratibh1y9pa.s3.us-west-2.amazonaws.com/9fa907a7-e249-4eea-bcb7-254c8ff9eb31/OPERA_L3_DIST-ALERT-S1_T33MWR_20240311T044345Z_20251215T212122Z_S1A_30_v0.1.png,2025-12-15T20:48:28+00:00,702.378,4.5,33MWR,1,23,4,none,False,transformer_v1_32,high,32,20,2024-03-11,7,2.5,4,best,none,False
brazzaville_flood_and_landslides_2023__2023-12-28__33MWR__transformer_v1_32-20mc,https://hyp3-tibet-jpl-test-contentbucket-hratibh1y9pa.s3.us-west-2.amazonaws.com/92e8c2c9-c37d-433c-8e38-79202b85253c/OPERA_L3_DIST-ALERT-S1_T33MWR_20231225T043538Z_20251215T213732Z_S1A_30_v0.1.zip,s3://hyp3-tibet-jpl-test-contentbucket-hratibh1y9pa92e8c2c9-c37d-433c-8e38-79202b85253c/OPERA_L3_DIST-ALERT-S1_T33MWR_20231225T043538Z_20251215T213732Z_S1A_30_v0.1,https://hyp3-tibet-jpl-test-contentbucket-hratibh1y9pa.s3.us-west-2.amazonaws.com/92e8c2c9-c37d-433c-8e38-79202b85253c/OPERA_L3_DIST-ALERT-S1_T33MWR_20231225T043538Z_20251215T213732Z_S1A_30_v0.1.png,2025-12-15T20:48:28+00:00,1708.612,4.5,33MWR,1,23,4,none,False,transformer_v1_32,high,32,20,2023-12-25,109,2.5,4,best,none,False
monkey_creek_fire_2024__2024-07-18__11TLK__transformer_v1_32-20mc,https://hyp3-tibet-jpl-test-contentbucket-hratibh1y9pa.s3.us-west-2.amazonaws.com/f8105507-6c32-42e1-ad05-55156c7fe79c/OPERA_L3_DIST-ALERT-S1_T11TLK_20240904T135807Z_20251215T212246Z_S1A_30_v0.1.zip,s3://hyp3-tibet-jpl-test-contentbucket-hratibh1y9paf8105507-6c32-42e1-ad05-55156c7fe79c/OPERA_L3_DIST-ALERT-S1_T11TLK_20240904T135807Z_20251215T212246Z_S1A_30_v0.1,https://hyp3-tibet-jpl-test-contentbucket-hratibh1y9pa.s3.us-west-2.amazonaws.com/f8105507-6c32-42e1-ad05-55156c7fe79c/OPERA_L3_DIST-ALERT-S1_T11TLK_20240904T135807Z_20251215T212246Z_S1A_30_v0.1.png,2025-12-15T20:48:28+00:00,827.966,4.5,11TLK,1,23,4,none,False,transformer_v1_32,high,32,20,2024-09-04,144,2.5,4,best,none,False
southwest_france_flood_2023__2023-12-14__30TYR__transformer_v1_32-20mc,https://hyp3-tibet-jpl-test-contentbucket-hratibh1y9pa.s3.us-west-2.amazonaws.com/617b6a14-fecf-4baa-b4b4-1e78e2140d9b/OPERA_L3_DIST-ALERT-S1_T30TYR_20240107T174819Z_20251215T213240Z_S1A_30_v0.1.zip,s3://hyp3-tibet-jpl-test-contentbucket-hratibh1y9pa617b6a14-fecf-4baa-b4b4-1e78e2140d9b/OPERA_L3_DIST-ALERT-S1_T30TYR_20240107T174819Z_20251215T213240Z_S1A_30_v0.1,https://hyp3-tibet-jpl-test-contentbucket-hratibh1y9pa.s3.us-west-2.amazonaws.com/617b6a14-fecf-4baa-b4b4-1e78e2140d9b/OPERA_L3_DIST-ALERT-S1_T30TYR_20240107T174819Z_20251215T213240Z_S1A_30_v0.1.png,2025-12-15T20:48:28+00:00,1418.316,4.5,30TYR,1,23,4,none,False,transformer_v1_32,high,32,20,2024-01-07,132,2.5,4,best,none,False
brazzaville_flood_and_landslides_2023__2023-12-28__33MWR__transformer_v1_32-20mc,https://hyp3-tibet-jpl-test-contentbucket-hratibh1y9pa.s3.us-west-2.amazonaws.com/ef9a9e14-3421-411e-b12f-05c793b71428/OPERA_L3_DIST-ALERT-S1_T33MWR_20240204T044346Z_20251215T212109Z_S1A_30_v0.1.zip,s3://hyp3-tibet-jpl-test-contentbucket-hratibh1y9paef9a9e14-3421-411e-b12f-05c793b71428/OPERA_L3_DIST-ALERT-S1_T33MWR_20240204T044346Z_20251215T212109Z_S1A_30_v0.1,https://hyp3-tibet-jpl-test-contentbucket-hratibh1y9pa.s3.us-west-2.amazonaws.com/ef9a9e14-3421-411e-b12f-05c793b71428/OPERA_L3_DIST-ALERT-S1_T33MWR_20240204T044346Z_20251215T212109Z_S1A_30_v0.1.png,2025-12-15T20:48:28+00:00,724.236,4.5,33MWR,1,23,4,none,False,transformer_v1_32,high,32,20,2024-02-04,7,2.5,4,best,none,False
southwest_france_flood_2023__2023-12-14__30TXR__transformer_v1_32-20mc,https://hyp3-tibet-jpl-test-contentbucket-hratibh1y9pa.s3.us-west-2.amazonaws.com/0d29394e-8282-435a-b6d2-adaeea1d8f21/OPERA_L3_DIST-ALERT-S1_T30TXR_20231207T175633Z_20251215T212609Z_S1A_30_v0.1.zip,s3://hyp3-tibet-jpl-test-contentbucket-hratibh1y9pa0d29394e-8282-435a-b6d2-adaeea1d8f21/OPERA_L3_DIST-ALERT-S1_T30TXR_20231207T175633Z_20251215T212609Z_S1A_30_v0.1,https://hyp3-tibet-jpl-test-contentbucket-hratibh1y9pa.s3.us-west-2.amazonaws.com/0d29394e-8282-435a-b6d2-adaeea1d8f21/OPERA_L3_DIST-ALERT-S1_T30TXR_20231207T175633Z_20251215T212609Z_S1A_30_v0.1.png,2025-12-15T20:48:28+00:00,1028.316,4.5,30TXR,1,23,4,none,False,transformer_v1_32,high,32,20,2023-12-07,30,2.5,4,best,none,False
smokehouse_creek_fire_2024__2024-02-26__14SKE__transformer_v1_32-20mc,https://hyp3-tibet-jpl-test-contentbucket-hratibh1y9pa.s3.us-west-2.amazonaws.com/986ad843-2f5c-42fb-8df2-06f9fc29a6b7/OPERA_L3_DIST-ALERT-S1_T14SKE_20240311T004513Z_20251215T213336Z_S1A_30_v0.1.zip,s3://hyp3-tibet-jpl-test-contentbucket-hratibh1y9pa986ad843-2f5c-42fb-8df2-06f9fc29a6b7/OPERA_L3_DIST-ALERT-S1_T14SKE_20240311T004513Z_20251215T213336Z_S1A_30_v0.1,https://hyp3-tibet-jpl-test-contentbucket-hratibh1y9pa.s3.us-west-2.amazonaws.com/986ad843-2f5c-42fb-8df2-06f9fc29a6b7/OPERA_L3_DIST-ALERT-S1_T14SKE_20240311T004513Z_20251215T213336Z_S1A_30_v0.1.png,2025-12-15T20:48:28+00:00,1477.985,4.5,14SKE,1,23,4,none,False,transformer_v1_32,high,32,20,2024-03-11,5,2.5,4,best,none,False
smokehouse_creek_fire_2024__2024-02-26__14SKE__transformer_v1_32-20mc,https://hyp3-tibet-jpl-test-contentbucket-hratibh1y9pa.s3.us-west-2.amazonaws.com/313a83e2-7770-404a-bce6-86d9652557cf/OPERA_L3_DIST-ALERT-S1_T14SKE_20240221T125444Z_20251215T211925Z_S1A_30_v0.1.zip,s3://hyp3-tibet-jpl-test-contentbucket-hratibh1y9pa313a83e2-7770-404a-bce6-86d9652557cf/OPERA_L3_DIST-ALERT-S1_T14SKE_20240221T125444Z_20251215T211925Z_S1A_30_v0.1,https://hyp3-tibet-jpl-test-contentbucket-hratibh1y9pa.s3.us-west-2.amazonaws.com/313a83e2-7770-404a-bce6-86d9652557cf/OPERA_L3_DIST-ALERT-S1_T14SKE_20240221T125444Z_20251215T211925Z_S1A_30_v0.1.png,2025-12-15T20:48:28+00:00,656.843,4.5,14SKE,1,23,4,none,False,transformer_v1_32,high,32,20,2024-02-21,85,2.5,4,best,none,False
southwest_france_flood_2023__2023-12-14__30TYR__transformer_v1_32-20mc,https://hyp3-tibet-jpl-test-contentbucket-hratibh1y9pa.s3.us-west-2.amazonaws.com/22aa9584-711e-4665-99fc-f05f7f1e6569/OPERA_L3_DIST-ALERT-S1_T30TYR_20240116T061700Z_20251215T212151Z_S1A_30_v0.1.zip,s3://hyp3-tibet-jpl-test-contentbucket-hratibh1y9pa22aa9584-711e-4665-99fc-f05f7f1e6569/OPERA_L3_DIST-ALERT-S1_T30TYR_20240116T061700Z_20251215T212151Z_S1A_30_v0.1,https://hyp3-tibet-jpl-test-contentbucket-hratibh1y9pa.s3.us-west-2.amazonaws.com/22aa9584-711e-4665-99fc-f05f7f1e6569/OPERA_L3_DIST-ALERT-S1_T30TYR_20240116T061700Z_20251215T212151Z_S1A_30_v0.1.png,2025-12-15T20:48:28+00:00,798.975,4.5,30TYR,1,23,4,none,False,transformer_v1_32,high,32,20,2024-01-16,81,2.5,4,best,none,False
smokehouse_creek_fire_2024__2024-02-26__14SKE__transformer_v1_32-20mc,https://hyp3-tibet-jpl-test-contentbucket-hratibh1y9pa.s3.us-west-2.amazonaws.com/dd13a706-6cc2-4aa5-98cf-45bf9ce64765/OPERA_L3_DIST-ALERT-S1_T14SKE_20240228T004512Z_20251215T212851Z_S1A_30_v0.1.zip,s3://hyp3-tibet-jpl-test-contentbucket-hratibh1y9padd13a706-6cc2-4aa5-98cf-45bf9ce64765/OPERA_L3_DIST-ALERT-S1_T14SKE_20240228T004512Z_20251215T212851Z_S1A_30_v0.1,https://hyp3-tibet-jpl-test-contentbucket-hratibh1y9pa.s3.us-west-2.amazonaws.com/dd13a706-6cc2-4aa5-98cf-45bf9ce64765/OPERA_L3_DIST-ALERT-S1_T14SKE_20240228T004512Z_20251215T212851Z_S1A_30_v0.1.png,2025-12-15T20:48:28+00:00,1226.353,4.5,14SKE,1,23,4,none,False,transformer_v1_32,high,32,20,2024-02-28,5,2.5,4,best,none,False
southwest_france_flood_2023__2023-12-14__30TYR__transformer_v1_32-20mc,https://hyp3-tibet-jpl-test-contentbucket-hratibh1y9pa.s3.us-west-2.amazonaws.com/c8d8508d-7c46-488e-98b6-b45c48d1ff8c/OPERA_L3_DIST-ALERT-S1_T30TYR_20231129T061703Z_20251215T212416Z_S1A_30_v0.1.zip,s3://hyp3-tibet-jpl-test-contentbucket-hratibh1y9pac8d8508d-7c46-488e-98b6-b45c48d1ff8c/OPERA_L3_DIST-ALERT-S1_T30TYR_20231129T061703Z_20251215T212416Z_S1A_30_v0.1,https://hyp3-tibet-jpl-test-contentbucket-hratibh1y9pa.s3.us-west-2.amazonaws.com/c8d8508d-7c46-488e-98b6-b45c48d1ff8c/OPERA_L3_DIST-ALERT-S1_T30TYR_20231129T061703Z_20251215T212416Z_S1A_30_v0.1.png,2025-12-15T20:48:28+00:00,940.697,4.5,30TYR,1,23,4,none,False,transformer_v1_32,high,32,20,2023-11-29,81,2.5,4,best,none,False
smokehouse_creek_fire_2024__2024-02-26__14SKE__transformer_v1_32-20mc,https://hyp3-tibet-jpl-test-contentbucket-hratibh1y9pa.s3.us-west-2.amazonaws.com/0155ab2a-9a80-4b82-ae07-bd0d034573e1/OPERA_L3_DIST-ALERT-S1_T14SKE_20240304T125445Z_20251215T211916Z_S1A_30_v0.1.zip,s3://hyp3-tibet-jpl-test-contentbucket-hratibh1y9pa0155ab2a-9a80-4b82-ae07-bd0d034573e1/OPERA_L3_DIST-ALERT-S1_T14SKE_20240304T125445Z_20251215T211916Z_S1A_30_v0.1,https://hyp3-tibet-jpl-test-contentbucket-hratibh1y9pa.s3.us-west-2.amazonaws.com/0155ab2a-9a80-4b82-ae07-bd0d034573e1/OPERA_L3_DIST-ALERT-S1_T14SKE_20240304T125445Z_20251215T211916Z_S1A_30_v0.1.png,2025-12-15T20:48:28+00:00,644.438,4.5,14SKE,1,23,4,none,False,transformer_v1_32,high,32,20,2024-03-04,85,2.5,4,best,none,False
southwest_france_flood_2023__2023-12-14__30TXR__transformer_v1_32-20mc,https://hyp3-tibet-jpl-test-contentbucket-hratibh1y9pa.s3.us-west-2.amazonaws.com/5889862d-e778-4506-a094-33ca97150326/OPERA_L3_DIST-ALERT-S1_T30TXR_20240112T175631Z_20251215T212911Z_S1A_30_v0.1.zip,s3://hyp3-tibet-jpl-test-contentbucket-hratibh1y9pa5889862d-e778-4506-a094-33ca97150326/OPERA_L3_DIST-ALERT-S1_T30TXR_20240112T175631Z_20251215T212911Z_S1A_30_v0.1,https://hyp3-tibet-jpl-test-contentbucket-hratibh1y9pa.s3.us-west-2.amazonaws.com/5889862d-e778-4506-a094-33ca97150326/OPERA_L3_DIST-ALERT-S1_T30TXR_20240112T175631Z_20251215T212911Z_S1A_30_v0.1.png,2025-12-15T20:48:28+00:00,1251.137,4.5,30TXR,1,23,4,none,False,transformer_v1_32,high,32,20,2024-01-12,30,2.5,4,best,none,False
smokehouse_creek_fire_2024__2024-02-26__14SKE__transformer_v1_32-20mc,https://hyp3-tibet-jpl-test-contentbucket-hratibh1y9pa.s3.us-west-2.amazonaws.com/e881bf72-e703-41da-81af-26d4955057fb/OPERA_L3_DIST-ALERT-S1_T14SKE_20240304T005324Z_20251215T212001Z_S1A_30_v0.1.zip,s3://hyp3-tibet-jpl-test-contentbucket-hratibh1y9pae881bf72-e703-41da-81af-26d4955057fb/OPERA_L3_DIST-ALERT-S1_T14SKE_20240304T005324Z_20251215T212001Z_S1A_30_v0.1,https://hyp3-tibet-jpl-test-contentbucket-hratibh1y9pa.s3.us-west-2.amazonaws.com/e881bf72-e703-41da-81af-26d4955057fb/OPERA_L3_DIST-ALERT-S1_T14SKE_20240304T005324Z_20251215T212001Z_S1A_30_v0.1.png,2025-12-15T20:48:28+00:00,692.847,4.5,14SKE,1,23,4,none,False,transformer_v1_32,high,32,20,2024-03-04,78,2.5,4,best,none,False
tlacotalpan_flood_2024__2024-10-29__14QRF__transformer_v1_32-20mc,https://hyp3-tibet-jpl-test-contentbucket-hratibh1y9pa.s3.us-west-2.amazonaws.com/5aaf8062-683f-49ef-8e77-0b167fed9cd2/OPERA_L3_DIST-ALERT-S1_T14QRF_20241005T121821Z_20251215T213112Z_S1A_30_v0.1.zip,s3://hyp3-tibet-jpl-test-contentbucket-hratibh1y9pa5aaf8062-683f-49ef-8e77-0b167fed9cd2/OPERA_L3_DIST-ALERT-S1_T14QRF_20241005T121821Z_20251215T213112Z_S1A_30_v0.1,https://hyp3-tibet-jpl-test-contentbucket-hratibh1y9pa.s3.us-west-2.amazonaws.com/5aaf8062-683f-49ef-8e77-0b167fed9cd2/OPERA_L3_DIST-ALERT-S1_T14QRF_20241005T121821Z_20251215T213112Z_S1A_30_v0.1.png,2025-12-15T20:48:28+00:00,1369.173,4.5,14QRF,1,23,4,none,False,transformer_v1_32,high,32,20,2024-10-05,70,2.5,4,best,none,False
monkey_creek_fire_2024__2024-07-18__10TGQ__transformer_v1_32-20mc,https://hyp3-tibet-jpl-test-contentbucket-hratibh1y9pa.s3.us-west-2.amazonaws.com/1731ffcc-d8e1-4e68-8f88-1ff247610425/OPERA_L3_DIST-ALERT-S1_T10TGQ_20240804T140624Z_20251215T212611Z_S1A_30_v0.1.zip,s3://hyp3-tibet-jpl-test-contentbucket-hratibh1y9pa1731ffcc-d8e1-4e68-8f88-1ff247610425/OPERA_L3_DIST-ALERT-S1_T10TGQ_20240804T140624Z_20251215T212611Z_S1A_30_v0.1,https://hyp3-tibet-jpl-test-contentbucket-hratibh1y9pa.s3.us-west-2.amazonaws.com/1731ffcc-d8e1-4e68-8f88-1ff247610425/OPERA_L3_DIST-ALERT-S1_T10TGQ_20240804T140624Z_20251215T212611Z_S1A_30_v0.1.png,2025-12-15T20:48:28+00:00,1064.89,4.5,10TGQ,1,23,4,none,False,transformer_v1_32,high,32,20,2024-08-04,42,2.5,4,best,none,False
southwest_france_flood_2023__2023-12-14__30TYR__transformer_v1_32-20mc,https://hyp3-tibet-jpl-test-contentbucket-hratibh1y9pa.s3.us-west-2.amazonaws.com/7c1f46f4-2c67-4400-8698-839ac534027d/OPERA_L3_DIST-ALERT-S1_T30TYR_20240211T060040Z_20251215T211849Z_S1A_30_v0.1.zip,s3://hyp3-tibet-jpl-test-contentbucket-hratibh1y9pa7c1f46f4-2c67-4400-8698-839ac534027d/OPERA_L3_DIST-ALERT-S1_T30TYR_20240211T060040Z_20251215T211849Z_S1A_30_v0.1,https://hyp3-tibet-jpl-test-contentbucket-hratibh1y9pa.s3.us-west-2.amazonaws.com/7c1f46f4-2c67-4400-8698-839ac534027d/OPERA_L3_DIST-ALERT-S1_T30TYR_20240211T060040Z_20251215T211849Z_S1A_30_v0.1.png,2025-12-15T20:48:28+00:00,622.719,4.5,30TYR,1,23,4,none,False,transformer_v1_32,high,32,20,2024-02-11,110,2.5,4,best,none,False
smokehouse_creek_fire_2024__2024-02-26__14SLE__transformer_v1_32-20mc,https://hyp3-tibet-jpl-test-contentbucket-hratibh1y9pa.s3.us-west-2.amazonaws.com/771c382c-d46c-42b4-8690-6709577ba41c/OPERA_L3_DIST-ALERT-S1_T14SLE_20240311T124630Z_20251215T212031Z_S1A_30_v0.1.zip,s3://hyp3-tibet-jpl-test-contentbucket-hratibh1y9pa771c382c-d46c-42b4-8690-6709577ba41c/OPERA_L3_DIST-ALERT-S1_T14SLE_20240311T124630Z_20251215T212031Z_S1A_30_v0.1,https://hyp3-tibet-jpl-test-contentbucket-hratibh1y9pa.s3.us-west-2.amazonaws.com/771c382c-d46c-42b4-8690-6709577ba41c/OPERA_L3_DIST-ALERT-S1_T14SLE_20240311T124630Z_20251215T212031Z_S1A_30_v0.1.png,2025-12-15T20:48:28+00:00,734.396,4.5,14SLE,1,23,4,none,False,transformer_v1_32,high,32,20,2024-03-11,12,2.5,4,best,none,False
smokehouse_creek_fire_2024__2024-02-26__14SKE__transformer_v1_32-20mc,https://hyp3-tibet-jpl-test-contentbucket-hratibh1y9pa.s3.us-west-2.amazonaws.com/b80f7677-3b6f-48a2-8e87-b5a231c3b5fd/OPERA_L3_DIST-ALERT-S1_T14SKE_20240421T125446Z_20251215T212010Z_S1A_30_v0.1.zip,s3://hyp3-tibet-jpl-test-contentbucket-hratibh1y9pab80f7677-3b6f-48a2-8e87-b5a231c3b5fd/OPERA_L3_DIST-ALERT-S1_T14SKE_20240421T125446Z_20251215T212010Z_S1A_30_v0.1,https://hyp3-tibet-jpl-test-contentbucket-hratibh1y9pa.s3.us-west-2.amazonaws.com/b80f7677-3b6f-48a2-8e87-b5a231c3b5fd/OPERA_L3_DIST-ALERT-S1_T14SKE_20240421T125446Z_20251215T212010Z_S1A_30_v0.1.png,2025-12-15T20:48:28+00:00,706.009,4.5,14SKE,1,23,4,none,False,transformer_v1_32,high,32,20,2024-04-21,85,2.5,4,best,none,False
smokehouse_creek_fire_2024__2024-02-26__14SLE__transformer_v1_32-20mc,https://hyp3-tibet-jpl-test-contentbucket-hratibh1y9pa.s3.us-west-2.amazonaws.com/22dfe8f8-5dd1-4341-8540-70e29466e4d4/OPERA_L3_DIST-ALERT-S1_T14SLE_20240216T004509Z_20251215T213240Z_S1A_30_v0.1.zip,s3://hyp3-tibet-jpl-test-contentbucket-hratibh1y9pa22dfe8f8-5dd1-4341-8540-70e29466e4d4/OPERA_L3_DIST-ALERT-S1_T14SLE_20240216T004509Z_20251215T213240Z_S1A_30_v0.1,https://hyp3-tibet-jpl-test-contentbucket-hratibh1y9pa.s3.us-west-2.amazonaws.com/22dfe8f8-5dd1-4341-8540-70e29466e4d4/OPERA_L3_DIST-ALERT-S1_T14SLE_20240216T004509Z_20251215T213240Z_S1A_30_v0.1.png,2025-12-15T20:48:28+00:00,1460.621,4.5,14SLE,1,23,4,none,False,transformer_v1_32,high,32,20,2024-02-16,5,2.5,4,best,none,False
brazzaville_flood_and_landslides_2024__2024-02-08__33MWR__transformer_v1_32-20mc,https://hyp3-tibet-jpl-test-contentbucket-hratibh1y9pa.s3.us-west-2.amazonaws.com/963a574b-2d15-4bb5-82dc-bb7ae0e68cff/OPERA_L3_DIST-ALERT-S1_T33MWR_20240216T044345Z_20251215T212135Z_S1A_30_v0.1.zip,s3://hyp3-tibet-jpl-test-contentbucket-hratibh1y9pa963a574b-2d15-4bb5-82dc-bb7ae0e68cff/OPERA_L3_DIST-ALERT-S1_T33MWR_20240216T044345Z_20251215T212135Z_S1A_30_v0.1,https://hyp3-tibet-jpl-test-contentbucket-hratibh1y9pa.s3.us-west-2.amazonaws.com/963a574b-2d15-4bb5-82dc-bb7ae0e68cff/OPERA_L3_DIST-ALERT-S1_T33MWR_20240216T044345Z_20251215T212135Z_S1A_30_v0.1.png,2025-12-15T20:48:28+00:00,825.147,4.5,33MWR,1,23,4,none,False,transformer_v1_32,high,32,20,2024-02-16,7,2.5,4,best,none,False
monkey_creek_fire_2024__2024-07-18__11TLK__transformer_v1_32-20mc,https://hyp3-tibet-jpl-test-contentbucket-hratibh1y9pa.s3.us-west-2.amazonaws.com/2fac246d-9ce8-4eb2-b061-b3635bd4f092/OPERA_L3_DIST-ALERT-S1_T11TLK_20240725T015327Z_20251215T213920Z_S1A_30_v0.1.zip,s3://hyp3-tibet-jpl-test-contentbucket-hratibh1y9pa2fac246d-9ce8-4eb2-b061-b3635bd4f092/OPERA_L3_DIST-ALERT-S1_T11TLK_20240725T015327Z_20251215T213920Z_S1A_30_v0.1,https://hyp3-tibet-jpl-test-contentbucket-hratibh1y9pa.s3.us-west-2.amazonaws.com/2fac246d-9ce8-4eb2-b061-b3635bd4f092/OPERA_L3_DIST-ALERT-S1_T11TLK_20240725T015327Z_20251215T213920Z_S1A_30_v0.1.png,2025-12-15T20:48:28+00:00,1896.363,4.5,11TLK,1,23,4,none,False,transformer_v1_32,high,32,20,2024-07-25,64,2.5,4,best,none,False
southwest_france_flood_2023__2023-12-14__30TXR__transformer_v1_32-20mc,https://hyp3-tibet-jpl-test-contentbucket-hratibh1y9pa.s3.us-west-2.amazonaws.com/0d564bc3-98f7-4587-a491-d1c10a1ffbdb/OPERA_L3_DIST-ALERT-S1_T30TXR_20240128T061700Z_20251215T212255Z_S1A_30_v0.1.zip,s3://hyp3-tibet-jpl-test-contentbucket-hratibh1y9pa0d564bc3-98f7-4587-a491-d1c10a1ffbdb/OPERA_L3_DIST-ALERT-S1_T30TXR_20240128T061700Z_20251215T212255Z_S1A_30_v0.1,https://hyp3-tibet-jpl-test-contentbucket-hratibh1y9pa.s3.us-west-2.amazonaws.com/0d564bc3-98f7-4587-a491-d1c10a1ffbdb/OPERA_L3_DIST-ALERT-S1_T30TXR_20240128T061700Z_20251215T212255Z_S1A_30_v0.1.png,2025-12-15T20:48:28+00:00,908.399,4.5,30TXR,1,23,4,none,False,transformer_v1_32,high,32,20,2024-01-28,81,2.5,4,best,none,False
southwest_france_flood_2023__2023-12-14__30TXR__transformer_v1_32-20mc,https://hyp3-tibet-jpl-test-contentbucket-hratibh1y9pa.s3.us-west-2.amazonaws.com/3587378c-00e0-40f1-8730-611fa6fff8d3/OPERA_L3_DIST-ALERT-S1_T30TXR_20231125T175633Z_20251215T212951Z_S1A_30_v0.1.zip,s3://hyp3-tibet-jpl-test-contentbucket-hratibh1y9pa3587378c-00e0-40f1-8730-611fa6fff8d3/OPERA_L3_DIST-ALERT-S1_T30TXR_20231125T175633Z_20251215T212951Z_S1A_30_v0.1,https://hyp3-tibet-jpl-test-contentbucket-hratibh1y9pa.s3.us-west-2.amazonaws.com/3587378c-00e0-40f1-8730-611fa6fff8d3/OPERA_L3_DIST-ALERT-S1_T30TXR_20231125T175633Z_20251215T212951Z_S1A_30_v0.1.png,2025-12-15T20:48:28+00:00,1319.705,4.5,30TXR,1,23,4,none,False,transformer_v1_32,high,32,20,2023-11-25,30,2.5,4,best,none,False
southwest_france_flood_2023__2023-12-14__30TYR__transformer_v1_32-20mc,https://hyp3-tibet-jpl-test-contentbucket-hratibh1y9pa.s3.us-west-2.amazonaws.com/91dc5888-df49-49ca-89e5-1287a34747eb/OPERA_L3_DIST-ALERT-S1_T30TYR_20231201T060043Z_20251215T211840Z_S1A_30_v0.1.zip,s3://hyp3-tibet-jpl-test-contentbucket-hratibh1y9pa91dc5888-df49-49ca-89e5-1287a34747eb/OPERA_L3_DIST-ALERT-S1_T30TYR_20231201T060043Z_20251215T211840Z_S1A_30_v0.1,https://hyp3-tibet-jpl-test-contentbucket-hratibh1y9pa.s3.us-west-2.amazonaws.com/91dc5888-df49-49ca-89e5-1287a34747eb/OPERA_L3_DIST-ALERT-S1_T30TYR_20231201T060043Z_20251215T211840Z_S1A_30_v0.1.png,2025-12-15T20:48:28+00:00,646.147,4.5,30TYR,1,23,4,none,False,transformer_v1_32,high,32,20,2023-12-01,110,2.5,4,best,none,False
southwest_france_flood_2023__2023-12-14__30TYR__transformer_v1_32-20mc,https://hyp3-tibet-jpl-test-contentbucket-hratibh1y9pa.s3.us-west-2.amazonaws.com/ddbfb89d-0275-4777-ac8d-b4467615989a/OPERA_L3_DIST-ALERT-S1_T30TYR_20231207T175631Z_20251215T213022Z_S1A_30_v0.1.zip,s3://hyp3-tibet-jpl-test-contentbucket-hratibh1y9paddbfb89d-0275-4777-ac8d-b4467615989a/OPERA_L3_DIST-ALERT-S1_T30TYR_20231207T175631Z_20251215T213022Z_S1A_30_v0.1,https://hyp3-tibet-jpl-test-contentbucket-hratibh1y9pa.s3.us-west-2.amazonaws.com/ddbfb89d-0275-4777-ac8d-b4467615989a/OPERA_L3_DIST-ALERT-S1_T30TYR_20231207T175631Z_20251215T213022Z_S1A_30_v0.1.png,2025-12-15T20:48:28+00:00,1365.655,4.5,30TYR,1,23,4,none,False,transformer_v1_32,high,32,20,2023-12-07,30,2.5,4,best,none,False
southwest_france_flood_2023__2023-12-14__30TYR__transformer_v1_32-20mc,https://hyp3-tibet-jpl-test-contentbucket-hratibh1y9pa.s3.us-west-2.amazonaws.com/60ce238a-02f0-455d-973d-168948ddd47f/OPERA_L3_DIST-ALERT-S1_T30TYR_20231206T060851Z_20251215T213420Z_S1A_30_v0.1.zip,s3://hyp3-tibet-jpl-test-contentbucket-hratibh1y9pa60ce238a-02f0-455d-973d-168948ddd47f/OPERA_L3_DIST-ALERT-S1_T30TYR_20231206T060851Z_20251215T213420Z_S1A_30_v0.1,https://hyp3-tibet-jpl-test-contentbucket-hratibh1y9pa.s3.us-west-2.amazonaws.com/60ce238a-02f0-455d-973d-168948ddd47f/OPERA_L3_DIST-ALERT-S1_T30TYR_20231206T060851Z_20251215T213420Z_S1A_30_v0.1.png,2025-12-15T20:48:28+00:00,1592.786,4.5,30TYR,1,23,4,none,False,transformer_v1_32,high,32,20,2023-12-06,8,2.5,4,best,none,False
southwest_france_flood_2023__2023-12-14__30TYR__transformer_v1_32-20mc,https://hyp3-tibet-jpl-test-contentbucket-hratibh1y9pa.s3.us-west-2.amazonaws.com/2de198de-b7c9-4776-aaf3-f0091a3172e7/OPERA_L3_DIST-ALERT-S1_T30TYR_20240131T174818Z_20251215T213111Z_S1A_30_v0.1.zip,s3://hyp3-tibet-jpl-test-contentbucket-hratibh1y9pa2de198de-b7c9-4776-aaf3-f0091a3172e7/OPERA_L3_DIST-ALERT-S1_T30TYR_20240131T174818Z_20251215T213111Z_S1A_30_v0.1,https://hyp3-tibet-jpl-test-contentbucket-hratibh1y9pa.s3.us-west-2.amazonaws.com/2de198de-b7c9-4776-aaf3-f0091a3172e7/OPERA_L3_DIST-ALERT-S1_T30TYR_20240131T174818Z_20251215T213111Z_S1A_30_v0.1.png,2025-12-15T20:48:28+00:00,1403.642,4.5,30TYR,1,23,4,none,False,transformer_v1_32,high,32,20,2024-01-31,132,2.5,4,best,none,False
monkey_creek_fire_2024__2024-07-18__11TLK__transformer_v1_32-20mc,https://hyp3-tibet-jpl-test-contentbucket-hratibh1y9pa.s3.us-west-2.amazonaws.com/b78b1943-71df-4e70-b56f-c6511e5c52a0/OPERA_L3_DIST-ALERT-S1_T11TLK_20240711T140624Z_20251215T212130Z_S1A_30_v0.1.zip,s3://hyp3-tibet-jpl-test-contentbucket-hratibh1y9pab78b1943-71df-4e70-b56f-c6511e5c52a0/OPERA_L3_DIST-ALERT-S1_T11TLK_20240711T140624Z_20251215T212130Z_S1A_30_v0.1,https://hyp3-tibet-jpl-test-contentbucket-hratibh1y9pa.s3.us-west-2.amazonaws.com/b78b1943-71df-4e70-b56f-c6511e5c52a0/OPERA_L3_DIST-ALERT-S1_T11TLK_20240711T140624Z_20251215T212130Z_S1A_30_v0.1.png,2025-12-15T20:48:28+00:00,827.851,4.5,11TLK,1,23,4,none,False,transformer_v1_32,high,32,20,2024-07-11,42,2.5,4,best,none,False
southwest_france_flood_2023__2023-12-14__30TYR__transformer_v1_32-20mc,https://hyp3-tibet-jpl-test-contentbucket-hratibh1y9pa.s3.us-west-2.amazonaws.com/72d244a8-8a78-449d-ab95-27e543f8a92c/OPERA_L3_DIST-ALERT-S1_T30TYR_20231120T174821Z_20251215T213702Z_S1A_30_v0.1.zip,s3://hyp3-tibet-jpl-test-contentbucket-hratibh1y9pa72d244a8-8a78-449d-ab95-27e543f8a92c/OPERA_L3_DIST-ALERT-S1_T30TYR_20231120T174821Z_20251215T213702Z_S1A_30_v0.1,https://hyp3-tibet-jpl-test-contentbucket-hratibh1y9pa.s3.us-west-2.amazonaws.com/72d244a8-8a78-449d-ab95-27e543f8a92c/OPERA_L3_DIST-ALERT-S1_T30TYR_20231120T174821Z_20251215T213702Z_S1A_30_v0.1.png,2025-12-15T20:48:28+00:00,1795.04,4.5,30TYR,1,23,4,none,False,transformer_v1_32,high,32,20,2023-11-20,132,2.5,4,best,none,False
monkey_creek_fire_2024__2024-07-18__10TGQ__transformer_v1_32-20mc,https://hyp3-tibet-jpl-test-contentbucket-hratibh1y9pa.s3.us-west-2.amazonaws.com/afe51599-5b3d-4585-bea3-f3f0b6e64eb1/OPERA_L3_DIST-ALERT-S1_T10TGQ_20240706T020143Z_20251215T212113Z_S1A_30_v0.1.zip,s3://hyp3-tibet-jpl-test-contentbucket-hratibh1y9paafe51599-5b3d-4585-bea3-f3f0b6e64eb1/OPERA_L3_DIST-ALERT-S1_T10TGQ_20240706T020143Z_20251215T212113Z_S1A_30_v0.1,https://hyp3-tibet-jpl-test-contentbucket-hratibh1y9pa.s3.us-west-2.amazonaws.com/afe51599-5b3d-4585-bea3-f3f0b6e64eb1/OPERA_L3_DIST-ALERT-S1_T10TGQ_20240706T020143Z_20251215T212113Z_S1A_30_v0.1.png,2025-12-15T20:48:28+00:00,834.718,4.5,10TGQ,1,23,4,none,False,transformer_v1_32,high,32,20,2024-07-06,137,2.5,4,best,none,False
smokehouse_creek_fire_2024__2024-02-26__14SKE__transformer_v1_32-20mc,https://hyp3-tibet-jpl-test-contentbucket-hratibh1y9pa.s3.us-west-2.amazonaws.com/c3686b19-81c7-4d6b-bca3-13532ee688bb/OPERA_L3_DIST-ALERT-S1_T14SKE_20240209T125445Z_20251215T211904Z_S1A_30_v0.1.zip,s3://hyp3-tibet-jpl-test-contentbucket-hratibh1y9pac3686b19-81c7-4d6b-bca3-13532ee688bb/OPERA_L3_DIST-ALERT-S1_T14SKE_20240209T125445Z_20251215T211904Z_S1A_30_v0.1,https://hyp3-tibet-jpl-test-contentbucket-hratibh1y9pa.s3.us-west-2.amazonaws.com/c3686b19-81c7-4d6b-bca3-13532ee688bb/OPERA_L3_DIST-ALERT-S1_T14SKE_20240209T125445Z_20251215T211904Z_S1A_30_v0.1.png,2025-12-15T20:48:28+00:00,710.484,4.5,14SKE,1,23,4,none,False,transformer_v1_32,high,32,20,2024-02-09,85,2.5,4,best,none,False
monkey_creek_fire_2024__2024-07-18__11TLK__transformer_v1_32-20mc,https://hyp3-tibet-jpl-test-contentbucket-hratibh1y9pa.s3.us-west-2.amazonaws.com/974100b9-8af4-44ae-a6b5-0841c5704488/OPERA_L3_DIST-ALERT-S1_T11TLK_20240723T140623Z_20251215T212302Z_S1A_30_v0.1.zip,s3://hyp3-tibet-jpl-test-contentbucket-hratibh1y9pa974100b9-8af4-44ae-a6b5-0841c5704488/OPERA_L3_DIST-ALERT-S1_T11TLK_20240723T140623Z_20251215T212302Z_S1A_30_v0.1,https://hyp3-tibet-jpl-test-contentbucket-hratibh1y9pa.s3.us-west-2.amazonaws.com/974100b9-8af4-44ae-a6b5-0841c5704488/OPERA_L3_DIST-ALERT-S1_T11TLK_20240723T140623Z_20251215T212302Z_S1A_30_v0.1.png,2025-12-15T20:48:28+00:00,948.986,4.5,11TLK,1,23,4,none,False,transformer_v1_32,high,32,20,2024-07-23,42,2.5,4,best,none,False
tlacotalpan_flood_2024__2024-10-29__14QRF__transformer_v1_32-20mc,https://hyp3-tibet-jpl-test-contentbucket-hratibh1y9pa.s3.us-west-2.amazonaws.com/8eef93d3-5880-4779-9c8e-37abdebef0b5/OPERA_L3_DIST-ALERT-S1_T14QRF_20241223T121011Z_20251215T211727Z_S1A_30_v0.1.zip,s3://hyp3-tibet-jpl-test-contentbucket-hratibh1y9pa8eef93d3-5880-4779-9c8e-37abdebef0b5/OPERA_L3_DIST-ALERT-S1_T14QRF_20241223T121011Z_20251215T211727Z_S1A_30_v0.1,https://hyp3-tibet-jpl-test-contentbucket-hratibh1y9pa.s3.us-west-2.amazonaws.com/8eef93d3-5880-4779-9c8e-37abdebef0b5/OPERA_L3_DIST-ALERT-S1_T14QRF_20241223T121011Z_20251215T211727Z_S1A_30_v0.1.png,2025-12-15T20:48:28+00:00,608.143,4.5,14QRF,1,23,4,none,False,transformer_v1_32,high,32,20,2024-12-23,172,2.5,4,best,none,False
tlacotalpan_flood_2024__2024-10-29__14QRF__transformer_v1_32-20mc,https://hyp3-tibet-jpl-test-contentbucket-hratibh1y9pa.s3.us-west-2.amazonaws.com/c30a4858-7508-479d-abb8-2a53f1215561/OPERA_L3_DIST-ALERT-S1_T14QRF_20240930T121015Z_20251215T211844Z_S1A_30_v0.1.zip,s3://hyp3-tibet-jpl-test-contentbucket-hratibh1y9pac30a4858-7508-479d-abb8-2a53f1215561/OPERA_L3_DIST-ALERT-S1_T14QRF_20240930T121015Z_20251215T211844Z_S1A_30_v0.1,https://hyp3-tibet-jpl-test-contentbucket-hratibh1y9pa.s3.us-west-2.amazonaws.com/c30a4858-7508-479d-abb8-2a53f1215561/OPERA_L3_DIST-ALERT-S1_T14QRF_20240930T121015Z_20251215T211844Z_S1A_30_v0.1.png,2025-12-15T20:48:28+00:00,686.416,4.5,14QRF,1,23,4,none,False,transformer_v1_32,high,32,20,2024-09-30,172,2.5,4,best,none,False
southwest_france_flood_2023__2023-12-14__30TXR__transformer_v1_32-20mc,https://hyp3-tibet-jpl-test-contentbucket-hratibh1y9pa.s3.us-west-2.amazonaws.com/d9454d87-8ffc-4fc6-a84f-04b917ffb480/OPERA_L3_DIST-ALERT-S1_T30TXR_20240129T180443Z_20251215T211925Z_S1A_30_v0.1.zip,s3://hyp3-tibet-jpl-test-contentbucket-hratibh1y9pad9454d87-8ffc-4fc6-a84f-04b917ffb480/OPERA_L3_DIST-ALERT-S1_T30TXR_20240129T180443Z_20251215T211925Z_S1A_30_v0.1,https://hyp3-tibet-jpl-test-contentbucket-hratibh1y9pa.s3.us-west-2.amazonaws.com/d9454d87-8ffc-4fc6-a84f-04b917ffb480/OPERA_L3_DIST-ALERT-S1_T30TXR_20240129T180443Z_20251215T211925Z_S1A_30_v0.1.png,2025-12-15T20:48:28+00:00,723.079,4.5,30TXR,1,23,4,none,False,transformer_v1_32,high,32,20,2024-01-29,103,2.5,4,best,none,False
smokehouse_creek_fire_2024__2024-02-26__14SLE__transformer_v1_32-20mc,https://hyp3-tibet-jpl-test-contentbucket-hratibh1y9pa.s3.us-west-2.amazonaws.com/5e5a47fe-98d7-477f-89d8-94d7326c21dd/OPERA_L3_DIST-ALERT-S1_T14SLE_20240416T004510Z_20251215T213145Z_S1A_30_v0.1.zip,s3://hyp3-tibet-jpl-test-contentbucket-hratibh1y9pa5e5a47fe-98d7-477f-89d8-94d7326c21dd/OPERA_L3_DIST-ALERT-S1_T14SLE_20240416T004510Z_20251215T213145Z_S1A_30_v0.1,https://hyp3-tibet-jpl-test-contentbucket-hratibh1y9pa.s3.us-west-2.amazonaws.com/5e5a47fe-98d7-477f-89d8-94d7326c21dd/OPERA_L3_DIST-ALERT-S1_T14SLE_20240416T004510Z_20251215T213145Z_S1A_30_v0.1.png,2025-12-15T20:48:28+00:00,1488.293,4.5,14SLE,1,23,4,none,False,transformer_v1_32,high,32,20,2024-04-16,5,2.5,4,best,none,False
chile_fire_2024__2024-02-04__19HBD__transformer_v1_32-20mc,https://hyp3-tibet-jpl-test-contentbucket-hratibh1y9pa.s3.us-west-2.amazonaws.com/5c5e3564-9202-49a0-b46c-fa412d34f8f9/OPERA_L3_DIST-ALERT-S1_T19HBD_20240328T233646Z_20251215T211017Z_S1A_30_v0.1.zip,s3://hyp3-tibet-jpl-test-contentbucket-hratibh1y9pa5c5e3564-9202-49a0-b46c-fa412d34f8f9/OPERA_L3_DIST-ALERT-S1_T19HBD_20240328T233646Z_20251215T211017Z_S1A_30_v0.1,https://hyp3-tibet-jpl-test-contentbucket-hratibh1y9pa.s3.us-west-2.amazonaws.com/5c5e3564-9202-49a0-b46c-fa412d34f8f9/OPERA_L3_DIST-ALERT-S1_T19HBD_20240328T233646Z_20251215T211017Z_S1A_30_v0.1.png,2025-12-15T20:48:28+00:00,177.39,4.5,19HBD,1,23,4,none,False,transformer_v1_32,high,32,20,2024-03-28,91,2.5,4,best,none,False
monkey_creek_fire_2024__2024-07-18__11TLK__transformer_v1_32-20mc,https://hyp3-tibet-jpl-test-contentbucket-hratibh1y9pa.s3.us-west-2.amazonaws.com/0c2f507f-c77c-4db5-8d73-399e612cbea4/OPERA_L3_DIST-ALERT-S1_T11TLK_20240806T015327Z_20251215T213426Z_S1A_30_v0.1.zip,s3://hyp3-tibet-jpl-test-contentbucket-hratibh1y9pa0c2f507f-c77c-4db5-8d73-399e612cbea4/OPERA_L3_DIST-ALERT-S1_T11TLK_20240806T015327Z_20251215T213426Z_S1A_30_v0.1,https://hyp3-tibet-jpl-test-contentbucket-hratibh1y9pa.s3.us-west-2.amazonaws.com/0c2f507f-c77c-4db5-8d73-399e612cbea4/OPERA_L3_DIST-ALERT-S1_T11TLK_20240806T015327Z_20251215T213426Z_S1A_30_v0.1.png,2025-12-15T20:48:28+00:00,1636.02,4.5,11TLK,1,23,4,none,False,transformer_v1_32,high,32,20,2024-08-06,64,2.5,4,best,none,False
smokehouse_creek_fire_2024__2024-02-26__14SKE__transformer_v1_32-20mc,https://hyp3-tibet-jpl-test-contentbucket-hratibh1y9pa.s3.us-west-2.amazonaws.com/da13f485-3f97-4f32-9cd6-d04e7f7b1bca/OPERA_L3_DIST-ALERT-S1_T14SKE_20240416T004514Z_20251215T213003Z_S1A_30_v0.1.zip,s3://hyp3-tibet-jpl-test-contentbucket-hratibh1y9pada13f485-3f97-4f32-9cd6-d04e7f7b1bca/OPERA_L3_DIST-ALERT-S1_T14SKE_20240416T004514Z_20251215T213003Z_S1A_30_v0.1,https://hyp3-tibet-jpl-test-contentbucket-hratibh1y9pa.s3.us-west-2.amazonaws.com/da13f485-3f97-4f32-9cd6-d04e7f7b1bca/OPERA_L3_DIST-ALERT-S1_T14SKE_20240416T004514Z_20251215T213003Z_S1A_30_v0.1.png,2025-12-15T20:48:28+00:00,1379.617,4.5,14SKE,1,23,4,none,False,transformer_v1_32,high,32,20,2024-04-16,5,2.5,4,best,none,False
smokehouse_creek_fire_2024__2024-02-26__14SKE__transformer_v1_32-20mc,https://hyp3-tibet-jpl-test-contentbucket-hratibh1y9pa.s3.us-west-2.amazonaws.com/4f4b9927-606e-40af-a693-b791885b8ca8/OPERA_L3_DIST-ALERT-S1_T14SKE_20240316T125445Z_20251215T211855Z_S1A_30_v0.1.zip,s3://hyp3-tibet-jpl-test-contentbucket-hratibh1y9pa4f4b9927-606e-40af-a693-b791885b8ca8/OPERA_L3_DIST-ALERT-S1_T14SKE_20240316T125445Z_20251215T211855Z_S1A_30_v0.1,https://hyp3-tibet-jpl-test-contentbucket-hratibh1y9pa.s3.us-west-2.amazonaws.com/4f4b9927-606e-40af-a693-b791885b8ca8/OPERA_L3_DIST-ALERT-S1_T14SKE_20240316T125445Z_20251215T211855Z_S1A_30_v0.1.png,2025-12-15T20:48:28+00:00,706.235,4.5,14SKE,1,23,4,none,False,transformer_v1_32,high,32,20,2024-03-16,85,2.5,4,best,none,False
monkey_creek_fire_2024__2024-07-18__10TGQ__transformer_v1_32-20mc,https://hyp3-tibet-jpl-test-contentbucket-hratibh1y9pa.s3.us-west-2.amazonaws.com/7eb9431c-70c4-4d0c-b6de-b9ed39171d8e/OPERA_L3_DIST-ALERT-S1_T10TGQ_20240704T141430Z_20251215T211943Z_S1A_30_v0.1.zip,s3://hyp3-tibet-jpl-test-contentbucket-hratibh1y9pa7eb9431c-70c4-4d0c-b6de-b9ed39171d8e/OPERA_L3_DIST-ALERT-S1_T10TGQ_20240704T141430Z_20251215T211943Z_S1A_30_v0.1,https://hyp3-tibet-jpl-test-contentbucket-hratibh1y9pa.s3.us-west-2.amazonaws.com/7eb9431c-70c4-4d0c-b6de-b9ed39171d8e/OPERA_L3_DIST-ALERT-S1_T10TGQ_20240704T141430Z_20251215T211943Z_S1A_30_v0.1.png,2025-12-15T20:48:28+00:00,749.843,4.5,10TGQ,1,23,4,none,False,transformer_v1_32,high,32,20,2024-07-04,115,2.5,4,best,none,False
southwest_france_flood_2023__2023-12-14__30TYR__transformer_v1_32-20mc,https://hyp3-tibet-jpl-test-contentbucket-hratibh1y9pa.s3.us-west-2.amazonaws.com/a16f139f-cd9d-4168-8eff-fa7fed3ddda2/OPERA_L3_DIST-ALERT-S1_T30TYR_20231125T175631Z_20251215T213125Z_S1A_30_v0.1.zip,s3://hyp3-tibet-jpl-test-contentbucket-hratibh1y9paa16f139f-cd9d-4168-8eff-fa7fed3ddda2/OPERA_L3_DIST-ALERT-S1_T30TYR_20231125T175631Z_20251215T213125Z_S1A_30_v0.1,https://hyp3-tibet-jpl-test-contentbucket-hratibh1y9pa.s3.us-west-2.amazonaws.com/a16f139f-cd9d-4168-8eff-fa7fed3ddda2/OPERA_L3_DIST-ALERT-S1_T30TYR_20231125T175631Z_20251215T213125Z_S1A_30_v0.1.png,2025-12-15T20:48:28+00:00,1458.698,4.5,30TYR,1,23,4,none,False,transformer_v1_32,high,32,20,2023-11-25,30,2.5,4,best,none,False
monkey_creek_fire_2024__2024-07-18__10TGQ__transformer_v1_32-20mc,https://hyp3-tibet-jpl-test-contentbucket-hratibh1y9pa.s3.us-west-2.amazonaws.com/41d50ef1-20b1-4779-bdbf-dfd649f2a5c4/OPERA_L3_DIST-ALERT-S1_T10TGQ_20240629T140625Z_20251215T212943Z_S1A_30_v0.1.zip,s3://hyp3-tibet-jpl-test-contentbucket-hratibh1y9pa41d50ef1-20b1-4779-bdbf-dfd649f2a5c4/OPERA_L3_DIST-ALERT-S1_T10TGQ_20240629T140625Z_20251215T212943Z_S1A_30_v0.1,https://hyp3-tibet-jpl-test-contentbucket-hratibh1y9pa.s3.us-west-2.amazonaws.com/41d50ef1-20b1-4779-bdbf-dfd649f2a5c4/OPERA_L3_DIST-ALERT-S1_T10TGQ_20240629T140625Z_20251215T212943Z_S1A_30_v0.1.png,2025-12-15T20:48:28+00:00,1393.366,4.5,10TGQ,1,23,4,none,False,transformer_v1_32,high,32,20,2024-06-29,42,2.5,4,best,none,False
brazzaville_flood_and_landslides_2024__2024-02-08__33MWR__transformer_v1_32-20mc,https://hyp3-tibet-jpl-test-contentbucket-hratibh1y9pa.s3.us-west-2.amazonaws.com/b5eb9708-c641-4490-8165-993a0fdc02aa/OPERA_L3_DIST-ALERT-S1_T33MWR_20240118T043537Z_20251215T212821Z_S1A_30_v0.1.zip,s3://hyp3-tibet-jpl-test-contentbucket-hratibh1y9pab5eb9708-c641-4490-8165-993a0fdc02aa/OPERA_L3_DIST-ALERT-S1_T33MWR_20240118T043537Z_20251215T212821Z_S1A_30_v0.1,https://hyp3-tibet-jpl-test-contentbucket-hratibh1y9pa.s3.us-west-2.amazonaws.com/b5eb9708-c641-4490-8165-993a0fdc02aa/OPERA_L3_DIST-ALERT-S1_T33MWR_20240118T043537Z_20251215T212821Z_S1A_30_v0.1.png,2025-12-15T20:48:28+00:00,1305.44,4.5,33MWR,1,23,4,none,False,transformer_v1_32,high,32,20,2024-01-18,109,2.5,4,best,none,False
smokehouse_creek_fire_2024__2024-02-26__14SME__transformer_v1_32-20mc,https://hyp3-tibet-jpl-test-contentbucket-hratibh1y9pa.s3.us-west-2.amazonaws.com/bc38883d-6462-4498-8a00-ae8b84c87792/OPERA_L3_DIST-ALERT-S1_T14SME_20240318T003659Z_20251215T213342Z_S1A_30_v0.1.zip,s3://hyp3-tibet-jpl-test-contentbucket-hratibh1y9pabc38883d-6462-4498-8a00-ae8b84c87792/OPERA_L3_DIST-ALERT-S1_T14SME_20240318T003659Z_20251215T213342Z_S1A_30_v0.1,https://hyp3-tibet-jpl-test-contentbucket-hratibh1y9pa.s3.us-west-2.amazonaws.com/bc38883d-6462-4498-8a00-ae8b84c87792/OPERA_L3_DIST-ALERT-S1_T14SME_20240318T003659Z_20251215T213342Z_S1A_30_v0.1.png,2025-12-15T20:48:28+00:00,1627.658,4.5,14SME,1,23,4,none,False,transformer_v1_32,high,32,20,2024-03-18,107,2.5,4,best,none,False
smokehouse_creek_fire_2024__2024-02-26__14SLE__transformer_v1_32-20mc,https://hyp3-tibet-jpl-test-contentbucket-hratibh1y9pa.s3.us-west-2.amazonaws.com/705db316-4614-4479-aace-0a4076054b26/OPERA_L3_DIST-ALERT-S1_T14SLE_20240330T003703Z_20251215T211755Z_S1A_30_v0.1.zip,s3://hyp3-tibet-jpl-test-contentbucket-hratibh1y9pa705db316-4614-4479-aace-0a4076054b26/OPERA_L3_DIST-ALERT-S1_T14SLE_20240330T003703Z_20251215T211755Z_S1A_30_v0.1,https://hyp3-tibet-jpl-test-contentbucket-hratibh1y9pa.s3.us-west-2.amazonaws.com/705db316-4614-4479-aace-0a4076054b26/OPERA_L3_DIST-ALERT-S1_T14SLE_20240330T003703Z_20251215T211755Z_S1A_30_v0.1.png,2025-12-15T20:48:28+00:00,679.045,4.5,14SLE,1,23,4,none,False,transformer_v1_32,high,32,20,2024-03-30,107,2.5,4,best,none,False
southwest_france_flood_2023__2023-12-14__30TYR__transformer_v1_32-20mc,https://hyp3-tibet-jpl-test-contentbucket-hratibh1y9pa.s3.us-west-2.amazonaws.com/8e11f05d-7704-479a-94b3-a926573e8118/OPERA_L3_DIST-ALERT-S1_T30TYR_20231226T174819Z_20251215T213730Z_S1A_30_v0.1.zip,s3://hyp3-tibet-jpl-test-contentbucket-hratibh1y9pa8e11f05d-7704-479a-94b3-a926573e8118/OPERA_L3_DIST-ALERT-S1_T30TYR_20231226T174819Z_20251215T213730Z_S1A_30_v0.1,https://hyp3-tibet-jpl-test-contentbucket-hratibh1y9pa.s3.us-west-2.amazonaws.com/8e11f05d-7704-479a-94b3-a926573e8118/OPERA_L3_DIST-ALERT-S1_T30TYR_20231226T174819Z_20251215T213730Z_S1A_30_v0.1.png,2025-12-15T20:48:28+00:00,1860.249,4.5,30TYR,1,23,4,none,False,transformer_v1_32,high,32,20,2023-12-26,132,2.5,4,best,none,False
smokehouse_creek_fire_2024__2024-02-26__14SME__transformer_v1_32-20mc,https://hyp3-tibet-jpl-test-contentbucket-hratibh1y9pa.s3.us-west-2.amazonaws.com/513e27f7-93b5-4b53-9f09-b2f15ef32cd5/OPERA_L3_DIST-ALERT-S1_T14SME_20240211T003658Z_20251215T213328Z_S1A_30_v0.1.zip,s3://hyp3-tibet-jpl-test-contentbucket-hratibh1y9pa513e27f7-93b5-4b53-9f09-b2f15ef32cd5/OPERA_L3_DIST-ALERT-S1_T14SME_20240211T003658Z_20251215T213328Z_S1A_30_v0.1,https://hyp3-tibet-jpl-test-contentbucket-hratibh1y9pa.s3.us-west-2.amazonaws.com/513e27f7-93b5-4b53-9f09-b2f15ef32cd5/OPERA_L3_DIST-ALERT-S1_T14SME_20240211T003658Z_20251215T213328Z_S1A_30_v0.1.png,2025-12-15T20:48:28+00:00,1617.964,4.5,14SME,1,23,4,none,False,transformer_v1_32,high,32,20,2024-02-11,107,2.5,4,best,none,False
smokehouse_creek_fire_2024__2024-02-26__14SKE__transformer_v1_32-20mc,https://hyp3-tibet-jpl-test-contentbucket-hratibh1y9pa.s3.us-west-2.amazonaws.com/bed207da-2557-497f-a460-fc0b5df32640/OPERA_L3_DIST-ALERT-S1_T14SKE_20240228T124634Z_20251215T211801Z_S1A_30_v0.1.zip,s3://hyp3-tibet-jpl-test-contentbucket-hratibh1y9pabed207da-2557-497f-a460-fc0b5df32640/OPERA_L3_DIST-ALERT-S1_T14SKE_20240228T124634Z_20251215T211801Z_S1A_30_v0.1,https://hyp3-tibet-jpl-test-contentbucket-hratibh1y9pa.s3.us-west-2.amazonaws.com/bed207da-2557-497f-a460-fc0b5df32640/OPERA_L3_DIST-ALERT-S1_T14SKE_20240228T124634Z_20251215T211801Z_S1A_30_v0.1.png,2025-12-15T20:48:28+00:00,698.474,4.5,14SKE,1,23,4,none,False,transformer_v1_32,high,32,20,2024-02-28,12,2.5,4,best,none,False
monkey_creek_fire_2024__2024-07-18__11TLK__transformer_v1_32-20mc,https://hyp3-tibet-jpl-test-contentbucket-hratibh1y9pa.s3.us-west-2.amazonaws.com/08fe468f-3a9e-4133-97c9-4dd8d5548f28/OPERA_L3_DIST-ALERT-S1_T11TLK_20240629T140624Z_20251215T212011Z_S1A_30_v0.1.zip,s3://hyp3-tibet-jpl-test-contentbucket-hratibh1y9pa08fe468f-3a9e-4133-97c9-4dd8d5548f28/OPERA_L3_DIST-ALERT-S1_T11TLK_20240629T140624Z_20251215T212011Z_S1A_30_v0.1,https://hyp3-tibet-jpl-test-contentbucket-hratibh1y9pa.s3.us-west-2.amazonaws.com/08fe468f-3a9e-4133-97c9-4dd8d5548f28/OPERA_L3_DIST-ALERT-S1_T11TLK_20240629T140624Z_20251215T212011Z_S1A_30_v0.1.png,2025-12-15T20:48:28+00:00,816.607,4.5,11TLK,1,23,4,none,False,transformer_v1_32,high,32,20,2024-06-29,42,2.5,4,best,none,False
southwest_france_flood_2023__2023-12-14__30TYR__transformer_v1_32-20mc,https://hyp3-tibet-jpl-test-contentbucket-hratibh1y9pa.s3.us-west-2.amazonaws.com/26c94cdc-8834-434b-9c9c-f97d3d787e24/OPERA_L3_DIST-ALERT-S1_T30TYR_20231117T061704Z_20251215T211749Z_S1A_30_v0.1.zip,s3://hyp3-tibet-jpl-test-contentbucket-hratibh1y9pa26c94cdc-8834-434b-9c9c-f97d3d787e24/OPERA_L3_DIST-ALERT-S1_T30TYR_20231117T061704Z_20251215T211749Z_S1A_30_v0.1,https://hyp3-tibet-jpl-test-contentbucket-hratibh1y9pa.s3.us-west-2.amazonaws.com/26c94cdc-8834-434b-9c9c-f97d3d787e24/OPERA_L3_DIST-ALERT-S1_T30TYR_20231117T061704Z_20251215T211749Z_S1A_30_v0.1.png,2025-12-15T20:48:28+00:00,667.807,4.5,30TYR,1,23,4,none,False,transformer_v1_32,high,32,20,2023-11-17,81,2.5,4,best,none,False
southwest_france_flood_2023__2023-12-14__30TXR__transformer_v1_32-20mc,https://hyp3-tibet-jpl-test-contentbucket-hratibh1y9pa.s3.us-west-2.amazonaws.com/a916cf8d-e898-410c-9a58-4e1142c5e9f5/OPERA_L3_DIST-ALERT-S1_T30TXR_20240131T174828Z_20251215T211516Z_S1A_30_v0.1.zip,s3://hyp3-tibet-jpl-test-contentbucket-hratibh1y9paa916cf8d-e898-410c-9a58-4e1142c5e9f5/OPERA_L3_DIST-ALERT-S1_T30TXR_20240131T174828Z_20251215T211516Z_S1A_30_v0.1,https://hyp3-tibet-jpl-test-contentbucket-hratibh1y9pa.s3.us-west-2.amazonaws.com/a916cf8d-e898-410c-9a58-4e1142c5e9f5/OPERA_L3_DIST-ALERT-S1_T30TXR_20240131T174828Z_20251215T211516Z_S1A_30_v0.1.png,2025-12-15T20:48:28+00:00,517.492,4.5,30TXR,1,23,4,none,False,transformer_v1_32,high,32,20,2024-01-31,132,2.5,4,best,none,False
monkey_creek_fire_2024__2024-07-18__11TLK__transformer_v1_32-20mc,https://hyp3-tibet-jpl-test-contentbucket-hratibh1y9pa.s3.us-west-2.amazonaws.com/e32c8f1f-7900-4baf-b957-e62a24634f95/OPERA_L3_DIST-ALERT-S1_T11TLK_20240718T135807Z_20251215T212034Z_S1A_30_v0.1.zip,s3://hyp3-tibet-jpl-test-contentbucket-hratibh1y9pae32c8f1f-7900-4baf-b957-e62a24634f95/OPERA_L3_DIST-ALERT-S1_T11TLK_20240718T135807Z_20251215T212034Z_S1A_30_v0.1,https://hyp3-tibet-jpl-test-contentbucket-hratibh1y9pa.s3.us-west-2.amazonaws.com/e32c8f1f-7900-4baf-b957-e62a24634f95/OPERA_L3_DIST-ALERT-S1_T11TLK_20240718T135807Z_20251215T212034Z_S1A_30_v0.1.png,2025-12-15T20:48:28+00:00,839.915,4.5,11TLK,1,23,4,none,False,transformer_v1_32,high,32,20,2024-07-18,144,2.5,4,best,none,False
southwest_france_flood_2023__2023-12-14__30TYR__transformer_v1_32-20mc,https://hyp3-tibet-jpl-test-contentbucket-hratibh1y9pa.s3.us-west-2.amazonaws.com/a07fa811-2d71-4625-bc7d-227fe7658953/OPERA_L3_DIST-ALERT-S1_T30TYR_20240123T060849Z_20251215T213303Z_S1A_30_v0.1.zip,s3://hyp3-tibet-jpl-test-contentbucket-hratibh1y9paa07fa811-2d71-4625-bc7d-227fe7658953/OPERA_L3_DIST-ALERT-S1_T30TYR_20240123T060849Z_20251215T213303Z_S1A_30_v0.1,https://hyp3-tibet-jpl-test-contentbucket-hratibh1y9pa.s3.us-west-2.amazonaws.com/a07fa811-2d71-4625-bc7d-227fe7658953/OPERA_L3_DIST-ALERT-S1_T30TYR_20240123T060849Z_20251215T213303Z_S1A_30_v0.1.png,2025-12-15T20:48:28+00:00,1625.155,4.5,30TYR,1,23,4,none,False,transformer_v1_32,high,32,20,2024-01-23,8,2.5,4,best,none,False
smokehouse_creek_fire_2024__2024-02-26__14SKE__transformer_v1_32-20mc,https://hyp3-tibet-jpl-test-contentbucket-hratibh1y9pa.s3.us-west-2.amazonaws.com/6d99aeb9-5bab-4365-acf0-f6601d2b9f75/OPERA_L3_DIST-ALERT-S1_T14SKE_20240204T004513Z_20251215T212814Z_S1A_30_v0.1.zip,s3://hyp3-tibet-jpl-test-contentbucket-hratibh1y9pa6d99aeb9-5bab-4365-acf0-f6601d2b9f75/OPERA_L3_DIST-ALERT-S1_T14SKE_20240204T004513Z_20251215T212814Z_S1A_30_v0.1,https://hyp3-tibet-jpl-test-contentbucket-hratibh1y9pa.s3.us-west-2.amazonaws.com/6d99aeb9-5bab-4365-acf0-f6601d2b9f75/OPERA_L3_DIST-ALERT-S1_T14SKE_20240204T004513Z_20251215T212814Z_S1A_30_v0.1.png,2025-12-15T20:48:28+00:00,1336.0,4.5,14SKE,1,23,4,none,False,transformer_v1_32,high,32,20,2024-02-04,5,2.5,4,best,none,False
tlacotalpan_flood_2024__2024-10-29__14QRF__transformer_v1_32-20mc,https://hyp3-tibet-jpl-test-contentbucket-hratibh1y9pa.s3.us-west-2.amazonaws.com/1608426b-721f-43eb-b575-0240ba307d73/OPERA_L3_DIST-ALERT-S1_T14QRF_20241020T003213Z_20251215T213103Z_S1A_30_v0.1.zip,s3://hyp3-tibet-jpl-test-contentbucket-hratibh1y9pa1608426b-721f-43eb-b575-0240ba307d73/OPERA_L3_DIST-ALERT-S1_T14QRF_20241020T003213Z_20251215T213103Z_S1A_30_v0.1,https://hyp3-tibet-jpl-test-contentbucket-hratibh1y9pa.s3.us-west-2.amazonaws.com/1608426b-721f-43eb-b575-0240ba307d73/OPERA_L3_DIST-ALERT-S1_T14QRF_20241020T003213Z_20251215T213103Z_S1A_30_v0.1.png,2025-12-15T20:48:28+00:00,1504.508,4.5,14QRF,1,23,4,none,False,transformer_v1_32,high,32,20,2024-10-20,107,2.5,4,best,none,False
smokehouse_creek_fire_2024__2024-02-26__14SKE__transformer_v1_32-20mc,https://hyp3-tibet-jpl-test-contentbucket-hratibh1y9pa.s3.us-west-2.amazonaws.com/333fb730-3d2c-4466-9d6d-dffab9bf4a9c/OPERA_L3_DIST-ALERT-S1_T14SKE_20240216T124634Z_20251215T211530Z_S1A_30_v0.1.zip,s3://hyp3-tibet-jpl-test-contentbucket-hratibh1y9pa333fb730-3d2c-4466-9d6d-dffab9bf4a9c/OPERA_L3_DIST-ALERT-S1_T14SKE_20240216T124634Z_20251215T211530Z_S1A_30_v0.1,https://hyp3-tibet-jpl-test-contentbucket-hratibh1y9pa.s3.us-west-2.amazonaws.com/333fb730-3d2c-4466-9d6d-dffab9bf4a9c/OPERA_L3_DIST-ALERT-S1_T14SKE_20240216T124634Z_20251215T211530Z_S1A_30_v0.1.png,2025-12-15T20:48:28+00:00,574.064,4.5,14SKE,1,23,4,none,False,transformer_v1_32,high,32,20,2024-02-16,12,2.5,4,best,none,False
southwest_france_flood_2023__2023-12-14__30TYR__transformer_v1_32-20mc,https://hyp3-tibet-jpl-test-contentbucket-hratibh1y9pa.s3.us-west-2.amazonaws.com/5656e7ca-547e-4024-bb39-45adf67febc4/OPERA_L3_DIST-ALERT-S1_T30TYR_20231230T060850Z_20251215T213318Z_S1A_30_v0.1.zip,s3://hyp3-tibet-jpl-test-contentbucket-hratibh1y9pa5656e7ca-547e-4024-bb39-45adf67febc4/OPERA_L3_DIST-ALERT-S1_T30TYR_20231230T060850Z_20251215T213318Z_S1A_30_v0.1,https://hyp3-tibet-jpl-test-contentbucket-hratibh1y9pa.s3.us-west-2.amazonaws.com/5656e7ca-547e-4024-bb39-45adf67febc4/OPERA_L3_DIST-ALERT-S1_T30TYR_20231230T060850Z_20251215T213318Z_S1A_30_v0.1.png,2025-12-15T20:48:28+00:00,1639.3,4.5,30TYR,1,23,4,none,False,transformer_v1_32,high,32,20,2023-12-30,8,2.5,4,best,none,False
smokehouse_creek_fire_2024__2024-02-26__14SME__transformer_v1_32-20mc,https://hyp3-tibet-jpl-test-contentbucket-hratibh1y9pa.s3.us-west-2.amazonaws.com/c529f9e1-8f40-4389-86be-960d2e8aafb7/OPERA_L3_DIST-ALERT-S1_T14SME_20240311T004509Z_20251215T211700Z_S1A_30_v0.1.zip,s3://hyp3-tibet-jpl-test-contentbucket-hratibh1y9pac529f9e1-8f40-4389-86be-960d2e8aafb7/OPERA_L3_DIST-ALERT-S1_T14SME_20240311T004509Z_20251215T211700Z_S1A_30_v0.1,https://hyp3-tibet-jpl-test-contentbucket-hratibh1y9pa.s3.us-west-2.amazonaws.com/c529f9e1-8f40-4389-86be-960d2e8aafb7/OPERA_L3_DIST-ALERT-S1_T14SME_20240311T004509Z_20251215T211700Z_S1A_30_v0.1.png,2025-12-15T20:48:28+00:00,654.756,4.5,14SME,1,23,4,none,False,transformer_v1_32,high,32,20,2024-03-11,5,2.5,4,best,none,False
southwest_france_flood_2023__2023-12-14__30TYR__transformer_v1_32-20mc,https://hyp3-tibet-jpl-test-contentbucket-hratibh1y9pa.s3.us-west-2.amazonaws.com/0073a56e-dd53-4132-802f-cf16641330ed/OPERA_L3_DIST-ALERT-S1_T30TYR_20240112T175629Z_20251215T213026Z_S1A_30_v0.1.zip,s3://hyp3-tibet-jpl-test-contentbucket-hratibh1y9pa0073a56e-dd53-4132-802f-cf16641330ed/OPERA_L3_DIST-ALERT-S1_T30TYR_20240112T175629Z_20251215T213026Z_S1A_30_v0.1,https://hyp3-tibet-jpl-test-contentbucket-hratibh1y9pa.s3.us-west-2.amazonaws.com/0073a56e-dd53-4132-802f-cf16641330ed/OPERA_L3_DIST-ALERT-S1_T30TYR_20240112T175629Z_20251215T213026Z_S1A_30_v0.1.png,2025-12-15T20:48:28+00:00,1471.968,4.5,30TYR,1,23,4,none,False,transformer_v1_32,high,32,20,2024-01-12,30,2.5,4,best,none,False
southwest_france_flood_2023__2023-12-14__30TXR__transformer_v1_32-20mc,https://hyp3-tibet-jpl-test-contentbucket-hratibh1y9pa.s3.us-west-2.amazonaws.com/21c5c290-5a73-4b23-80aa-a782a98b6546/OPERA_L3_DIST-ALERT-S1_T30TXR_20231206T060853Z_20251215T213040Z_S1A_30_v0.1.zip,s3://hyp3-tibet-jpl-test-contentbucket-hratibh1y9pa21c5c290-5a73-4b23-80aa-a782a98b6546/OPERA_L3_DIST-ALERT-S1_T30TXR_20231206T060853Z_20251215T213040Z_S1A_30_v0.1,https://hyp3-tibet-jpl-test-contentbucket-hratibh1y9pa.s3.us-west-2.amazonaws.com/21c5c290-5a73-4b23-80aa-a782a98b6546/OPERA_L3_DIST-ALERT-S1_T30TXR_20231206T060853Z_20251215T213040Z_S1A_30_v0.1.png,2025-12-15T20:48:28+00:00,1520.509,4.5,30TXR,1,23,4,none,False,transformer_v1_32,high,32,20,2023-12-06,8,2.5,4,best,none,False
smokehouse_creek_fire_2024__2024-02-26__14SKE__transformer_v1_32-20mc,https://hyp3-tibet-jpl-test-contentbucket-hratibh1y9pa.s3.us-west-2.amazonaws.com/eaaad67b-933c-475d-b291-44424a74bdf5/OPERA_L3_DIST-ALERT-S1_T14SKE_20240128T125445Z_20251215T211846Z_S1A_30_v0.1.zip,s3://hyp3-tibet-jpl-test-contentbucket-hratibh1y9paeaaad67b-933c-475d-b291-44424a74bdf5/OPERA_L3_DIST-ALERT-S1_T14SKE_20240128T125445Z_20251215T211846Z_S1A_30_v0.1,https://hyp3-tibet-jpl-test-contentbucket-hratibh1y9pa.s3.us-west-2.amazonaws.com/eaaad67b-933c-475d-b291-44424a74bdf5/OPERA_L3_DIST-ALERT-S1_T14SKE_20240128T125445Z_20251215T211846Z_S1A_30_v0.1.png,2025-12-15T20:48:28+00:00,806.002,4.5,14SKE,1,23,4,none,False,transformer_v1_32,high,32,20,2024-01-28,85,2.5,4,best,none,False
tlacotalpan_flood_2024__2024-10-29__14QRF__transformer_v1_32-20mc,https://hyp3-tibet-jpl-test-contentbucket-hratibh1y9pa.s3.us-west-2.amazonaws.com/74d10f03-5762-4a43-96a8-5f36bc5816d3/OPERA_L3_DIST-ALERT-S1_T14QRF_20241211T121013Z_20251215T211646Z_S1A_30_v0.1.zip,s3://hyp3-tibet-jpl-test-contentbucket-hratibh1y9pa74d10f03-5762-4a43-96a8-5f36bc5816d3/OPERA_L3_DIST-ALERT-S1_T14QRF_20241211T121013Z_20251215T211646Z_S1A_30_v0.1,https://hyp3-tibet-jpl-test-contentbucket-hratibh1y9pa.s3.us-west-2.amazonaws.com/74d10f03-5762-4a43-96a8-5f36bc5816d3/OPERA_L3_DIST-ALERT-S1_T14QRF_20241211T121013Z_20251215T211646Z_S1A_30_v0.1.png,2025-12-15T20:48:28+00:00,675.647,4.5,14QRF,1,23,4,none,False,transformer_v1_32,high,32,20,2024-12-11,172,2.5,4,best,none,False
southwest_france_flood_2023__2023-12-14__30TYR__transformer_v1_32-20mc,https://hyp3-tibet-jpl-test-contentbucket-hratibh1y9pa.s3.us-west-2.amazonaws.com/b3f17b7c-3f38-4d95-938a-3ce387b24403/OPERA_L3_DIST-ALERT-S1_T30TYR_20240205T175629Z_20251215T212938Z_S1A_30_v0.1.zip,s3://hyp3-tibet-jpl-test-contentbucket-hratibh1y9pab3f17b7c-3f38-4d95-938a-3ce387b24403/OPERA_L3_DIST-ALERT-S1_T30TYR_20240205T175629Z_20251215T212938Z_S1A_30_v0.1,https://hyp3-tibet-jpl-test-contentbucket-hratibh1y9pa.s3.us-west-2.amazonaws.com/b3f17b7c-3f38-4d95-938a-3ce387b24403/OPERA_L3_DIST-ALERT-S1_T30TYR_20240205T175629Z_20251215T212938Z_S1A_30_v0.1.png,2025-12-15T20:48:28+00:00,1459.222,4.5,30TYR,1,23,4,none,False,transformer_v1_32,high,32,20,2024-02-05,30,2.5,4,best,none,False
monkey_creek_fire_2024__2024-07-18__11TLK__transformer_v1_32-20mc,https://hyp3-tibet-jpl-test-contentbucket-hratibh1y9pa.s3.us-west-2.amazonaws.com/525cb969-2298-4ee1-9d17-0c4f68ffcd79/OPERA_L3_DIST-ALERT-S1_T11TLK_20240818T015328Z_20251215T213358Z_S1A_30_v0.1.zip,s3://hyp3-tibet-jpl-test-contentbucket-hratibh1y9pa525cb969-2298-4ee1-9d17-0c4f68ffcd79/OPERA_L3_DIST-ALERT-S1_T11TLK_20240818T015328Z_20251215T213358Z_S1A_30_v0.1,https://hyp3-tibet-jpl-test-contentbucket-hratibh1y9pa.s3.us-west-2.amazonaws.com/525cb969-2298-4ee1-9d17-0c4f68ffcd79/OPERA_L3_DIST-ALERT-S1_T11TLK_20240818T015328Z_20251215T213358Z_S1A_30_v0.1.png,2025-12-15T20:48:28+00:00,1722.049,4.5,11TLK,1,23,4,none,False,transformer_v1_32,high,32,20,2024-08-18,64,2.5,4,best,none,False
monkey_creek_fire_2024__2024-07-18__11TLK__transformer_v1_32-20mc,https://hyp3-tibet-jpl-test-contentbucket-hratibh1y9pa.s3.us-west-2.amazonaws.com/a03cf07b-97ec-4d85-b448-0206592c5685/OPERA_L3_DIST-ALERT-S1_T11TLK_20240730T135807Z_20251215T212051Z_S1A_30_v0.1.zip,s3://hyp3-tibet-jpl-test-contentbucket-hratibh1y9paa03cf07b-97ec-4d85-b448-0206592c5685/OPERA_L3_DIST-ALERT-S1_T11TLK_20240730T135807Z_20251215T212051Z_S1A_30_v0.1,https://hyp3-tibet-jpl-test-contentbucket-hratibh1y9pa.s3.us-west-2.amazonaws.com/a03cf07b-97ec-4d85-b448-0206592c5685/OPERA_L3_DIST-ALERT-S1_T11TLK_20240730T135807Z_20251215T212051Z_S1A_30_v0.1.png,2025-12-15T20:48:28+00:00,924.312,4.5,11TLK,1,23,4,none,False,transformer_v1_32,high,32,20,2024-07-30,144,2.5,4,best,none,False
brazzaville_flood_and_landslides_2024__2024-02-08__33MWR__transformer_v1_32-20mc,https://hyp3-tibet-jpl-test-contentbucket-hratibh1y9pa.s3.us-west-2.amazonaws.com/e8b57d32-8942-471e-8a1b-6f92775fd765/OPERA_L3_DIST-ALERT-S1_T33MWR_20240323T044346Z_20251215T212020Z_S1A_30_v0.1.zip,s3://hyp3-tibet-jpl-test-contentbucket-hratibh1y9pae8b57d32-8942-471e-8a1b-6f92775fd765/OPERA_L3_DIST-ALERT-S1_T33MWR_20240323T044346Z_20251215T212020Z_S1A_30_v0.1,https://hyp3-tibet-jpl-test-contentbucket-hratibh1y9pa.s3.us-west-2.amazonaws.com/e8b57d32-8942-471e-8a1b-6f92775fd765/OPERA_L3_DIST-ALERT-S1_T33MWR_20240323T044346Z_20251215T212020Z_S1A_30_v0.1.png,2025-12-15T20:48:28+00:00,891.949,4.5,33MWR,1,23,4,none,False,transformer_v1_32,high,32,20,2024-03-23,7,2.5,4,best,none,False
smokehouse_creek_fire_2024__2024-02-26__14SKE__transformer_v1_32-20mc,https://hyp3-tibet-jpl-test-contentbucket-hratibh1y9pa.s3.us-west-2.amazonaws.com/e05a7b8c-e49e-40f7-8f79-c1d135613f4e/OPERA_L3_DIST-ALERT-S1_T14SKE_20240204T124634Z_20251215T211343Z_S1A_30_v0.1.zip,s3://hyp3-tibet-jpl-test-contentbucket-hratibh1y9pae05a7b8c-e49e-40f7-8f79-c1d135613f4e/OPERA_L3_DIST-ALERT-S1_T14SKE_20240204T124634Z_20251215T211343Z_S1A_30_v0.1,https://hyp3-tibet-jpl-test-contentbucket-hratibh1y9pa.s3.us-west-2.amazonaws.com/e05a7b8c-e49e-40f7-8f79-c1d135613f4e/OPERA_L3_DIST-ALERT-S1_T14SKE_20240204T124634Z_20251215T211343Z_S1A_30_v0.1.png,2025-12-15T20:48:28+00:00,501.326,4.5,14SKE,1,23,4,none,False,transformer_v1_32,high,32,20,2024-02-04,12,2.5,4,best,none,False
monkey_creek_fire_2024__2024-07-18__10TGQ__transformer_v1_32-20mc,https://hyp3-tibet-jpl-test-contentbucket-hratibh1y9pa.s3.us-west-2.amazonaws.com/1abf9391-a5b8-46ee-92b5-f70608ec76d8/OPERA_L3_DIST-ALERT-S1_T10TGQ_20240806T015329Z_20251215T213346Z_S1A_30_v0.1.zip,s3://hyp3-tibet-jpl-test-contentbucket-hratibh1y9pa1abf9391-a5b8-46ee-92b5-f70608ec76d8/OPERA_L3_DIST-ALERT-S1_T10TGQ_20240806T015329Z_20251215T213346Z_S1A_30_v0.1,https://hyp3-tibet-jpl-test-contentbucket-hratibh1y9pa.s3.us-west-2.amazonaws.com/1abf9391-a5b8-46ee-92b5-f70608ec76d8/OPERA_L3_DIST-ALERT-S1_T10TGQ_20240806T015329Z_20251215T213346Z_S1A_30_v0.1.png,2025-12-15T20:48:28+00:00,1703.02,4.5,10TGQ,1,23,4,none,False,transformer_v1_32,high,32,20,2024-08-06,64,2.5,4,best,none,False
monkey_creek_fire_2024__2024-07-18__10TGQ__transformer_v1_32-20mc,https://hyp3-tibet-jpl-test-contentbucket-hratibh1y9pa.s3.us-west-2.amazonaws.com/b64480ff-6bf2-4f34-98c0-00caf22fb75d/OPERA_L3_DIST-ALERT-S1_T10TGQ_20240821T141430Z_20251215T211847Z_S1A_30_v0.1.zip,s3://hyp3-tibet-jpl-test-contentbucket-hratibh1y9pab64480ff-6bf2-4f34-98c0-00caf22fb75d/OPERA_L3_DIST-ALERT-S1_T10TGQ_20240821T141430Z_20251215T211847Z_S1A_30_v0.1,https://hyp3-tibet-jpl-test-contentbucket-hratibh1y9pa.s3.us-west-2.amazonaws.com/b64480ff-6bf2-4f34-98c0-00caf22fb75d/OPERA_L3_DIST-ALERT-S1_T10TGQ_20240821T141430Z_20251215T211847Z_S1A_30_v0.1.png,2025-12-15T20:48:28+00:00,798.218,4.5,10TGQ,1,23,4,none,False,transformer_v1_32,high,32,20,2024-08-21,115,2.5,4,best,none,False
southwest_france_flood_2023__2023-12-14__30TXR__transformer_v1_32-20mc,https://hyp3-tibet-jpl-test-contentbucket-hratibh1y9pa.s3.us-west-2.amazonaws.com/3d655d83-685d-4fc7-8442-481f38e1c158/OPERA_L3_DIST-ALERT-S1_T30TXR_20240205T175630Z_20251215T212401Z_S1A_30_v0.1.zip,s3://hyp3-tibet-jpl-test-contentbucket-hratibh1y9pa3d655d83-685d-4fc7-8442-481f38e1c158/OPERA_L3_DIST-ALERT-S1_T30TXR_20240205T175630Z_20251215T212401Z_S1A_30_v0.1,https://hyp3-tibet-jpl-test-contentbucket-hratibh1y9pa.s3.us-west-2.amazonaws.com/3d655d83-685d-4fc7-8442-481f38e1c158/OPERA_L3_DIST-ALERT-S1_T30TXR_20240205T175630Z_20251215T212401Z_S1A_30_v0.1.png,2025-12-15T20:48:28+00:00,1113.549,4.5,30TXR,1,23,4,none,False,transformer_v1_32,high,32,20,2024-02-05,30,2.5,4,best,none,False
southwest_france_flood_2023__2023-12-14__30TYR__transformer_v1_32-20mc,https://hyp3-tibet-jpl-test-contentbucket-hratibh1y9pa.s3.us-west-2.amazonaws.com/6d50449c-8350-47a5-995c-3dbb5570c133/OPERA_L3_DIST-ALERT-S1_T30TYR_20231119T060044Z_20251215T211711Z_S1A_30_v0.1.zip,s3://hyp3-tibet-jpl-test-contentbucket-hratibh1y9pa6d50449c-8350-47a5-995c-3dbb5570c133/OPERA_L3_DIST-ALERT-S1_T30TYR_20231119T060044Z_20251215T211711Z_S1A_30_v0.1,https://hyp3-tibet-jpl-test-contentbucket-hratibh1y9pa.s3.us-west-2.amazonaws.com/6d50449c-8350-47a5-995c-3dbb5570c133/OPERA_L3_DIST-ALERT-S1_T30TYR_20231119T060044Z_20251215T211711Z_S1A_30_v0.1.png,2025-12-15T20:48:28+00:00,743.285,4.5,30TYR,1,23,4,none,False,transformer_v1_32,high,32,20,2023-11-19,110,2.5,4,best,none,False
southwest_france_flood_2023__2023-12-14__30TYR__transformer_v1_32-20mc,https://hyp3-tibet-jpl-test-contentbucket-hratibh1y9pa.s3.us-west-2.amazonaws.com/4b33a635-b303-4f5b-95d8-ae8ff0a2907b/OPERA_L3_DIST-ALERT-S1_T30TYR_20240209T061700Z_20251215T211922Z_S1A_30_v0.1.zip,s3://hyp3-tibet-jpl-test-contentbucket-hratibh1y9pa4b33a635-b303-4f5b-95d8-ae8ff0a2907b/OPERA_L3_DIST-ALERT-S1_T30TYR_20240209T061700Z_20251215T211922Z_S1A_30_v0.1,https://hyp3-tibet-jpl-test-contentbucket-hratibh1y9pa.s3.us-west-2.amazonaws.com/4b33a635-b303-4f5b-95d8-ae8ff0a2907b/OPERA_L3_DIST-ALERT-S1_T30TYR_20240209T061700Z_20251215T211922Z_S1A_30_v0.1.png,2025-12-15T20:48:28+00:00,868.78,4.5,30TYR,1,23,4,none,False,transformer_v1_32,high,32,20,2024-02-09,81,2.5,4,best,none,False
smokehouse_creek_fire_2024__2024-02-26__14SKE__transformer_v1_32-20mc,https://hyp3-tibet-jpl-test-contentbucket-hratibh1y9pa.s3.us-west-2.amazonaws.com/bde919aa-eff7-4c06-9753-3889e4244428/OPERA_L3_DIST-ALERT-S1_T14SKE_20240216T004513Z_20251215T212942Z_S1A_30_v0.1.zip,s3://hyp3-tibet-jpl-test-contentbucket-hratibh1y9pabde919aa-eff7-4c06-9753-3889e4244428/OPERA_L3_DIST-ALERT-S1_T14SKE_20240216T004513Z_20251215T212942Z_S1A_30_v0.1,https://hyp3-tibet-jpl-test-contentbucket-hratibh1y9pa.s3.us-west-2.amazonaws.com/bde919aa-eff7-4c06-9753-3889e4244428/OPERA_L3_DIST-ALERT-S1_T14SKE_20240216T004513Z_20251215T212942Z_S1A_30_v0.1.png,2025-12-15T20:48:28+00:00,1491.752,4.5,14SKE,1,23,4,none,False,transformer_v1_32,high,32,20,2024-02-16,5,2.5,4,best,none,False
smokehouse_creek_fire_2024__2024-02-26__14SME__transformer_v1_32-20mc,https://hyp3-tibet-jpl-test-contentbucket-hratibh1y9pa.s3.us-west-2.amazonaws.com/7bcd3d24-f62f-4c81-a61f-58e9b580f3fb/OPERA_L3_DIST-ALERT-S1_T14SME_20240323T124630Z_20251215T211239Z_S1A_30_v0.1.zip,s3://hyp3-tibet-jpl-test-contentbucket-hratibh1y9pa7bcd3d24-f62f-4c81-a61f-58e9b580f3fb/OPERA_L3_DIST-ALERT-S1_T14SME_20240323T124630Z_20251215T211239Z_S1A_30_v0.1,https://hyp3-tibet-jpl-test-contentbucket-hratibh1y9pa.s3.us-west-2.amazonaws.com/7bcd3d24-f62f-4c81-a61f-58e9b580f3fb/OPERA_L3_DIST-ALERT-S1_T14SME_20240323T124630Z_20251215T211239Z_S1A_30_v0.1.png,2025-12-15T20:48:28+00:00,469.599,4.5,14SME,1,23,4,none,False,transformer_v1_32,high,32,20,2024-03-23,12,2.5,4,best,none,False
smokehouse_creek_fire_2024__2024-02-26__14SKE__transformer_v1_32-20mc,https://hyp3-tibet-jpl-test-contentbucket-hratibh1y9pa.s3.us-west-2.amazonaws.com/da835ec2-18cd-40e9-a250-bb8e8b5856be/OPERA_L3_DIST-ALERT-S1_T14SKE_20240316T005324Z_20251215T211648Z_S1A_30_v0.1.zip,s3://hyp3-tibet-jpl-test-contentbucket-hratibh1y9pada835ec2-18cd-40e9-a250-bb8e8b5856be/OPERA_L3_DIST-ALERT-S1_T14SKE_20240316T005324Z_20251215T211648Z_S1A_30_v0.1,https://hyp3-tibet-jpl-test-contentbucket-hratibh1y9pa.s3.us-west-2.amazonaws.com/da835ec2-18cd-40e9-a250-bb8e8b5856be/OPERA_L3_DIST-ALERT-S1_T14SKE_20240316T005324Z_20251215T211648Z_S1A_30_v0.1.png,2025-12-15T20:48:28+00:00,712.568,4.5,14SKE,1,23,4,none,False,transformer_v1_32,high,32,20,2024-03-16,78,2.5,4,best,none,False
smokehouse_creek_fire_2024__2024-02-26__14SKE__transformer_v1_32-20mc,https://hyp3-tibet-jpl-test-contentbucket-hratibh1y9pa.s3.us-west-2.amazonaws.com/70914464-3c21-4277-897a-a5018f2781c2/OPERA_L3_DIST-ALERT-S1_T14SKE_20240409T005325Z_20251215T211642Z_S1A_30_v0.1.zip,s3://hyp3-tibet-jpl-test-contentbucket-hratibh1y9pa70914464-3c21-4277-897a-a5018f2781c2/OPERA_L3_DIST-ALERT-S1_T14SKE_20240409T005325Z_20251215T211642Z_S1A_30_v0.1,https://hyp3-tibet-jpl-test-contentbucket-hratibh1y9pa.s3.us-west-2.amazonaws.com/70914464-3c21-4277-897a-a5018f2781c2/OPERA_L3_DIST-ALERT-S1_T14SKE_20240409T005325Z_20251215T211642Z_S1A_30_v0.1.png,2025-12-15T20:48:28+00:00,706.7,4.5,14SKE,1,23,4,none,False,transformer_v1_32,high,32,20,2024-04-09,78,2.5,4,best,none,False
brazzaville_flood_and_landslides_2023__2023-12-28__33MWR__transformer_v1_32-20mc,https://hyp3-tibet-jpl-test-contentbucket-hratibh1y9pa.s3.us-west-2.amazonaws.com/f2258759-2e0c-4d76-90e8-3847dd2979d8/OPERA_L3_DIST-ALERT-S1_T33MWR_20231218T044348Z_20251215T211716Z_S1A_30_v0.1.zip,s3://hyp3-tibet-jpl-test-contentbucket-hratibh1y9paf2258759-2e0c-4d76-90e8-3847dd2979d8/OPERA_L3_DIST-ALERT-S1_T33MWR_20231218T044348Z_20251215T211716Z_S1A_30_v0.1,https://hyp3-tibet-jpl-test-contentbucket-hratibh1y9pa.s3.us-west-2.amazonaws.com/f2258759-2e0c-4d76-90e8-3847dd2979d8/OPERA_L3_DIST-ALERT-S1_T33MWR_20231218T044348Z_20251215T211716Z_S1A_30_v0.1.png,2025-12-15T20:48:28+00:00,745.407,4.5,33MWR,1,23,4,none,False,transformer_v1_32,high,32,20,2023-12-18,7,2.5,4,best,none,False
monkey_creek_fire_2024__2024-07-18__11TLK__transformer_v1_32-20mc,https://hyp3-tibet-jpl-test-contentbucket-hratibh1y9pa.s3.us-west-2.amazonaws.com/e1888317-2ae4-4b25-b78e-b139149be08a/OPERA_L3_DIST-ALERT-S1_T11TLK_20240619T015329Z_20251215T213112Z_S1A_30_v0.1.zip,s3://hyp3-tibet-jpl-test-contentbucket-hratibh1y9pae1888317-2ae4-4b25-b78e-b139149be08a/OPERA_L3_DIST-ALERT-S1_T11TLK_20240619T015329Z_20251215T213112Z_S1A_30_v0.1,https://hyp3-tibet-jpl-test-contentbucket-hratibh1y9pa.s3.us-west-2.amazonaws.com/e1888317-2ae4-4b25-b78e-b139149be08a/OPERA_L3_DIST-ALERT-S1_T11TLK_20240619T015329Z_20251215T213112Z_S1A_30_v0.1.png,2025-12-15T20:48:28+00:00,1620.619,4.5,11TLK,1,23,4,none,False,transformer_v1_32,high,32,20,2024-06-19,64,2.5,4,best,none,False
southwest_france_flood_2023__2023-12-14__30TXR__transformer_v1_32-20mc,https://hyp3-tibet-jpl-test-contentbucket-hratibh1y9pa.s3.us-west-2.amazonaws.com/49beadea-a71e-42e3-9c10-f91faed84a87/OPERA_L3_DIST-ALERT-S1_T30TXR_20231230T060852Z_20251215T212927Z_S1A_30_v0.1.zip,s3://hyp3-tibet-jpl-test-contentbucket-hratibh1y9pa49beadea-a71e-42e3-9c10-f91faed84a87/OPERA_L3_DIST-ALERT-S1_T30TXR_20231230T060852Z_20251215T212927Z_S1A_30_v0.1,https://hyp3-tibet-jpl-test-contentbucket-hratibh1y9pa.s3.us-west-2.amazonaws.com/49beadea-a71e-42e3-9c10-f91faed84a87/OPERA_L3_DIST-ALERT-S1_T30TXR_20231230T060852Z_20251215T212927Z_S1A_30_v0.1.png,2025-12-15T20:48:28+00:00,1505.417,4.5,30TXR,1,23,4,none,False,transformer_v1_32,high,32,20,2023-12-30,8,2.5,4,best,none,False
brazzaville_flood_and_landslides_2023__2023-12-28__33MWR__transformer_v1_32-20mc,https://hyp3-tibet-jpl-test-contentbucket-hratibh1y9pa.s3.us-west-2.amazonaws.com/17770044-7025-4478-81c0-a3b2d06b1ebe/OPERA_L3_DIST-ALERT-S1_T33MWR_20231213T043539Z_20251215T213654Z_S1A_30_v0.1.zip,s3://hyp3-tibet-jpl-test-contentbucket-hratibh1y9pa17770044-7025-4478-81c0-a3b2d06b1ebe/OPERA_L3_DIST-ALERT-S1_T33MWR_20231213T043539Z_20251215T213654Z_S1A_30_v0.1,https://hyp3-tibet-jpl-test-contentbucket-hratibh1y9pa.s3.us-west-2.amazonaws.com/17770044-7025-4478-81c0-a3b2d06b1ebe/OPERA_L3_DIST-ALERT-S1_T33MWR_20231213T043539Z_20251215T213654Z_S1A_30_v0.1.png,2025-12-15T20:48:28+00:00,1958.69,4.5,33MWR,1,23,4,none,False,transformer_v1_32,high,32,20,2023-12-13,109,2.5,4,best,none,False
brazzaville_flood_and_landslides_2023__2023-12-28__33MWR__transformer_v1_32-20mc,https://hyp3-tibet-jpl-test-contentbucket-hratibh1y9pa.s3.us-west-2.amazonaws.com/2f5d9c26-74fc-473f-a343-226afb6183e8/OPERA_L3_DIST-ALERT-S1_T33MWR_20240216T044345Z_20251215T212212Z_S1A_30_v0.1.zip,s3://hyp3-tibet-jpl-test-contentbucket-hratibh1y9pa2f5d9c26-74fc-473f-a343-226afb6183e8/OPERA_L3_DIST-ALERT-S1_T33MWR_20240216T044345Z_20251215T212212Z_S1A_30_v0.1,https://hyp3-tibet-jpl-test-contentbucket-hratibh1y9pa.s3.us-west-2.amazonaws.com/2f5d9c26-74fc-473f-a343-226afb6183e8/OPERA_L3_DIST-ALERT-S1_T33MWR_20240216T044345Z_20251215T212212Z_S1A_30_v0.1.png,2025-12-15T20:48:28+00:00,1078.801,4.5,33MWR,1,23,4,none,False,transformer_v1_32,high,32,20,2024-02-16,7,2.5,4,best,none,False
tlacotalpan_flood_2024__2024-10-29__14QRF__transformer_v1_32-20mc,https://hyp3-tibet-jpl-test-contentbucket-hratibh1y9pa.s3.us-west-2.amazonaws.com/cb76b847-06f2-4fb9-8eb9-6ce123318d7a/OPERA_L3_DIST-ALERT-S1_T14QRF_20241029T121821Z_20251215T213510Z_S1A_30_v0.1.zip,s3://hyp3-tibet-jpl-test-contentbucket-hratibh1y9pacb76b847-06f2-4fb9-8eb9-6ce123318d7a/OPERA_L3_DIST-ALERT-S1_T14QRF_20241029T121821Z_20251215T213510Z_S1A_30_v0.1,https://hyp3-tibet-jpl-test-contentbucket-hratibh1y9pa.s3.us-west-2.amazonaws.com/cb76b847-06f2-4fb9-8eb9-6ce123318d7a/OPERA_L3_DIST-ALERT-S1_T14QRF_20241029T121821Z_20251215T213510Z_S1A_30_v0.1.png,2025-12-15T20:48:28+00:00,1866.995,4.5,14QRF,1,23,4,none,False,transformer_v1_32,high,32,20,2024-10-29,70,2.5,4,best,none,False
smokehouse_creek_fire_2024__2024-02-26__14SME__transformer_v1_32-20mc,https://hyp3-tibet-jpl-test-contentbucket-hratibh1y9pa.s3.us-west-2.amazonaws.com/e65ec8b1-391d-40a3-81bb-1ad66aae65fb/OPERA_L3_DIST-ALERT-S1_T14SME_20240411T003658Z_20251215T213017Z_S1A_30_v0.1.zip,s3://hyp3-tibet-jpl-test-contentbucket-hratibh1y9pae65ec8b1-391d-40a3-81bb-1ad66aae65fb/OPERA_L3_DIST-ALERT-S1_T14SME_20240411T003658Z_20251215T213017Z_S1A_30_v0.1,https://hyp3-tibet-jpl-test-contentbucket-hratibh1y9pa.s3.us-west-2.amazonaws.com/e65ec8b1-391d-40a3-81bb-1ad66aae65fb/OPERA_L3_DIST-ALERT-S1_T14SME_20240411T003658Z_20251215T213017Z_S1A_30_v0.1.png,2025-12-15T20:48:28+00:00,1564.927,4.5,14SME,1,23,4,none,False,transformer_v1_32,high,32,20,2024-04-11,107,2.5,4,best,none,False
smokehouse_creek_fire_2024__2024-02-26__14SKE__transformer_v1_32-20mc,https://hyp3-tibet-jpl-test-contentbucket-hratibh1y9pa.s3.us-west-2.amazonaws.com/b04ea960-05b6-42f5-903c-72d933f16ced/OPERA_L3_DIST-ALERT-S1_T14SKE_20240421T005325Z_20251215T211908Z_S1A_30_v0.1.zip,s3://hyp3-tibet-jpl-test-contentbucket-hratibh1y9pab04ea960-05b6-42f5-903c-72d933f16ced/OPERA_L3_DIST-ALERT-S1_T14SKE_20240421T005325Z_20251215T211908Z_S1A_30_v0.1,https://hyp3-tibet-jpl-test-contentbucket-hratibh1y9pa.s3.us-west-2.amazonaws.com/b04ea960-05b6-42f5-903c-72d933f16ced/OPERA_L3_DIST-ALERT-S1_T14SKE_20240421T005325Z_20251215T211908Z_S1A_30_v0.1.png,2025-12-15T20:48:28+00:00,890.92,4.5,14SKE,1,23,4,none,False,transformer_v1_32,high,32,20,2024-04-21,78,2.5,4,best,none,False
brazzaville_flood_and_landslides_2024__2024-02-08__33MWR__transformer_v1_32-20mc,https://hyp3-tibet-jpl-test-contentbucket-hratibh1y9pa.s3.us-west-2.amazonaws.com/f88ec7bc-ece5-4f1c-b49e-9a7c3f78b80a/OPERA_L3_DIST-ALERT-S1_T33MWR_20240404T044346Z_20251215T211527Z_S1A_30_v0.1.zip,s3://hyp3-tibet-jpl-test-contentbucket-hratibh1y9paf88ec7bc-ece5-4f1c-b49e-9a7c3f78b80a/OPERA_L3_DIST-ALERT-S1_T33MWR_20240404T044346Z_20251215T211527Z_S1A_30_v0.1,https://hyp3-tibet-jpl-test-contentbucket-hratibh1y9pa.s3.us-west-2.amazonaws.com/f88ec7bc-ece5-4f1c-b49e-9a7c3f78b80a/OPERA_L3_DIST-ALERT-S1_T33MWR_20240404T044346Z_20251215T211527Z_S1A_30_v0.1.png,2025-12-15T20:48:28+00:00,668.582,4.5,33MWR,1,23,4,none,False,transformer_v1_32,high,32,20,2024-04-04,7,2.5,4,best,none,False
monkey_creek_fire_2024__2024-07-18__11TLK__transformer_v1_32-20mc,https://hyp3-tibet-jpl-test-contentbucket-hratibh1y9pa.s3.us-west-2.amazonaws.com/2b8b4cd5-e105-4d81-9b93-719e98257987/OPERA_L3_DIST-ALERT-S1_T11TLK_20240816T140623Z_20251215T212027Z_S1A_30_v0.1.zip,s3://hyp3-tibet-jpl-test-contentbucket-hratibh1y9pa2b8b4cd5-e105-4d81-9b93-719e98257987/OPERA_L3_DIST-ALERT-S1_T11TLK_20240816T140623Z_20251215T212027Z_S1A_30_v0.1,https://hyp3-tibet-jpl-test-contentbucket-hratibh1y9pa.s3.us-west-2.amazonaws.com/2b8b4cd5-e105-4d81-9b93-719e98257987/OPERA_L3_DIST-ALERT-S1_T11TLK_20240816T140623Z_20251215T212027Z_S1A_30_v0.1.png,2025-12-15T20:48:28+00:00,1007.331,4.5,11TLK,1,23,4,none,False,transformer_v1_32,high,32,20,2024-08-16,42,2.5,4,best,none,False
brazzaville_flood_and_landslides_2023__2023-12-28__33MWR__transformer_v1_32-20mc,https://hyp3-tibet-jpl-test-contentbucket-hratibh1y9pa.s3.us-west-2.amazonaws.com/32154978-bb5d-4762-9380-f6df10dcbbd0/OPERA_L3_DIST-ALERT-S1_T33MWR_20240111T044346Z_20251215T211848Z_S1A_30_v0.1.zip,s3://hyp3-tibet-jpl-test-contentbucket-hratibh1y9pa32154978-bb5d-4762-9380-f6df10dcbbd0/OPERA_L3_DIST-ALERT-S1_T33MWR_20240111T044346Z_20251215T211848Z_S1A_30_v0.1,https://hyp3-tibet-jpl-test-contentbucket-hratibh1y9pa.s3.us-west-2.amazonaws.com/32154978-bb5d-4762-9380-f6df10dcbbd0/OPERA_L3_DIST-ALERT-S1_T33MWR_20240111T044346Z_20251215T211848Z_S1A_30_v0.1.png,2025-12-15T20:48:28+00:00,902.141,4.5,33MWR,1,23,4,none,False,transformer_v1_32,high,32,20,2024-01-11,7,2.5,4,best,none,False
brazzaville_flood_and_landslides_2023__2023-12-28__33MWR__transformer_v1_32-20mc,https://hyp3-tibet-jpl-test-contentbucket-hratibh1y9pa.s3.us-west-2.amazonaws.com/712a0ead-c02a-4371-b5a5-ffd9b14aea6a/OPERA_L3_DIST-ALERT-S1_T33MWR_20240106T043538Z_20251215T213641Z_S1A_30_v0.1.zip,s3://hyp3-tibet-jpl-test-contentbucket-hratibh1y9pa712a0ead-c02a-4371-b5a5-ffd9b14aea6a/OPERA_L3_DIST-ALERT-S1_T33MWR_20240106T043538Z_20251215T213641Z_S1A_30_v0.1,https://hyp3-tibet-jpl-test-contentbucket-hratibh1y9pa.s3.us-west-2.amazonaws.com/712a0ead-c02a-4371-b5a5-ffd9b14aea6a/OPERA_L3_DIST-ALERT-S1_T33MWR_20240106T043538Z_20251215T213641Z_S1A_30_v0.1.png,2025-12-15T20:48:28+00:00,1977.649,4.5,33MWR,1,23,4,none,False,transformer_v1_32,high,32,20,2024-01-06,109,2.5,4,best,none,False
monkey_creek_fire_2024__2024-07-18__11TLK__transformer_v1_32-20mc,https://hyp3-tibet-jpl-test-contentbucket-hratibh1y9pa.s3.us-west-2.amazonaws.com/dc57f5b1-8754-4166-b039-cc955f8eb985/OPERA_L3_DIST-ALERT-S1_T11TLK_20240830T015328Z_20251215T212534Z_S1A_30_v0.1.zip,s3://hyp3-tibet-jpl-test-contentbucket-hratibh1y9padc57f5b1-8754-4166-b039-cc955f8eb985/OPERA_L3_DIST-ALERT-S1_T11TLK_20240830T015328Z_20251215T212534Z_S1A_30_v0.1,https://hyp3-tibet-jpl-test-contentbucket-hratibh1y9pa.s3.us-west-2.amazonaws.com/dc57f5b1-8754-4166-b039-cc955f8eb985/OPERA_L3_DIST-ALERT-S1_T11TLK_20240830T015328Z_20251215T212534Z_S1A_30_v0.1.png,2025-12-15T20:48:28+00:00,1318.835,4.5,11TLK,1,23,4,none,False,transformer_v1_32,high,32,20,2024-08-30,64,2.5,4,best,none,False
tlacotalpan_flood_2024__2024-10-29__14QRF__transformer_v1_32-20mc,https://hyp3-tibet-jpl-test-contentbucket-hratibh1y9pa.s3.us-west-2.amazonaws.com/4992a524-383a-405d-bc8b-1423ce4526bb/OPERA_L3_DIST-ALERT-S1_T14QRF_20241012T121015Z_20251215T211410Z_S1A_30_v0.1.zip,s3://hyp3-tibet-jpl-test-contentbucket-hratibh1y9pa4992a524-383a-405d-bc8b-1423ce4526bb/OPERA_L3_DIST-ALERT-S1_T14QRF_20241012T121015Z_20251215T211410Z_S1A_30_v0.1,https://hyp3-tibet-jpl-test-contentbucket-hratibh1y9pa.s3.us-west-2.amazonaws.com/4992a524-383a-405d-bc8b-1423ce4526bb/OPERA_L3_DIST-ALERT-S1_T14QRF_20241012T121015Z_20251215T211410Z_S1A_30_v0.1.png,2025-12-15T20:48:28+00:00,622.312,4.5,14QRF,1,23,4,none,False,transformer_v1_32,high,32,20,2024-10-12,172,2.5,4,best,none,False
southwest_france_flood_2023__2023-12-14__30TXR__transformer_v1_32-20mc,https://hyp3-tibet-jpl-test-contentbucket-hratibh1y9pa.s3.us-west-2.amazonaws.com/dd5681e6-3eff-45d3-936b-469e99ff6cb9/OPERA_L3_DIST-ALERT-S1_T30TXR_20231124T060853Z_20251215T212531Z_S1A_30_v0.1.zip,s3://hyp3-tibet-jpl-test-contentbucket-hratibh1y9padd5681e6-3eff-45d3-936b-469e99ff6cb9/OPERA_L3_DIST-ALERT-S1_T30TXR_20231124T060853Z_20251215T212531Z_S1A_30_v0.1,https://hyp3-tibet-jpl-test-contentbucket-hratibh1y9pa.s3.us-west-2.amazonaws.com/dd5681e6-3eff-45d3-936b-469e99ff6cb9/OPERA_L3_DIST-ALERT-S1_T30TXR_20231124T060853Z_20251215T212531Z_S1A_30_v0.1.png,2025-12-15T20:48:28+00:00,1338.349,4.5,30TXR,1,23,4,none,False,transformer_v1_32,high,32,20,2023-11-24,8,2.5,4,best,none,False
monkey_creek_fire_2024__2024-07-18__10TGQ__transformer_v1_32-20mc,https://hyp3-tibet-jpl-test-contentbucket-hratibh1y9pa.s3.us-west-2.amazonaws.com/88baa24d-62a4-4d42-97ca-6e74ceb6251a/OPERA_L3_DIST-ALERT-S1_T10TGQ_20240701T015330Z_20251215T212845Z_S1A_30_v0.1.zip,s3://hyp3-tibet-jpl-test-contentbucket-hratibh1y9pa88baa24d-62a4-4d42-97ca-6e74ceb6251a/OPERA_L3_DIST-ALERT-S1_T10TGQ_20240701T015330Z_20251215T212845Z_S1A_30_v0.1,https://hyp3-tibet-jpl-test-contentbucket-hratibh1y9pa.s3.us-west-2.amazonaws.com/88baa24d-62a4-4d42-97ca-6e74ceb6251a/OPERA_L3_DIST-ALERT-S1_T10TGQ_20240701T015330Z_20251215T212845Z_S1A_30_v0.1.png,2025-12-15T20:48:28+00:00,1537.527,4.5,10TGQ,1,23,4,none,False,transformer_v1_32,high,32,20,2024-07-01,64,2.5,4,best,none,False
smokehouse_creek_fire_2024__2024-02-26__14SME__transformer_v1_32-20mc,https://hyp3-tibet-jpl-test-contentbucket-hratibh1y9pa.s3.us-west-2.amazonaws.com/81b5d2aa-5ccb-4663-82b0-085fa4f846cf/OPERA_L3_DIST-ALERT-S1_T14SME_20240423T003659Z_20251215T213554Z_S1A_30_v0.1.zip,s3://hyp3-tibet-jpl-test-contentbucket-hratibh1y9pa81b5d2aa-5ccb-4663-82b0-085fa4f846cf/OPERA_L3_DIST-ALERT-S1_T14SME_20240423T003659Z_20251215T213554Z_S1A_30_v0.1,https://hyp3-tibet-jpl-test-contentbucket-hratibh1y9pa.s3.us-west-2.amazonaws.com/81b5d2aa-5ccb-4663-82b0-085fa4f846cf/OPERA_L3_DIST-ALERT-S1_T14SME_20240423T003659Z_20251215T213554Z_S1A_30_v0.1.png,2025-12-15T20:48:28+00:00,1979.76,4.5,14SME,1,23,4,none,False,transformer_v1_32,high,32,20,2024-04-23,107,2.5,4,best,none,False
monkey_creek_fire_2024__2024-07-18__11TLK__transformer_v1_32-20mc,https://hyp3-tibet-jpl-test-contentbucket-hratibh1y9pa.s3.us-west-2.amazonaws.com/0811da81-517b-4bfd-820f-6c76ee91a9e4/OPERA_L3_DIST-ALERT-S1_T11TLK_20240823T135807Z_20251215T211625Z_S1A_30_v0.1.zip,s3://hyp3-tibet-jpl-test-contentbucket-hratibh1y9pa0811da81-517b-4bfd-820f-6c76ee91a9e4/OPERA_L3_DIST-ALERT-S1_T11TLK_20240823T135807Z_20251215T211625Z_S1A_30_v0.1,https://hyp3-tibet-jpl-test-contentbucket-hratibh1y9pa.s3.us-west-2.amazonaws.com/0811da81-517b-4bfd-820f-6c76ee91a9e4/OPERA_L3_DIST-ALERT-S1_T11TLK_20240823T135807Z_20251215T211625Z_S1A_30_v0.1.png,2025-12-15T20:48:28+00:00,797.928,4.5,11TLK,1,23,4,none,False,transformer_v1_32,high,32,20,2024-08-23,144,2.5,4,best,none,False
chile_fire_2024__2024-02-04__19HBD__transformer_v1_32-20mc,https://hyp3-tibet-jpl-test-contentbucket-hratibh1y9pa.s3.us-west-2.amazonaws.com/d62c92e6-9638-4b73-9df5-fa69f7f3205a/OPERA_L3_DIST-ALERT-S1_T19HBD_20240402T100430Z_20251215T212553Z_S1A_30_v0.1.zip,s3://hyp3-tibet-jpl-test-contentbucket-hratibh1y9pad62c92e6-9638-4b73-9df5-fa69f7f3205a/OPERA_L3_DIST-ALERT-S1_T19HBD_20240402T100430Z_20251215T212553Z_S1A_30_v0.1,https://hyp3-tibet-jpl-test-contentbucket-hratibh1y9pa.s3.us-west-2.amazonaws.com/d62c92e6-9638-4b73-9df5-fa69f7f3205a/OPERA_L3_DIST-ALERT-S1_T19HBD_20240402T100430Z_20251215T212553Z_S1A_30_v0.1.png,2025-12-15T20:48:28+00:00,1362.195,4.5,19HBD,1,23,4,none,False,transformer_v1_32,high,32,20,2024-04-02,156,2.5,4,best,none,False
smokehouse_creek_fire_2024__2024-02-26__14SLE__transformer_v1_32-20mc,https://hyp3-tibet-jpl-test-contentbucket-hratibh1y9pa.s3.us-west-2.amazonaws.com/d0984dbf-fde2-4a35-9f45-093ebd934eef/OPERA_L3_DIST-ALERT-S1_T14SLE_20240404T124631Z_20251215T212141Z_S1A_30_v0.1.zip,s3://hyp3-tibet-jpl-test-contentbucket-hratibh1y9pad0984dbf-fde2-4a35-9f45-093ebd934eef/OPERA_L3_DIST-ALERT-S1_T14SLE_20240404T124631Z_20251215T212141Z_S1A_30_v0.1,https://hyp3-tibet-jpl-test-contentbucket-hratibh1y9pa.s3.us-west-2.amazonaws.com/d0984dbf-fde2-4a35-9f45-093ebd934eef/OPERA_L3_DIST-ALERT-S1_T14SLE_20240404T124631Z_20251215T212141Z_S1A_30_v0.1.png,2025-12-15T20:48:28+00:00,1127.91,4.5,14SLE,1,23,4,none,False,transformer_v1_32,high,32,20,2024-04-04,12,2.5,4,best,none,False
monkey_creek_fire_2024__2024-07-18__10TGQ__transformer_v1_32-20mc,https://hyp3-tibet-jpl-test-contentbucket-hratibh1y9pa.s3.us-west-2.amazonaws.com/3d17ac08-2e7c-4379-915d-e28ed76951f4/OPERA_L3_DIST-ALERT-S1_T10TGQ_20240830T015330Z_20251215T213345Z_S1A_30_v0.1.zip,s3://hyp3-tibet-jpl-test-contentbucket-hratibh1y9pa3d17ac08-2e7c-4379-915d-e28ed76951f4/OPERA_L3_DIST-ALERT-S1_T10TGQ_20240830T015330Z_20251215T213345Z_S1A_30_v0.1,https://hyp3-tibet-jpl-test-contentbucket-hratibh1y9pa.s3.us-west-2.amazonaws.com/3d17ac08-2e7c-4379-915d-e28ed76951f4/OPERA_L3_DIST-ALERT-S1_T10TGQ_20240830T015330Z_20251215T213345Z_S1A_30_v0.1.png,2025-12-15T20:48:28+00:00,1839.306,4.5,10TGQ,1,23,4,none,False,transformer_v1_32,high,32,20,2024-08-30,64,2.5,4,best,none,False
smokehouse_creek_fire_2024__2024-02-26__14SLE__transformer_v1_32-20mc,https://hyp3-tibet-jpl-test-contentbucket-hratibh1y9pa.s3.us-west-2.amazonaws.com/50ad613e-202e-44bc-92db-48e666f93d98/OPERA_L3_DIST-ALERT-S1_T14SLE_20240204T004509Z_20251215T213128Z_S1A_30_v0.1.zip,s3://hyp3-tibet-jpl-test-contentbucket-hratibh1y9pa50ad613e-202e-44bc-92db-48e666f93d98/OPERA_L3_DIST-ALERT-S1_T14SLE_20240204T004509Z_20251215T213128Z_S1A_30_v0.1,https://hyp3-tibet-jpl-test-contentbucket-hratibh1y9pa.s3.us-west-2.amazonaws.com/50ad613e-202e-44bc-92db-48e666f93d98/OPERA_L3_DIST-ALERT-S1_T14SLE_20240204T004509Z_20251215T213128Z_S1A_30_v0.1.png,2025-12-15T20:48:28+00:00,1701.14,4.5,14SLE,1,23,4,none,False,transformer_v1_32,high,32,20,2024-02-04,5,2.5,4,best,none,False
southwest_france_flood_2023__2023-12-14__30TXR__transformer_v1_32-20mc,https://hyp3-tibet-jpl-test-contentbucket-hratibh1y9pa.s3.us-west-2.amazonaws.com/9ca8dd51-168b-4e52-87e1-d067adb8d395/OPERA_L3_DIST-ALERT-S1_T30TXR_20240209T061700Z_20251215T211849Z_S1A_30_v0.1.zip,s3://hyp3-tibet-jpl-test-contentbucket-hratibh1y9pa9ca8dd51-168b-4e52-87e1-d067adb8d395/OPERA_L3_DIST-ALERT-S1_T30TXR_20240209T061700Z_20251215T211849Z_S1A_30_v0.1,https://hyp3-tibet-jpl-test-contentbucket-hratibh1y9pa.s3.us-west-2.amazonaws.com/9ca8dd51-168b-4e52-87e1-d067adb8d395/OPERA_L3_DIST-ALERT-S1_T30TXR_20240209T061700Z_20251215T211849Z_S1A_30_v0.1.png,2025-12-15T20:48:28+00:00,939.928,4.5,30TXR,1,23,4,none,False,transformer_v1_32,high,32,20,2024-02-09,81,2.5,4,best,none,False
smokehouse_creek_fire_2024__2024-02-26__14SLE__transformer_v1_32-20mc,https://hyp3-tibet-jpl-test-contentbucket-hratibh1y9pa.s3.us-west-2.amazonaws.com/197782a8-1407-4421-8e04-2d46b21cc096/OPERA_L3_DIST-ALERT-S1_T14SLE_20240318T003703Z_20251215T211513Z_S1A_30_v0.1.zip,s3://hyp3-tibet-jpl-test-contentbucket-hratibh1y9pa197782a8-1407-4421-8e04-2d46b21cc096/OPERA_L3_DIST-ALERT-S1_T14SLE_20240318T003703Z_20251215T211513Z_S1A_30_v0.1,https://hyp3-tibet-jpl-test-contentbucket-hratibh1y9pa.s3.us-west-2.amazonaws.com/197782a8-1407-4421-8e04-2d46b21cc096/OPERA_L3_DIST-ALERT-S1_T14SLE_20240318T003703Z_20251215T211513Z_S1A_30_v0.1.png,2025-12-15T20:48:28+00:00,726.729,4.5,14SLE,1,23,4,none,False,transformer_v1_32,high,32,20,2024-03-18,107,2.5,4,best,none,False
brazzaville_flood_and_landslides_2024__2024-02-08__33MWR__transformer_v1_32-20mc,https://hyp3-tibet-jpl-test-contentbucket-hratibh1y9pa.s3.us-west-2.amazonaws.com/75fabd86-50a9-4a51-8e67-0aed1b4d94d8/OPERA_L3_DIST-ALERT-S1_T33MWR_20240306T043536Z_20251215T212643Z_S1A_30_v0.1.zip,s3://hyp3-tibet-jpl-test-contentbucket-hratibh1y9pa75fabd86-50a9-4a51-8e67-0aed1b4d94d8/OPERA_L3_DIST-ALERT-S1_T33MWR_20240306T043536Z_20251215T212643Z_S1A_30_v0.1,https://hyp3-tibet-jpl-test-contentbucket-hratibh1y9pa.s3.us-west-2.amazonaws.com/75fabd86-50a9-4a51-8e67-0aed1b4d94d8/OPERA_L3_DIST-ALERT-S1_T33MWR_20240306T043536Z_20251215T212643Z_S1A_30_v0.1.png,2025-12-15T20:48:28+00:00,1420.604,4.5,33MWR,1,23,4,none,False,transformer_v1_32,high,32,20,2024-03-06,109,2.5,4,best,none,False
tlacotalpan_flood_2024__2024-10-29__14QRF__transformer_v1_32-20mc,https://hyp3-tibet-jpl-test-contentbucket-hratibh1y9pa.s3.us-west-2.amazonaws.com/d6ade8bb-abc0-40a1-b6aa-0914deecca8f/OPERA_L3_DIST-ALERT-S1_T14QRF_20241117T121014Z_20251215T211222Z_S1A_30_v0.1.zip,s3://hyp3-tibet-jpl-test-contentbucket-hratibh1y9pad6ade8bb-abc0-40a1-b6aa-0914deecca8f/OPERA_L3_DIST-ALERT-S1_T14QRF_20241117T121014Z_20251215T211222Z_S1A_30_v0.1,https://hyp3-tibet-jpl-test-contentbucket-hratibh1y9pa.s3.us-west-2.amazonaws.com/d6ade8bb-abc0-40a1-b6aa-0914deecca8f/OPERA_L3_DIST-ALERT-S1_T14QRF_20241117T121014Z_20251215T211222Z_S1A_30_v0.1.png,2025-12-15T20:48:28+00:00,552.822,4.5,14QRF,1,23,4,none,False,transformer_v1_32,high,32,20,2024-11-17,172,2.5,4,best,none,False
southwest_france_flood_2023__2023-12-14__30TXR__transformer_v1_32-20mc,https://hyp3-tibet-jpl-test-contentbucket-hratibh1y9pa.s3.us-west-2.amazonaws.com/fd258f4f-285c-4784-87b3-7d56fcdefd10/OPERA_L3_DIST-ALERT-S1_T30TXR_20240124T175631Z_20251215T212145Z_S1A_30_v0.1.zip,s3://hyp3-tibet-jpl-test-contentbucket-hratibh1y9pafd258f4f-285c-4784-87b3-7d56fcdefd10/OPERA_L3_DIST-ALERT-S1_T30TXR_20240124T175631Z_20251215T212145Z_S1A_30_v0.1,https://hyp3-tibet-jpl-test-contentbucket-hratibh1y9pa.s3.us-west-2.amazonaws.com/fd258f4f-285c-4784-87b3-7d56fcdefd10/OPERA_L3_DIST-ALERT-S1_T30TXR_20240124T175631Z_20251215T212145Z_S1A_30_v0.1.png,2025-12-15T20:48:28+00:00,1153.57,4.5,30TXR,1,23,4,none,False,transformer_v1_32,high,32,20,2024-01-24,30,2.5,4,best,none,False
southwest_france_flood_2023__2023-12-14__30TYR__transformer_v1_32-20mc,https://hyp3-tibet-jpl-test-contentbucket-hratibh1y9pa.s3.us-west-2.amazonaws.com/4686a358-a933-43db-8fbf-1309205807d9/OPERA_L3_DIST-ALERT-S1_T30TYR_20240119T174818Z_20251215T213553Z_S1A_30_v0.1.zip,s3://hyp3-tibet-jpl-test-contentbucket-hratibh1y9pa4686a358-a933-43db-8fbf-1309205807d9/OPERA_L3_DIST-ALERT-S1_T30TYR_20240119T174818Z_20251215T213553Z_S1A_30_v0.1,https://hyp3-tibet-jpl-test-contentbucket-hratibh1y9pa.s3.us-west-2.amazonaws.com/4686a358-a933-43db-8fbf-1309205807d9/OPERA_L3_DIST-ALERT-S1_T30TYR_20240119T174818Z_20251215T213553Z_S1A_30_v0.1.png,2025-12-15T20:48:28+00:00,2013.701,4.5,30TYR,1,23,4,none,False,transformer_v1_32,high,32,20,2024-01-19,132,2.5,4,best,none,False
smokehouse_creek_fire_2024__2024-02-26__14SME__transformer_v1_32-20mc,https://hyp3-tibet-jpl-test-contentbucket-hratibh1y9pa.s3.us-west-2.amazonaws.com/ce29c946-134d-4179-8259-e96118df7c7c/OPERA_L3_DIST-ALERT-S1_T14SME_20240306T003658Z_20251215T213508Z_S1A_30_v0.1.zip,s3://hyp3-tibet-jpl-test-contentbucket-hratibh1y9pace29c946-134d-4179-8259-e96118df7c7c/OPERA_L3_DIST-ALERT-S1_T14SME_20240306T003658Z_20251215T213508Z_S1A_30_v0.1,https://hyp3-tibet-jpl-test-contentbucket-hratibh1y9pa.s3.us-west-2.amazonaws.com/ce29c946-134d-4179-8259-e96118df7c7c/OPERA_L3_DIST-ALERT-S1_T14SME_20240306T003658Z_20251215T213508Z_S1A_30_v0.1.png,2025-12-15T20:48:28+00:00,1959.324,4.5,14SME,1,23,4,none,False,transformer_v1_32,high,32,20,2024-03-06,107,2.5,4,best,none,False
smokehouse_creek_fire_2024__2024-02-26__14SLE__transformer_v1_32-20mc,https://hyp3-tibet-jpl-test-contentbucket-hratibh1y9pa.s3.us-west-2.amazonaws.com/03ed3ab2-f187-4a30-8173-42da8070b013/OPERA_L3_DIST-ALERT-S1_T14SLE_20240228T124630Z_20251215T211316Z_S1A_30_v0.1.zip,s3://hyp3-tibet-jpl-test-contentbucket-hratibh1y9pa03ed3ab2-f187-4a30-8173-42da8070b013/OPERA_L3_DIST-ALERT-S1_T14SLE_20240228T124630Z_20251215T211316Z_S1A_30_v0.1,https://hyp3-tibet-jpl-test-contentbucket-hratibh1y9pa.s3.us-west-2.amazonaws.com/03ed3ab2-f187-4a30-8173-42da8070b013/OPERA_L3_DIST-ALERT-S1_T14SLE_20240228T124630Z_20251215T211316Z_S1A_30_v0.1.png,2025-12-15T20:48:28+00:00,646.518,4.5,14SLE,1,23,4,none,False,transformer_v1_32,high,32,20,2024-02-28,12,2.5,4,best,none,False
brazzaville_flood_and_landslides_2024__2024-02-08__33MWR__transformer_v1_32-20mc,https://hyp3-tibet-jpl-test-contentbucket-hratibh1y9pa.s3.us-west-2.amazonaws.com/a63c0060-605c-4b1a-8150-3cdf37c23b54/OPERA_L3_DIST-ALERT-S1_T33MWR_20240330T043537Z_20251215T213535Z_S1A_30_v0.1.zip,s3://hyp3-tibet-jpl-test-contentbucket-hratibh1y9paa63c0060-605c-4b1a-8150-3cdf37c23b54/OPERA_L3_DIST-ALERT-S1_T33MWR_20240330T043537Z_20251215T213535Z_S1A_30_v0.1,https://hyp3-tibet-jpl-test-contentbucket-hratibh1y9pa.s3.us-west-2.amazonaws.com/a63c0060-605c-4b1a-8150-3cdf37c23b54/OPERA_L3_DIST-ALERT-S1_T33MWR_20240330T043537Z_20251215T213535Z_S1A_30_v0.1.png,2025-12-15T20:48:28+00:00,1989.816,4.5,33MWR,1,23,4,none,False,transformer_v1_32,high,32,20,2024-03-30,109,2.5,4,best,none,False
southwest_france_flood_2023__2023-12-14__30TXR__transformer_v1_32-20mc,https://hyp3-tibet-jpl-test-contentbucket-hratibh1y9pa.s3.us-west-2.amazonaws.com/c3378c34-1e0d-4366-bb19-021556b90864/OPERA_L3_DIST-ALERT-S1_T30TXR_20240123T060851Z_20251215T213109Z_S1A_30_v0.1.zip,s3://hyp3-tibet-jpl-test-contentbucket-hratibh1y9pac3378c34-1e0d-4366-bb19-021556b90864/OPERA_L3_DIST-ALERT-S1_T30TXR_20240123T060851Z_20251215T213109Z_S1A_30_v0.1,https://hyp3-tibet-jpl-test-contentbucket-hratibh1y9pa.s3.us-west-2.amazonaws.com/c3378c34-1e0d-4366-bb19-021556b90864/OPERA_L3_DIST-ALERT-S1_T30TXR_20240123T060851Z_20251215T213109Z_S1A_30_v0.1.png,2025-12-15T20:48:28+00:00,1713.29,4.5,30TXR,1,23,4,none,False,transformer_v1_32,high,32,20,2024-01-23,8,2.5,4,best,none,False
southwest_france_flood_2023__2023-12-14__30TXR__transformer_v1_32-20mc,https://hyp3-tibet-jpl-test-contentbucket-hratibh1y9pa.s3.us-west-2.amazonaws.com/cc57fba4-511e-4ad2-b3f1-53aa005a6cc5/OPERA_L3_DIST-ALERT-S1_T30TXR_20240105T180444Z_20251215T211558Z_S1A_30_v0.1.zip,s3://hyp3-tibet-jpl-test-contentbucket-hratibh1y9pacc57fba4-511e-4ad2-b3f1-53aa005a6cc5/OPERA_L3_DIST-ALERT-S1_T30TXR_20240105T180444Z_20251215T211558Z_S1A_30_v0.1,https://hyp3-tibet-jpl-test-contentbucket-hratibh1y9pa.s3.us-west-2.amazonaws.com/cc57fba4-511e-4ad2-b3f1-53aa005a6cc5/OPERA_L3_DIST-ALERT-S1_T30TXR_20240105T180444Z_20251215T211558Z_S1A_30_v0.1.png,2025-12-15T20:48:28+00:00,801.44,4.5,30TXR,1,23,4,none,False,transformer_v1_32,high,32,20,2024-01-05,103,2.5,4,best,none,False
brazzaville_flood_and_landslides_2023__2023-12-28__33MWR__transformer_v1_32-20mc,https://hyp3-tibet-jpl-test-contentbucket-hratibh1y9pa.s3.us-west-2.amazonaws.com/d157b3bc-fb78-44db-83b4-c0e9a3914a7c/OPERA_L3_DIST-ALERT-S1_T33MWR_20240223T043536Z_20251215T212843Z_S1A_30_v0.1.zip,s3://hyp3-tibet-jpl-test-contentbucket-hratibh1y9pad157b3bc-fb78-44db-83b4-c0e9a3914a7c/OPERA_L3_DIST-ALERT-S1_T33MWR_20240223T043536Z_20251215T212843Z_S1A_30_v0.1,https://hyp3-tibet-jpl-test-contentbucket-hratibh1y9pa.s3.us-west-2.amazonaws.com/d157b3bc-fb78-44db-83b4-c0e9a3914a7c/OPERA_L3_DIST-ALERT-S1_T33MWR_20240223T043536Z_20251215T212843Z_S1A_30_v0.1.png,2025-12-15T20:48:28+00:00,1578.917,4.5,33MWR,1,23,4,none,False,transformer_v1_32,high,32,20,2024-02-23,109,2.5,4,best,none,False
southwest_france_flood_2023__2023-12-14__30TXR__transformer_v1_32-20mc,https://hyp3-tibet-jpl-test-contentbucket-hratibh1y9pa.s3.us-west-2.amazonaws.com/1564361f-2d5c-4309-a797-d08c50af6483/OPERA_L3_DIST-ALERT-S1_T30TXR_20231223T061702Z_20251215T211814Z_S1A_30_v0.1.zip,s3://hyp3-tibet-jpl-test-contentbucket-hratibh1y9pa1564361f-2d5c-4309-a797-d08c50af6483/OPERA_L3_DIST-ALERT-S1_T30TXR_20231223T061702Z_20251215T211814Z_S1A_30_v0.1,https://hyp3-tibet-jpl-test-contentbucket-hratibh1y9pa.s3.us-west-2.amazonaws.com/1564361f-2d5c-4309-a797-d08c50af6483/OPERA_L3_DIST-ALERT-S1_T30TXR_20231223T061702Z_20251215T211814Z_S1A_30_v0.1.png,2025-12-15T20:48:28+00:00,951.801,4.5,30TXR,1,23,4,none,False,transformer_v1_32,high,32,20,2023-12-23,81,2.5,4,best,none,False
monkey_creek_fire_2024__2024-07-18__10TGQ__transformer_v1_32-20mc,https://hyp3-tibet-jpl-test-contentbucket-hratibh1y9pa.s3.us-west-2.amazonaws.com/80719264-8a59-4157-a492-51dbee3d85c7/OPERA_L3_DIST-ALERT-S1_T10TGQ_20240711T140625Z_20251215T211921Z_S1A_30_v0.1.zip,s3://hyp3-tibet-jpl-test-contentbucket-hratibh1y9pa80719264-8a59-4157-a492-51dbee3d85c7/OPERA_L3_DIST-ALERT-S1_T10TGQ_20240711T140625Z_20251215T211921Z_S1A_30_v0.1,https://hyp3-tibet-jpl-test-contentbucket-hratibh1y9pa.s3.us-west-2.amazonaws.com/80719264-8a59-4157-a492-51dbee3d85c7/OPERA_L3_DIST-ALERT-S1_T10TGQ_20240711T140625Z_20251215T211921Z_S1A_30_v0.1.png,2025-12-15T20:48:28+00:00,1011.307,4.5,10TGQ,1,23,4,none,False,transformer_v1_32,high,32,20,2024-07-11,42,2.5,4,best,none,False
smokehouse_creek_fire_2024__2024-02-26__14SKE__transformer_v1_32-20mc,https://hyp3-tibet-jpl-test-contentbucket-hratibh1y9pa.s3.us-west-2.amazonaws.com/d1bab07d-4bb2-4140-a4a8-50b599338293/OPERA_L3_DIST-ALERT-S1_T14SKE_20240328T005324Z_20251215T211314Z_S1A_30_v0.1.zip,s3://hyp3-tibet-jpl-test-contentbucket-hratibh1y9pad1bab07d-4bb2-4140-a4a8-50b599338293/OPERA_L3_DIST-ALERT-S1_T14SKE_20240328T005324Z_20251215T211314Z_S1A_30_v0.1,https://hyp3-tibet-jpl-test-contentbucket-hratibh1y9pa.s3.us-west-2.amazonaws.com/d1bab07d-4bb2-4140-a4a8-50b599338293/OPERA_L3_DIST-ALERT-S1_T14SKE_20240328T005324Z_20251215T211314Z_S1A_30_v0.1.png,2025-12-15T20:48:28+00:00,639.595,4.5,14SKE,1,23,4,none,False,transformer_v1_32,high,32,20,2024-03-28,78,2.5,4,best,none,False
brazzaville_flood_and_landslides_2023__2023-12-28__33MWR__transformer_v1_32-20mc,https://hyp3-tibet-jpl-test-contentbucket-hratibh1y9pa.s3.us-west-2.amazonaws.com/ab651c81-297b-47e5-99d5-f5e8654c6c3a/OPERA_L3_DIST-ALERT-S1_T33MWR_20231230T044347Z_20251215T211444Z_S1A_30_v0.1.zip,s3://hyp3-tibet-jpl-test-contentbucket-hratibh1y9paab651c81-297b-47e5-99d5-f5e8654c6c3a/OPERA_L3_DIST-ALERT-S1_T33MWR_20231230T044347Z_20251215T211444Z_S1A_30_v0.1,https://hyp3-tibet-jpl-test-contentbucket-hratibh1y9pa.s3.us-west-2.amazonaws.com/ab651c81-297b-47e5-99d5-f5e8654c6c3a/OPERA_L3_DIST-ALERT-S1_T33MWR_20231230T044347Z_20251215T211444Z_S1A_30_v0.1.png,2025-12-15T20:48:28+00:00,763.288,4.5,33MWR,1,23,4,none,False,transformer_v1_32,high,32,20,2023-12-30,7,2.5,4,best,none,False
southwest_france_flood_2023__2023-12-14__30TYR__transformer_v1_32-20mc,https://hyp3-tibet-jpl-test-contentbucket-hratibh1y9pa.s3.us-west-2.amazonaws.com/f649c49e-74f7-4389-8422-4bcc203a5c13/OPERA_L3_DIST-ALERT-S1_T30TYR_20231202T174821Z_20251215T212628Z_S1A_30_v0.1.zip,s3://hyp3-tibet-jpl-test-contentbucket-hratibh1y9paf649c49e-74f7-4389-8422-4bcc203a5c13/OPERA_L3_DIST-ALERT-S1_T30TYR_20231202T174821Z_20251215T212628Z_S1A_30_v0.1,https://hyp3-tibet-jpl-test-contentbucket-hratibh1y9pa.s3.us-west-2.amazonaws.com/f649c49e-74f7-4389-8422-4bcc203a5c13/OPERA_L3_DIST-ALERT-S1_T30TYR_20231202T174821Z_20251215T212628Z_S1A_30_v0.1.png,2025-12-15T20:48:28+00:00,1441.99,4.5,30TYR,1,23,4,none,False,transformer_v1_32,high,32,20,2023-12-02,132,2.5,4,best,none,False
southwest_france_flood_2023__2023-12-14__30TXR__transformer_v1_32-20mc,https://hyp3-tibet-jpl-test-contentbucket-hratibh1y9pa.s3.us-west-2.amazonaws.com/cd0a3ead-b135-4a3f-9398-215537523258/OPERA_L3_DIST-ALERT-S1_T30TXR_20240210T180443Z_20251215T211329Z_S1A_30_v0.1.zip,s3://hyp3-tibet-jpl-test-contentbucket-hratibh1y9pacd0a3ead-b135-4a3f-9398-215537523258/OPERA_L3_DIST-ALERT-S1_T30TXR_20240210T180443Z_20251215T211329Z_S1A_30_v0.1,https://hyp3-tibet-jpl-test-contentbucket-hratibh1y9pa.s3.us-west-2.amazonaws.com/cd0a3ead-b135-4a3f-9398-215537523258/OPERA_L3_DIST-ALERT-S1_T30TXR_20240210T180443Z_20251215T211329Z_S1A_30_v0.1.png,2025-12-15T20:48:28+00:00,683.151,4.5,30TXR,1,23,4,none,False,transformer_v1_32,high,32,20,2024-02-10,103,2.5,4,best,none,False
smokehouse_creek_fire_2024__2024-02-26__14SKE__transformer_v1_32-20mc,https://hyp3-tibet-jpl-test-contentbucket-hratibh1y9pa.s3.us-west-2.amazonaws.com/72e26673-4878-496f-9564-e4333c894ca9/OPERA_L3_DIST-ALERT-S1_T14SKE_20240323T004513Z_20251215T212421Z_S1A_30_v0.1.zip,s3://hyp3-tibet-jpl-test-contentbucket-hratibh1y9pa72e26673-4878-496f-9564-e4333c894ca9/OPERA_L3_DIST-ALERT-S1_T14SKE_20240323T004513Z_20251215T212421Z_S1A_30_v0.1,https://hyp3-tibet-jpl-test-contentbucket-hratibh1y9pa.s3.us-west-2.amazonaws.com/72e26673-4878-496f-9564-e4333c894ca9/OPERA_L3_DIST-ALERT-S1_T14SKE_20240323T004513Z_20251215T212421Z_S1A_30_v0.1.png,2025-12-15T20:48:28+00:00,1313.914,4.5,14SKE,1,23,4,none,False,transformer_v1_32,high,32,20,2024-03-23,5,2.5,4,best,none,False
brazzaville_flood_and_landslides_2024__2024-02-08__33MWR__transformer_v1_32-20mc,https://hyp3-tibet-jpl-test-contentbucket-hratibh1y9pa.s3.us-west-2.amazonaws.com/816464d8-09b3-459c-9a95-f6d3a88f84de/OPERA_L3_DIST-ALERT-S1_T33MWR_20240223T043536Z_20251215T213437Z_S1A_30_v0.1.zip,s3://hyp3-tibet-jpl-test-contentbucket-hratibh1y9pa816464d8-09b3-459c-9a95-f6d3a88f84de/OPERA_L3_DIST-ALERT-S1_T33MWR_20240223T043536Z_20251215T213437Z_S1A_30_v0.1,https://hyp3-tibet-jpl-test-contentbucket-hratibh1y9pa.s3.us-west-2.amazonaws.com/816464d8-09b3-459c-9a95-f6d3a88f84de/OPERA_L3_DIST-ALERT-S1_T33MWR_20240223T043536Z_20251215T213437Z_S1A_30_v0.1.png,2025-12-15T20:48:28+00:00,1964.76,4.5,33MWR,1,23,4,none,False,transformer_v1_32,high,32,20,2024-02-23,109,2.5,4,best,none,False
southwest_france_flood_2023__2023-12-14__30TYR__transformer_v1_32-20mc,https://hyp3-tibet-jpl-test-contentbucket-hratibh1y9pa.s3.us-west-2.amazonaws.com/1b7b2837-f632-4430-af6d-3cebe93a1f20/OPERA_L3_DIST-ALERT-S1_T30TYR_20231223T061702Z_20251215T211517Z_S1A_30_v0.1.zip,s3://hyp3-tibet-jpl-test-contentbucket-hratibh1y9pa1b7b2837-f632-4430-af6d-3cebe93a1f20/OPERA_L3_DIST-ALERT-S1_T30TYR_20231223T061702Z_20251215T211517Z_S1A_30_v0.1,https://hyp3-tibet-jpl-test-contentbucket-hratibh1y9pa.s3.us-west-2.amazonaws.com/1b7b2837-f632-4430-af6d-3cebe93a1f20/OPERA_L3_DIST-ALERT-S1_T30TYR_20231223T061702Z_20251215T211517Z_S1A_30_v0.1.png,2025-12-15T20:48:28+00:00,792.696,4.5,30TYR,1,23,4,none,False,transformer_v1_32,high,32,20,2023-12-23,81,2.5,4,best,none,False
chile_fire_2024__2024-02-04__19HBD__transformer_v1_32-20mc,https://hyp3-tibet-jpl-test-contentbucket-hratibh1y9pa.s3.us-west-2.amazonaws.com/8ac356be-bfcd-4684-999f-ea8071a727f4/OPERA_L3_DIST-ALERT-S1_T19HBD_20240321T100430Z_20251215T212834Z_S1A_30_v0.1.zip,s3://hyp3-tibet-jpl-test-contentbucket-hratibh1y9pa8ac356be-bfcd-4684-999f-ea8071a727f4/OPERA_L3_DIST-ALERT-S1_T19HBD_20240321T100430Z_20251215T212834Z_S1A_30_v0.1,https://hyp3-tibet-jpl-test-contentbucket-hratibh1y9pa.s3.us-west-2.amazonaws.com/8ac356be-bfcd-4684-999f-ea8071a727f4/OPERA_L3_DIST-ALERT-S1_T19HBD_20240321T100430Z_20251215T212834Z_S1A_30_v0.1.png,2025-12-15T20:48:28+00:00,1598.324,4.5,19HBD,1,23,4,none,False,transformer_v1_32,high,32,20,2024-03-21,156,2.5,4,best,none,False
monkey_creek_fire_2024__2024-07-18__10TGQ__transformer_v1_32-20mc,https://hyp3-tibet-jpl-test-contentbucket-hratibh1y9pa.s3.us-west-2.amazonaws.com/3e03de90-0e7a-4bae-bc02-5b4258f6811b/OPERA_L3_DIST-ALERT-S1_T10TGQ_20240622T141431Z_20251215T211649Z_S1A_30_v0.1.zip,s3://hyp3-tibet-jpl-test-contentbucket-hratibh1y9pa3e03de90-0e7a-4bae-bc02-5b4258f6811b/OPERA_L3_DIST-ALERT-S1_T10TGQ_20240622T141431Z_20251215T211649Z_S1A_30_v0.1,https://hyp3-tibet-jpl-test-contentbucket-hratibh1y9pa.s3.us-west-2.amazonaws.com/3e03de90-0e7a-4bae-bc02-5b4258f6811b/OPERA_L3_DIST-ALERT-S1_T10TGQ_20240622T141431Z_20251215T211649Z_S1A_30_v0.1.png,2025-12-15T20:48:28+00:00,886.985,4.5,10TGQ,1,23,4,none,False,transformer_v1_32,high,32,20,2024-06-22,115,2.5,4,best,none,False
southwest_france_flood_2023__2023-12-14__30TYR__transformer_v1_32-20mc,https://hyp3-tibet-jpl-test-contentbucket-hratibh1y9pa.s3.us-west-2.amazonaws.com/6070d766-d28e-4921-8e6e-125517bc8596/OPERA_L3_DIST-ALERT-S1_T30TYR_20240111T060849Z_20251215T213013Z_S1A_30_v0.1.zip,s3://hyp3-tibet-jpl-test-contentbucket-hratibh1y9pa6070d766-d28e-4921-8e6e-125517bc8596/OPERA_L3_DIST-ALERT-S1_T30TYR_20240111T060849Z_20251215T213013Z_S1A_30_v0.1,https://hyp3-tibet-jpl-test-contentbucket-hratibh1y9pa.s3.us-west-2.amazonaws.com/6070d766-d28e-4921-8e6e-125517bc8596/OPERA_L3_DIST-ALERT-S1_T30TYR_20240111T060849Z_20251215T213013Z_S1A_30_v0.1.png,2025-12-15T20:48:28+00:00,1695.827,4.5,30TYR,1,23,4,none,False,transformer_v1_32,high,32,20,2024-01-11,8,2.5,4,best,none,False
monkey_creek_fire_2024__2024-07-18__10TGQ__transformer_v1_32-20mc,https://hyp3-tibet-jpl-test-contentbucket-hratibh1y9pa.s3.us-west-2.amazonaws.com/60e91c98-4172-41a2-9054-cc4e10492a14/OPERA_L3_DIST-ALERT-S1_T10TGQ_20240713T015330Z_20251215T213201Z_S1A_30_v0.1.zip,s3://hyp3-tibet-jpl-test-contentbucket-hratibh1y9pa60e91c98-4172-41a2-9054-cc4e10492a14/OPERA_L3_DIST-ALERT-S1_T10TGQ_20240713T015330Z_20251215T213201Z_S1A_30_v0.1,https://hyp3-tibet-jpl-test-contentbucket-hratibh1y9pa.s3.us-west-2.amazonaws.com/60e91c98-4172-41a2-9054-cc4e10492a14/OPERA_L3_DIST-ALERT-S1_T10TGQ_20240713T015330Z_20251215T213201Z_S1A_30_v0.1.png,2025-12-15T20:48:28+00:00,1802.218,4.5,10TGQ,1,23,4,none,False,transformer_v1_32,high,32,20,2024-07-13,64,2.5,4,best,none,False
monkey_creek_fire_2024__2024-07-18__11TLK__transformer_v1_32-20mc,https://hyp3-tibet-jpl-test-contentbucket-hratibh1y9pa.s3.us-west-2.amazonaws.com/942185d6-7497-4222-b3cc-d441c194c776/OPERA_L3_DIST-ALERT-S1_T11TLK_20240713T015328Z_20251215T213245Z_S1A_30_v0.1.zip,s3://hyp3-tibet-jpl-test-contentbucket-hratibh1y9pa942185d6-7497-4222-b3cc-d441c194c776/OPERA_L3_DIST-ALERT-S1_T11TLK_20240713T015328Z_20251215T213245Z_S1A_30_v0.1,https://hyp3-tibet-jpl-test-contentbucket-hratibh1y9pa.s3.us-west-2.amazonaws.com/942185d6-7497-4222-b3cc-d441c194c776/OPERA_L3_DIST-ALERT-S1_T11TLK_20240713T015328Z_20251215T213245Z_S1A_30_v0.1.png,2025-12-15T20:48:28+00:00,1846.803,4.5,11TLK,1,23,4,none,False,transformer_v1_32,high,32,20,2024-07-13,64,2.5,4,best,none,False
southwest_france_flood_2023__2023-12-14__30TXR__transformer_v1_32-20mc,https://hyp3-tibet-jpl-test-contentbucket-hratibh1y9pa.s3.us-west-2.amazonaws.com/2d542c3b-120d-4532-bbd7-e871f44d4233/OPERA_L3_DIST-ALERT-S1_T30TXR_20231218T060852Z_20251215T212358Z_S1A_30_v0.1.zip,s3://hyp3-tibet-jpl-test-contentbucket-hratibh1y9pa2d542c3b-120d-4532-bbd7-e871f44d4233/OPERA_L3_DIST-ALERT-S1_T30TXR_20231218T060852Z_20251215T212358Z_S1A_30_v0.1,https://hyp3-tibet-jpl-test-contentbucket-hratibh1y9pa.s3.us-west-2.amazonaws.com/2d542c3b-120d-4532-bbd7-e871f44d4233/OPERA_L3_DIST-ALERT-S1_T30TXR_20231218T060852Z_20251215T212358Z_S1A_30_v0.1.png,2025-12-15T20:48:28+00:00,1323.856,4.5,30TXR,1,23,4,none,False,transformer_v1_32,high,32,20,2023-12-18,8,2.5,4,best,none,False
monkey_creek_fire_2024__2024-07-18__10TGQ__transformer_v1_32-20mc,https://hyp3-tibet-jpl-test-contentbucket-hratibh1y9pa.s3.us-west-2.amazonaws.com/f5c898d1-5dab-47ce-98a4-39cb6fa24400/OPERA_L3_DIST-ALERT-S1_T10TGQ_20240723T140624Z_20251215T212051Z_S1A_30_v0.1.zip,s3://hyp3-tibet-jpl-test-contentbucket-hratibh1y9paf5c898d1-5dab-47ce-98a4-39cb6fa24400/OPERA_L3_DIST-ALERT-S1_T10TGQ_20240723T140624Z_20251215T212051Z_S1A_30_v0.1,https://hyp3-tibet-jpl-test-contentbucket-hratibh1y9pa.s3.us-west-2.amazonaws.com/f5c898d1-5dab-47ce-98a4-39cb6fa24400/OPERA_L3_DIST-ALERT-S1_T10TGQ_20240723T140624Z_20251215T212051Z_S1A_30_v0.1.png,2025-12-15T20:48:28+00:00,1135.026,4.5,10TGQ,1,23,4,none,False,transformer_v1_32,high,32,20,2024-07-23,42,2.5,4,best,none,False
southwest_france_flood_2023__2023-12-14__30TYR__transformer_v1_32-20mc,https://hyp3-tibet-jpl-test-contentbucket-hratibh1y9pa.s3.us-west-2.amazonaws.com/281fa396-a397-434d-8511-ea13aa2dda5d/OPERA_L3_DIST-ALERT-S1_T30TYR_20231231T175630Z_20251215T212757Z_S1A_30_v0.1.zip,s3://hyp3-tibet-jpl-test-contentbucket-hratibh1y9pa281fa396-a397-434d-8511-ea13aa2dda5d/OPERA_L3_DIST-ALERT-S1_T30TYR_20231231T175630Z_20251215T212757Z_S1A_30_v0.1,https://hyp3-tibet-jpl-test-contentbucket-hratibh1y9pa.s3.us-west-2.amazonaws.com/281fa396-a397-434d-8511-ea13aa2dda5d/OPERA_L3_DIST-ALERT-S1_T30TYR_20231231T175630Z_20251215T212757Z_S1A_30_v0.1.png,2025-12-15T20:48:28+00:00,1563.019,4.5,30TYR,1,23,4,none,False,transformer_v1_32,high,32,20,2023-12-31,30,2.5,4,best,none,False
smokehouse_creek_fire_2024__2024-02-26__14SME__transformer_v1_32-20mc,https://hyp3-tibet-jpl-test-contentbucket-hratibh1y9pa.s3.us-west-2.amazonaws.com/ed1a2eac-5113-457a-9c86-82cd3a1cc6a8/OPERA_L3_DIST-ALERT-S1_T14SME_20240311T124630Z_20251215T210943Z_S1A_30_v0.1.zip,s3://hyp3-tibet-jpl-test-contentbucket-hratibh1y9paed1a2eac-5113-457a-9c86-82cd3a1cc6a8/OPERA_L3_DIST-ALERT-S1_T14SME_20240311T124630Z_20251215T210943Z_S1A_30_v0.1,https://hyp3-tibet-jpl-test-contentbucket-hratibh1y9pa.s3.us-west-2.amazonaws.com/ed1a2eac-5113-457a-9c86-82cd3a1cc6a8/OPERA_L3_DIST-ALERT-S1_T14SME_20240311T124630Z_20251215T210943Z_S1A_30_v0.1.png,2025-12-15T20:48:28+00:00,499.917,4.5,14SME,1,23,4,none,False,transformer_v1_32,high,32,20,2024-03-11,12,2.5,4,best,none,False
brazzaville_flood_and_landslides_2023__2023-12-28__33MWR__transformer_v1_32-20mc,https://hyp3-tibet-jpl-test-contentbucket-hratibh1y9pa.s3.us-west-2.amazonaws.com/7a9683a8-c864-4365-a71b-212bf47acf66/OPERA_L3_DIST-ALERT-S1_T33MWR_20231206T044348Z_20251215T211504Z_S1A_30_v0.1.zip,s3://hyp3-tibet-jpl-test-contentbucket-hratibh1y9pa7a9683a8-c864-4365-a71b-212bf47acf66/OPERA_L3_DIST-ALERT-S1_T33MWR_20231206T044348Z_20251215T211504Z_S1A_30_v0.1,https://hyp3-tibet-jpl-test-contentbucket-hratibh1y9pa.s3.us-west-2.amazonaws.com/7a9683a8-c864-4365-a71b-212bf47acf66/OPERA_L3_DIST-ALERT-S1_T33MWR_20231206T044348Z_20251215T211504Z_S1A_30_v0.1.png,2025-12-15T20:48:28+00:00,785.735,4.5,33MWR,1,23,4,none,False,transformer_v1_32,high,32,20,2023-12-06,7,2.5,4,best,none,False
smokehouse_creek_fire_2024__2024-02-26__14SKE__transformer_v1_32-20mc,https://hyp3-tibet-jpl-test-contentbucket-hratibh1y9pa.s3.us-west-2.amazonaws.com/7ae39e5d-d0bd-451b-8557-b0840c2cb955/OPERA_L3_DIST-ALERT-S1_T14SKE_20240404T004514Z_20251215T213331Z_S1A_30_v0.1.zip,s3://hyp3-tibet-jpl-test-contentbucket-hratibh1y9pa7ae39e5d-d0bd-451b-8557-b0840c2cb955/OPERA_L3_DIST-ALERT-S1_T14SKE_20240404T004514Z_20251215T213331Z_S1A_30_v0.1,https://hyp3-tibet-jpl-test-contentbucket-hratibh1y9pa.s3.us-west-2.amazonaws.com/7ae39e5d-d0bd-451b-8557-b0840c2cb955/OPERA_L3_DIST-ALERT-S1_T14SKE_20240404T004514Z_20251215T213331Z_S1A_30_v0.1.png,2025-12-15T20:48:28+00:00,1939.333,4.5,14SKE,1,23,4,none,False,transformer_v1_32,high,32,20,2024-04-04,5,2.5,4,best,none,False
southwest_france_flood_2023__2023-12-14__30TYR__transformer_v1_32-20mc,https://hyp3-tibet-jpl-test-contentbucket-hratibh1y9pa.s3.us-west-2.amazonaws.com/db02d21a-cc02-4360-9c74-f13a4fdaae5b/OPERA_L3_DIST-ALERT-S1_T30TYR_20240104T061701Z_20251215T211234Z_S1A_30_v0.1.zip,s3://hyp3-tibet-jpl-test-contentbucket-hratibh1y9padb02d21a-cc02-4360-9c74-f13a4fdaae5b/OPERA_L3_DIST-ALERT-S1_T30TYR_20240104T061701Z_20251215T211234Z_S1A_30_v0.1,https://hyp3-tibet-jpl-test-contentbucket-hratibh1y9pa.s3.us-west-2.amazonaws.com/db02d21a-cc02-4360-9c74-f13a4fdaae5b/OPERA_L3_DIST-ALERT-S1_T30TYR_20240104T061701Z_20251215T211234Z_S1A_30_v0.1.png,2025-12-15T20:48:28+00:00,665.752,4.5,30TYR,1,23,4,none,False,transformer_v1_32,high,32,20,2024-01-04,81,2.5,4,best,none,False
smokehouse_creek_fire_2024__2024-02-26__14SME__transformer_v1_32-20mc,https://hyp3-tibet-jpl-test-contentbucket-hratibh1y9pa.s3.us-west-2.amazonaws.com/0f25ac22-7398-4fee-8dc3-ec4fa7194440/OPERA_L3_DIST-ALERT-S1_T14SME_20240404T004510Z_20251215T211702Z_S1A_30_v0.1.zip,s3://hyp3-tibet-jpl-test-contentbucket-hratibh1y9pa0f25ac22-7398-4fee-8dc3-ec4fa7194440/OPERA_L3_DIST-ALERT-S1_T14SME_20240404T004510Z_20251215T211702Z_S1A_30_v0.1,https://hyp3-tibet-jpl-test-contentbucket-hratibh1y9pa.s3.us-west-2.amazonaws.com/0f25ac22-7398-4fee-8dc3-ec4fa7194440/OPERA_L3_DIST-ALERT-S1_T14SME_20240404T004510Z_20251215T211702Z_S1A_30_v0.1.png,2025-12-15T20:48:28+00:00,936.44,4.5,14SME,1,23,4,none,False,transformer_v1_32,high,32,20,2024-04-04,5,2.5,4,best,none,False
smokehouse_creek_fire_2024__2024-02-26__14SLE__transformer_v1_32-20mc,https://hyp3-tibet-jpl-test-contentbucket-hratibh1y9pa.s3.us-west-2.amazonaws.com/154b6d63-1385-4e1a-80b0-77a9a3c3fffb/OPERA_L3_DIST-ALERT-S1_T14SLE_20240404T004510Z_20251215T212734Z_S1A_30_v0.1.zip,s3://hyp3-tibet-jpl-test-contentbucket-hratibh1y9pa154b6d63-1385-4e1a-80b0-77a9a3c3fffb/OPERA_L3_DIST-ALERT-S1_T14SLE_20240404T004510Z_20251215T212734Z_S1A_30_v0.1,https://hyp3-tibet-jpl-test-contentbucket-hratibh1y9pa.s3.us-west-2.amazonaws.com/154b6d63-1385-4e1a-80b0-77a9a3c3fffb/OPERA_L3_DIST-ALERT-S1_T14SLE_20240404T004510Z_20251215T212734Z_S1A_30_v0.1.png,2025-12-15T20:48:28+00:00,1574.62,4.5,14SLE,1,23,4,none,False,transformer_v1_32,high,32,20,2024-04-04,5,2.5,4,best,none,False
tlacotalpan_flood_2024__2024-10-29__14QRF__transformer_v1_32-20mc,https://hyp3-tibet-jpl-test-contentbucket-hratibh1y9pa.s3.us-west-2.amazonaws.com/dc391ab9-3840-42c6-bbdd-8dbc3c2cad21/OPERA_L3_DIST-ALERT-S1_T14QRF_20241113T003212Z_20251215T212801Z_S1A_30_v0.1.zip,s3://hyp3-tibet-jpl-test-contentbucket-hratibh1y9padc391ab9-3840-42c6-bbdd-8dbc3c2cad21/OPERA_L3_DIST-ALERT-S1_T14QRF_20241113T003212Z_20251215T212801Z_S1A_30_v0.1,https://hyp3-tibet-jpl-test-contentbucket-hratibh1y9pa.s3.us-west-2.amazonaws.com/dc391ab9-3840-42c6-bbdd-8dbc3c2cad21/OPERA_L3_DIST-ALERT-S1_T14QRF_20241113T003212Z_20251215T212801Z_S1A_30_v0.1.png,2025-12-15T20:48:28+00:00,1599.402,4.5,14QRF,1,23,4,none,False,transformer_v1_32,high,32,20,2024-11-13,107,2.5,4,best,none,False
smokehouse_creek_fire_2024__2024-02-26__14SLE__transformer_v1_32-20mc,https://hyp3-tibet-jpl-test-contentbucket-hratibh1y9pa.s3.us-west-2.amazonaws.com/8932868a-f665-427c-b33b-a0bea4c73847/OPERA_L3_DIST-ALERT-S1_T14SLE_20240130T003703Z_20251215T211332Z_S1A_30_v0.1.zip,s3://hyp3-tibet-jpl-test-contentbucket-hratibh1y9pa8932868a-f665-427c-b33b-a0bea4c73847/OPERA_L3_DIST-ALERT-S1_T14SLE_20240130T003703Z_20251215T211332Z_S1A_30_v0.1,https://hyp3-tibet-jpl-test-contentbucket-hratibh1y9pa.s3.us-west-2.amazonaws.com/8932868a-f665-427c-b33b-a0bea4c73847/OPERA_L3_DIST-ALERT-S1_T14SLE_20240130T003703Z_20251215T211332Z_S1A_30_v0.1.png,2025-12-15T20:48:28+00:00,731.743,4.5,14SLE,1,23,4,none,False,transformer_v1_32,high,32,20,2024-01-30,107,2.5,4,best,none,False
southwest_france_flood_2023__2023-12-14__30TYR__transformer_v1_32-20mc,https://hyp3-tibet-jpl-test-contentbucket-hratibh1y9pa.s3.us-west-2.amazonaws.com/5dcb8f99-e2f3-49cb-b552-c028f672701f/OPERA_L3_DIST-ALERT-S1_T30TYR_20240106T060042Z_20251215T211315Z_S1A_30_v0.1.zip,s3://hyp3-tibet-jpl-test-contentbucket-hratibh1y9pa5dcb8f99-e2f3-49cb-b552-c028f672701f/OPERA_L3_DIST-ALERT-S1_T30TYR_20240106T060042Z_20251215T211315Z_S1A_30_v0.1,https://hyp3-tibet-jpl-test-contentbucket-hratibh1y9pa.s3.us-west-2.amazonaws.com/5dcb8f99-e2f3-49cb-b552-c028f672701f/OPERA_L3_DIST-ALERT-S1_T30TYR_20240106T060042Z_20251215T211315Z_S1A_30_v0.1.png,2025-12-15T20:48:28+00:00,709.897,4.5,30TYR,1,23,4,none,False,transformer_v1_32,high,32,20,2024-01-06,110,2.5,4,best,none,False
southwest_france_flood_2023__2023-12-14__30TXR__transformer_v1_32-20mc,https://hyp3-tibet-jpl-test-contentbucket-hratibh1y9pa.s3.us-west-2.amazonaws.com/eb27acf6-d6ce-4e35-8578-01fdab53881a/OPERA_L3_DIST-ALERT-S1_T30TXR_20231202T174831Z_20251215T210939Z_S1A_30_v0.1.zip,s3://hyp3-tibet-jpl-test-contentbucket-hratibh1y9paeb27acf6-d6ce-4e35-8578-01fdab53881a/OPERA_L3_DIST-ALERT-S1_T30TXR_20231202T174831Z_20251215T210939Z_S1A_30_v0.1,https://hyp3-tibet-jpl-test-contentbucket-hratibh1y9pa.s3.us-west-2.amazonaws.com/eb27acf6-d6ce-4e35-8578-01fdab53881a/OPERA_L3_DIST-ALERT-S1_T30TXR_20231202T174831Z_20251215T210939Z_S1A_30_v0.1.png,2025-12-15T20:48:28+00:00,491.165,4.5,30TXR,1,23,4,none,False,transformer_v1_32,high,32,20,2023-12-02,132,2.5,4,best,none,False
southwest_france_flood_2023__2023-12-14__30TYR__transformer_v1_32-20mc,https://hyp3-tibet-jpl-test-contentbucket-hratibh1y9pa.s3.us-west-2.amazonaws.com/b7a9d704-df5d-4184-b945-e03e1e1ee9b9/OPERA_L3_DIST-ALERT-S1_T30TYR_20231211T061703Z_20251215T211411Z_S1A_30_v0.1.zip,s3://hyp3-tibet-jpl-test-contentbucket-hratibh1y9pab7a9d704-df5d-4184-b945-e03e1e1ee9b9/OPERA_L3_DIST-ALERT-S1_T30TYR_20231211T061703Z_20251215T211411Z_S1A_30_v0.1,https://hyp3-tibet-jpl-test-contentbucket-hratibh1y9pa.s3.us-west-2.amazonaws.com/b7a9d704-df5d-4184-b945-e03e1e1ee9b9/OPERA_L3_DIST-ALERT-S1_T30TYR_20231211T061703Z_20251215T211411Z_S1A_30_v0.1.png,2025-12-15T20:48:28+00:00,764.603,4.5,30TYR,1,23,4,none,False,transformer_v1_32,high,32,20,2023-12-11,81,2.5,4,best,none,False
brazzaville_flood_and_landslides_2024__2024-02-08__33MWR__transformer_v1_32-20mc,https://hyp3-tibet-jpl-test-contentbucket-hratibh1y9pa.s3.us-west-2.amazonaws.com/e8685869-a065-451f-bd95-28d61182e5cd/OPERA_L3_DIST-ALERT-S1_T33MWR_20240318T043537Z_20251215T212302Z_S1A_30_v0.1.zip,s3://hyp3-tibet-jpl-test-contentbucket-hratibh1y9pae8685869-a065-451f-bd95-28d61182e5cd/OPERA_L3_DIST-ALERT-S1_T33MWR_20240318T043537Z_20251215T212302Z_S1A_30_v0.1,https://hyp3-tibet-jpl-test-contentbucket-hratibh1y9pa.s3.us-west-2.amazonaws.com/e8685869-a065-451f-bd95-28d61182e5cd/OPERA_L3_DIST-ALERT-S1_T33MWR_20240318T043537Z_20251215T212302Z_S1A_30_v0.1.png,2025-12-15T20:48:28+00:00,1303.199,4.5,33MWR,1,23,4,none,False,transformer_v1_32,high,32,20,2024-03-18,109,2.5,4,best,none,False
brazzaville_flood_and_landslides_2023__2023-12-28__33MWR__transformer_v1_32-20mc,https://hyp3-tibet-jpl-test-contentbucket-hratibh1y9pa.s3.us-west-2.amazonaws.com/f011b16a-56e5-4c15-921d-d9c7aba27ba6/OPERA_L3_DIST-ALERT-S1_T33MWR_20240130T043537Z_20251215T212738Z_S1A_30_v0.1.zip,s3://hyp3-tibet-jpl-test-contentbucket-hratibh1y9paf011b16a-56e5-4c15-921d-d9c7aba27ba6/OPERA_L3_DIST-ALERT-S1_T33MWR_20240130T043537Z_20251215T212738Z_S1A_30_v0.1,https://hyp3-tibet-jpl-test-contentbucket-hratibh1y9pa.s3.us-west-2.amazonaws.com/f011b16a-56e5-4c15-921d-d9c7aba27ba6/OPERA_L3_DIST-ALERT-S1_T33MWR_20240130T043537Z_20251215T212738Z_S1A_30_v0.1.png,2025-12-15T20:48:28+00:00,1583.946,4.5,33MWR,1,23,4,none,False,transformer_v1_32,high,32,20,2024-01-30,109,2.5,4,best,none,False
monkey_creek_fire_2024__2024-07-18__10TGQ__transformer_v1_32-20mc,https://hyp3-tibet-jpl-test-contentbucket-hratibh1y9pa.s3.us-west-2.amazonaws.com/de74c20e-1369-43dd-9586-11fb43576af2/OPERA_L3_DIST-ALERT-S1_T10TGQ_20240809T141429Z_20251215T211558Z_S1A_30_v0.1.zip,s3://hyp3-tibet-jpl-test-contentbucket-hratibh1y9pade74c20e-1369-43dd-9586-11fb43576af2/OPERA_L3_DIST-ALERT-S1_T10TGQ_20240809T141429Z_20251215T211558Z_S1A_30_v0.1,https://hyp3-tibet-jpl-test-contentbucket-hratibh1y9pa.s3.us-west-2.amazonaws.com/de74c20e-1369-43dd-9586-11fb43576af2/OPERA_L3_DIST-ALERT-S1_T10TGQ_20240809T141429Z_20251215T211558Z_S1A_30_v0.1.png,2025-12-15T20:48:28+00:00,878.833,4.5,10TGQ,1,23,4,none,False,transformer_v1_32,high,32,20,2024-08-09,115,2.5,4,best,none,False
monkey_creek_fire_2024__2024-07-18__11TLK__transformer_v1_32-20mc,https://hyp3-tibet-jpl-test-contentbucket-hratibh1y9pa.s3.us-west-2.amazonaws.com/f864c1b9-7b55-45c6-8994-846d1f76b16e/OPERA_L3_DIST-ALERT-S1_T11TLK_20240706T135808Z_20251215T211433Z_S1A_30_v0.1.zip,s3://hyp3-tibet-jpl-test-contentbucket-hratibh1y9paf864c1b9-7b55-45c6-8994-846d1f76b16e/OPERA_L3_DIST-ALERT-S1_T11TLK_20240706T135808Z_20251215T211433Z_S1A_30_v0.1,https://hyp3-tibet-jpl-test-contentbucket-hratibh1y9pa.s3.us-west-2.amazonaws.com/f864c1b9-7b55-45c6-8994-846d1f76b16e/OPERA_L3_DIST-ALERT-S1_T11TLK_20240706T135808Z_20251215T211433Z_S1A_30_v0.1.png,2025-12-15T20:48:28+00:00,791.873,4.5,11TLK,1,23,4,none,False,transformer_v1_32,high,32,20,2024-07-06,144,2.5,4,best,none,False
smokehouse_creek_fire_2024__2024-02-26__14SME__transformer_v1_32-20mc,https://hyp3-tibet-jpl-test-contentbucket-hratibh1y9pa.s3.us-west-2.amazonaws.com/3852924a-dceb-47e3-a74a-4ae60bfcb152/OPERA_L3_DIST-ALERT-S1_T14SME_20240330T003659Z_20251215T212726Z_S1A_30_v0.1.zip,s3://hyp3-tibet-jpl-test-contentbucket-hratibh1y9pa3852924a-dceb-47e3-a74a-4ae60bfcb152/OPERA_L3_DIST-ALERT-S1_T14SME_20240330T003659Z_20251215T212726Z_S1A_30_v0.1,https://hyp3-tibet-jpl-test-contentbucket-hratibh1y9pa.s3.us-west-2.amazonaws.com/3852924a-dceb-47e3-a74a-4ae60bfcb152/OPERA_L3_DIST-ALERT-S1_T14SME_20240330T003659Z_20251215T212726Z_S1A_30_v0.1.png,2025-12-15T20:48:28+00:00,1574.767,4.5,14SME,1,23,4,none,False,transformer_v1_32,high,32,20,2024-03-30,107,2.5,4,best,none,False
monkey_creek_fire_2024__2024-07-18__10TGQ__transformer_v1_32-20mc,https://hyp3-tibet-jpl-test-contentbucket-hratibh1y9pa.s3.us-west-2.amazonaws.com/ce9d5909-adcc-4e9f-863d-4f0ee45a6dc5/OPERA_L3_DIST-ALERT-S1_T10TGQ_20240816T140624Z_20251215T211940Z_S1A_30_v0.1.zip,s3://hyp3-tibet-jpl-test-contentbucket-hratibh1y9pace9d5909-adcc-4e9f-863d-4f0ee45a6dc5/OPERA_L3_DIST-ALERT-S1_T10TGQ_20240816T140624Z_20251215T211940Z_S1A_30_v0.1,https://hyp3-tibet-jpl-test-contentbucket-hratibh1y9pa.s3.us-west-2.amazonaws.com/ce9d5909-adcc-4e9f-863d-4f0ee45a6dc5/OPERA_L3_DIST-ALERT-S1_T10TGQ_20240816T140624Z_20251215T211940Z_S1A_30_v0.1.png,2025-12-15T20:48:28+00:00,1133.023,4.5,10TGQ,1,23,4,none,False,transformer_v1_32,high,32,20,2024-08-16,42,2.5,4,best,none,False
southwest_france_flood_2023__2023-12-14__30TXR__transformer_v1_32-20mc,https://hyp3-tibet-jpl-test-contentbucket-hratibh1y9pa.s3.us-west-2.amazonaws.com/3b6cdd74-dfaa-4a9f-96cb-47febef8cad9/OPERA_L3_DIST-ALERT-S1_T30TXR_20231231T175632Z_20251215T212014Z_S1A_30_v0.1.zip,s3://hyp3-tibet-jpl-test-contentbucket-hratibh1y9pa3b6cdd74-dfaa-4a9f-96cb-47febef8cad9/OPERA_L3_DIST-ALERT-S1_T30TXR_20231231T175632Z_20251215T212014Z_S1A_30_v0.1,https://hyp3-tibet-jpl-test-contentbucket-hratibh1y9pa.s3.us-west-2.amazonaws.com/3b6cdd74-dfaa-4a9f-96cb-47febef8cad9/OPERA_L3_DIST-ALERT-S1_T30TXR_20231231T175632Z_20251215T212014Z_S1A_30_v0.1.png,2025-12-15T20:48:28+00:00,1134.361,4.5,30TXR,1,23,4,none,False,transformer_v1_32,high,32,20,2023-12-31,30,2.5,4,best,none,False
smokehouse_creek_fire_2024__2024-02-26__14SME__transformer_v1_32-20mc,https://hyp3-tibet-jpl-test-contentbucket-hratibh1y9pa.s3.us-west-2.amazonaws.com/e87b3aa7-02f9-4294-b25c-dea4f8349bf7/OPERA_L3_DIST-ALERT-S1_T14SME_20240323T004509Z_20251215T211305Z_S1A_30_v0.1.zip,s3://hyp3-tibet-jpl-test-contentbucket-hratibh1y9pae87b3aa7-02f9-4294-b25c-dea4f8349bf7/OPERA_L3_DIST-ALERT-S1_T14SME_20240323T004509Z_20251215T211305Z_S1A_30_v0.1,https://hyp3-tibet-jpl-test-contentbucket-hratibh1y9pa.s3.us-west-2.amazonaws.com/e87b3aa7-02f9-4294-b25c-dea4f8349bf7/OPERA_L3_DIST-ALERT-S1_T14SME_20240323T004509Z_20251215T211305Z_S1A_30_v0.1.png,2025-12-15T20:48:28+00:00,731.408,4.5,14SME,1,23,4,none,False,transformer_v1_32,high,32,20,2024-03-23,5,2.5,4,best,none,False
monkey_creek_fire_2024__2024-07-18__10TGQ__transformer_v1_32-20mc,https://hyp3-tibet-jpl-test-contentbucket-hratibh1y9pa.s3.us-west-2.amazonaws.com/6c6ef2c9-eb55-4e5e-8a8f-954201430985/OPERA_L3_DIST-ALERT-S1_T10TGQ_20240914T141430Z_20251215T211525Z_S1A_30_v0.1.zip,s3://hyp3-tibet-jpl-test-contentbucket-hratibh1y9pa6c6ef2c9-eb55-4e5e-8a8f-954201430985/OPERA_L3_DIST-ALERT-S1_T10TGQ_20240914T141430Z_20251215T211525Z_S1A_30_v0.1,https://hyp3-tibet-jpl-test-contentbucket-hratibh1y9pa.s3.us-west-2.amazonaws.com/6c6ef2c9-eb55-4e5e-8a8f-954201430985/OPERA_L3_DIST-ALERT-S1_T10TGQ_20240914T141430Z_20251215T211525Z_S1A_30_v0.1.png,2025-12-15T20:48:28+00:00,879.638,4.5,10TGQ,1,23,4,none,False,transformer_v1_32,high,32,20,2024-09-14,115,2.5,4,best,none,False
southwest_france_flood_2023__2023-12-14__30TXR__transformer_v1_32-20mc,https://hyp3-tibet-jpl-test-contentbucket-hratibh1y9pa.s3.us-west-2.amazonaws.com/31715eae-32ec-46e2-844a-f04cc91a774e/OPERA_L3_DIST-ALERT-S1_T30TXR_20240116T061700Z_20251215T211631Z_S1A_30_v0.1.zip,s3://hyp3-tibet-jpl-test-contentbucket-hratibh1y9pa31715eae-32ec-46e2-844a-f04cc91a774e/OPERA_L3_DIST-ALERT-S1_T30TXR_20240116T061700Z_20251215T211631Z_S1A_30_v0.1,https://hyp3-tibet-jpl-test-contentbucket-hratibh1y9pa.s3.us-west-2.amazonaws.com/31715eae-32ec-46e2-844a-f04cc91a774e/OPERA_L3_DIST-ALERT-S1_T30TXR_20240116T061700Z_20251215T211631Z_S1A_30_v0.1.png,2025-12-15T20:48:28+00:00,943.101,4.5,30TXR,1,23,4,none,False,transformer_v1_32,high,32,20,2024-01-16,81,2.5,4,best,none,False
monkey_creek_fire_2024__2024-07-18__10TGQ__transformer_v1_32-20mc,https://hyp3-tibet-jpl-test-contentbucket-hratibh1y9pa.s3.us-west-2.amazonaws.com/6f83512f-4e50-4e86-a99b-a5bf907d5528/OPERA_L3_DIST-ALERT-S1_T10TGQ_20240725T015329Z_20251215T213106Z_S1A_30_v0.1.zip,s3://hyp3-tibet-jpl-test-contentbucket-hratibh1y9pa6f83512f-4e50-4e86-a99b-a5bf907d5528/OPERA_L3_DIST-ALERT-S1_T10TGQ_20240725T015329Z_20251215T213106Z_S1A_30_v0.1,https://hyp3-tibet-jpl-test-contentbucket-hratibh1y9pa.s3.us-west-2.amazonaws.com/6f83512f-4e50-4e86-a99b-a5bf907d5528/OPERA_L3_DIST-ALERT-S1_T10TGQ_20240725T015329Z_20251215T213106Z_S1A_30_v0.1.png,2025-12-15T20:48:28+00:00,1819.753,4.5,10TGQ,1,23,4,none,False,transformer_v1_32,high,32,20,2024-07-25,64,2.5,4,best,none,False
southwest_france_flood_2023__2023-12-14__30TXR__transformer_v1_32-20mc,https://hyp3-tibet-jpl-test-contentbucket-hratibh1y9pa.s3.us-west-2.amazonaws.com/01e73786-8295-4b3b-a8a1-74e7365a4b46/OPERA_L3_DIST-ALERT-S1_T30TXR_20231211T061703Z_20251215T211653Z_S1A_30_v0.1.zip,s3://hyp3-tibet-jpl-test-contentbucket-hratibh1y9pa01e73786-8295-4b3b-a8a1-74e7365a4b46/OPERA_L3_DIST-ALERT-S1_T30TXR_20231211T061703Z_20251215T211653Z_S1A_30_v0.1,https://hyp3-tibet-jpl-test-contentbucket-hratibh1y9pa.s3.us-west-2.amazonaws.com/01e73786-8295-4b3b-a8a1-74e7365a4b46/OPERA_L3_DIST-ALERT-S1_T30TXR_20231211T061703Z_20251215T211653Z_S1A_30_v0.1.png,2025-12-15T20:48:28+00:00,971.079,4.5,30TXR,1,23,4,none,False,transformer_v1_32,high,32,20,2023-12-11,81,2.5,4,best,none,False
southwest_france_flood_2023__2023-12-14__30TYR__transformer_v1_32-20mc,https://hyp3-tibet-jpl-test-contentbucket-hratibh1y9pa.s3.us-west-2.amazonaws.com/39804b05-6b8b-43a1-8033-41bb04f9477b/OPERA_L3_DIST-ALERT-S1_T30TYR_20240124T175629Z_20251215T212551Z_S1A_30_v0.1.zip,s3://hyp3-tibet-jpl-test-contentbucket-hratibh1y9pa39804b05-6b8b-43a1-8033-41bb04f9477b/OPERA_L3_DIST-ALERT-S1_T30TYR_20240124T175629Z_20251215T212551Z_S1A_30_v0.1,https://hyp3-tibet-jpl-test-contentbucket-hratibh1y9pa.s3.us-west-2.amazonaws.com/39804b05-6b8b-43a1-8033-41bb04f9477b/OPERA_L3_DIST-ALERT-S1_T30TYR_20240124T175629Z_20251215T212551Z_S1A_30_v0.1.png,2025-12-15T20:48:28+00:00,1508.325,4.5,30TYR,1,23,4,none,False,transformer_v1_32,high,32,20,2024-01-24,30,2.5,4,best,none,False
smokehouse_creek_fire_2024__2024-02-26__14SME__transformer_v1_32-20mc,https://hyp3-tibet-jpl-test-contentbucket-hratibh1y9pa.s3.us-west-2.amazonaws.com/736a21bb-15cd-47dc-8705-def9c1197aa0/OPERA_L3_DIST-ALERT-S1_T14SME_20240404T124631Z_20251215T210726Z_S1A_30_v0.1.zip,s3://hyp3-tibet-jpl-test-contentbucket-hratibh1y9pa736a21bb-15cd-47dc-8705-def9c1197aa0/OPERA_L3_DIST-ALERT-S1_T14SME_20240404T124631Z_20251215T210726Z_S1A_30_v0.1,https://hyp3-tibet-jpl-test-contentbucket-hratibh1y9pa.s3.us-west-2.amazonaws.com/736a21bb-15cd-47dc-8705-def9c1197aa0/OPERA_L3_DIST-ALERT-S1_T14SME_20240404T124631Z_20251215T210726Z_S1A_30_v0.1.png,2025-12-15T20:48:28+00:00,399.933,4.5,14SME,1,23,4,none,False,transformer_v1_32,high,32,20,2024-04-04,12,2.5,4,best,none,False
southwest_france_flood_2023__2023-12-14__30TXR__transformer_v1_32-20mc,https://hyp3-tibet-jpl-test-contentbucket-hratibh1y9pa.s3.us-west-2.amazonaws.com/17daf119-912f-49b3-97d8-dbc2908e75e9/OPERA_L3_DIST-ALERT-S1_T30TXR_20231214T174830Z_20251215T210858Z_S1A_30_v0.1.zip,s3://hyp3-tibet-jpl-test-contentbucket-hratibh1y9pa17daf119-912f-49b3-97d8-dbc2908e75e9/OPERA_L3_DIST-ALERT-S1_T30TXR_20231214T174830Z_20251215T210858Z_S1A_30_v0.1,https://hyp3-tibet-jpl-test-contentbucket-hratibh1y9pa.s3.us-west-2.amazonaws.com/17daf119-912f-49b3-97d8-dbc2908e75e9/OPERA_L3_DIST-ALERT-S1_T30TXR_20231214T174830Z_20251215T210858Z_S1A_30_v0.1.png,2025-12-15T20:48:28+00:00,485.787,4.5,30TXR,1,23,4,none,False,transformer_v1_32,high,32,20,2023-12-14,132,2.5,4,best,none,False
southwest_france_flood_2023__2023-12-14__30TYR__transformer_v1_32-20mc,https://hyp3-tibet-jpl-test-contentbucket-hratibh1y9pa.s3.us-west-2.amazonaws.com/ad335242-62fb-479c-9915-a79e2b0c4a11/OPERA_L3_DIST-ALERT-S1_T30TYR_20231225T060042Z_20251215T211253Z_S1A_30_v0.1.zip,s3://hyp3-tibet-jpl-test-contentbucket-hratibh1y9paad335242-62fb-479c-9915-a79e2b0c4a11/OPERA_L3_DIST-ALERT-S1_T30TYR_20231225T060042Z_20251215T211253Z_S1A_30_v0.1,https://hyp3-tibet-jpl-test-contentbucket-hratibh1y9pa.s3.us-west-2.amazonaws.com/ad335242-62fb-479c-9915-a79e2b0c4a11/OPERA_L3_DIST-ALERT-S1_T30TYR_20231225T060042Z_20251215T211253Z_S1A_30_v0.1.png,2025-12-15T20:48:28+00:00,727.256,4.5,30TYR,1,23,4,none,False,transformer_v1_32,high,32,20,2023-12-25,110,2.5,4,best,none,False
southwest_france_flood_2023__2023-12-14__30TXR__transformer_v1_32-20mc,https://hyp3-tibet-jpl-test-contentbucket-hratibh1y9pa.s3.us-west-2.amazonaws.com/cabd21ec-1b82-4994-9461-d3f813160fab/OPERA_L3_DIST-ALERT-S1_T30TXR_20240119T174828Z_20251215T210811Z_S1A_30_v0.1.zip,s3://hyp3-tibet-jpl-test-contentbucket-hratibh1y9pacabd21ec-1b82-4994-9461-d3f813160fab/OPERA_L3_DIST-ALERT-S1_T30TXR_20240119T174828Z_20251215T210811Z_S1A_30_v0.1,https://hyp3-tibet-jpl-test-contentbucket-hratibh1y9pa.s3.us-west-2.amazonaws.com/cabd21ec-1b82-4994-9461-d3f813160fab/OPERA_L3_DIST-ALERT-S1_T30TXR_20240119T174828Z_20251215T210811Z_S1A_30_v0.1.png,2025-12-15T20:48:28+00:00,439.216,4.5,30TXR,1,23,4,none,False,transformer_v1_32,high,32,20,2024-01-19,132,2.5,4,best,none,False
monkey_creek_fire_2024__2024-07-18__10TGQ__transformer_v1_32-20mc,https://hyp3-tibet-jpl-test-contentbucket-hratibh1y9pa.s3.us-west-2.amazonaws.com/0ca45797-2e4b-4676-b272-3727269c6cf6/OPERA_L3_DIST-ALERT-S1_T10TGQ_20240718T020142Z_20251215T211223Z_S1A_30_v0.1.zip,s3://hyp3-tibet-jpl-test-contentbucket-hratibh1y9pa0ca45797-2e4b-4676-b272-3727269c6cf6/OPERA_L3_DIST-ALERT-S1_T10TGQ_20240718T020142Z_20251215T211223Z_S1A_30_v0.1,https://hyp3-tibet-jpl-test-contentbucket-hratibh1y9pa.s3.us-west-2.amazonaws.com/0ca45797-2e4b-4676-b272-3727269c6cf6/OPERA_L3_DIST-ALERT-S1_T10TGQ_20240718T020142Z_20251215T211223Z_S1A_30_v0.1.png,2025-12-15T20:48:28+00:00,694.93,4.5,10TGQ,1,23,4,none,False,transformer_v1_32,high,32,20,2024-07-18,137,2.5,4,best,none,False
monkey_creek_fire_2024__2024-07-18__10TGQ__transformer_v1_32-20mc,https://hyp3-tibet-jpl-test-contentbucket-hratibh1y9pa.s3.us-west-2.amazonaws.com/1b4a837b-ca30-4b0d-b971-20e15f1d415d/OPERA_L3_DIST-ALERT-S1_T10TGQ_20240728T141429Z_20251215T211444Z_S1A_30_v0.1.zip,s3://hyp3-tibet-jpl-test-contentbucket-hratibh1y9pa1b4a837b-ca30-4b0d-b971-20e15f1d415d/OPERA_L3_DIST-ALERT-S1_T10TGQ_20240728T141429Z_20251215T211444Z_S1A_30_v0.1,https://hyp3-tibet-jpl-test-contentbucket-hratibh1y9pa.s3.us-west-2.amazonaws.com/1b4a837b-ca30-4b0d-b971-20e15f1d415d/OPERA_L3_DIST-ALERT-S1_T10TGQ_20240728T141429Z_20251215T211444Z_S1A_30_v0.1.png,2025-12-15T20:48:28+00:00,837.613,4.5,10TGQ,1,23,4,none,False,transformer_v1_32,high,32,20,2024-07-28,115,2.5,4,best,none,False
southwest_france_flood_2023__2023-12-14__30TXR__transformer_v1_32-20mc,https://hyp3-tibet-jpl-test-contentbucket-hratibh1y9pa.s3.us-west-2.amazonaws.com/21dff97e-7526-4e70-8b57-9a55ef23d26f/OPERA_L3_DIST-ALERT-S1_T30TXR_20231219T175632Z_20251215T212156Z_S1A_30_v0.1.zip,s3://hyp3-tibet-jpl-test-contentbucket-hratibh1y9pa21dff97e-7526-4e70-8b57-9a55ef23d26f/OPERA_L3_DIST-ALERT-S1_T30TXR_20231219T175632Z_20251215T212156Z_S1A_30_v0.1,https://hyp3-tibet-jpl-test-contentbucket-hratibh1y9pa.s3.us-west-2.amazonaws.com/21dff97e-7526-4e70-8b57-9a55ef23d26f/OPERA_L3_DIST-ALERT-S1_T30TXR_20231219T175632Z_20251215T212156Z_S1A_30_v0.1.png,2025-12-15T20:48:28+00:00,1270.893,4.5,30TXR,1,23,4,none,False,transformer_v1_32,high,32,20,2023-12-19,30,2.5,4,best,none,False
southwest_france_flood_2023__2023-12-14__30TXR__transformer_v1_32-20mc,https://hyp3-tibet-jpl-test-contentbucket-hratibh1y9pa.s3.us-west-2.amazonaws.com/55362e21-ebdb-4160-8709-9e281047a799/OPERA_L3_DIST-ALERT-S1_T30TXR_20231224T180445Z_20251215T211103Z_S1A_30_v0.1.zip,s3://hyp3-tibet-jpl-test-contentbucket-hratibh1y9pa55362e21-ebdb-4160-8709-9e281047a799/OPERA_L3_DIST-ALERT-S1_T30TXR_20231224T180445Z_20251215T211103Z_S1A_30_v0.1,https://hyp3-tibet-jpl-test-contentbucket-hratibh1y9pa.s3.us-west-2.amazonaws.com/55362e21-ebdb-4160-8709-9e281047a799/OPERA_L3_DIST-ALERT-S1_T30TXR_20231224T180445Z_20251215T211103Z_S1A_30_v0.1.png,2025-12-15T20:48:28+00:00,611.582,4.5,30TXR,1,23,4,none,False,transformer_v1_32,high,32,20,2023-12-24,103,2.5,4,best,none,False
smokehouse_creek_fire_2024__2024-02-26__14SKE__transformer_v1_32-20mc,https://hyp3-tibet-jpl-test-contentbucket-hratibh1y9pa.s3.us-west-2.amazonaws.com/d40f22da-9807-486d-8adb-3d07de956981/OPERA_L3_DIST-ALERT-S1_T14SKE_20240209T005324Z_20251215T211150Z_S1A_30_v0.1.zip,s3://hyp3-tibet-jpl-test-contentbucket-hratibh1y9pad40f22da-9807-486d-8adb-3d07de956981/OPERA_L3_DIST-ALERT-S1_T14SKE_20240209T005324Z_20251215T211150Z_S1A_30_v0.1,https://hyp3-tibet-jpl-test-contentbucket-hratibh1y9pa.s3.us-west-2.amazonaws.com/d40f22da-9807-486d-8adb-3d07de956981/OPERA_L3_DIST-ALERT-S1_T14SKE_20240209T005324Z_20251215T211150Z_S1A_30_v0.1.png,2025-12-15T20:48:28+00:00,663.708,4.5,14SKE,1,23,4,none,False,transformer_v1_32,high,32,20,2024-02-09,78,2.5,4,best,none,False
smokehouse_creek_fire_2024__2024-02-26__14SLE__transformer_v1_32-20mc,https://hyp3-tibet-jpl-test-contentbucket-hratibh1y9pa.s3.us-west-2.amazonaws.com/f165e7fe-d51d-409f-a9d3-46181b7d7fad/OPERA_L3_DIST-ALERT-S1_T14SLE_20240423T003704Z_20251215T211145Z_S1A_30_v0.1.zip,s3://hyp3-tibet-jpl-test-contentbucket-hratibh1y9paf165e7fe-d51d-409f-a9d3-46181b7d7fad/OPERA_L3_DIST-ALERT-S1_T14SLE_20240423T003704Z_20251215T211145Z_S1A_30_v0.1,https://hyp3-tibet-jpl-test-contentbucket-hratibh1y9pa.s3.us-west-2.amazonaws.com/f165e7fe-d51d-409f-a9d3-46181b7d7fad/OPERA_L3_DIST-ALERT-S1_T14SLE_20240423T003704Z_20251215T211145Z_S1A_30_v0.1.png,2025-12-15T20:48:28+00:00,664.027,4.5,14SLE,1,23,4,none,False,transformer_v1_32,high,32,20,2024-04-23,107,2.5,4,best,none,False
chile_fire_2024__2024-02-04__19HBD__transformer_v1_32-20mc,https://hyp3-tibet-jpl-test-contentbucket-hratibh1y9pa.s3.us-west-2.amazonaws.com/2eef20fb-8a47-45ae-8f57-3804e451e0a2/OPERA_L3_DIST-ALERT-S1_T19HBD_20240316T233646Z_20251215T210315Z_S1A_30_v0.1.zip,s3://hyp3-tibet-jpl-test-contentbucket-hratibh1y9pa2eef20fb-8a47-45ae-8f57-3804e451e0a2/OPERA_L3_DIST-ALERT-S1_T19HBD_20240316T233646Z_20251215T210315Z_S1A_30_v0.1,https://hyp3-tibet-jpl-test-contentbucket-hratibh1y9pa.s3.us-west-2.amazonaws.com/2eef20fb-8a47-45ae-8f57-3804e451e0a2/OPERA_L3_DIST-ALERT-S1_T19HBD_20240316T233646Z_20251215T210315Z_S1A_30_v0.1.png,2025-12-15T20:48:28+00:00,145.016,4.5,19HBD,1,23,4,none,False,transformer_v1_32,high,32,20,2024-03-16,91,2.5,4,best,none,False
southwest_france_flood_2023__2023-12-14__30TYR__transformer_v1_32-20mc,https://hyp3-tibet-jpl-test-contentbucket-hratibh1y9pa.s3.us-west-2.amazonaws.com/537b1f60-9e0f-40bb-b19d-3fa2432fb1a9/OPERA_L3_DIST-ALERT-S1_T30TYR_20231214T174820Z_20251215T213240Z_S1A_30_v0.1.zip,s3://hyp3-tibet-jpl-test-contentbucket-hratibh1y9pa537b1f60-9e0f-40bb-b19d-3fa2432fb1a9/OPERA_L3_DIST-ALERT-S1_T30TYR_20231214T174820Z_20251215T213240Z_S1A_30_v0.1,https://hyp3-tibet-jpl-test-contentbucket-hratibh1y9pa.s3.us-west-2.amazonaws.com/537b1f60-9e0f-40bb-b19d-3fa2432fb1a9/OPERA_L3_DIST-ALERT-S1_T30TYR_20231214T174820Z_20251215T213240Z_S1A_30_v0.1.png,2025-12-15T20:48:28+00:00,1964.983,4.5,30TYR,1,23,4,none,False,transformer_v1_32,high,32,20,2023-12-14,132,2.5,4,best,none,False
southwest_france_flood_2023__2023-12-14__30TXR__transformer_v1_32-20mc,https://hyp3-tibet-jpl-test-contentbucket-hratibh1y9pa.s3.us-west-2.amazonaws.com/8ad0ffef-7d95-48f5-809b-7ccf7fdb41bf/OPERA_L3_DIST-ALERT-S1_T30TXR_20231118T180447Z_20251215T211438Z_S1A_30_v0.1.zip,s3://hyp3-tibet-jpl-test-contentbucket-hratibh1y9pa8ad0ffef-7d95-48f5-809b-7ccf7fdb41bf/OPERA_L3_DIST-ALERT-S1_T30TXR_20231118T180447Z_20251215T211438Z_S1A_30_v0.1,https://hyp3-tibet-jpl-test-contentbucket-hratibh1y9pa.s3.us-west-2.amazonaws.com/8ad0ffef-7d95-48f5-809b-7ccf7fdb41bf/OPERA_L3_DIST-ALERT-S1_T30TXR_20231118T180447Z_20251215T211438Z_S1A_30_v0.1.png,2025-12-15T20:48:28+00:00,862.207,4.5,30TXR,1,23,4,none,False,transformer_v1_32,high,32,20,2023-11-18,103,2.5,4,best,none,False
smokehouse_creek_fire_2024__2024-02-26__14SKE__transformer_v1_32-20mc,https://hyp3-tibet-jpl-test-contentbucket-hratibh1y9pa.s3.us-west-2.amazonaws.com/2b385e7d-5e43-4d0c-b972-d74345db00ec/OPERA_L3_DIST-ALERT-S1_T14SKE_20240328T125445Z_20251215T211444Z_S1A_30_v0.1.zip,s3://hyp3-tibet-jpl-test-contentbucket-hratibh1y9pa2b385e7d-5e43-4d0c-b972-d74345db00ec/OPERA_L3_DIST-ALERT-S1_T14SKE_20240328T125445Z_20251215T211444Z_S1A_30_v0.1,https://hyp3-tibet-jpl-test-contentbucket-hratibh1y9pa.s3.us-west-2.amazonaws.com/2b385e7d-5e43-4d0c-b972-d74345db00ec/OPERA_L3_DIST-ALERT-S1_T14SKE_20240328T125445Z_20251215T211444Z_S1A_30_v0.1.png,2025-12-15T20:48:28+00:00,879.809,4.5,14SKE,1,23,4,none,False,transformer_v1_32,high,32,20,2024-03-28,85,2.5,4,best,none,False
southwest_france_flood_2023__2023-12-14__30TXR__transformer_v1_32-20mc,https://hyp3-tibet-jpl-test-contentbucket-hratibh1y9pa.s3.us-west-2.amazonaws.com/3a861c16-c18b-4dac-bddd-e9a0359dc471/OPERA_L3_DIST-ALERT-S1_T30TXR_20231130T180446Z_20251215T211229Z_S1A_30_v0.1.zip,s3://hyp3-tibet-jpl-test-contentbucket-hratibh1y9pa3a861c16-c18b-4dac-bddd-e9a0359dc471/OPERA_L3_DIST-ALERT-S1_T30TXR_20231130T180446Z_20251215T211229Z_S1A_30_v0.1,https://hyp3-tibet-jpl-test-contentbucket-hratibh1y9pa.s3.us-west-2.amazonaws.com/3a861c16-c18b-4dac-bddd-e9a0359dc471/OPERA_L3_DIST-ALERT-S1_T30TXR_20231130T180446Z_20251215T211229Z_S1A_30_v0.1.png,2025-12-15T20:48:28+00:00,734.65,4.5,30TXR,1,23,4,none,False,transformer_v1_32,high,32,20,2023-11-30,103,2.5,4,best,none,False
smokehouse_creek_fire_2024__2024-02-26__14SLE__transformer_v1_32-20mc,https://hyp3-tibet-jpl-test-contentbucket-hratibh1y9pa.s3.us-west-2.amazonaws.com/e2d8a51b-76fd-4a6d-afae-1f829a342680/OPERA_L3_DIST-ALERT-S1_T14SLE_20240323T004509Z_20251215T212827Z_S1A_30_v0.1.zip,s3://hyp3-tibet-jpl-test-contentbucket-hratibh1y9pae2d8a51b-76fd-4a6d-afae-1f829a342680/OPERA_L3_DIST-ALERT-S1_T14SLE_20240323T004509Z_20251215T212827Z_S1A_30_v0.1,https://hyp3-tibet-jpl-test-contentbucket-hratibh1y9pa.s3.us-west-2.amazonaws.com/e2d8a51b-76fd-4a6d-afae-1f829a342680/OPERA_L3_DIST-ALERT-S1_T14SLE_20240323T004509Z_20251215T212827Z_S1A_30_v0.1.png,2025-12-15T20:48:28+00:00,1710.079,4.5,14SLE,1,23,4,none,False,transformer_v1_32,high,32,20,2024-03-23,5,2.5,4,best,none,False
tlacotalpan_flood_2024__2024-10-29__14QRF__transformer_v1_32-20mc,https://hyp3-tibet-jpl-test-contentbucket-hratibh1y9pa.s3.us-west-2.amazonaws.com/b1973f2f-5245-4570-9fc9-60c9906a088a/OPERA_L3_DIST-ALERT-S1_T14QRF_20241204T121819Z_20251215T212330Z_S1A_30_v0.1.zip,s3://hyp3-tibet-jpl-test-contentbucket-hratibh1y9pab1973f2f-5245-4570-9fc9-60c9906a088a/OPERA_L3_DIST-ALERT-S1_T14QRF_20241204T121819Z_20251215T212330Z_S1A_30_v0.1,https://hyp3-tibet-jpl-test-contentbucket-hratibh1y9pa.s3.us-west-2.amazonaws.com/b1973f2f-5245-4570-9fc9-60c9906a088a/OPERA_L3_DIST-ALERT-S1_T14QRF_20241204T121819Z_20251215T212330Z_S1A_30_v0.1.png,2025-12-15T20:48:28+00:00,1403.327,4.5,14QRF,1,23,4,none,False,transformer_v1_32,high,32,20,2024-12-04,70,2.5,4,best,none,False
tlacotalpan_flood_2024__2024-10-29__14QRF__transformer_v1_32-20mc,https://hyp3-tibet-jpl-test-contentbucket-hratibh1y9pa.s3.us-west-2.amazonaws.com/22222f33-e17d-4a63-b05e-18f75a4919a5/OPERA_L3_DIST-ALERT-S1_T14QRF_20241024T121014Z_20251215T211157Z_S1A_30_v0.1.zip,s3://hyp3-tibet-jpl-test-contentbucket-hratibh1y9pa22222f33-e17d-4a63-b05e-18f75a4919a5/OPERA_L3_DIST-ALERT-S1_T14QRF_20241024T121014Z_20251215T211157Z_S1A_30_v0.1,https://hyp3-tibet-jpl-test-contentbucket-hratibh1y9pa.s3.us-west-2.amazonaws.com/22222f33-e17d-4a63-b05e-18f75a4919a5/OPERA_L3_DIST-ALERT-S1_T14QRF_20241024T121014Z_20251215T211157Z_S1A_30_v0.1.png,2025-12-15T20:48:28+00:00,709.208,4.5,14QRF,1,23,4,none,False,transformer_v1_32,high,32,20,2024-10-24,172,2.5,4,best,none,False
monkey_creek_fire_2024__2024-07-18__10TGQ__transformer_v1_32-20mc,https://hyp3-tibet-jpl-test-contentbucket-hratibh1y9pa.s3.us-west-2.amazonaws.com/d5df38fe-1eff-427c-8cf5-121d39aeee37/OPERA_L3_DIST-ALERT-S1_T10TGQ_20240904T020142Z_20251215T211154Z_S1A_30_v0.1.zip,s3://hyp3-tibet-jpl-test-contentbucket-hratibh1y9pad5df38fe-1eff-427c-8cf5-121d39aeee37/OPERA_L3_DIST-ALERT-S1_T10TGQ_20240904T020142Z_20251215T211154Z_S1A_30_v0.1,https://hyp3-tibet-jpl-test-contentbucket-hratibh1y9pa.s3.us-west-2.amazonaws.com/d5df38fe-1eff-427c-8cf5-121d39aeee37/OPERA_L3_DIST-ALERT-S1_T10TGQ_20240904T020142Z_20251215T211154Z_S1A_30_v0.1.png,2025-12-15T20:48:28+00:00,701.111,4.5,10TGQ,1,23,4,none,False,transformer_v1_32,high,32,20,2024-09-04,137,2.5,4,best,none,False
smokehouse_creek_fire_2024__2024-02-26__14SLE__transformer_v1_32-20mc,https://hyp3-tibet-jpl-test-contentbucket-hratibh1y9pa.s3.us-west-2.amazonaws.com/7634c058-4e88-4833-8535-47a6f3d68578/OPERA_L3_DIST-ALERT-S1_T14SLE_20240204T124630Z_20251215T211202Z_S1A_30_v0.1.zip,s3://hyp3-tibet-jpl-test-contentbucket-hratibh1y9pa7634c058-4e88-4833-8535-47a6f3d68578/OPERA_L3_DIST-ALERT-S1_T14SLE_20240204T124630Z_20251215T211202Z_S1A_30_v0.1,https://hyp3-tibet-jpl-test-contentbucket-hratibh1y9pa.s3.us-west-2.amazonaws.com/7634c058-4e88-4833-8535-47a6f3d68578/OPERA_L3_DIST-ALERT-S1_T14SLE_20240204T124630Z_20251215T211202Z_S1A_30_v0.1.png,2025-12-15T20:48:28+00:00,719.438,4.5,14SLE,1,23,4,none,False,transformer_v1_32,high,32,20,2024-02-04,12,2.5,4,best,none,False
monkey_creek_fire_2024__2024-07-18__11TLK__transformer_v1_32-20mc,https://hyp3-tibet-jpl-test-contentbucket-hratibh1y9pa.s3.us-west-2.amazonaws.com/97549513-be53-4d14-a636-958469d81db9/OPERA_L3_DIST-ALERT-S1_T11TLK_20240911T015328Z_20251215T212336Z_S1A_30_v0.1.zip,s3://hyp3-tibet-jpl-test-contentbucket-hratibh1y9pa97549513-be53-4d14-a636-958469d81db9/OPERA_L3_DIST-ALERT-S1_T11TLK_20240911T015328Z_20251215T212336Z_S1A_30_v0.1,https://hyp3-tibet-jpl-test-contentbucket-hratibh1y9pa.s3.us-west-2.amazonaws.com/97549513-be53-4d14-a636-958469d81db9/OPERA_L3_DIST-ALERT-S1_T11TLK_20240911T015328Z_20251215T212336Z_S1A_30_v0.1.png,2025-12-15T20:48:28+00:00,1417.111,4.5,11TLK,1,23,4,none,False,transformer_v1_32,high,32,20,2024-09-11,64,2.5,4,best,none,False
smokehouse_creek_fire_2024__2024-02-26__14SKE__transformer_v1_32-20mc,https://hyp3-tibet-jpl-test-contentbucket-hratibh1y9pa.s3.us-west-2.amazonaws.com/df988084-87cf-4308-864c-e1580b9736bc/OPERA_L3_DIST-ALERT-S1_T14SKE_20240128T005324Z_20251215T211216Z_S1A_30_v0.1.zip,s3://hyp3-tibet-jpl-test-contentbucket-hratibh1y9padf988084-87cf-4308-864c-e1580b9736bc/OPERA_L3_DIST-ALERT-S1_T14SKE_20240128T005324Z_20251215T211216Z_S1A_30_v0.1,https://hyp3-tibet-jpl-test-contentbucket-hratibh1y9pa.s3.us-west-2.amazonaws.com/df988084-87cf-4308-864c-e1580b9736bc/OPERA_L3_DIST-ALERT-S1_T14SKE_20240128T005324Z_20251215T211216Z_S1A_30_v0.1.png,2025-12-15T20:48:28+00:00,725.191,4.5,14SKE,1,23,4,none,False,transformer_v1_32,high,32,20,2024-01-28,78,2.5,4,best,none,False
southwest_france_flood_2023__2023-12-14__30TYR__transformer_v1_32-20mc,https://hyp3-tibet-jpl-test-contentbucket-hratibh1y9pa.s3.us-west-2.amazonaws.com/398215bf-76dc-4600-baba-3d9ba0e1d957/OPERA_L3_DIST-ALERT-S1_T30TYR_20231218T060850Z_20251215T212453Z_S1A_30_v0.1.zip,s3://hyp3-tibet-jpl-test-contentbucket-hratibh1y9pa398215bf-76dc-4600-baba-3d9ba0e1d957/OPERA_L3_DIST-ALERT-S1_T30TYR_20231218T060850Z_20251215T212453Z_S1A_30_v0.1,https://hyp3-tibet-jpl-test-contentbucket-hratibh1y9pa.s3.us-west-2.amazonaws.com/398215bf-76dc-4600-baba-3d9ba0e1d957/OPERA_L3_DIST-ALERT-S1_T30TYR_20231218T060850Z_20251215T212453Z_S1A_30_v0.1.png,2025-12-15T20:48:28+00:00,1488.733,4.5,30TYR,1,23,4,none,False,transformer_v1_32,high,32,20,2023-12-18,8,2.5,4,best,none,False
brazzaville_flood_and_landslides_2024__2024-02-08__33MWR__transformer_v1_32-20mc,https://hyp3-tibet-jpl-test-contentbucket-hratibh1y9pa.s3.us-west-2.amazonaws.com/9436a2f8-57a7-4df8-90e8-970aab7340e6/OPERA_L3_DIST-ALERT-S1_T33MWR_20240211T043536Z_20251215T212103Z_S1A_30_v0.1.zip,s3://hyp3-tibet-jpl-test-contentbucket-hratibh1y9pa9436a2f8-57a7-4df8-90e8-970aab7340e6/OPERA_L3_DIST-ALERT-S1_T33MWR_20240211T043536Z_20251215T212103Z_S1A_30_v0.1,https://hyp3-tibet-jpl-test-contentbucket-hratibh1y9pa.s3.us-west-2.amazonaws.com/9436a2f8-57a7-4df8-90e8-970aab7340e6/OPERA_L3_DIST-ALERT-S1_T33MWR_20240211T043536Z_20251215T212103Z_S1A_30_v0.1.png,2025-12-15T20:48:28+00:00,1256.145,4.5,33MWR,1,23,4,none,False,transformer_v1_32,high,32,20,2024-02-11,109,2.5,4,best,none,False
smokehouse_creek_fire_2024__2024-02-26__14SKE__transformer_v1_32-20mc,https://hyp3-tibet-jpl-test-contentbucket-hratibh1y9pa.s3.us-west-2.amazonaws.com/94d26bbb-2718-4d5f-bbe4-cd7cfc1700cf/OPERA_L3_DIST-ALERT-S1_T14SKE_20240311T124634Z_20251215T211218Z_S1A_30_v0.1.zip,s3://hyp3-tibet-jpl-test-contentbucket-hratibh1y9pa94d26bbb-2718-4d5f-bbe4-cd7cfc1700cf/OPERA_L3_DIST-ALERT-S1_T14SKE_20240311T124634Z_20251215T211218Z_S1A_30_v0.1,https://hyp3-tibet-jpl-test-contentbucket-hratibh1y9pa.s3.us-west-2.amazonaws.com/94d26bbb-2718-4d5f-bbe4-cd7cfc1700cf/OPERA_L3_DIST-ALERT-S1_T14SKE_20240311T124634Z_20251215T211218Z_S1A_30_v0.1.png,2025-12-15T20:48:28+00:00,739.046,4.5,14SKE,1,23,4,none,False,transformer_v1_32,high,32,20,2024-03-11,12,2.5,4,best,none,False
southwest_france_flood_2023__2023-12-14__30TXR__transformer_v1_32-20mc,https://hyp3-tibet-jpl-test-contentbucket-hratibh1y9pa.s3.us-west-2.amazonaws.com/027da9f8-4432-433b-8270-352f2c66c298/OPERA_L3_DIST-ALERT-S1_T30TXR_20231129T061703Z_20251215T211459Z_S1A_30_v0.1.zip,s3://hyp3-tibet-jpl-test-contentbucket-hratibh1y9pa027da9f8-4432-433b-8270-352f2c66c298/OPERA_L3_DIST-ALERT-S1_T30TXR_20231129T061703Z_20251215T211459Z_S1A_30_v0.1,https://hyp3-tibet-jpl-test-contentbucket-hratibh1y9pa.s3.us-west-2.amazonaws.com/027da9f8-4432-433b-8270-352f2c66c298/OPERA_L3_DIST-ALERT-S1_T30TXR_20231129T061703Z_20251215T211459Z_S1A_30_v0.1.png,2025-12-15T20:48:28+00:00,893.134,4.5,30TXR,1,23,4,none,False,transformer_v1_32,high,32,20,2023-11-29,81,2.5,4,best,none,False
chile_fire_2024__2024-02-04__19HBD__transformer_v1_32-20mc,https://hyp3-tibet-jpl-test-contentbucket-hratibh1y9pa.s3.us-west-2.amazonaws.com/45dc83c9-7e9b-4aaf-b15f-3e0bffff56d6/OPERA_L3_DIST-ALERT-S1_T19HBD_20240311T232836Z_20251215T212348Z_S1A_30_v0.1.zip,s3://hyp3-tibet-jpl-test-contentbucket-hratibh1y9pa45dc83c9-7e9b-4aaf-b15f-3e0bffff56d6/OPERA_L3_DIST-ALERT-S1_T19HBD_20240311T232836Z_20251215T212348Z_S1A_30_v0.1,https://hyp3-tibet-jpl-test-contentbucket-hratibh1y9pa.s3.us-west-2.amazonaws.com/45dc83c9-7e9b-4aaf-b15f-3e0bffff56d6/OPERA_L3_DIST-ALERT-S1_T19HBD_20240311T232836Z_20251215T212348Z_S1A_30_v0.1.png,2025-12-15T20:48:28+00:00,1420.455,4.5,19HBD,1,23,4,none,False,transformer_v1_32,high,32,20,2024-03-11,18,2.5,4,best,none,False
monkey_creek_fire_2024__2024-07-18__11TLK__transformer_v1_32-20mc,https://hyp3-tibet-jpl-test-contentbucket-hratibh1y9pa.s3.us-west-2.amazonaws.com/6d8be798-72d9-46b0-b839-85762067b1f3/OPERA_L3_DIST-ALERT-S1_T11TLK_20240624T135808Z_20251215T211500Z_S1A_30_v0.1.zip,s3://hyp3-tibet-jpl-test-contentbucket-hratibh1y9pa6d8be798-72d9-46b0-b839-85762067b1f3/OPERA_L3_DIST-ALERT-S1_T11TLK_20240624T135808Z_20251215T211500Z_S1A_30_v0.1,https://hyp3-tibet-jpl-test-contentbucket-hratibh1y9pa.s3.us-west-2.amazonaws.com/6d8be798-72d9-46b0-b839-85762067b1f3/OPERA_L3_DIST-ALERT-S1_T11TLK_20240624T135808Z_20251215T211500Z_S1A_30_v0.1.png,2025-12-15T20:48:28+00:00,891.891,4.5,11TLK,1,23,4,none,False,transformer_v1_32,high,32,20,2024-06-24,144,2.5,4,best,none,False
smokehouse_creek_fire_2024__2024-02-26__14SME__transformer_v1_32-20mc,https://hyp3-tibet-jpl-test-contentbucket-hratibh1y9pa.s3.us-west-2.amazonaws.com/3c5d0c87-c4f8-4486-aed2-6f0b52e35f65/OPERA_L3_DIST-ALERT-S1_T14SME_20240228T124630Z_20251215T210453Z_S1A_30_v0.1.zip,s3://hyp3-tibet-jpl-test-contentbucket-hratibh1y9pa3c5d0c87-c4f8-4486-aed2-6f0b52e35f65/OPERA_L3_DIST-ALERT-S1_T14SME_20240228T124630Z_20251215T210453Z_S1A_30_v0.1,https://hyp3-tibet-jpl-test-contentbucket-hratibh1y9pa.s3.us-west-2.amazonaws.com/3c5d0c87-c4f8-4486-aed2-6f0b52e35f65/OPERA_L3_DIST-ALERT-S1_T14SME_20240228T124630Z_20251215T210453Z_S1A_30_v0.1.png,2025-12-15T20:48:28+00:00,288.399,4.5,14SME,1,23,4,none,False,transformer_v1_32,high,32,20,2024-02-28,12,2.5,4,best,none,False
brazzaville_flood_and_landslides_2023__2023-12-28__33MWR__transformer_v1_32-20mc,https://hyp3-tibet-jpl-test-contentbucket-hratibh1y9pa.s3.us-west-2.amazonaws.com/a17700af-a383-46ea-a486-be35a8cfa44e/OPERA_L3_DIST-ALERT-S1_T33MWR_20231201T043539Z_20251215T212347Z_S1A_30_v0.1.zip,s3://hyp3-tibet-jpl-test-contentbucket-hratibh1y9paa17700af-a383-46ea-a486-be35a8cfa44e/OPERA_L3_DIST-ALERT-S1_T33MWR_20231201T043539Z_20251215T212347Z_S1A_30_v0.1,https://hyp3-tibet-jpl-test-contentbucket-hratibh1y9pa.s3.us-west-2.amazonaws.com/a17700af-a383-46ea-a486-be35a8cfa44e/OPERA_L3_DIST-ALERT-S1_T33MWR_20231201T043539Z_20251215T212347Z_S1A_30_v0.1.png,2025-12-15T20:48:28+00:00,1425.934,4.5,33MWR,1,23,4,none,False,transformer_v1_32,high,32,20,2023-12-01,109,2.5,4,best,none,False
brazzaville_flood_and_landslides_2023__2023-12-28__33MWR__transformer_v1_32-20mc,https://hyp3-tibet-jpl-test-contentbucket-hratibh1y9pa.s3.us-west-2.amazonaws.com/4eaa471e-bc49-4b9b-aeb3-2a8810a971da/OPERA_L3_DIST-ALERT-S1_T33MWR_20240118T043537Z_20251215T212632Z_S1A_30_v0.1.zip,s3://hyp3-tibet-jpl-test-contentbucket-hratibh1y9pa4eaa471e-bc49-4b9b-aeb3-2a8810a971da/OPERA_L3_DIST-ALERT-S1_T33MWR_20240118T043537Z_20251215T212632Z_S1A_30_v0.1,https://hyp3-tibet-jpl-test-contentbucket-hratibh1y9pa.s3.us-west-2.amazonaws.com/4eaa471e-bc49-4b9b-aeb3-2a8810a971da/OPERA_L3_DIST-ALERT-S1_T33MWR_20240118T043537Z_20251215T212632Z_S1A_30_v0.1.png,2025-12-15T20:48:28+00:00,1617.305,4.5,33MWR,1,23,4,none,False,transformer_v1_32,high,32,20,2024-01-18,109,2.5,4,best,none,False
southwest_france_flood_2023__2023-12-14__30TXR__transformer_v1_32-20mc,https://hyp3-tibet-jpl-test-contentbucket-hratibh1y9pa.s3.us-west-2.amazonaws.com/3ffc8673-cedc-4da0-9602-d9ab0fa4c8b4/OPERA_L3_DIST-ALERT-S1_T30TXR_20231117T061704Z_20251215T211846Z_S1A_30_v0.1.zip,s3://hyp3-tibet-jpl-test-contentbucket-hratibh1y9pa3ffc8673-cedc-4da0-9602-d9ab0fa4c8b4/OPERA_L3_DIST-ALERT-S1_T30TXR_20231117T061704Z_20251215T211846Z_S1A_30_v0.1,https://hyp3-tibet-jpl-test-contentbucket-hratibh1y9pa.s3.us-west-2.amazonaws.com/3ffc8673-cedc-4da0-9602-d9ab0fa4c8b4/OPERA_L3_DIST-ALERT-S1_T30TXR_20231117T061704Z_20251215T211846Z_S1A_30_v0.1.png,2025-12-15T20:48:28+00:00,1152.763,4.5,30TXR,1,23,4,none,False,transformer_v1_32,high,32,20,2023-11-17,81,2.5,4,best,none,False
smokehouse_creek_fire_2024__2024-02-26__14SLE__transformer_v1_32-20mc,https://hyp3-tibet-jpl-test-contentbucket-hratibh1y9pa.s3.us-west-2.amazonaws.com/a54fa957-27dd-4bc9-9d5d-97acb8c38262/OPERA_L3_DIST-ALERT-S1_T14SLE_20240411T003703Z_20251215T211208Z_S1A_30_v0.1.zip,s3://hyp3-tibet-jpl-test-contentbucket-hratibh1y9paa54fa957-27dd-4bc9-9d5d-97acb8c38262/OPERA_L3_DIST-ALERT-S1_T14SLE_20240411T003703Z_20251215T211208Z_S1A_30_v0.1,https://hyp3-tibet-jpl-test-contentbucket-hratibh1y9pa.s3.us-west-2.amazonaws.com/a54fa957-27dd-4bc9-9d5d-97acb8c38262/OPERA_L3_DIST-ALERT-S1_T14SLE_20240411T003703Z_20251215T211208Z_S1A_30_v0.1.png,2025-12-15T20:48:28+00:00,756.74,4.5,14SLE,1,23,4,none,False,transformer_v1_32,high,32,20,2024-04-11,107,2.5,4,best,none,False
southwest_france_flood_2023__2023-12-14__30TYR__transformer_v1_32-20mc,https://hyp3-tibet-jpl-test-contentbucket-hratibh1y9pa.s3.us-west-2.amazonaws.com/50cb1c40-aeb5-43e1-8ac4-40a5ad4e5446/OPERA_L3_DIST-ALERT-S1_T30TYR_20240118T060041Z_20251215T211253Z_S1A_30_v0.1.zip,s3://hyp3-tibet-jpl-test-contentbucket-hratibh1y9pa50cb1c40-aeb5-43e1-8ac4-40a5ad4e5446/OPERA_L3_DIST-ALERT-S1_T30TYR_20240118T060041Z_20251215T211253Z_S1A_30_v0.1,https://hyp3-tibet-jpl-test-contentbucket-hratibh1y9pa.s3.us-west-2.amazonaws.com/50cb1c40-aeb5-43e1-8ac4-40a5ad4e5446/OPERA_L3_DIST-ALERT-S1_T30TYR_20240118T060041Z_20251215T211253Z_S1A_30_v0.1.png,2025-12-15T20:48:28+00:00,833.567,4.5,30TYR,1,23,4,none,False,transformer_v1_32,high,32,20,2024-01-18,110,2.5,4,best,none,False
monkey_creek_fire_2024__2024-07-18__10TGQ__transformer_v1_32-20mc,https://hyp3-tibet-jpl-test-contentbucket-hratibh1y9pa.s3.us-west-2.amazonaws.com/0709769f-0daf-42f8-9c08-91949ff6d3df/OPERA_L3_DIST-ALERT-S1_T10TGQ_20240811T020142Z_20251215T211133Z_S1A_30_v0.1.zip,s3://hyp3-tibet-jpl-test-contentbucket-hratibh1y9pa0709769f-0daf-42f8-9c08-91949ff6d3df/OPERA_L3_DIST-ALERT-S1_T10TGQ_20240811T020142Z_20251215T211133Z_S1A_30_v0.1,https://hyp3-tibet-jpl-test-contentbucket-hratibh1y9pa.s3.us-west-2.amazonaws.com/0709769f-0daf-42f8-9c08-91949ff6d3df/OPERA_L3_DIST-ALERT-S1_T10TGQ_20240811T020142Z_20251215T211133Z_S1A_30_v0.1.png,2025-12-15T20:48:28+00:00,745.421,4.5,10TGQ,1,23,4,none,False,transformer_v1_32,high,32,20,2024-08-11,137,2.5,4,best,none,False
tlacotalpan_flood_2024__2024-10-29__14QRF__transformer_v1_32-20mc,https://hyp3-tibet-jpl-test-contentbucket-hratibh1y9pa.s3.us-west-2.amazonaws.com/97cff037-f9f5-4342-834c-f1de214ef93b/OPERA_L3_DIST-ALERT-S1_T14QRF_20241105T121015Z_20251215T210843Z_S1A_30_v0.1.zip,s3://hyp3-tibet-jpl-test-contentbucket-hratibh1y9pa97cff037-f9f5-4342-834c-f1de214ef93b/OPERA_L3_DIST-ALERT-S1_T14QRF_20241105T121015Z_20251215T210843Z_S1A_30_v0.1,https://hyp3-tibet-jpl-test-contentbucket-hratibh1y9pa.s3.us-west-2.amazonaws.com/97cff037-f9f5-4342-834c-f1de214ef93b/OPERA_L3_DIST-ALERT-S1_T14QRF_20241105T121015Z_20251215T210843Z_S1A_30_v0.1.png,2025-12-15T20:48:28+00:00,579.677,4.5,14QRF,1,23,4,none,False,transformer_v1_32,high,32,20,2024-11-05,172,2.5,4,best,none,False
monkey_creek_fire_2024__2024-07-18__10TGQ__transformer_v1_32-20mc,https://hyp3-tibet-jpl-test-contentbucket-hratibh1y9pa.s3.us-west-2.amazonaws.com/fd7ec470-99d6-495e-bb7a-41307e26a5f9/OPERA_L3_DIST-ALERT-S1_T10TGQ_20240730T020142Z_20251215T210925Z_S1A_30_v0.1.zip,s3://hyp3-tibet-jpl-test-contentbucket-hratibh1y9pafd7ec470-99d6-495e-bb7a-41307e26a5f9/OPERA_L3_DIST-ALERT-S1_T10TGQ_20240730T020142Z_20251215T210925Z_S1A_30_v0.1,https://hyp3-tibet-jpl-test-contentbucket-hratibh1y9pa.s3.us-west-2.amazonaws.com/fd7ec470-99d6-495e-bb7a-41307e26a5f9/OPERA_L3_DIST-ALERT-S1_T10TGQ_20240730T020142Z_20251215T210925Z_S1A_30_v0.1.png,2025-12-15T20:48:28+00:00,619.474,4.5,10TGQ,1,23,4,none,False,transformer_v1_32,high,32,20,2024-07-30,137,2.5,4,best,none,False
tlacotalpan_flood_2024__2024-10-29__14QRF__transformer_v1_32-20mc,https://hyp3-tibet-jpl-test-contentbucket-hratibh1y9pa.s3.us-west-2.amazonaws.com/9eaec60e-03cb-45a7-bd82-0748a8f81967/OPERA_L3_DIST-ALERT-S1_T14QRF_20241122T121820Z_20251215T212258Z_S1A_30_v0.1.zip,s3://hyp3-tibet-jpl-test-contentbucket-hratibh1y9pa9eaec60e-03cb-45a7-bd82-0748a8f81967/OPERA_L3_DIST-ALERT-S1_T14QRF_20241122T121820Z_20251215T212258Z_S1A_30_v0.1,https://hyp3-tibet-jpl-test-contentbucket-hratibh1y9pa.s3.us-west-2.amazonaws.com/9eaec60e-03cb-45a7-bd82-0748a8f81967/OPERA_L3_DIST-ALERT-S1_T14QRF_20241122T121820Z_20251215T212258Z_S1A_30_v0.1.png,2025-12-15T20:48:28+00:00,1442.841,4.5,14QRF,1,23,4,none,False,transformer_v1_32,high,32,20,2024-11-22,70,2.5,4,best,none,False
smokehouse_creek_fire_2024__2024-02-26__14SLE__transformer_v1_32-20mc,https://hyp3-tibet-jpl-test-contentbucket-hratibh1y9pa.s3.us-west-2.amazonaws.com/bd518d03-9550-401f-8477-6af80a812e47/OPERA_L3_DIST-ALERT-S1_T14SLE_20240211T003703Z_20251215T211123Z_S1A_30_v0.1.zip,s3://hyp3-tibet-jpl-test-contentbucket-hratibh1y9pabd518d03-9550-401f-8477-6af80a812e47/OPERA_L3_DIST-ALERT-S1_T14SLE_20240211T003703Z_20251215T211123Z_S1A_30_v0.1,https://hyp3-tibet-jpl-test-contentbucket-hratibh1y9pa.s3.us-west-2.amazonaws.com/bd518d03-9550-401f-8477-6af80a812e47/OPERA_L3_DIST-ALERT-S1_T14SLE_20240211T003703Z_20251215T211123Z_S1A_30_v0.1.png,2025-12-15T20:48:28+00:00,784.412,4.5,14SLE,1,23,4,none,False,transformer_v1_32,high,32,20,2024-02-11,107,2.5,4,best,none,False
smokehouse_creek_fire_2024__2024-02-26__14SLE__transformer_v1_32-20mc,https://hyp3-tibet-jpl-test-contentbucket-hratibh1y9pa.s3.us-west-2.amazonaws.com/d1572c3e-8293-489a-98fc-43fb511b13f3/OPERA_L3_DIST-ALERT-S1_T14SLE_20240223T003703Z_20251215T211127Z_S1A_30_v0.1.zip,s3://hyp3-tibet-jpl-test-contentbucket-hratibh1y9pad1572c3e-8293-489a-98fc-43fb511b13f3/OPERA_L3_DIST-ALERT-S1_T14SLE_20240223T003703Z_20251215T211127Z_S1A_30_v0.1,https://hyp3-tibet-jpl-test-contentbucket-hratibh1y9pa.s3.us-west-2.amazonaws.com/d1572c3e-8293-489a-98fc-43fb511b13f3/OPERA_L3_DIST-ALERT-S1_T14SLE_20240223T003703Z_20251215T211127Z_S1A_30_v0.1.png,2025-12-15T20:48:28+00:00,782.598,4.5,14SLE,1,23,4,none,False,transformer_v1_32,high,32,20,2024-02-23,107,2.5,4,best,none,False
southwest_france_flood_2023__2023-12-14__30TYR__transformer_v1_32-20mc,https://hyp3-tibet-jpl-test-contentbucket-hratibh1y9pa.s3.us-west-2.amazonaws.com/5daa3e14-58c9-4e22-97ce-306da95e4e1d/OPERA_L3_DIST-ALERT-S1_T30TYR_20240130T060041Z_20251215T211244Z_S1A_30_v0.1.zip,s3://hyp3-tibet-jpl-test-contentbucket-hratibh1y9pa5daa3e14-58c9-4e22-97ce-306da95e4e1d/OPERA_L3_DIST-ALERT-S1_T30TYR_20240130T060041Z_20251215T211244Z_S1A_30_v0.1,https://hyp3-tibet-jpl-test-contentbucket-hratibh1y9pa.s3.us-west-2.amazonaws.com/5daa3e14-58c9-4e22-97ce-306da95e4e1d/OPERA_L3_DIST-ALERT-S1_T30TYR_20240130T060041Z_20251215T211244Z_S1A_30_v0.1.png,2025-12-15T20:48:28+00:00,858.522,4.5,30TYR,1,23,4,none,False,transformer_v1_32,high,32,20,2024-01-30,110,2.5,4,best,none,False
smokehouse_creek_fire_2024__2024-02-26__14SME__transformer_v1_32-20mc,https://hyp3-tibet-jpl-test-contentbucket-hratibh1y9pa.s3.us-west-2.amazonaws.com/e92c04bb-051a-420a-9cba-03ccae5d458c/OPERA_L3_DIST-ALERT-S1_T14SME_20240228T004509Z_20251215T211035Z_S1A_30_v0.1.zip,s3://hyp3-tibet-jpl-test-contentbucket-hratibh1y9pae92c04bb-051a-420a-9cba-03ccae5d458c/OPERA_L3_DIST-ALERT-S1_T14SME_20240228T004509Z_20251215T211035Z_S1A_30_v0.1,https://hyp3-tibet-jpl-test-contentbucket-hratibh1y9pa.s3.us-west-2.amazonaws.com/e92c04bb-051a-420a-9cba-03ccae5d458c/OPERA_L3_DIST-ALERT-S1_T14SME_20240228T004509Z_20251215T211035Z_S1A_30_v0.1.png,2025-12-15T20:48:28+00:00,722.914,4.5,14SME,1,23,4,none,False,transformer_v1_32,high,32,20,2024-02-28,5,2.5,4,best,none,False
smokehouse_creek_fire_2024__2024-02-26__14SME__transformer_v1_32-20mc,https://hyp3-tibet-jpl-test-contentbucket-hratibh1y9pa.s3.us-west-2.amazonaws.com/99414d48-b9f6-4d4a-84e0-b3d4d965711d/OPERA_L3_DIST-ALERT-S1_T14SME_20240416T124631Z_20251215T210609Z_S1A_30_v0.1.zip,s3://hyp3-tibet-jpl-test-contentbucket-hratibh1y9pa99414d48-b9f6-4d4a-84e0-b3d4d965711d/OPERA_L3_DIST-ALERT-S1_T14SME_20240416T124631Z_20251215T210609Z_S1A_30_v0.1,https://hyp3-tibet-jpl-test-contentbucket-hratibh1y9pa.s3.us-west-2.amazonaws.com/99414d48-b9f6-4d4a-84e0-b3d4d965711d/OPERA_L3_DIST-ALERT-S1_T14SME_20240416T124631Z_20251215T210609Z_S1A_30_v0.1.png,2025-12-15T20:48:28+00:00,467.882,4.5,14SME,1,23,4,none,False,transformer_v1_32,high,32,20,2024-04-16,12,2.5,4,best,none,False
smokehouse_creek_fire_2024__2024-02-26__14SLE__transformer_v1_32-20mc,https://hyp3-tibet-jpl-test-contentbucket-hratibh1y9pa.s3.us-west-2.amazonaws.com/c2debfbe-e593-4e8f-8036-24bbbea63f1b/OPERA_L3_DIST-ALERT-S1_T14SLE_20240416T124631Z_20251215T211612Z_S1A_30_v0.1.zip,s3://hyp3-tibet-jpl-test-contentbucket-hratibh1y9pac2debfbe-e593-4e8f-8036-24bbbea63f1b/OPERA_L3_DIST-ALERT-S1_T14SLE_20240416T124631Z_20251215T211612Z_S1A_30_v0.1,https://hyp3-tibet-jpl-test-contentbucket-hratibh1y9pa.s3.us-west-2.amazonaws.com/c2debfbe-e593-4e8f-8036-24bbbea63f1b/OPERA_L3_DIST-ALERT-S1_T14SLE_20240416T124631Z_20251215T211612Z_S1A_30_v0.1.png,2025-12-15T20:48:28+00:00,1069.911,4.5,14SLE,1,23,4,none,False,transformer_v1_32,high,32,20,2024-04-16,12,2.5,4,best,none,False
monkey_creek_fire_2024__2024-07-18__10TGQ__transformer_v1_32-20mc,https://hyp3-tibet-jpl-test-contentbucket-hratibh1y9pa.s3.us-west-2.amazonaws.com/6712756c-2848-411b-8801-b2dfbcf224d4/OPERA_L3_DIST-ALERT-S1_T10TGQ_20240828T140625Z_20251215T211911Z_S1A_30_v0.1.zip,s3://hyp3-tibet-jpl-test-contentbucket-hratibh1y9pa6712756c-2848-411b-8801-b2dfbcf224d4/OPERA_L3_DIST-ALERT-S1_T10TGQ_20240828T140625Z_20251215T211911Z_S1A_30_v0.1,https://hyp3-tibet-jpl-test-contentbucket-hratibh1y9pa.s3.us-west-2.amazonaws.com/6712756c-2848-411b-8801-b2dfbcf224d4/OPERA_L3_DIST-ALERT-S1_T10TGQ_20240828T140625Z_20251215T211911Z_S1A_30_v0.1.png,2025-12-15T20:48:28+00:00,1289.806,4.5,10TGQ,1,23,4,none,False,transformer_v1_32,high,32,20,2024-08-28,42,2.5,4,best,none,False
southwest_france_flood_2023__2023-12-14__30TXR__transformer_v1_32-20mc,https://hyp3-tibet-jpl-test-contentbucket-hratibh1y9pa.s3.us-west-2.amazonaws.com/e5b4a596-f4bb-46a2-8df2-2e5a22b6d1ff/OPERA_L3_DIST-ALERT-S1_T30TXR_20240204T060850Z_20251215T212353Z_S1A_30_v0.1.zip,s3://hyp3-tibet-jpl-test-contentbucket-hratibh1y9pae5b4a596-f4bb-46a2-8df2-2e5a22b6d1ff/OPERA_L3_DIST-ALERT-S1_T30TXR_20240204T060850Z_20251215T212353Z_S1A_30_v0.1,https://hyp3-tibet-jpl-test-contentbucket-hratibh1y9pa.s3.us-west-2.amazonaws.com/e5b4a596-f4bb-46a2-8df2-2e5a22b6d1ff/OPERA_L3_DIST-ALERT-S1_T30TXR_20240204T060850Z_20251215T212353Z_S1A_30_v0.1.png,2025-12-15T20:48:28+00:00,1526.21,4.5,30TXR,1,23,4,none,False,transformer_v1_32,high,32,20,2024-02-04,8,2.5,4,best,none,False
southwest_france_flood_2023__2023-12-14__30TYR__transformer_v1_32-20mc,https://hyp3-tibet-jpl-test-contentbucket-hratibh1y9pa.s3.us-west-2.amazonaws.com/2fc1ccde-c2ba-4d52-ad59-6c261ba3542d/OPERA_L3_DIST-ALERT-S1_T30TYR_20240128T061700Z_20251215T211322Z_S1A_30_v0.1.zip,s3://hyp3-tibet-jpl-test-contentbucket-hratibh1y9pa2fc1ccde-c2ba-4d52-ad59-6c261ba3542d/OPERA_L3_DIST-ALERT-S1_T30TYR_20240128T061700Z_20251215T211322Z_S1A_30_v0.1,https://hyp3-tibet-jpl-test-contentbucket-hratibh1y9pa.s3.us-west-2.amazonaws.com/2fc1ccde-c2ba-4d52-ad59-6c261ba3542d/OPERA_L3_DIST-ALERT-S1_T30TYR_20240128T061700Z_20251215T211322Z_S1A_30_v0.1.png,2025-12-15T20:48:28+00:00,922.926,4.5,30TYR,1,23,4,none,False,transformer_v1_32,high,32,20,2024-01-28,81,2.5,4,best,none,False
smokehouse_creek_fire_2024__2024-02-26__14SLE__transformer_v1_32-20mc,https://hyp3-tibet-jpl-test-contentbucket-hratibh1y9pa.s3.us-west-2.amazonaws.com/495a5d2b-72be-422e-ba75-9e51a84f9414/OPERA_L3_DIST-ALERT-S1_T14SLE_20240228T004509Z_20251215T212447Z_S1A_30_v0.1.zip,s3://hyp3-tibet-jpl-test-contentbucket-hratibh1y9pa495a5d2b-72be-422e-ba75-9e51a84f9414/OPERA_L3_DIST-ALERT-S1_T14SLE_20240228T004509Z_20251215T212447Z_S1A_30_v0.1,https://hyp3-tibet-jpl-test-contentbucket-hratibh1y9pa.s3.us-west-2.amazonaws.com/495a5d2b-72be-422e-ba75-9e51a84f9414/OPERA_L3_DIST-ALERT-S1_T14SLE_20240228T004509Z_20251215T212447Z_S1A_30_v0.1.png,2025-12-15T20:48:28+00:00,1625.779,4.5,14SLE,1,23,4,none,False,transformer_v1_32,high,32,20,2024-02-28,5,2.5,4,best,none,False
southwest_france_flood_2023__2023-12-14__30TXR__transformer_v1_32-20mc,https://hyp3-tibet-jpl-test-contentbucket-hratibh1y9pa.s3.us-west-2.amazonaws.com/a9aa1b21-fae5-4fb9-9427-257660f5efc2/OPERA_L3_DIST-ALERT-S1_T30TXR_20231212T180446Z_20251215T211041Z_S1A_30_v0.1.zip,s3://hyp3-tibet-jpl-test-contentbucket-hratibh1y9paa9aa1b21-fae5-4fb9-9427-257660f5efc2/OPERA_L3_DIST-ALERT-S1_T30TXR_20231212T180446Z_20251215T211041Z_S1A_30_v0.1,https://hyp3-tibet-jpl-test-contentbucket-hratibh1y9pa.s3.us-west-2.amazonaws.com/a9aa1b21-fae5-4fb9-9427-257660f5efc2/OPERA_L3_DIST-ALERT-S1_T30TXR_20231212T180446Z_20251215T211041Z_S1A_30_v0.1.png,2025-12-15T20:48:28+00:00,762.638,4.5,30TXR,1,23,4,none,False,transformer_v1_32,high,32,20,2023-12-12,103,2.5,4,best,none,False
monkey_creek_fire_2024__2024-07-18__11TLK__transformer_v1_32-20mc,https://hyp3-tibet-jpl-test-contentbucket-hratibh1y9pa.s3.us-west-2.amazonaws.com/f8a89e61-f894-46c6-ae2f-93726341778f/OPERA_L3_DIST-ALERT-S1_T11TLK_20240804T140623Z_20251215T211358Z_S1A_30_v0.1.zip,s3://hyp3-tibet-jpl-test-contentbucket-hratibh1y9paf8a89e61-f894-46c6-ae2f-93726341778f/OPERA_L3_DIST-ALERT-S1_T11TLK_20240804T140623Z_20251215T211358Z_S1A_30_v0.1,https://hyp3-tibet-jpl-test-contentbucket-hratibh1y9pa.s3.us-west-2.amazonaws.com/f8a89e61-f894-46c6-ae2f-93726341778f/OPERA_L3_DIST-ALERT-S1_T11TLK_20240804T140623Z_20251215T211358Z_S1A_30_v0.1.png,2025-12-15T20:48:28+00:00,961.971,4.5,11TLK,1,23,4,none,False,transformer_v1_32,high,32,20,2024-08-04,42,2.5,4,best,none,False
smokehouse_creek_fire_2024__2024-02-26__14SLE__transformer_v1_32-20mc,https://hyp3-tibet-jpl-test-contentbucket-hratibh1y9pa.s3.us-west-2.amazonaws.com/b8a1fa21-5a6e-4570-ab20-9bec64c6a276/OPERA_L3_DIST-ALERT-S1_T14SLE_20240306T003703Z_20251215T211151Z_S1A_30_v0.1.zip,s3://hyp3-tibet-jpl-test-contentbucket-hratibh1y9pab8a1fa21-5a6e-4570-ab20-9bec64c6a276/OPERA_L3_DIST-ALERT-S1_T14SLE_20240306T003703Z_20251215T211151Z_S1A_30_v0.1,https://hyp3-tibet-jpl-test-contentbucket-hratibh1y9pa.s3.us-west-2.amazonaws.com/b8a1fa21-5a6e-4570-ab20-9bec64c6a276/OPERA_L3_DIST-ALERT-S1_T14SLE_20240306T003703Z_20251215T211151Z_S1A_30_v0.1.png,2025-12-15T20:48:28+00:00,838.261,4.5,14SLE,1,23,4,none,False,transformer_v1_32,high,32,20,2024-03-06,107,2.5,4,best,none,False
southwest_france_flood_2023__2023-12-14__30TXR__transformer_v1_32-20mc,https://hyp3-tibet-jpl-test-contentbucket-hratibh1y9pa.s3.us-west-2.amazonaws.com/98cf8953-8d0b-4773-8178-342dafc9da2f/OPERA_L3_DIST-ALERT-S1_T30TXR_20231226T174829Z_20251215T210706Z_S1A_30_v0.1.zip,s3://hyp3-tibet-jpl-test-contentbucket-hratibh1y9pa98cf8953-8d0b-4773-8178-342dafc9da2f/OPERA_L3_DIST-ALERT-S1_T30TXR_20231226T174829Z_20251215T210706Z_S1A_30_v0.1,https://hyp3-tibet-jpl-test-contentbucket-hratibh1y9pa.s3.us-west-2.amazonaws.com/98cf8953-8d0b-4773-8178-342dafc9da2f/OPERA_L3_DIST-ALERT-S1_T30TXR_20231226T174829Z_20251215T210706Z_S1A_30_v0.1.png,2025-12-15T20:48:28+00:00,546.02,4.5,30TXR,1,23,4,none,False,transformer_v1_32,high,32,20,2023-12-26,132,2.5,4,best,none,False
tlacotalpan_flood_2024__2024-10-29__14QRF__transformer_v1_32-20mc,https://hyp3-tibet-jpl-test-contentbucket-hratibh1y9pa.s3.us-west-2.amazonaws.com/44622650-3876-4140-845f-07b6486e5469/OPERA_L3_DIST-ALERT-S1_T14QRF_20241207T003210Z_20251215T212551Z_S1A_30_v0.1.zip,s3://hyp3-tibet-jpl-test-contentbucket-hratibh1y9pa44622650-3876-4140-845f-07b6486e5469/OPERA_L3_DIST-ALERT-S1_T14QRF_20241207T003210Z_20251215T212551Z_S1A_30_v0.1,https://hyp3-tibet-jpl-test-contentbucket-hratibh1y9pa.s3.us-west-2.amazonaws.com/44622650-3876-4140-845f-07b6486e5469/OPERA_L3_DIST-ALERT-S1_T14QRF_20241207T003210Z_20251215T212551Z_S1A_30_v0.1.png,2025-12-15T20:48:28+00:00,1680.967,4.5,14QRF,1,23,4,none,False,transformer_v1_32,high,32,20,2024-12-07,107,2.5,4,best,none,False
southwest_france_flood_2023__2023-12-14__30TYR__transformer_v1_32-20mc,https://hyp3-tibet-jpl-test-contentbucket-hratibh1y9pa.s3.us-west-2.amazonaws.com/b424de16-d81b-47f6-b769-69567fc1f4da/OPERA_L3_DIST-ALERT-S1_T30TYR_20231124T060851Z_20251215T212352Z_S1A_30_v0.1.zip,s3://hyp3-tibet-jpl-test-contentbucket-hratibh1y9pab424de16-d81b-47f6-b769-69567fc1f4da/OPERA_L3_DIST-ALERT-S1_T30TYR_20231124T060851Z_20251215T212352Z_S1A_30_v0.1,https://hyp3-tibet-jpl-test-contentbucket-hratibh1y9pa.s3.us-west-2.amazonaws.com/b424de16-d81b-47f6-b769-69567fc1f4da/OPERA_L3_DIST-ALERT-S1_T30TYR_20231124T060851Z_20251215T212352Z_S1A_30_v0.1.png,2025-12-15T20:48:28+00:00,1560.456,4.5,30TYR,1,23,4,none,False,transformer_v1_32,high,32,20,2023-11-24,8,2.5,4,best,none,False
brazzaville_flood_and_landslides_2024__2024-02-08__33MWR__transformer_v1_32-20mc,https://hyp3-tibet-jpl-test-contentbucket-hratibh1y9pa.s3.us-west-2.amazonaws.com/8a624be5-f03f-4d42-834a-6407c63753b7/OPERA_L3_DIST-ALERT-S1_T33MWR_20240111T044346Z_20251215T211021Z_S1A_30_v0.1.zip,s3://hyp3-tibet-jpl-test-contentbucket-hratibh1y9pa8a624be5-f03f-4d42-834a-6407c63753b7/OPERA_L3_DIST-ALERT-S1_T33MWR_20240111T044346Z_20251215T211021Z_S1A_30_v0.1,https://hyp3-tibet-jpl-test-contentbucket-hratibh1y9pa.s3.us-west-2.amazonaws.com/8a624be5-f03f-4d42-834a-6407c63753b7/OPERA_L3_DIST-ALERT-S1_T33MWR_20240111T044346Z_20251215T211021Z_S1A_30_v0.1.png,2025-12-15T20:48:28+00:00,747.63,4.5,33MWR,1,23,4,none,False,transformer_v1_32,high,32,20,2024-01-11,7,2.5,4,best,none,False
chile_fire_2024__2024-02-04__19HBD__transformer_v1_32-20mc,https://hyp3-tibet-jpl-test-contentbucket-hratibh1y9pa.s3.us-west-2.amazonaws.com/0eea8fd8-894c-4737-8873-f2a249c4febb/OPERA_L3_DIST-ALERT-S1_T19HBD_20240323T232836Z_20251215T212324Z_S1A_30_v0.1.zip,s3://hyp3-tibet-jpl-test-contentbucket-hratibh1y9pa0eea8fd8-894c-4737-8873-f2a249c4febb/OPERA_L3_DIST-ALERT-S1_T19HBD_20240323T232836Z_20251215T212324Z_S1A_30_v0.1,https://hyp3-tibet-jpl-test-contentbucket-hratibh1y9pa.s3.us-west-2.amazonaws.com/0eea8fd8-894c-4737-8873-f2a249c4febb/OPERA_L3_DIST-ALERT-S1_T19HBD_20240323T232836Z_20251215T212324Z_S1A_30_v0.1.png,2025-12-15T20:48:28+00:00,1531.167,4.5,19HBD,1,23,4,none,False,transformer_v1_32,high,32,20,2024-03-23,18,2.5,4,best,none,False
tlacotalpan_flood_2024__2024-10-29__14QRF__transformer_v1_32-20mc,https://hyp3-tibet-jpl-test-contentbucket-hratibh1y9pa.s3.us-west-2.amazonaws.com/8b705990-3e71-4a64-a1df-d90a0210f3ff/OPERA_L3_DIST-ALERT-S1_T14QRF_20241129T121014Z_20251215T210710Z_S1A_30_v0.1.zip,s3://hyp3-tibet-jpl-test-contentbucket-hratibh1y9pa8b705990-3e71-4a64-a1df-d90a0210f3ff/OPERA_L3_DIST-ALERT-S1_T14QRF_20241129T121014Z_20251215T210710Z_S1A_30_v0.1,https://hyp3-tibet-jpl-test-contentbucket-hratibh1y9pa.s3.us-west-2.amazonaws.com/8b705990-3e71-4a64-a1df-d90a0210f3ff/OPERA_L3_DIST-ALERT-S1_T14QRF_20241129T121014Z_20251215T210710Z_S1A_30_v0.1.png,2025-12-15T20:48:28+00:00,555.167,4.5,14QRF,1,23,4,none,False,transformer_v1_32,high,32,20,2024-11-29,172,2.5,4,best,none,False
southwest_france_flood_2023__2023-12-14__30TYR__transformer_v1_32-20mc,https://hyp3-tibet-jpl-test-contentbucket-hratibh1y9pa.s3.us-west-2.amazonaws.com/0d31a2e2-d0e7-4967-88fd-328e901ab56b/OPERA_L3_DIST-ALERT-S1_T30TYR_20240204T060848Z_20251215T212220Z_S1A_30_v0.1.zip,s3://hyp3-tibet-jpl-test-contentbucket-hratibh1y9pa0d31a2e2-d0e7-4967-88fd-328e901ab56b/OPERA_L3_DIST-ALERT-S1_T30TYR_20240204T060848Z_20251215T212220Z_S1A_30_v0.1,https://hyp3-tibet-jpl-test-contentbucket-hratibh1y9pa.s3.us-west-2.amazonaws.com/0d31a2e2-d0e7-4967-88fd-328e901ab56b/OPERA_L3_DIST-ALERT-S1_T30TYR_20240204T060848Z_20251215T212220Z_S1A_30_v0.1.png,2025-12-15T20:48:28+00:00,1500.581,4.5,30TYR,1,23,4,none,False,transformer_v1_32,high,32,20,2024-02-04,8,2.5,4,best,none,False
tlacotalpan_flood_2024__2024-10-29__14QRF__transformer_v1_32-20mc,https://hyp3-tibet-jpl-test-contentbucket-hratibh1y9pa.s3.us-west-2.amazonaws.com/d84c26c8-4844-45c4-8794-8801c3454880/OPERA_L3_DIST-ALERT-S1_T14QRF_20241017T121821Z_20251215T212050Z_S1A_30_v0.1.zip,s3://hyp3-tibet-jpl-test-contentbucket-hratibh1y9pad84c26c8-4844-45c4-8794-8801c3454880/OPERA_L3_DIST-ALERT-S1_T14QRF_20241017T121821Z_20251215T212050Z_S1A_30_v0.1,https://hyp3-tibet-jpl-test-contentbucket-hratibh1y9pa.s3.us-west-2.amazonaws.com/d84c26c8-4844-45c4-8794-8801c3454880/OPERA_L3_DIST-ALERT-S1_T14QRF_20241017T121821Z_20251215T212050Z_S1A_30_v0.1.png,2025-12-15T20:48:28+00:00,1413.895,4.5,14QRF,1,23,4,none,False,transformer_v1_32,high,32,20,2024-10-17,70,2.5,4,best,none,False
smokehouse_creek_fire_2024__2024-02-26__14SME__transformer_v1_32-20mc,https://hyp3-tibet-jpl-test-contentbucket-hratibh1y9pa.s3.us-west-2.amazonaws.com/180d6844-4664-43cb-93cb-5a4ed076bc60/OPERA_L3_DIST-ALERT-S1_T14SME_20240216T124630Z_20251215T210346Z_S1A_30_v0.1.zip,s3://hyp3-tibet-jpl-test-contentbucket-hratibh1y9pa180d6844-4664-43cb-93cb-5a4ed076bc60/OPERA_L3_DIST-ALERT-S1_T14SME_20240216T124630Z_20251215T210346Z_S1A_30_v0.1,https://hyp3-tibet-jpl-test-contentbucket-hratibh1y9pa.s3.us-west-2.amazonaws.com/180d6844-4664-43cb-93cb-5a4ed076bc60/OPERA_L3_DIST-ALERT-S1_T14SME_20240216T124630Z_20251215T210346Z_S1A_30_v0.1.png,2025-12-15T20:48:28+00:00,389.332,4.5,14SME,1,23,4,none,False,transformer_v1_32,high,32,20,2024-02-16,12,2.5,4,best,none,False
brazzaville_flood_and_landslides_2023__2023-12-28__33MWR__transformer_v1_32-20mc,https://hyp3-tibet-jpl-test-contentbucket-hratibh1y9pa.s3.us-west-2.amazonaws.com/8b1a6a75-27e0-464f-bb60-c386202c1401/OPERA_L3_DIST-ALERT-S1_T33MWR_20240211T043536Z_20251215T212038Z_S1A_30_v0.1.zip,s3://hyp3-tibet-jpl-test-contentbucket-hratibh1y9pa8b1a6a75-27e0-464f-bb60-c386202c1401/OPERA_L3_DIST-ALERT-S1_T33MWR_20240211T043536Z_20251215T212038Z_S1A_30_v0.1,https://hyp3-tibet-jpl-test-contentbucket-hratibh1y9pa.s3.us-west-2.amazonaws.com/8b1a6a75-27e0-464f-bb60-c386202c1401/OPERA_L3_DIST-ALERT-S1_T33MWR_20240211T043536Z_20251215T212038Z_S1A_30_v0.1.png,2025-12-15T20:48:28+00:00,1403.703,4.5,33MWR,1,23,4,none,False,transformer_v1_32,high,32,20,2024-02-11,109,2.5,4,best,none,False
monkey_creek_fire_2024__2024-07-18__10TGQ__transformer_v1_32-20mc,https://hyp3-tibet-jpl-test-contentbucket-hratibh1y9pa.s3.us-west-2.amazonaws.com/34d7fac9-76c3-425e-b01a-3268a9c4700a/OPERA_L3_DIST-ALERT-S1_T10TGQ_20240911T015330Z_20251215T212924Z_S1A_30_v0.1.zip,s3://hyp3-tibet-jpl-test-contentbucket-hratibh1y9pa34d7fac9-76c3-425e-b01a-3268a9c4700a/OPERA_L3_DIST-ALERT-S1_T10TGQ_20240911T015330Z_20251215T212924Z_S1A_30_v0.1,https://hyp3-tibet-jpl-test-contentbucket-hratibh1y9pa.s3.us-west-2.amazonaws.com/34d7fac9-76c3-425e-b01a-3268a9c4700a/OPERA_L3_DIST-ALERT-S1_T10TGQ_20240911T015330Z_20251215T212924Z_S1A_30_v0.1.png,2025-12-15T20:48:28+00:00,1938.324,4.5,10TGQ,1,23,4,none,False,transformer_v1_32,high,32,20,2024-09-11,64,2.5,4,best,none,False
smokehouse_creek_fire_2024__2024-02-26__14SLE__transformer_v1_32-20mc,https://hyp3-tibet-jpl-test-contentbucket-hratibh1y9pa.s3.us-west-2.amazonaws.com/0a6854e6-7cf6-46c9-9def-f74a92e6eb63/OPERA_L3_DIST-ALERT-S1_T14SLE_20240311T004509Z_20251215T212755Z_S1A_30_v0.1.zip,s3://hyp3-tibet-jpl-test-contentbucket-hratibh1y9pa0a6854e6-7cf6-46c9-9def-f74a92e6eb63/OPERA_L3_DIST-ALERT-S1_T14SLE_20240311T004509Z_20251215T212755Z_S1A_30_v0.1,https://hyp3-tibet-jpl-test-contentbucket-hratibh1y9pa.s3.us-west-2.amazonaws.com/0a6854e6-7cf6-46c9-9def-f74a92e6eb63/OPERA_L3_DIST-ALERT-S1_T14SLE_20240311T004509Z_20251215T212755Z_S1A_30_v0.1.png,2025-12-15T20:48:28+00:00,1850.321,4.5,14SLE,1,23,4,none,False,transformer_v1_32,high,32,20,2024-03-11,5,2.5,4,best,none,False
tlacotalpan_flood_2024__2024-10-29__14QRF__transformer_v1_32-20mc,https://hyp3-tibet-jpl-test-contentbucket-hratibh1y9pa.s3.us-west-2.amazonaws.com/549c9104-6217-49b9-8bd9-1cf35df359c2/OPERA_L3_DIST-ALERT-S1_T14QRF_20241101T003213Z_20251215T213130Z_S1A_30_v0.1.zip,s3://hyp3-tibet-jpl-test-contentbucket-hratibh1y9pa549c9104-6217-49b9-8bd9-1cf35df359c2/OPERA_L3_DIST-ALERT-S1_T14QRF_20241101T003213Z_20251215T213130Z_S1A_30_v0.1,https://hyp3-tibet-jpl-test-contentbucket-hratibh1y9pa.s3.us-west-2.amazonaws.com/549c9104-6217-49b9-8bd9-1cf35df359c2/OPERA_L3_DIST-ALERT-S1_T14QRF_20241101T003213Z_20251215T213130Z_S1A_30_v0.1.png,2025-12-15T20:48:28+00:00,2065.272,4.5,14QRF,1,23,4,none,False,transformer_v1_32,high,32,20,2024-11-01,107,2.5,4,best,none,False
smokehouse_creek_fire_2024__2024-02-26__14SLE__transformer_v1_32-20mc,https://hyp3-tibet-jpl-test-contentbucket-hratibh1y9pa.s3.us-west-2.amazonaws.com/b868f30e-de41-4d8f-b77d-58872033fbd3/OPERA_L3_DIST-ALERT-S1_T14SLE_20240323T124630Z_20251215T211512Z_S1A_30_v0.1.zip,s3://hyp3-tibet-jpl-test-contentbucket-hratibh1y9pab868f30e-de41-4d8f-b77d-58872033fbd3/OPERA_L3_DIST-ALERT-S1_T14SLE_20240323T124630Z_20251215T211512Z_S1A_30_v0.1,https://hyp3-tibet-jpl-test-contentbucket-hratibh1y9pa.s3.us-west-2.amazonaws.com/b868f30e-de41-4d8f-b77d-58872033fbd3/OPERA_L3_DIST-ALERT-S1_T14SLE_20240323T124630Z_20251215T211512Z_S1A_30_v0.1.png,2025-12-15T20:48:28+00:00,1083.443,4.5,14SLE,1,23,4,none,False,transformer_v1_32,high,32,20,2024-03-23,12,2.5,4,best,none,False
tlacotalpan_flood_2024__2024-10-29__14QRF__transformer_v1_32-20mc,https://hyp3-tibet-jpl-test-contentbucket-hratibh1y9pa.s3.us-west-2.amazonaws.com/96791080-fe8c-4eec-b329-b0989144e2fb/OPERA_L3_DIST-ALERT-S1_T14QRF_20241110T121821Z_20251215T212403Z_S1A_30_v0.1.zip,s3://hyp3-tibet-jpl-test-contentbucket-hratibh1y9pa96791080-fe8c-4eec-b329-b0989144e2fb/OPERA_L3_DIST-ALERT-S1_T14QRF_20241110T121821Z_20251215T212403Z_S1A_30_v0.1,https://hyp3-tibet-jpl-test-contentbucket-hratibh1y9pa.s3.us-west-2.amazonaws.com/96791080-fe8c-4eec-b329-b0989144e2fb/OPERA_L3_DIST-ALERT-S1_T14QRF_20241110T121821Z_20251215T212403Z_S1A_30_v0.1.png,2025-12-15T20:48:28+00:00,1619.498,4.5,14QRF,1,23,4,none,False,transformer_v1_32,high,32,20,2024-11-10,70,2.5,4,best,none,False
brazzaville_flood_and_landslides_2024__2024-02-08__33MWR__transformer_v1_32-20mc,https://hyp3-tibet-jpl-test-contentbucket-hratibh1y9pa.s3.us-west-2.amazonaws.com/210f2586-0bd9-4a99-b2b6-9de9b4f1f528/OPERA_L3_DIST-ALERT-S1_T33MWR_20240130T043537Z_20251215T212006Z_S1A_30_v0.1.zip,s3://hyp3-tibet-jpl-test-contentbucket-hratibh1y9pa210f2586-0bd9-4a99-b2b6-9de9b4f1f528/OPERA_L3_DIST-ALERT-S1_T33MWR_20240130T043537Z_20251215T212006Z_S1A_30_v0.1,https://hyp3-tibet-jpl-test-contentbucket-hratibh1y9pa.s3.us-west-2.amazonaws.com/210f2586-0bd9-4a99-b2b6-9de9b4f1f528/OPERA_L3_DIST-ALERT-S1_T33MWR_20240130T043537Z_20251215T212006Z_S1A_30_v0.1.png,2025-12-15T20:48:28+00:00,1369.077,4.5,33MWR,1,23,4,none,False,transformer_v1_32,high,32,20,2024-01-30,109,2.5,4,best,none,False
monkey_creek_fire_2024__2024-07-18__10TGQ__transformer_v1_32-20mc,https://hyp3-tibet-jpl-test-contentbucket-hratibh1y9pa.s3.us-west-2.amazonaws.com/2a220992-a508-4cc8-b4d5-993e995eefa4/OPERA_L3_DIST-ALERT-S1_T10TGQ_20240818T015329Z_20251215T213309Z_S1A_30_v0.1.zip,s3://hyp3-tibet-jpl-test-contentbucket-hratibh1y9pa2a220992-a508-4cc8-b4d5-993e995eefa4/OPERA_L3_DIST-ALERT-S1_T10TGQ_20240818T015329Z_20251215T213309Z_S1A_30_v0.1,https://hyp3-tibet-jpl-test-contentbucket-hratibh1y9pa.s3.us-west-2.amazonaws.com/2a220992-a508-4cc8-b4d5-993e995eefa4/OPERA_L3_DIST-ALERT-S1_T10TGQ_20240818T015329Z_20251215T213309Z_S1A_30_v0.1.png,2025-12-15T20:48:28+00:00,2163.417,4.5,10TGQ,1,23,4,none,False,transformer_v1_32,high,32,20,2024-08-18,64,2.5,4,best,none,False
smokehouse_creek_fire_2024__2024-02-26__14SME__transformer_v1_32-20mc,https://hyp3-tibet-jpl-test-contentbucket-hratibh1y9pa.s3.us-west-2.amazonaws.com/f588b233-69c0-4db3-94ad-d39df17674e6/OPERA_L3_DIST-ALERT-S1_T14SME_20240223T003658Z_20251215T212604Z_S1A_30_v0.1.zip,s3://hyp3-tibet-jpl-test-contentbucket-hratibh1y9paf588b233-69c0-4db3-94ad-d39df17674e6/OPERA_L3_DIST-ALERT-S1_T14SME_20240223T003658Z_20251215T212604Z_S1A_30_v0.1,https://hyp3-tibet-jpl-test-contentbucket-hratibh1y9pa.s3.us-west-2.amazonaws.com/f588b233-69c0-4db3-94ad-d39df17674e6/OPERA_L3_DIST-ALERT-S1_T14SME_20240223T003658Z_20251215T212604Z_S1A_30_v0.1.png,2025-12-15T20:48:28+00:00,1732.72,4.5,14SME,1,23,4,none,False,transformer_v1_32,high,32,20,2024-02-23,107,2.5,4,best,none,False
tlacotalpan_flood_2024__2024-10-29__14QRF__transformer_v1_32-20mc,https://hyp3-tibet-jpl-test-contentbucket-hratibh1y9pa.s3.us-west-2.amazonaws.com/f3ddc144-f72b-4322-aa77-14c2740bdd8f/OPERA_L3_DIST-ALERT-S1_T14QRF_20241008T003213Z_20251215T213400Z_S1A_30_v0.1.zip,s3://hyp3-tibet-jpl-test-contentbucket-hratibh1y9paf3ddc144-f72b-4322-aa77-14c2740bdd8f/OPERA_L3_DIST-ALERT-S1_T14QRF_20241008T003213Z_20251215T213400Z_S1A_30_v0.1,https://hyp3-tibet-jpl-test-contentbucket-hratibh1y9pa.s3.us-west-2.amazonaws.com/f3ddc144-f72b-4322-aa77-14c2740bdd8f/OPERA_L3_DIST-ALERT-S1_T14QRF_20241008T003213Z_20251215T213400Z_S1A_30_v0.1.png,2025-12-15T20:48:28+00:00,2248.714,4.5,14QRF,1,23,4,none,False,transformer_v1_32,high,32,20,2024-10-08,107,2.5,4,best,none,False
smokehouse_creek_fire_2024__2024-02-26__14SME__transformer_v1_32-20mc,https://hyp3-tibet-jpl-test-contentbucket-hratibh1y9pa.s3.us-west-2.amazonaws.com/39d6b8a5-fbf4-4219-8ef8-74109464a613/OPERA_L3_DIST-ALERT-S1_T14SME_20240130T003659Z_20251215T213037Z_S1A_30_v0.1.zip,s3://hyp3-tibet-jpl-test-contentbucket-hratibh1y9pa39d6b8a5-fbf4-4219-8ef8-74109464a613/OPERA_L3_DIST-ALERT-S1_T14SME_20240130T003659Z_20251215T213037Z_S1A_30_v0.1,https://hyp3-tibet-jpl-test-contentbucket-hratibh1y9pa.s3.us-west-2.amazonaws.com/39d6b8a5-fbf4-4219-8ef8-74109464a613/OPERA_L3_DIST-ALERT-S1_T14SME_20240130T003659Z_20251215T213037Z_S1A_30_v0.1.png,2025-12-15T20:48:28+00:00,2047.837,4.5,14SME,1,23,4,none,False,transformer_v1_32,high,32,20,2024-01-30,107,2.5,4,best,none,False
monkey_creek_fire_2024__2024-07-18__10TGQ__transformer_v1_32-20mc,https://hyp3-tibet-jpl-test-contentbucket-hratibh1y9pa.s3.us-west-2.amazonaws.com/9b04f6cb-2d3b-4831-937b-de565ba0b88a/OPERA_L3_DIST-ALERT-S1_T10TGQ_20240716T141430Z_20251215T211248Z_S1A_30_v0.1.zip,s3://hyp3-tibet-jpl-test-contentbucket-hratibh1y9pa9b04f6cb-2d3b-4831-937b-de565ba0b88a/OPERA_L3_DIST-ALERT-S1_T10TGQ_20240716T141430Z_20251215T211248Z_S1A_30_v0.1,https://hyp3-tibet-jpl-test-contentbucket-hratibh1y9pa.s3.us-west-2.amazonaws.com/9b04f6cb-2d3b-4831-937b-de565ba0b88a/OPERA_L3_DIST-ALERT-S1_T10TGQ_20240716T141430Z_20251215T211248Z_S1A_30_v0.1.png,2025-12-15T20:48:28+00:00,964.905,4.5,10TGQ,1,23,4,none,False,transformer_v1_32,high,32,20,2024-07-16,115,2.5,4,best,none,False
smokehouse_creek_fire_2024__2024-02-26__14SKE__transformer_v1_32-20mc,https://hyp3-tibet-jpl-test-contentbucket-hratibh1y9pa.s3.us-west-2.amazonaws.com/ea19028c-5d07-4698-b6b6-5a81b8dbe797/OPERA_L3_DIST-ALERT-S1_T14SKE_20240221T005323Z_20251215T210827Z_S1A_30_v0.1.zip,s3://hyp3-tibet-jpl-test-contentbucket-hratibh1y9paea19028c-5d07-4698-b6b6-5a81b8dbe797/OPERA_L3_DIST-ALERT-S1_T14SKE_20240221T005323Z_20251215T210827Z_S1A_30_v0.1,https://hyp3-tibet-jpl-test-contentbucket-hratibh1y9pa.s3.us-west-2.amazonaws.com/ea19028c-5d07-4698-b6b6-5a81b8dbe797/OPERA_L3_DIST-ALERT-S1_T14SKE_20240221T005323Z_20251215T210827Z_S1A_30_v0.1.png,2025-12-15T20:48:28+00:00,700.53,4.5,14SKE,1,23,4,none,False,transformer_v1_32,high,32,20,2024-02-21,78,2.5,4,best,none,False
monkey_creek_fire_2024__2024-07-18__10TGQ__transformer_v1_32-20mc,https://hyp3-tibet-jpl-test-contentbucket-hratibh1y9pa.s3.us-west-2.amazonaws.com/3d147316-ace5-4ec7-afcb-f9d2603792fe/OPERA_L3_DIST-ALERT-S1_T10TGQ_20240909T140625Z_20251215T211945Z_S1A_30_v0.1.zip,s3://hyp3-tibet-jpl-test-contentbucket-hratibh1y9pa3d147316-ace5-4ec7-afcb-f9d2603792fe/OPERA_L3_DIST-ALERT-S1_T10TGQ_20240909T140625Z_20251215T211945Z_S1A_30_v0.1,https://hyp3-tibet-jpl-test-contentbucket-hratibh1y9pa.s3.us-west-2.amazonaws.com/3d147316-ace5-4ec7-afcb-f9d2603792fe/OPERA_L3_DIST-ALERT-S1_T10TGQ_20240909T140625Z_20251215T211945Z_S1A_30_v0.1.png,2025-12-15T20:48:28+00:00,1393.069,4.5,10TGQ,1,23,4,none,False,transformer_v1_32,high,32,20,2024-09-09,42,2.5,4,best,none,False
monkey_creek_fire_2024__2024-07-18__10TGQ__transformer_v1_32-20mc,https://hyp3-tibet-jpl-test-contentbucket-hratibh1y9pa.s3.us-west-2.amazonaws.com/a76c514d-3ca5-4ef9-80c6-43fecf4a4807/OPERA_L3_DIST-ALERT-S1_T10TGQ_20240619T015331Z_20251215T213656Z_S1A_30_v0.1.zip,s3://hyp3-tibet-jpl-test-contentbucket-hratibh1y9paa76c514d-3ca5-4ef9-80c6-43fecf4a4807/OPERA_L3_DIST-ALERT-S1_T10TGQ_20240619T015331Z_20251215T213656Z_S1A_30_v0.1,https://hyp3-tibet-jpl-test-contentbucket-hratibh1y9pa.s3.us-west-2.amazonaws.com/a76c514d-3ca5-4ef9-80c6-43fecf4a4807/OPERA_L3_DIST-ALERT-S1_T10TGQ_20240619T015331Z_20251215T213656Z_S1A_30_v0.1.png,2025-12-15T20:48:28+00:00,2413.867,4.5,10TGQ,1,23,4,none,False,transformer_v1_32,high,32,20,2024-06-19,64,2.5,4,best,none,False
monkey_creek_fire_2024__2024-07-18__10TGQ__transformer_v1_32-20mc,https://hyp3-tibet-jpl-test-contentbucket-hratibh1y9pa.s3.us-west-2.amazonaws.com/3166dcad-aa19-4013-873f-677bfb17bd9d/OPERA_L3_DIST-ALERT-S1_T10TGQ_20240902T141430Z_20251215T211114Z_S1A_30_v0.1.zip,s3://hyp3-tibet-jpl-test-contentbucket-hratibh1y9pa3166dcad-aa19-4013-873f-677bfb17bd9d/OPERA_L3_DIST-ALERT-S1_T10TGQ_20240902T141430Z_20251215T211114Z_S1A_30_v0.1,https://hyp3-tibet-jpl-test-contentbucket-hratibh1y9pa.s3.us-west-2.amazonaws.com/3166dcad-aa19-4013-873f-677bfb17bd9d/OPERA_L3_DIST-ALERT-S1_T10TGQ_20240902T141430Z_20251215T211114Z_S1A_30_v0.1.png,2025-12-15T20:48:28+00:00,875.191,4.5,10TGQ,1,23,4,none,False,transformer_v1_32,high,32,20,2024-09-02,115,2.5,4,best,none,False
monkey_creek_fire_2024__2024-07-18__11TLK__transformer_v1_32-20mc,https://hyp3-tibet-jpl-test-contentbucket-hratibh1y9pa.s3.us-west-2.amazonaws.com/b8595d98-c3bb-4386-9efe-11b1608b8aff/OPERA_L3_DIST-ALERT-S1_T11TLK_20240909T140624Z_20251215T211827Z_S1A_30_v0.1.zip,s3://hyp3-tibet-jpl-test-contentbucket-hratibh1y9pab8595d98-c3bb-4386-9efe-11b1608b8aff/OPERA_L3_DIST-ALERT-S1_T11TLK_20240909T140624Z_20251215T211827Z_S1A_30_v0.1,https://hyp3-tibet-jpl-test-contentbucket-hratibh1y9pa.s3.us-west-2.amazonaws.com/b8595d98-c3bb-4386-9efe-11b1608b8aff/OPERA_L3_DIST-ALERT-S1_T11TLK_20240909T140624Z_20251215T211827Z_S1A_30_v0.1.png,2025-12-15T20:48:28+00:00,1310.507,4.5,11TLK,1,23,4,none,False,transformer_v1_32,high,32,20,2024-09-09,42,2.5,4,best,none,False
southwest_france_flood_2023__2023-12-14__30TXR__transformer_v1_32-20mc,https://hyp3-tibet-jpl-test-contentbucket-hratibh1y9pa.s3.us-west-2.amazonaws.com/20823432-d3b7-4439-a126-7ad53834c57c/OPERA_L3_DIST-ALERT-S1_T30TXR_20240104T061701Z_20251215T211640Z_S1A_30_v0.1.zip,s3://hyp3-tibet-jpl-test-contentbucket-hratibh1y9pa20823432-d3b7-4439-a126-7ad53834c57c/OPERA_L3_DIST-ALERT-S1_T30TXR_20240104T061701Z_20251215T211640Z_S1A_30_v0.1,https://hyp3-tibet-jpl-test-contentbucket-hratibh1y9pa.s3.us-west-2.amazonaws.com/20823432-d3b7-4439-a126-7ad53834c57c/OPERA_L3_DIST-ALERT-S1_T30TXR_20240104T061701Z_20251215T211640Z_S1A_30_v0.1.png,2025-12-15T20:48:28+00:00,1200.045,4.5,30TXR,1,23,4,none,False,transformer_v1_32,high,32,20,2024-01-04,81,2.5,4,best,none,False
brazzaville_flood_and_landslides_2023__2023-12-28__33MWR__transformer_v1_32-20mc,https://hyp3-tibet-jpl-test-contentbucket-hratibh1y9pa.s3.us-west-2.amazonaws.com/06ba07eb-0ba7-4c44-bc2d-bd51bc0596b5/OPERA_L3_DIST-ALERT-S1_T33MWR_20240123T044346Z_20251215T211129Z_S1A_30_v0.1.zip,s3://hyp3-tibet-jpl-test-contentbucket-hratibh1y9pa06ba07eb-0ba7-4c44-bc2d-bd51bc0596b5/OPERA_L3_DIST-ALERT-S1_T33MWR_20240123T044346Z_20251215T211129Z_S1A_30_v0.1,https://hyp3-tibet-jpl-test-contentbucket-hratibh1y9pa.s3.us-west-2.amazonaws.com/06ba07eb-0ba7-4c44-bc2d-bd51bc0596b5/OPERA_L3_DIST-ALERT-S1_T33MWR_20240123T044346Z_20251215T211129Z_S1A_30_v0.1.png,2025-12-15T20:48:28+00:00,887.181,4.5,33MWR,1,23,4,none,False,transformer_v1_32,high,32,20,2024-01-23,7,2.5,4,best,none,False
monkey_creek_fire_2024__2024-07-18__11TLK__transformer_v1_32-20mc,https://hyp3-tibet-jpl-test-contentbucket-hratibh1y9pa.s3.us-west-2.amazonaws.com/b5ad9ed3-9b16-40ae-b9a4-2e60d5250d3e/OPERA_L3_DIST-ALERT-S1_T11TLK_20240701T015328Z_20251215T212801Z_S1A_30_v0.1.zip,s3://hyp3-tibet-jpl-test-contentbucket-hratibh1y9pab5ad9ed3-9b16-40ae-b9a4-2e60d5250d3e/OPERA_L3_DIST-ALERT-S1_T11TLK_20240701T015328Z_20251215T212801Z_S1A_30_v0.1,https://hyp3-tibet-jpl-test-contentbucket-hratibh1y9pa.s3.us-west-2.amazonaws.com/b5ad9ed3-9b16-40ae-b9a4-2e60d5250d3e/OPERA_L3_DIST-ALERT-S1_T11TLK_20240701T015328Z_20251215T212801Z_S1A_30_v0.1.png,2025-12-15T20:48:28+00:00,1888.212,4.5,11TLK,1,23,4,none,False,transformer_v1_32,high,32,20,2024-07-01,64,2.5,4,best,none,False
tlacotalpan_flood_2024__2024-10-29__14QRF__transformer_v1_32-20mc,https://hyp3-tibet-jpl-test-contentbucket-hratibh1y9pa.s3.us-west-2.amazonaws.com/c54739e2-4eb3-4bc0-a3a5-3d6a6126d95e/OPERA_L3_DIST-ALERT-S1_T14QRF_20241219T003209Z_20251215T213758Z_S1A_30_v0.1.zip,s3://hyp3-tibet-jpl-test-contentbucket-hratibh1y9pac54739e2-4eb3-4bc0-a3a5-3d6a6126d95e/OPERA_L3_DIST-ALERT-S1_T14QRF_20241219T003209Z_20251215T213758Z_S1A_30_v0.1,https://hyp3-tibet-jpl-test-contentbucket-hratibh1y9pa.s3.us-west-2.amazonaws.com/c54739e2-4eb3-4bc0-a3a5-3d6a6126d95e/OPERA_L3_DIST-ALERT-S1_T14QRF_20241219T003209Z_20251215T213758Z_S1A_30_v0.1.png,2025-12-15T20:48:28+00:00,2486.648,4.5,14QRF,1,23,4,none,False,transformer_v1_32,high,32,20,2024-12-19,107,2.5,4,best,none,False
southwest_france_flood_2023__2023-12-14__30TXR__transformer_v1_32-20mc,https://hyp3-tibet-jpl-test-contentbucket-hratibh1y9pa.s3.us-west-2.amazonaws.com/b623007e-f71d-41f2-a6ea-87ed404fade8/OPERA_L3_DIST-ALERT-S1_T30TXR_20240107T174829Z_20251215T210422Z_S1A_30_v0.1.zip,s3://hyp3-tibet-jpl-test-contentbucket-hratibh1y9pab623007e-f71d-41f2-a6ea-87ed404fade8/OPERA_L3_DIST-ALERT-S1_T30TXR_20240107T174829Z_20251215T210422Z_S1A_30_v0.1,https://hyp3-tibet-jpl-test-contentbucket-hratibh1y9pa.s3.us-west-2.amazonaws.com/b623007e-f71d-41f2-a6ea-87ed404fade8/OPERA_L3_DIST-ALERT-S1_T30TXR_20240107T174829Z_20251215T210422Z_S1A_30_v0.1.png,2025-12-15T20:48:28+00:00,454.888,4.5,30TXR,1,23,4,none,False,transformer_v1_32,high,32,20,2024-01-07,132,2.5,4,best,none,False
monkey_creek_fire_2024__2024-07-18__10TGQ__transformer_v1_32-20mc,https://hyp3-tibet-jpl-test-contentbucket-hratibh1y9pa.s3.us-west-2.amazonaws.com/8ec07515-faff-4bc6-86d7-28e88858cb67/OPERA_L3_DIST-ALERT-S1_T10TGQ_20240823T020142Z_20251215T210824Z_S1A_30_v0.1.zip,s3://hyp3-tibet-jpl-test-contentbucket-hratibh1y9pa8ec07515-faff-4bc6-86d7-28e88858cb67/OPERA_L3_DIST-ALERT-S1_T10TGQ_20240823T020142Z_20251215T210824Z_S1A_30_v0.1,https://hyp3-tibet-jpl-test-contentbucket-hratibh1y9pa.s3.us-west-2.amazonaws.com/8ec07515-faff-4bc6-86d7-28e88858cb67/OPERA_L3_DIST-ALERT-S1_T10TGQ_20240823T020142Z_20251215T210824Z_S1A_30_v0.1.png,2025-12-15T20:48:28+00:00,697.917,4.5,10TGQ,1,23,4,none,False,transformer_v1_32,high,32,20,2024-08-23,137,2.5,4,best,none,False
smokehouse_creek_fire_2024__2024-02-26__14SME__transformer_v1_32-20mc,https://hyp3-tibet-jpl-test-contentbucket-hratibh1y9pa.s3.us-west-2.amazonaws.com/70dc1ac5-8cdb-4e64-abf8-8e58e7f16efd/OPERA_L3_DIST-ALERT-S1_T14SME_20240204T004509Z_20251215T210832Z_S1A_30_v0.1.zip,s3://hyp3-tibet-jpl-test-contentbucket-hratibh1y9pa70dc1ac5-8cdb-4e64-abf8-8e58e7f16efd/OPERA_L3_DIST-ALERT-S1_T14SME_20240204T004509Z_20251215T210832Z_S1A_30_v0.1,https://hyp3-tibet-jpl-test-contentbucket-hratibh1y9pa.s3.us-west-2.amazonaws.com/70dc1ac5-8cdb-4e64-abf8-8e58e7f16efd/OPERA_L3_DIST-ALERT-S1_T14SME_20240204T004509Z_20251215T210832Z_S1A_30_v0.1.png,2025-12-15T20:48:28+00:00,705.661,4.5,14SME,1,23,4,none,False,transformer_v1_32,high,32,20,2024-02-04,5,2.5,4,best,none,False
tlacotalpan_flood_2024__2024-10-29__14QRF__transformer_v1_32-20mc,https://hyp3-tibet-jpl-test-contentbucket-hratibh1y9pa.s3.us-west-2.amazonaws.com/3cb189f6-81c7-4147-b371-74a87207a45e/OPERA_L3_DIST-ALERT-S1_T14QRF_20241125T003211Z_20251215T212653Z_S1A_30_v0.1.zip,s3://hyp3-tibet-jpl-test-contentbucket-hratibh1y9pa3cb189f6-81c7-4147-b371-74a87207a45e/OPERA_L3_DIST-ALERT-S1_T14QRF_20241125T003211Z_20251215T212653Z_S1A_30_v0.1,https://hyp3-tibet-jpl-test-contentbucket-hratibh1y9pa.s3.us-west-2.amazonaws.com/3cb189f6-81c7-4147-b371-74a87207a45e/OPERA_L3_DIST-ALERT-S1_T14QRF_20241125T003211Z_20251215T212653Z_S1A_30_v0.1.png,2025-12-15T20:48:28+00:00,1815.621,4.5,14QRF,1,23,4,none,False,transformer_v1_32,high,32,20,2024-11-25,107,2.5,4,best,none,False
smokehouse_creek_fire_2024__2024-02-26__14SME__transformer_v1_32-20mc,https://hyp3-tibet-jpl-test-contentbucket-hratibh1y9pa.s3.us-west-2.amazonaws.com/398eea57-afbf-4bed-aa36-a517167a5181/OPERA_L3_DIST-ALERT-S1_T14SME_20240416T004510Z_20251215T210921Z_S1A_30_v0.1.zip,s3://hyp3-tibet-jpl-test-contentbucket-hratibh1y9pa398eea57-afbf-4bed-aa36-a517167a5181/OPERA_L3_DIST-ALERT-S1_T14SME_20240416T004510Z_20251215T210921Z_S1A_30_v0.1,https://hyp3-tibet-jpl-test-contentbucket-hratibh1y9pa.s3.us-west-2.amazonaws.com/398eea57-afbf-4bed-aa36-a517167a5181/OPERA_L3_DIST-ALERT-S1_T14SME_20240416T004510Z_20251215T210921Z_S1A_30_v0.1.png,2025-12-15T20:48:28+00:00,786.698,4.5,14SME,1,23,4,none,False,transformer_v1_32,high,32,20,2024-04-16,5,2.5,4,best,none,False
cipongkor_landslides_2024__2024-03-24__48MYT__transformer_v1_32-20mc,https://hyp3-tibet-jpl-test-contentbucket-hratibh1y9pa.s3.us-west-2.amazonaws.com/b20414a2-6b7e-4bd3-b48e-439cd546de6a/OPERA_L3_DIST-ALERT-S1_T48MYT_20240410T111517Z_20251215T213729Z_S1A_30_v0.1.zip,s3://hyp3-tibet-jpl-test-contentbucket-hratibh1y9pab20414a2-6b7e-4bd3-b48e-439cd546de6a/OPERA_L3_DIST-ALERT-S1_T48MYT_20240410T111517Z_20251215T213729Z_S1A_30_v0.1,https://hyp3-tibet-jpl-test-contentbucket-hratibh1y9pa.s3.us-west-2.amazonaws.com/b20414a2-6b7e-4bd3-b48e-439cd546de6a/OPERA_L3_DIST-ALERT-S1_T48MYT_20240410T111517Z_20251215T213729Z_S1A_30_v0.1.png,2025-12-15T20:48:26+00:00,1608.982,4.5,48MYT,1,23,4,none,False,transformer_v1_32,high,32,20,2024-04-10,98,2.5,4,best,none,False
durkee_fire_2024__2024-07-17__11TMJ__transformer_v1_32-20mc,https://hyp3-tibet-jpl-test-contentbucket-hratibh1y9pa.s3.us-west-2.amazonaws.com/9328c95b-0204-418f-b53c-dca9b5ee56e7/OPERA_L3_DIST-ALERT-S1_T11TMJ_20240830T135009Z_20251215T212424Z_S1A_30_v0.1.zip,s3://hyp3-tibet-jpl-test-contentbucket-hratibh1y9pa9328c95b-0204-418f-b53c-dca9b5ee56e7/OPERA_L3_DIST-ALERT-S1_T11TMJ_20240830T135009Z_20251215T212424Z_S1A_30_v0.1,https://hyp3-tibet-jpl-test-contentbucket-hratibh1y9pa.s3.us-west-2.amazonaws.com/9328c95b-0204-418f-b53c-dca9b5ee56e7/OPERA_L3_DIST-ALERT-S1_T11TMJ_20240830T135009Z_20251215T212424Z_S1A_30_v0.1.png,2025-12-15T20:48:26+00:00,817.562,4.5,11TMJ,1,23,4,none,False,transformer_v1_32,high,32,20,2024-08-30,71,2.5,4,best,none,False
los_angeles_fires_2025__2025-01-04__11SLT__transformer_v1_32-20mc,https://hyp3-tibet-jpl-test-contentbucket-hratibh1y9pa.s3.us-west-2.amazonaws.com/219c9a41-b1e2-4ad8-9c69-c0bd8b911fe2/OPERA_L3_DIST-ALERT-S1_T11SLT_20250303T015837Z_20251215T213226Z_S1A_30_v0.1.zip,s3://hyp3-tibet-jpl-test-contentbucket-hratibh1y9pa219c9a41-b1e2-4ad8-9c69-c0bd8b911fe2/OPERA_L3_DIST-ALERT-S1_T11SLT_20250303T015837Z_20251215T213226Z_S1A_30_v0.1,https://hyp3-tibet-jpl-test-contentbucket-hratibh1y9pa.s3.us-west-2.amazonaws.com/219c9a41-b1e2-4ad8-9c69-c0bd8b911fe2/OPERA_L3_DIST-ALERT-S1_T11SLT_20250303T015837Z_20251215T213226Z_S1A_30_v0.1.png,2025-12-15T20:48:26+00:00,1297.497,4.5,11SLT,1,23,4,none,False,transformer_v1_32,high,32,20,2025-03-03,137,2.5,4,best,none,False
afghanistan_flood_2024__2024-05-11__42SWF__transformer_v1_32-20mc,https://hyp3-tibet-jpl-test-contentbucket-hratibh1y9pa.s3.us-west-2.amazonaws.com/a6b8e0de-ba8c-400d-93b9-a20b7e3357b9/OPERA_L3_DIST-ALERT-S1_T42SWF_20240601T013130Z_20251215T212253Z_S1A_30_v0.1.zip,s3://hyp3-tibet-jpl-test-contentbucket-hratibh1y9paa6b8e0de-ba8c-400d-93b9-a20b7e3357b9/OPERA_L3_DIST-ALERT-S1_T42SWF_20240601T013130Z_20251215T212253Z_S1A_30_v0.1,https://hyp3-tibet-jpl-test-contentbucket-hratibh1y9pa.s3.us-west-2.amazonaws.com/a6b8e0de-ba8c-400d-93b9-a20b7e3357b9/OPERA_L3_DIST-ALERT-S1_T42SWF_20240601T013130Z_20251215T212253Z_S1A_30_v0.1.png,2025-12-15T20:48:26+00:00,722.086,4.5,42SWF,1,23,4,none,False,transformer_v1_32,high,32,20,2024-06-01,151,2.5,4,best,none,False
cipongkor_landslides_2024__2024-03-24__48MYT__transformer_v1_32-20mc,https://hyp3-tibet-jpl-test-contentbucket-hratibh1y9pa.s3.us-west-2.amazonaws.com/fb4eaac4-07da-42d0-87ea-f58a313cb5b5/OPERA_L3_DIST-ALERT-S1_T48MYT_20240305T111517Z_20251215T213600Z_S1A_30_v0.1.zip,s3://hyp3-tibet-jpl-test-contentbucket-hratibh1y9pafb4eaac4-07da-42d0-87ea-f58a313cb5b5/OPERA_L3_DIST-ALERT-S1_T48MYT_20240305T111517Z_20251215T213600Z_S1A_30_v0.1,https://hyp3-tibet-jpl-test-contentbucket-hratibh1y9pa.s3.us-west-2.amazonaws.com/fb4eaac4-07da-42d0-87ea-f58a313cb5b5/OPERA_L3_DIST-ALERT-S1_T48MYT_20240305T111517Z_20251215T213600Z_S1A_30_v0.1.png,2025-12-15T20:48:26+00:00,1522.986,4.5,48MYT,1,23,4,none,False,transformer_v1_32,high,32,20,2024-03-05,98,2.5,4,best,none,False
cipongkor_landslides_2024__2024-03-24__48MYT__transformer_v1_32-20mc,https://hyp3-tibet-jpl-test-contentbucket-hratibh1y9pa.s3.us-west-2.amazonaws.com/b7dbc3d8-4289-4fc8-80c8-c9121881c82a/OPERA_L3_DIST-ALERT-S1_T48MYT_20240504T111518Z_20251215T213154Z_S1A_30_v0.1.zip,s3://hyp3-tibet-jpl-test-contentbucket-hratibh1y9pab7dbc3d8-4289-4fc8-80c8-c9121881c82a/OPERA_L3_DIST-ALERT-S1_T48MYT_20240504T111518Z_20251215T213154Z_S1A_30_v0.1,https://hyp3-tibet-jpl-test-contentbucket-hratibh1y9pa.s3.us-west-2.amazonaws.com/b7dbc3d8-4289-4fc8-80c8-c9121881c82a/OPERA_L3_DIST-ALERT-S1_T48MYT_20240504T111518Z_20251215T213154Z_S1A_30_v0.1.png,2025-12-15T20:48:26+00:00,1304.161,4.5,48MYT,1,23,4,none,False,transformer_v1_32,high,32,20,2024-05-04,98,2.5,4,best,none,False
los_angeles_fires_2025__2025-01-04__11SLT__transformer_v1_32-20mc,https://hyp3-tibet-jpl-test-contentbucket-hratibh1y9pa.s3.us-west-2.amazonaws.com/dcb99e2b-2354-457c-a1c6-d1ca4b893b02/OPERA_L3_DIST-ALERT-S1_T11SLT_20250202T015029Z_20251215T212056Z_S1A_30_v0.1.zip,s3://hyp3-tibet-jpl-test-contentbucket-hratibh1y9padcb99e2b-2354-457c-a1c6-d1ca4b893b02/OPERA_L3_DIST-ALERT-S1_T11SLT_20250202T015029Z_20251215T212056Z_S1A_30_v0.1,https://hyp3-tibet-jpl-test-contentbucket-hratibh1y9pa.s3.us-west-2.amazonaws.com/dcb99e2b-2354-457c-a1c6-d1ca4b893b02/OPERA_L3_DIST-ALERT-S1_T11SLT_20250202T015029Z_20251215T212056Z_S1A_30_v0.1.png,2025-12-15T20:48:26+00:00,639.419,4.5,11SLT,1,23,4,none,False,transformer_v1_32,high,32,20,2025-02-02,64,2.5,4,best,none,False
mai_mahiu_flood_and_landslides_2024__2024-04-29__37MBU__transformer_v1_32-20mc,https://hyp3-tibet-jpl-test-contentbucket-hratibh1y9pa.s3.us-west-2.amazonaws.com/0c42f10b-6cfd-4ee4-9172-66c9537b03e7/OPERA_L3_DIST-ALERT-S1_T37MBU_20240506T155632Z_20251215T212622Z_S1A_30_v0.1.zip,s3://hyp3-tibet-jpl-test-contentbucket-hratibh1y9pa0c42f10b-6cfd-4ee4-9172-66c9537b03e7/OPERA_L3_DIST-ALERT-S1_T37MBU_20240506T155632Z_20251215T212622Z_S1A_30_v0.1,https://hyp3-tibet-jpl-test-contentbucket-hratibh1y9pa.s3.us-west-2.amazonaws.com/0c42f10b-6cfd-4ee4-9172-66c9537b03e7/OPERA_L3_DIST-ALERT-S1_T37MBU_20240506T155632Z_20251215T212622Z_S1A_30_v0.1.png,2025-12-15T20:48:26+00:00,977.278,4.5,37MBU,1,23,4,none,False,transformer_v1_32,high,32,20,2024-05-06,130,2.5,4,best,none,False
durkee_fire_2024__2024-07-17__11TMK__transformer_v1_32-20mc,https://hyp3-tibet-jpl-test-contentbucket-hratibh1y9pa.s3.us-west-2.amazonaws.com/cfb56f2e-fbdc-40d2-b43c-bef242ac7345/OPERA_L3_DIST-ALERT-S1_T11TMK_20240718T135803Z_20251215T213604Z_S1A_30_v0.1.zip,s3://hyp3-tibet-jpl-test-contentbucket-hratibh1y9pacfb56f2e-fbdc-40d2-b43c-bef242ac7345/OPERA_L3_DIST-ALERT-S1_T11TMK_20240718T135803Z_20251215T213604Z_S1A_30_v0.1,https://hyp3-tibet-jpl-test-contentbucket-hratibh1y9pa.s3.us-west-2.amazonaws.com/cfb56f2e-fbdc-40d2-b43c-bef242ac7345/OPERA_L3_DIST-ALERT-S1_T11TMK_20240718T135803Z_20251215T213604Z_S1A_30_v0.1.png,2025-12-15T20:48:26+00:00,1555.412,4.5,11TMK,1,23,4,none,False,transformer_v1_32,high,32,20,2024-07-18,144,2.5,4,best,none,False
durkee_fire_2024__2024-07-17__11TMK__transformer_v1_32-20mc,https://hyp3-tibet-jpl-test-contentbucket-hratibh1y9pa.s3.us-west-2.amazonaws.com/94a16b28-f118-4f37-bfb0-6240e34a9de5/OPERA_L3_DIST-ALERT-S1_T11TMK_20240820T013707Z_20251215T211601Z_S1A_30_v0.1.zip,s3://hyp3-tibet-jpl-test-contentbucket-hratibh1y9pa94a16b28-f118-4f37-bfb0-6240e34a9de5/OPERA_L3_DIST-ALERT-S1_T11TMK_20240820T013707Z_20251215T211601Z_S1A_30_v0.1,https://hyp3-tibet-jpl-test-contentbucket-hratibh1y9pa.s3.us-west-2.amazonaws.com/94a16b28-f118-4f37-bfb0-6240e34a9de5/OPERA_L3_DIST-ALERT-S1_T11TMK_20240820T013707Z_20251215T211601Z_S1A_30_v0.1.png,2025-12-15T20:48:26+00:00,343.985,4.5,11TMK,1,23,4,none,False,transformer_v1_32,high,32,20,2024-08-20,93,2.5,4,best,none,False
los_angeles_fires_2025__2025-01-04__11SLT__transformer_v1_32-20mc,https://hyp3-tibet-jpl-test-contentbucket-hratibh1y9pa.s3.us-west-2.amazonaws.com/f0ab27a2-eb2e-4e00-9ccb-f36147177666/OPERA_L3_DIST-ALERT-S1_T11SLT_20241228T135248Z_20251215T213448Z_S1A_30_v0.1.zip,s3://hyp3-tibet-jpl-test-contentbucket-hratibh1y9paf0ab27a2-eb2e-4e00-9ccb-f36147177666/OPERA_L3_DIST-ALERT-S1_T11SLT_20241228T135248Z_20251215T213448Z_S1A_30_v0.1,https://hyp3-tibet-jpl-test-contentbucket-hratibh1y9pa.s3.us-west-2.amazonaws.com/f0ab27a2-eb2e-4e00-9ccb-f36147177666/OPERA_L3_DIST-ALERT-S1_T11SLT_20241228T135248Z_20251215T213448Z_S1A_30_v0.1.png,2025-12-15T20:48:26+00:00,1475.089,4.5,11SLT,1,23,4,none,False,transformer_v1_32,high,32,20,2024-12-28,71,2.5,4,best,none,False
chile_fire_2024__2024-02-04__19HBD__transformer_v1_32-20mc,https://hyp3-tibet-jpl-test-contentbucket-hratibh1y9pa.s3.us-west-2.amazonaws.com/0f1cc5e2-6810-49fe-b4d4-e9ea970a4362/OPERA_L3_DIST-ALERT-S1_T19HBD_20240128T233646Z_20251215T211301Z_S1A_30_v0.1.zip,s3://hyp3-tibet-jpl-test-contentbucket-hratibh1y9pa0f1cc5e2-6810-49fe-b4d4-e9ea970a4362/OPERA_L3_DIST-ALERT-S1_T19HBD_20240128T233646Z_20251215T211301Z_S1A_30_v0.1,https://hyp3-tibet-jpl-test-contentbucket-hratibh1y9pa.s3.us-west-2.amazonaws.com/0f1cc5e2-6810-49fe-b4d4-e9ea970a4362/OPERA_L3_DIST-ALERT-S1_T19HBD_20240128T233646Z_20251215T211301Z_S1A_30_v0.1.png,2025-12-15T20:48:26+00:00,164.157,4.5,19HBD,1,23,4,none,False,transformer_v1_32,high,32,20,2024-01-28,91,2.5,4,best,none,False
los_angeles_fires_2025__2025-01-04__11SLT__transformer_v1_32-20mc,https://hyp3-tibet-jpl-test-contentbucket-hratibh1y9pa.s3.us-west-2.amazonaws.com/9078e901-302a-4b81-af80-2be2a6f551f1/OPERA_L3_DIST-ALERT-S1_T11SLT_20250109T015031Z_20251215T212421Z_S1A_30_v0.1.zip,s3://hyp3-tibet-jpl-test-contentbucket-hratibh1y9pa9078e901-302a-4b81-af80-2be2a6f551f1/OPERA_L3_DIST-ALERT-S1_T11SLT_20250109T015031Z_20251215T212421Z_S1A_30_v0.1,https://hyp3-tibet-jpl-test-contentbucket-hratibh1y9pa.s3.us-west-2.amazonaws.com/9078e901-302a-4b81-af80-2be2a6f551f1/OPERA_L3_DIST-ALERT-S1_T11SLT_20250109T015031Z_20251215T212421Z_S1A_30_v0.1.png,2025-12-15T20:48:26+00:00,879.428,4.5,11SLT,1,23,4,none,False,transformer_v1_32,high,32,20,2025-01-09,64,2.5,4,best,none,False
mai_mahiu_flood_and_landslides_2024__2024-04-29__37MBU__transformer_v1_32-20mc,https://hyp3-tibet-jpl-test-contentbucket-hratibh1y9pa.s3.us-west-2.amazonaws.com/2665fb65-76c8-48b4-aaf4-359929e54f47/OPERA_L3_DIST-ALERT-S1_T37MBU_20240331T155631Z_20251215T212516Z_S1A_30_v0.1.zip,s3://hyp3-tibet-jpl-test-contentbucket-hratibh1y9pa2665fb65-76c8-48b4-aaf4-359929e54f47/OPERA_L3_DIST-ALERT-S1_T37MBU_20240331T155631Z_20251215T212516Z_S1A_30_v0.1,https://hyp3-tibet-jpl-test-contentbucket-hratibh1y9pa.s3.us-west-2.amazonaws.com/2665fb65-76c8-48b4-aaf4-359929e54f47/OPERA_L3_DIST-ALERT-S1_T37MBU_20240331T155631Z_20251215T212516Z_S1A_30_v0.1.png,2025-12-15T20:48:26+00:00,938.866,4.5,37MBU,1,23,4,none,False,transformer_v1_32,high,32,20,2024-03-31,130,2.5,4,best,none,False
chile_fire_2024__2024-02-04__19HBD__transformer_v1_32-20mc,https://hyp3-tibet-jpl-test-contentbucket-hratibh1y9pa.s3.us-west-2.amazonaws.com/e8aa308a-be01-4384-8e09-dab5e9338e2f/OPERA_L3_DIST-ALERT-S1_T19HBD_20240204T232836Z_20251215T213343Z_S1A_30_v0.1.zip,s3://hyp3-tibet-jpl-test-contentbucket-hratibh1y9pae8aa308a-be01-4384-8e09-dab5e9338e2f/OPERA_L3_DIST-ALERT-S1_T19HBD_20240204T232836Z_20251215T213343Z_S1A_30_v0.1,https://hyp3-tibet-jpl-test-contentbucket-hratibh1y9pa.s3.us-west-2.amazonaws.com/e8aa308a-be01-4384-8e09-dab5e9338e2f/OPERA_L3_DIST-ALERT-S1_T19HBD_20240204T232836Z_20251215T213343Z_S1A_30_v0.1.png,2025-12-15T20:48:26+00:00,1442.96,4.5,19HBD,1,23,4,none,False,transformer_v1_32,high,32,20,2024-02-04,18,2.5,4,best,none,False
los_angeles_fires_2025__2025-01-04__11SLT__transformer_v1_32-20mc,https://hyp3-tibet-jpl-test-contentbucket-hratibh1y9pa.s3.us-west-2.amazonaws.com/94313c5f-6e03-4a47-a7d9-2617bb4ed931/OPERA_L3_DIST-ALERT-S1_T11SLT_20250102T140058Z_20251215T212032Z_S1A_30_v0.1.zip,s3://hyp3-tibet-jpl-test-contentbucket-hratibh1y9pa94313c5f-6e03-4a47-a7d9-2617bb4ed931/OPERA_L3_DIST-ALERT-S1_T11SLT_20250102T140058Z_20251215T212032Z_S1A_30_v0.1,https://hyp3-tibet-jpl-test-contentbucket-hratibh1y9pa.s3.us-west-2.amazonaws.com/94313c5f-6e03-4a47-a7d9-2617bb4ed931/OPERA_L3_DIST-ALERT-S1_T11SLT_20250102T140058Z_20251215T212032Z_S1A_30_v0.1.png,2025-12-15T20:48:26+00:00,647.018,4.5,11SLT,1,23,4,none,False,transformer_v1_32,high,32,20,2025-01-02,144,2.5,4,best,none,False
durkee_fire_2024__2024-07-17__11TMJ__transformer_v1_32-20mc,https://hyp3-tibet-jpl-test-contentbucket-hratibh1y9pa.s3.us-west-2.amazonaws.com/040582db-3d1d-4c8d-9c9d-302f097ffcc4/OPERA_L3_DIST-ALERT-S1_T11TMJ_20240823T135819Z_20251215T213836Z_S1A_30_v0.1.zip,s3://hyp3-tibet-jpl-test-contentbucket-hratibh1y9pa040582db-3d1d-4c8d-9c9d-302f097ffcc4/OPERA_L3_DIST-ALERT-S1_T11TMJ_20240823T135819Z_20251215T213836Z_S1A_30_v0.1,https://hyp3-tibet-jpl-test-contentbucket-hratibh1y9pa.s3.us-west-2.amazonaws.com/040582db-3d1d-4c8d-9c9d-302f097ffcc4/OPERA_L3_DIST-ALERT-S1_T11TMJ_20240823T135819Z_20251215T213836Z_S1A_30_v0.1.png,2025-12-15T20:48:26+00:00,1742.869,4.5,11TMJ,1,23,4,none,False,transformer_v1_32,high,32,20,2024-08-23,144,2.5,4,best,none,False
afghanistan_flood_2024__2024-05-11__42SWF__transformer_v1_32-20mc,https://hyp3-tibet-jpl-test-contentbucket-hratibh1y9pa.s3.us-west-2.amazonaws.com/f166424c-d9b4-4d46-818e-393ad3d17db5/OPERA_L3_DIST-ALERT-S1_T42SWF_20240613T013130Z_20251215T212319Z_S1A_30_v0.1.zip,s3://hyp3-tibet-jpl-test-contentbucket-hratibh1y9paf166424c-d9b4-4d46-818e-393ad3d17db5/OPERA_L3_DIST-ALERT-S1_T42SWF_20240613T013130Z_20251215T212319Z_S1A_30_v0.1,https://hyp3-tibet-jpl-test-contentbucket-hratibh1y9pa.s3.us-west-2.amazonaws.com/f166424c-d9b4-4d46-818e-393ad3d17db5/OPERA_L3_DIST-ALERT-S1_T42SWF_20240613T013130Z_20251215T212319Z_S1A_30_v0.1.png,2025-12-15T20:48:26+00:00,815.454,4.5,42SWF,1,23,4,none,False,transformer_v1_32,high,32,20,2024-06-13,151,2.5,4,best,none,False
chile_fire_2024__2024-02-04__19HBD__transformer_v1_32-20mc,https://hyp3-tibet-jpl-test-contentbucket-hratibh1y9pa.s3.us-west-2.amazonaws.com/c48f74a2-ba98-429d-99c1-380f68b83932/OPERA_L3_DIST-ALERT-S1_T19HBD_20240202T100430Z_20251215T213112Z_S1A_30_v0.1.zip,s3://hyp3-tibet-jpl-test-contentbucket-hratibh1y9pac48f74a2-ba98-429d-99c1-380f68b83932/OPERA_L3_DIST-ALERT-S1_T19HBD_20240202T100430Z_20251215T213112Z_S1A_30_v0.1,https://hyp3-tibet-jpl-test-contentbucket-hratibh1y9pa.s3.us-west-2.amazonaws.com/c48f74a2-ba98-429d-99c1-380f68b83932/OPERA_L3_DIST-ALERT-S1_T19HBD_20240202T100430Z_20251215T213112Z_S1A_30_v0.1.png,2025-12-15T20:48:26+00:00,1294.937,4.5,19HBD,1,23,4,none,False,transformer_v1_32,high,32,20,2024-02-02,156,2.5,4,best,none,False
afghanistan_flood_2024__2024-05-11__42SWF__transformer_v1_32-20mc,https://hyp3-tibet-jpl-test-contentbucket-hratibh1y9pa.s3.us-west-2.amazonaws.com/b5bfcf7a-d297-4fb8-9fa6-c1f88b664c47/OPERA_L3_DIST-ALERT-S1_T42SWF_20240527T012320Z_20251215T213154Z_S1A_30_v0.1.zip,s3://hyp3-tibet-jpl-test-contentbucket-hratibh1y9pab5bfcf7a-d297-4fb8-9fa6-c1f88b664c47/OPERA_L3_DIST-ALERT-S1_T42SWF_20240527T012320Z_20251215T213154Z_S1A_30_v0.1,https://hyp3-tibet-jpl-test-contentbucket-hratibh1y9pa.s3.us-west-2.amazonaws.com/b5bfcf7a-d297-4fb8-9fa6-c1f88b664c47/OPERA_L3_DIST-ALERT-S1_T42SWF_20240527T012320Z_20251215T213154Z_S1A_30_v0.1.png,2025-12-15T20:48:26+00:00,1340.751,4.5,42SWF,1,23,4,none,False,transformer_v1_32,high,32,20,2024-05-27,78,2.5,4,best,none,False
durkee_fire_2024__2024-07-17__11TMJ__transformer_v1_32-20mc,https://hyp3-tibet-jpl-test-contentbucket-hratibh1y9pa.s3.us-west-2.amazonaws.com/992ae28c-1bd2-4a04-a5cd-a67fe8570713/OPERA_L3_DIST-ALERT-S1_T11TMJ_20240911T015314Z_20251215T211922Z_S1A_30_v0.1.zip,s3://hyp3-tibet-jpl-test-contentbucket-hratibh1y9pa992ae28c-1bd2-4a04-a5cd-a67fe8570713/OPERA_L3_DIST-ALERT-S1_T11TMJ_20240911T015314Z_20251215T211922Z_S1A_30_v0.1,https://hyp3-tibet-jpl-test-contentbucket-hratibh1y9pa.s3.us-west-2.amazonaws.com/992ae28c-1bd2-4a04-a5cd-a67fe8570713/OPERA_L3_DIST-ALERT-S1_T11TMJ_20240911T015314Z_20251215T211922Z_S1A_30_v0.1.png,2025-12-15T20:48:26+00:00,579.018,4.5,11TMJ,1,23,4,none,False,transformer_v1_32,high,32,20,2024-09-11,64,2.5,4,best,none,False
afghanistan_flood_2024__2024-05-11__42SWF__transformer_v1_32-20mc,https://hyp3-tibet-jpl-test-contentbucket-hratibh1y9pa.s3.us-west-2.amazonaws.com/60b8ae62-1de0-425a-b615-ade402118798/OPERA_L3_DIST-ALERT-S1_T42SWF_20240509T131419Z_20251215T212410Z_S1A_30_v0.1.zip,s3://hyp3-tibet-jpl-test-contentbucket-hratibh1y9pa60b8ae62-1de0-425a-b615-ade402118798/OPERA_L3_DIST-ALERT-S1_T42SWF_20240509T131419Z_20251215T212410Z_S1A_30_v0.1,https://hyp3-tibet-jpl-test-contentbucket-hratibh1y9pa.s3.us-west-2.amazonaws.com/60b8ae62-1de0-425a-b615-ade402118798/OPERA_L3_DIST-ALERT-S1_T42SWF_20240509T131419Z_20251215T212410Z_S1A_30_v0.1.png,2025-12-15T20:48:26+00:00,902.786,4.5,42SWF,1,23,4,none,False,transformer_v1_32,high,32,20,2024-05-09,173,2.5,4,best,none,False
los_angeles_fires_2025__2025-01-04__11SLT__transformer_v1_32-20mc,https://hyp3-tibet-jpl-test-contentbucket-hratibh1y9pa.s3.us-west-2.amazonaws.com/aed5f0d8-07c8-40a8-bb11-d3408a1e748f/OPERA_L3_DIST-ALERT-S1_T11SLT_20241221T015841Z_20251215T213140Z_S1A_30_v0.1.zip,s3://hyp3-tibet-jpl-test-contentbucket-hratibh1y9paaed5f0d8-07c8-40a8-bb11-d3408a1e748f/OPERA_L3_DIST-ALERT-S1_T11SLT_20241221T015841Z_20251215T213140Z_S1A_30_v0.1,https://hyp3-tibet-jpl-test-contentbucket-hratibh1y9pa.s3.us-west-2.amazonaws.com/aed5f0d8-07c8-40a8-bb11-d3408a1e748f/OPERA_L3_DIST-ALERT-S1_T11SLT_20241221T015841Z_20251215T213140Z_S1A_30_v0.1.png,2025-12-15T20:48:26+00:00,1354.455,4.5,11SLT,1,23,4,none,False,transformer_v1_32,high,32,20,2024-12-21,137,2.5,4,best,none,False
durkee_fire_2024__2024-07-17__11TMJ__transformer_v1_32-20mc,https://hyp3-tibet-jpl-test-contentbucket-hratibh1y9pa.s3.us-west-2.amazonaws.com/e5d54d3a-c98e-424e-82dd-eba44b6dd360/OPERA_L3_DIST-ALERT-S1_T11TMJ_20240730T135819Z_20251215T214136Z_S1A_30_v0.1.zip,s3://hyp3-tibet-jpl-test-contentbucket-hratibh1y9pae5d54d3a-c98e-424e-82dd-eba44b6dd360/OPERA_L3_DIST-ALERT-S1_T11TMJ_20240730T135819Z_20251215T214136Z_S1A_30_v0.1,https://hyp3-tibet-jpl-test-contentbucket-hratibh1y9pa.s3.us-west-2.amazonaws.com/e5d54d3a-c98e-424e-82dd-eba44b6dd360/OPERA_L3_DIST-ALERT-S1_T11TMJ_20240730T135819Z_20251215T214136Z_S1A_30_v0.1.png,2025-12-15T20:48:26+00:00,1957.672,4.5,11TMJ,1,23,4,none,False,transformer_v1_32,high,32,20,2024-07-30,144,2.5,4,best,none,False
mai_mahiu_flood_and_landslides_2024__2024-04-29__37MBU__transformer_v1_32-20mc,https://hyp3-tibet-jpl-test-contentbucket-hratibh1y9pa.s3.us-west-2.amazonaws.com/8a650e4d-829e-4add-8e40-d7a699ae96ec/OPERA_L3_DIST-ALERT-S1_T37MBU_20240618T154825Z_20251215T212059Z_S1A_30_v0.1.zip,s3://hyp3-tibet-jpl-test-contentbucket-hratibh1y9pa8a650e4d-829e-4add-8e40-d7a699ae96ec/OPERA_L3_DIST-ALERT-S1_T37MBU_20240618T154825Z_20251215T212059Z_S1A_30_v0.1,https://hyp3-tibet-jpl-test-contentbucket-hratibh1y9pa.s3.us-west-2.amazonaws.com/8a650e4d-829e-4add-8e40-d7a699ae96ec/OPERA_L3_DIST-ALERT-S1_T37MBU_20240618T154825Z_20251215T212059Z_S1A_30_v0.1.png,2025-12-15T20:48:26+00:00,716.456,4.5,37MBU,1,23,4,none,False,transformer_v1_32,high,32,20,2024-06-18,57,2.5,4,best,none,False
hokkaido_landslides_2018__2018-09-06__54TWN__transformer_v1_32-20mc,https://hyp3-tibet-jpl-test-contentbucket-hratibh1y9pa.s3.us-west-2.amazonaws.com/a16b54b7-e680-49f2-9db9-fa520ea9375f/OPERA_L3_DIST-ALERT-S1_T54TWN_20181031T082652Z_20251215T212050Z_S1B_30_v0.1.zip,s3://hyp3-tibet-jpl-test-contentbucket-hratibh1y9paa16b54b7-e680-49f2-9db9-fa520ea9375f/OPERA_L3_DIST-ALERT-S1_T54TWN_20181031T082652Z_20251215T212050Z_S1B_30_v0.1,https://hyp3-tibet-jpl-test-contentbucket-hratibh1y9pa.s3.us-west-2.amazonaws.com/a16b54b7-e680-49f2-9db9-fa520ea9375f/OPERA_L3_DIST-ALERT-S1_T54TWN_20181031T082652Z_20251215T212050Z_S1B_30_v0.1.png,2025-12-15T20:48:26+00:00,709.623,4.5,54TWN,1,23,4,none,False,transformer_v1_32,high,32,20,2018-10-31,68,2.5,4,best,none,False
durkee_fire_2024__2024-07-17__11TMK__transformer_v1_32-20mc,https://hyp3-tibet-jpl-test-contentbucket-hratibh1y9pa.s3.us-west-2.amazonaws.com/818d7bf1-dfb1-4061-9aca-97f5176ead55/OPERA_L3_DIST-ALERT-S1_T11TMK_20240619T134959Z_20251215T211900Z_S1A_30_v0.1.zip,s3://hyp3-tibet-jpl-test-contentbucket-hratibh1y9pa818d7bf1-dfb1-4061-9aca-97f5176ead55/OPERA_L3_DIST-ALERT-S1_T11TMK_20240619T134959Z_20251215T211900Z_S1A_30_v0.1,https://hyp3-tibet-jpl-test-contentbucket-hratibh1y9pa.s3.us-west-2.amazonaws.com/818d7bf1-dfb1-4061-9aca-97f5176ead55/OPERA_L3_DIST-ALERT-S1_T11TMK_20240619T134959Z_20251215T211900Z_S1A_30_v0.1.png,2025-12-15T20:48:26+00:00,595.059,4.5,11TMK,1,23,4,none,False,transformer_v1_32,high,32,20,2024-06-19,71,2.5,4,best,none,False
los_angeles_fires_2025__2025-01-04__11SLT__transformer_v1_32-20mc,https://hyp3-tibet-jpl-test-contentbucket-hratibh1y9pa.s3.us-west-2.amazonaws.com/f479efdb-0663-4af4-b145-9545e5b6119b/OPERA_L3_DIST-ALERT-S1_T11SLT_20250226T015028Z_20251215T212134Z_S1A_30_v0.1.zip,s3://hyp3-tibet-jpl-test-contentbucket-hratibh1y9paf479efdb-0663-4af4-b145-9545e5b6119b/OPERA_L3_DIST-ALERT-S1_T11SLT_20250226T015028Z_20251215T212134Z_S1A_30_v0.1,https://hyp3-tibet-jpl-test-contentbucket-hratibh1y9pa.s3.us-west-2.amazonaws.com/f479efdb-0663-4af4-b145-9545e5b6119b/OPERA_L3_DIST-ALERT-S1_T11SLT_20250226T015028Z_20251215T212134Z_S1A_30_v0.1.png,2025-12-15T20:48:26+00:00,750.064,4.5,11SLT,1,23,4,none,False,transformer_v1_32,high,32,20,2025-02-26,64,2.5,4,best,none,False
durkee_fire_2024__2024-07-17__11TMK__transformer_v1_32-20mc,https://hyp3-tibet-jpl-test-contentbucket-hratibh1y9pa.s3.us-west-2.amazonaws.com/f98403c7-d54c-45ee-b9b0-c5899434ebbb/OPERA_L3_DIST-ALERT-S1_T11TMK_20240723T140623Z_20251215T211714Z_S1A_30_v0.1.zip,s3://hyp3-tibet-jpl-test-contentbucket-hratibh1y9paf98403c7-d54c-45ee-b9b0-c5899434ebbb/OPERA_L3_DIST-ALERT-S1_T11TMK_20240723T140623Z_20251215T211714Z_S1A_30_v0.1,https://hyp3-tibet-jpl-test-contentbucket-hratibh1y9pa.s3.us-west-2.amazonaws.com/f98403c7-d54c-45ee-b9b0-c5899434ebbb/OPERA_L3_DIST-ALERT-S1_T11TMK_20240723T140623Z_20251215T211714Z_S1A_30_v0.1.png,2025-12-15T20:48:26+00:00,521.248,4.5,11TMK,1,23,4,none,False,transformer_v1_32,high,32,20,2024-07-23,42,2.5,4,best,none,False
durkee_fire_2024__2024-07-17__11TMJ__transformer_v1_32-20mc,https://hyp3-tibet-jpl-test-contentbucket-hratibh1y9pa.s3.us-west-2.amazonaws.com/2d2c2d9f-520e-48f9-8b35-e5ae112c4a6d/OPERA_L3_DIST-ALERT-S1_T11TMJ_20240703T013653Z_20251215T212038Z_S1A_30_v0.1.zip,s3://hyp3-tibet-jpl-test-contentbucket-hratibh1y9pa2d2c2d9f-520e-48f9-8b35-e5ae112c4a6d/OPERA_L3_DIST-ALERT-S1_T11TMJ_20240703T013653Z_20251215T212038Z_S1A_30_v0.1,https://hyp3-tibet-jpl-test-contentbucket-hratibh1y9pa.s3.us-west-2.amazonaws.com/2d2c2d9f-520e-48f9-8b35-e5ae112c4a6d/OPERA_L3_DIST-ALERT-S1_T11TMJ_20240703T013653Z_20251215T212038Z_S1A_30_v0.1.png,2025-12-15T20:48:26+00:00,726.315,4.5,11TMJ,1,23,4,none,False,transformer_v1_32,high,32,20,2024-07-03,93,2.5,4,best,none,False
durkee_fire_2024__2024-07-17__11TMK__transformer_v1_32-20mc,https://hyp3-tibet-jpl-test-contentbucket-hratibh1y9pa.s3.us-west-2.amazonaws.com/f6b8d083-c71c-4127-8407-f7c585eb769f/OPERA_L3_DIST-ALERT-S1_T11TMK_20240713T015328Z_20251215T211543Z_S1A_30_v0.1.zip,s3://hyp3-tibet-jpl-test-contentbucket-hratibh1y9paf6b8d083-c71c-4127-8407-f7c585eb769f/OPERA_L3_DIST-ALERT-S1_T11TMK_20240713T015328Z_20251215T211543Z_S1A_30_v0.1,https://hyp3-tibet-jpl-test-contentbucket-hratibh1y9pa.s3.us-west-2.amazonaws.com/f6b8d083-c71c-4127-8407-f7c585eb769f/OPERA_L3_DIST-ALERT-S1_T11TMK_20240713T015328Z_20251215T211543Z_S1A_30_v0.1.png,2025-12-15T20:48:26+00:00,427.267,4.5,11TMK,1,23,4,none,False,transformer_v1_32,high,32,20,2024-07-13,64,2.5,4,best,none,False
cipongkor_landslides_2024__2024-03-24__48MYT__transformer_v1_32-20mc,https://hyp3-tibet-jpl-test-contentbucket-hratibh1y9pa.s3.us-west-2.amazonaws.com/c73415a5-8062-44c2-90d2-83554d47c6b6/OPERA_L3_DIST-ALERT-S1_T48MYT_20240422T111518Z_20251215T213009Z_S1A_30_v0.1.zip,s3://hyp3-tibet-jpl-test-contentbucket-hratibh1y9pac73415a5-8062-44c2-90d2-83554d47c6b6/OPERA_L3_DIST-ALERT-S1_T48MYT_20240422T111518Z_20251215T213009Z_S1A_30_v0.1,https://hyp3-tibet-jpl-test-contentbucket-hratibh1y9pa.s3.us-west-2.amazonaws.com/c73415a5-8062-44c2-90d2-83554d47c6b6/OPERA_L3_DIST-ALERT-S1_T48MYT_20240422T111518Z_20251215T213009Z_S1A_30_v0.1.png,2025-12-15T20:48:26+00:00,1304.245,4.5,48MYT,1,23,4,none,False,transformer_v1_32,high,32,20,2024-04-22,98,2.5,4,best,none,False
durkee_fire_2024__2024-07-17__11TMK__transformer_v1_32-20mc,https://hyp3-tibet-jpl-test-contentbucket-hratibh1y9pa.s3.us-west-2.amazonaws.com/bd3f8dd4-7d86-45c3-af92-05992943cee6/OPERA_L3_DIST-ALERT-S1_T11TMK_20240823T135803Z_20251215T213542Z_S1A_30_v0.1.zip,s3://hyp3-tibet-jpl-test-contentbucket-hratibh1y9pabd3f8dd4-7d86-45c3-af92-05992943cee6/OPERA_L3_DIST-ALERT-S1_T11TMK_20240823T135803Z_20251215T213542Z_S1A_30_v0.1,https://hyp3-tibet-jpl-test-contentbucket-hratibh1y9pa.s3.us-west-2.amazonaws.com/bd3f8dd4-7d86-45c3-af92-05992943cee6/OPERA_L3_DIST-ALERT-S1_T11TMK_20240823T135803Z_20251215T213542Z_S1A_30_v0.1.png,2025-12-15T20:48:26+00:00,1640.371,4.5,11TMK,1,23,4,none,False,transformer_v1_32,high,32,20,2024-08-23,144,2.5,4,best,none,False
durkee_fire_2024__2024-07-17__11TMK__transformer_v1_32-20mc,https://hyp3-tibet-jpl-test-contentbucket-hratibh1y9pa.s3.us-west-2.amazonaws.com/ed000b90-cb6a-4b29-9405-f5c2970fab09/OPERA_L3_DIST-ALERT-S1_T11TMK_20240913T013707Z_20251215T211421Z_S1A_30_v0.1.zip,s3://hyp3-tibet-jpl-test-contentbucket-hratibh1y9paed000b90-cb6a-4b29-9405-f5c2970fab09/OPERA_L3_DIST-ALERT-S1_T11TMK_20240913T013707Z_20251215T211421Z_S1A_30_v0.1,https://hyp3-tibet-jpl-test-contentbucket-hratibh1y9pa.s3.us-west-2.amazonaws.com/ed000b90-cb6a-4b29-9405-f5c2970fab09/OPERA_L3_DIST-ALERT-S1_T11TMK_20240913T013707Z_20251215T211421Z_S1A_30_v0.1.png,2025-12-15T20:48:26+00:00,350.794,4.5,11TMK,1,23,4,none,False,transformer_v1_32,high,32,20,2024-09-13,93,2.5,4,best,none,False
mai_mahiu_flood_and_landslides_2024__2024-04-29__37MBU__transformer_v1_32-20mc,https://hyp3-tibet-jpl-test-contentbucket-hratibh1y9pa.s3.us-west-2.amazonaws.com/7b7ccdb2-6cc3-46ab-a98b-b05f1b9fa37e/OPERA_L3_DIST-ALERT-S1_T37MBU_20240424T155631Z_20251215T212520Z_S1A_30_v0.1.zip,s3://hyp3-tibet-jpl-test-contentbucket-hratibh1y9pa7b7ccdb2-6cc3-46ab-a98b-b05f1b9fa37e/OPERA_L3_DIST-ALERT-S1_T37MBU_20240424T155631Z_20251215T212520Z_S1A_30_v0.1,https://hyp3-tibet-jpl-test-contentbucket-hratibh1y9pa.s3.us-west-2.amazonaws.com/7b7ccdb2-6cc3-46ab-a98b-b05f1b9fa37e/OPERA_L3_DIST-ALERT-S1_T37MBU_20240424T155631Z_20251215T212520Z_S1A_30_v0.1.png,2025-12-15T20:48:26+00:00,1018.093,4.5,37MBU,1,23,4,none,False,transformer_v1_32,high,32,20,2024-04-24,130,2.5,4,best,none,False
afghanistan_flood_2024__2024-05-11__42SWF__transformer_v1_32-20mc,https://hyp3-tibet-jpl-test-contentbucket-hratibh1y9pa.s3.us-west-2.amazonaws.com/03d8db37-68d6-4172-9cdd-e721f43e8609/OPERA_L3_DIST-ALERT-S1_T42SWF_20240515T012319Z_20251215T213253Z_S1A_30_v0.1.zip,s3://hyp3-tibet-jpl-test-contentbucket-hratibh1y9pa03d8db37-68d6-4172-9cdd-e721f43e8609/OPERA_L3_DIST-ALERT-S1_T42SWF_20240515T012319Z_20251215T213253Z_S1A_30_v0.1,https://hyp3-tibet-jpl-test-contentbucket-hratibh1y9pa.s3.us-west-2.amazonaws.com/03d8db37-68d6-4172-9cdd-e721f43e8609/OPERA_L3_DIST-ALERT-S1_T42SWF_20240515T012319Z_20251215T213253Z_S1A_30_v0.1.png,2025-12-15T20:48:26+00:00,1473.267,4.5,42SWF,1,23,4,none,False,transformer_v1_32,high,32,20,2024-05-15,78,2.5,4,best,none,False
durkee_fire_2024__2024-07-17__11TMJ__transformer_v1_32-20mc,https://hyp3-tibet-jpl-test-contentbucket-hratibh1y9pa.s3.us-west-2.amazonaws.com/1afc42b2-841a-4b4d-8a4c-245ce3e40473/OPERA_L3_DIST-ALERT-S1_T11TMJ_20240713T135009Z_20251215T211808Z_S1A_30_v0.1.zip,s3://hyp3-tibet-jpl-test-contentbucket-hratibh1y9pa1afc42b2-841a-4b4d-8a4c-245ce3e40473/OPERA_L3_DIST-ALERT-S1_T11TMJ_20240713T135009Z_20251215T211808Z_S1A_30_v0.1,https://hyp3-tibet-jpl-test-contentbucket-hratibh1y9pa.s3.us-west-2.amazonaws.com/1afc42b2-841a-4b4d-8a4c-245ce3e40473/OPERA_L3_DIST-ALERT-S1_T11TMJ_20240713T135009Z_20251215T211808Z_S1A_30_v0.1.png,2025-12-15T20:48:26+00:00,577.525,4.5,11TMJ,1,23,4,none,False,transformer_v1_32,high,32,20,2024-07-13,71,2.5,4,best,none,False
cipongkor_landslides_2024__2024-03-24__48MYT__transformer_v1_32-20mc,https://hyp3-tibet-jpl-test-contentbucket-hratibh1y9pa.s3.us-west-2.amazonaws.com/d8681557-c205-421b-b21b-215040839794/OPERA_L3_DIST-ALERT-S1_T48MYT_20240225T222604Z_20251215T212429Z_S1A_30_v0.1.zip,s3://hyp3-tibet-jpl-test-contentbucket-hratibh1y9pad8681557-c205-421b-b21b-215040839794/OPERA_L3_DIST-ALERT-S1_T48MYT_20240225T222604Z_20251215T212429Z_S1A_30_v0.1,https://hyp3-tibet-jpl-test-contentbucket-hratibh1y9pa.s3.us-west-2.amazonaws.com/d8681557-c205-421b-b21b-215040839794/OPERA_L3_DIST-ALERT-S1_T48MYT_20240225T222604Z_20251215T212429Z_S1A_30_v0.1.png,2025-12-15T20:48:26+00:00,1001.519,4.5,48MYT,1,23,4,none,False,transformer_v1_32,high,32,20,2024-02-25,149,2.5,4,best,none,False
hokkaido_landslides_2018__2018-09-06__54TWN__transformer_v1_32-20mc,https://hyp3-tibet-jpl-test-contentbucket-hratibh1y9pa.s3.us-west-2.amazonaws.com/9212890f-5ad0-42ea-a37f-3944c21a648f/OPERA_L3_DIST-ALERT-S1_T54TWN_20181030T203312Z_20251215T211226Z_S1A_30_v0.1.zip,s3://hyp3-tibet-jpl-test-contentbucket-hratibh1y9pa9212890f-5ad0-42ea-a37f-3944c21a648f/OPERA_L3_DIST-ALERT-S1_T54TWN_20181030T203312Z_20251215T211226Z_S1A_30_v0.1,https://hyp3-tibet-jpl-test-contentbucket-hratibh1y9pa.s3.us-west-2.amazonaws.com/9212890f-5ad0-42ea-a37f-3944c21a648f/OPERA_L3_DIST-ALERT-S1_T54TWN_20181030T203312Z_20251215T211226Z_S1A_30_v0.1.png,2025-12-15T20:48:26+00:00,268.904,4.5,54TWN,1,23,4,none,False,transformer_v1_32,high,32,20,2018-10-30,148,2.5,4,best,none,False
durkee_fire_2024__2024-07-17__11TMK__transformer_v1_32-20mc,https://hyp3-tibet-jpl-test-contentbucket-hratibh1y9pa.s3.us-west-2.amazonaws.com/9373e3ad-4b7b-4e66-8b77-e411f3cddd14/OPERA_L3_DIST-ALERT-S1_T11TMK_20240619T015329Z_20251215T211645Z_S1A_30_v0.1.zip,s3://hyp3-tibet-jpl-test-contentbucket-hratibh1y9pa9373e3ad-4b7b-4e66-8b77-e411f3cddd14/OPERA_L3_DIST-ALERT-S1_T11TMK_20240619T015329Z_20251215T211645Z_S1A_30_v0.1,https://hyp3-tibet-jpl-test-contentbucket-hratibh1y9pa.s3.us-west-2.amazonaws.com/9373e3ad-4b7b-4e66-8b77-e411f3cddd14/OPERA_L3_DIST-ALERT-S1_T11TMK_20240619T015329Z_20251215T211645Z_S1A_30_v0.1.png,2025-12-15T20:48:26+00:00,526.154,4.5,11TMK,1,23,4,none,False,transformer_v1_32,high,32,20,2024-06-19,64,2.5,4,best,none,False
los_angeles_fires_2025__2025-01-04__11SLT__transformer_v1_32-20mc,https://hyp3-tibet-jpl-test-contentbucket-hratibh1y9pa.s3.us-west-2.amazonaws.com/7af017c1-006b-4cf4-a177-b02a98ce65b2/OPERA_L3_DIST-ALERT-S1_T11SLT_20250219T015837Z_20251215T212652Z_S1A_30_v0.1.zip,s3://hyp3-tibet-jpl-test-contentbucket-hratibh1y9pa7af017c1-006b-4cf4-a177-b02a98ce65b2/OPERA_L3_DIST-ALERT-S1_T11SLT_20250219T015837Z_20251215T212652Z_S1A_30_v0.1,https://hyp3-tibet-jpl-test-contentbucket-hratibh1y9pa.s3.us-west-2.amazonaws.com/7af017c1-006b-4cf4-a177-b02a98ce65b2/OPERA_L3_DIST-ALERT-S1_T11SLT_20250219T015837Z_20251215T212652Z_S1A_30_v0.1.png,2025-12-15T20:48:26+00:00,1136.748,4.5,11SLT,1,23,4,none,False,transformer_v1_32,high,32,20,2025-02-19,137,2.5,4,best,none,False
hokkaido_landslides_2018__2018-09-06__54TWN__transformer_v1_32-20mc,https://hyp3-tibet-jpl-test-contentbucket-hratibh1y9pa.s3.us-west-2.amazonaws.com/7350e042-1d30-497c-804f-0f2a60e1a6e1/OPERA_L3_DIST-ALERT-S1_T54TWN_20181007T082652Z_20251215T212104Z_S1B_30_v0.1.zip,s3://hyp3-tibet-jpl-test-contentbucket-hratibh1y9pa7350e042-1d30-497c-804f-0f2a60e1a6e1/OPERA_L3_DIST-ALERT-S1_T54TWN_20181007T082652Z_20251215T212104Z_S1B_30_v0.1,https://hyp3-tibet-jpl-test-contentbucket-hratibh1y9pa.s3.us-west-2.amazonaws.com/7350e042-1d30-497c-804f-0f2a60e1a6e1/OPERA_L3_DIST-ALERT-S1_T54TWN_20181007T082652Z_20251215T212104Z_S1B_30_v0.1.png,2025-12-15T20:48:26+00:00,795.887,4.5,54TWN,1,23,4,none,False,transformer_v1_32,high,32,20,2018-10-07,68,2.5,4,best,none,False
durkee_fire_2024__2024-07-17__11TMJ__transformer_v1_32-20mc,https://hyp3-tibet-jpl-test-contentbucket-hratibh1y9pa.s3.us-west-2.amazonaws.com/9d7a1c69-0973-48c0-9fcd-dfbb432eb633/OPERA_L3_DIST-ALERT-S1_T11TMJ_20240808T013653Z_20251215T212023Z_S1A_30_v0.1.zip,s3://hyp3-tibet-jpl-test-contentbucket-hratibh1y9pa9d7a1c69-0973-48c0-9fcd-dfbb432eb633/OPERA_L3_DIST-ALERT-S1_T11TMJ_20240808T013653Z_20251215T212023Z_S1A_30_v0.1,https://hyp3-tibet-jpl-test-contentbucket-hratibh1y9pa.s3.us-west-2.amazonaws.com/9d7a1c69-0973-48c0-9fcd-dfbb432eb633/OPERA_L3_DIST-ALERT-S1_T11TMJ_20240808T013653Z_20251215T212023Z_S1A_30_v0.1.png,2025-12-15T20:48:26+00:00,747.737,4.5,11TMJ,1,23,4,none,False,transformer_v1_32,high,32,20,2024-08-08,93,2.5,4,best,none,False
hokkaido_landslides_2018__2018-09-06__54TWN__transformer_v1_32-20mc,https://hyp3-tibet-jpl-test-contentbucket-hratibh1y9pa.s3.us-west-2.amazonaws.com/7be1a8f2-e05a-41c3-ac3e-d6ca250aa050/OPERA_L3_DIST-ALERT-S1_T54TWN_20180924T203312Z_20251215T211147Z_S1A_30_v0.1.zip,s3://hyp3-tibet-jpl-test-contentbucket-hratibh1y9pa7be1a8f2-e05a-41c3-ac3e-d6ca250aa050/OPERA_L3_DIST-ALERT-S1_T54TWN_20180924T203312Z_20251215T211147Z_S1A_30_v0.1,https://hyp3-tibet-jpl-test-contentbucket-hratibh1y9pa.s3.us-west-2.amazonaws.com/7be1a8f2-e05a-41c3-ac3e-d6ca250aa050/OPERA_L3_DIST-ALERT-S1_T54TWN_20180924T203312Z_20251215T211147Z_S1A_30_v0.1.png,2025-12-15T20:48:26+00:00,234.707,4.5,54TWN,1,23,4,none,False,transformer_v1_32,high,32,20,2018-09-24,148,2.5,4,best,none,False
mai_mahiu_flood_and_landslides_2024__2024-04-29__37MBU__transformer_v1_32-20mc,https://hyp3-tibet-jpl-test-contentbucket-hratibh1y9pa.s3.us-west-2.amazonaws.com/4c54bd28-45cf-4dfb-9507-cda1935a2745/OPERA_L3_DIST-ALERT-S1_T37MBU_20240419T154826Z_20251215T211955Z_S1A_30_v0.1.zip,s3://hyp3-tibet-jpl-test-contentbucket-hratibh1y9pa4c54bd28-45cf-4dfb-9507-cda1935a2745/OPERA_L3_DIST-ALERT-S1_T37MBU_20240419T154826Z_20251215T211955Z_S1A_30_v0.1,https://hyp3-tibet-jpl-test-contentbucket-hratibh1y9pa.s3.us-west-2.amazonaws.com/4c54bd28-45cf-4dfb-9507-cda1935a2745/OPERA_L3_DIST-ALERT-S1_T37MBU_20240419T154826Z_20251215T211955Z_S1A_30_v0.1.png,2025-12-15T20:48:26+00:00,726.727,4.5,37MBU,1,23,4,none,False,transformer_v1_32,high,32,20,2024-04-19,57,2.5,4,best,none,False
durkee_fire_2024__2024-07-17__11TMJ__transformer_v1_32-20mc,https://hyp3-tibet-jpl-test-contentbucket-hratibh1y9pa.s3.us-west-2.amazonaws.com/c021fafc-088f-4f8e-96ba-67109b1ffbf7/OPERA_L3_DIST-ALERT-S1_T11TMJ_20240718T135819Z_20251215T213503Z_S1A_30_v0.1.zip,s3://hyp3-tibet-jpl-test-contentbucket-hratibh1y9pac021fafc-088f-4f8e-96ba-67109b1ffbf7/OPERA_L3_DIST-ALERT-S1_T11TMJ_20240718T135819Z_20251215T213503Z_S1A_30_v0.1,https://hyp3-tibet-jpl-test-contentbucket-hratibh1y9pa.s3.us-west-2.amazonaws.com/c021fafc-088f-4f8e-96ba-67109b1ffbf7/OPERA_L3_DIST-ALERT-S1_T11TMJ_20240718T135819Z_20251215T213503Z_S1A_30_v0.1.png,2025-12-15T20:48:26+00:00,1670.197,4.5,11TMJ,1,23,4,none,False,transformer_v1_32,high,32,20,2024-07-18,144,2.5,4,best,none,False
mai_mahiu_flood_and_landslides_2024__2024-04-29__37MBU__transformer_v1_32-20mc,https://hyp3-tibet-jpl-test-contentbucket-hratibh1y9pa.s3.us-west-2.amazonaws.com/aedc7fc6-adab-4fdc-ac1e-95907fdf941c/OPERA_L3_DIST-ALERT-S1_T37MBU_20240513T154826Z_20251215T211906Z_S1A_30_v0.1.zip,s3://hyp3-tibet-jpl-test-contentbucket-hratibh1y9paaedc7fc6-adab-4fdc-ac1e-95907fdf941c/OPERA_L3_DIST-ALERT-S1_T37MBU_20240513T154826Z_20251215T211906Z_S1A_30_v0.1,https://hyp3-tibet-jpl-test-contentbucket-hratibh1y9pa.s3.us-west-2.amazonaws.com/aedc7fc6-adab-4fdc-ac1e-95907fdf941c/OPERA_L3_DIST-ALERT-S1_T37MBU_20240513T154826Z_20251215T211906Z_S1A_30_v0.1.png,2025-12-15T20:48:26+00:00,710.841,4.5,37MBU,1,23,4,none,False,transformer_v1_32,high,32,20,2024-05-13,57,2.5,4,best,none,False
los_angeles_fires_2025__2025-01-04__11SLT__transformer_v1_32-20mc,https://hyp3-tibet-jpl-test-contentbucket-hratibh1y9pa.s3.us-west-2.amazonaws.com/bfe70354-3a1f-4101-852d-c431568e85d1/OPERA_L3_DIST-ALERT-S1_T11SLT_20250109T135247Z_20251215T213352Z_S1A_30_v0.1.zip,s3://hyp3-tibet-jpl-test-contentbucket-hratibh1y9pabfe70354-3a1f-4101-852d-c431568e85d1/OPERA_L3_DIST-ALERT-S1_T11SLT_20250109T135247Z_20251215T213352Z_S1A_30_v0.1,https://hyp3-tibet-jpl-test-contentbucket-hratibh1y9pa.s3.us-west-2.amazonaws.com/bfe70354-3a1f-4101-852d-c431568e85d1/OPERA_L3_DIST-ALERT-S1_T11SLT_20250109T135247Z_20251215T213352Z_S1A_30_v0.1.png,2025-12-15T20:48:26+00:00,1594.287,4.5,11SLT,1,23,4,none,False,transformer_v1_32,high,32,20,2025-01-09,71,2.5,4,best,none,False
afghanistan_flood_2024__2024-05-11__42SWF__transformer_v1_32-20mc,https://hyp3-tibet-jpl-test-contentbucket-hratibh1y9pa.s3.us-west-2.amazonaws.com/12820acc-b659-4662-af8b-c1e1314d4bff/OPERA_L3_DIST-ALERT-S1_T42SWF_20240607T132227Z_20251215T212608Z_S1A_30_v0.1.zip,s3://hyp3-tibet-jpl-test-contentbucket-hratibh1y9pa12820acc-b659-4662-af8b-c1e1314d4bff/OPERA_L3_DIST-ALERT-S1_T42SWF_20240607T132227Z_20251215T212608Z_S1A_30_v0.1,https://hyp3-tibet-jpl-test-contentbucket-hratibh1y9pa.s3.us-west-2.amazonaws.com/12820acc-b659-4662-af8b-c1e1314d4bff/OPERA_L3_DIST-ALERT-S1_T42SWF_20240607T132227Z_20251215T212608Z_S1A_30_v0.1.png,2025-12-15T20:48:26+00:00,1138.297,4.5,42SWF,1,23,4,none,False,transformer_v1_32,high,32,20,2024-06-07,71,2.5,4,best,none,False
mai_mahiu_flood_and_landslides_2024__2024-04-29__37MBU__transformer_v1_32-20mc,https://hyp3-tibet-jpl-test-contentbucket-hratibh1y9pa.s3.us-west-2.amazonaws.com/ee2fb128-e542-4fbc-a66c-337178cbf3f2/OPERA_L3_DIST-ALERT-S1_T37MBU_20240525T154827Z_20251215T212447Z_S1A_30_v0.1.zip,s3://hyp3-tibet-jpl-test-contentbucket-hratibh1y9paee2fb128-e542-4fbc-a66c-337178cbf3f2/OPERA_L3_DIST-ALERT-S1_T37MBU_20240525T154827Z_20251215T212447Z_S1A_30_v0.1,https://hyp3-tibet-jpl-test-contentbucket-hratibh1y9pa.s3.us-west-2.amazonaws.com/ee2fb128-e542-4fbc-a66c-337178cbf3f2/OPERA_L3_DIST-ALERT-S1_T37MBU_20240525T154827Z_20251215T212447Z_S1A_30_v0.1.png,2025-12-15T20:48:26+00:00,1060.49,4.5,37MBU,1,23,4,none,False,transformer_v1_32,high,32,20,2024-05-25,57,2.5,4,best,none,False
hokkaido_landslides_2018__2018-09-06__54TWN__transformer_v1_32-20mc,https://hyp3-tibet-jpl-test-contentbucket-hratibh1y9pa.s3.us-west-2.amazonaws.com/f561ef4a-c416-4f41-8a28-af7b66a0baba/OPERA_L3_DIST-ALERT-S1_T54TWN_20181026T081849Z_20251215T211141Z_S1B_30_v0.1.zip,s3://hyp3-tibet-jpl-test-contentbucket-hratibh1y9paf561ef4a-c416-4f41-8a28-af7b66a0baba/OPERA_L3_DIST-ALERT-S1_T54TWN_20181026T081849Z_20251215T211141Z_S1B_30_v0.1,https://hyp3-tibet-jpl-test-contentbucket-hratibh1y9pa.s3.us-west-2.amazonaws.com/f561ef4a-c416-4f41-8a28-af7b66a0baba/OPERA_L3_DIST-ALERT-S1_T54TWN_20181026T081849Z_20251215T211141Z_S1B_30_v0.1.png,2025-12-15T20:48:26+00:00,265.468,4.5,54TWN,1,23,4,none,False,transformer_v1_32,high,32,20,2018-10-26,170,2.5,4,best,none,False
los_angeles_fires_2025__2025-01-04__11SLT__transformer_v1_32-20mc,https://hyp3-tibet-jpl-test-contentbucket-hratibh1y9pa.s3.us-west-2.amazonaws.com/f7fc9208-1d92-4ff4-b623-aa7ca4348225/OPERA_L3_DIST-ALERT-S1_T11SLT_20241216T015033Z_20251215T212213Z_S1A_30_v0.1.zip,s3://hyp3-tibet-jpl-test-contentbucket-hratibh1y9paf7fc9208-1d92-4ff4-b623-aa7ca4348225/OPERA_L3_DIST-ALERT-S1_T11SLT_20241216T015033Z_20251215T212213Z_S1A_30_v0.1,https://hyp3-tibet-jpl-test-contentbucket-hratibh1y9pa.s3.us-west-2.amazonaws.com/f7fc9208-1d92-4ff4-b623-aa7ca4348225/OPERA_L3_DIST-ALERT-S1_T11SLT_20241216T015033Z_20251215T212213Z_S1A_30_v0.1.png,2025-12-15T20:48:26+00:00,903.211,4.5,11SLT,1,23,4,none,False,transformer_v1_32,high,32,20,2024-12-16,64,2.5,4,best,none,False
durkee_fire_2024__2024-07-17__11TMK__transformer_v1_32-20mc,https://hyp3-tibet-jpl-test-contentbucket-hratibh1y9pa.s3.us-west-2.amazonaws.com/c0222334-9915-4f7e-9cc5-f651c11aa94d/OPERA_L3_DIST-ALERT-S1_T11TMK_20240818T015328Z_20251215T211439Z_S1A_30_v0.1.zip,s3://hyp3-tibet-jpl-test-contentbucket-hratibh1y9pac0222334-9915-4f7e-9cc5-f651c11aa94d/OPERA_L3_DIST-ALERT-S1_T11TMK_20240818T015328Z_20251215T211439Z_S1A_30_v0.1,https://hyp3-tibet-jpl-test-contentbucket-hratibh1y9pa.s3.us-west-2.amazonaws.com/c0222334-9915-4f7e-9cc5-f651c11aa94d/OPERA_L3_DIST-ALERT-S1_T11TMK_20240818T015328Z_20251215T211439Z_S1A_30_v0.1.png,2025-12-15T20:48:26+00:00,440.997,4.5,11TMK,1,23,4,none,False,transformer_v1_32,high,32,20,2024-08-18,64,2.5,4,best,none,False
los_angeles_fires_2025__2025-01-04__11SLT__transformer_v1_32-20mc,https://hyp3-tibet-jpl-test-contentbucket-hratibh1y9pa.s3.us-west-2.amazonaws.com/cd1e8596-c24b-4329-9ea4-79ab1e56359a/OPERA_L3_DIST-ALERT-S1_T11SLT_20250126T140057Z_20251215T211950Z_S1A_30_v0.1.zip,s3://hyp3-tibet-jpl-test-contentbucket-hratibh1y9pacd1e8596-c24b-4329-9ea4-79ab1e56359a/OPERA_L3_DIST-ALERT-S1_T11SLT_20250126T140057Z_20251215T211950Z_S1A_30_v0.1,https://hyp3-tibet-jpl-test-contentbucket-hratibh1y9pa.s3.us-west-2.amazonaws.com/cd1e8596-c24b-4329-9ea4-79ab1e56359a/OPERA_L3_DIST-ALERT-S1_T11SLT_20250126T140057Z_20251215T211950Z_S1A_30_v0.1.png,2025-12-15T20:48:26+00:00,755.587,4.5,11SLT,1,23,4,none,False,transformer_v1_32,high,32,20,2025-01-26,144,2.5,4,best,none,False
cipongkor_landslides_2024__2024-03-24__48MYT__transformer_v1_32-20mc,https://hyp3-tibet-jpl-test-contentbucket-hratibh1y9pa.s3.us-west-2.amazonaws.com/59df9b68-6b85-40df-9730-e29517429921/OPERA_L3_DIST-ALERT-S1_T48MYT_20240329T111517Z_20251215T213033Z_S1A_30_v0.1.zip,s3://hyp3-tibet-jpl-test-contentbucket-hratibh1y9pa59df9b68-6b85-40df-9730-e29517429921/OPERA_L3_DIST-ALERT-S1_T48MYT_20240329T111517Z_20251215T213033Z_S1A_30_v0.1,https://hyp3-tibet-jpl-test-contentbucket-hratibh1y9pa.s3.us-west-2.amazonaws.com/59df9b68-6b85-40df-9730-e29517429921/OPERA_L3_DIST-ALERT-S1_T48MYT_20240329T111517Z_20251215T213033Z_S1A_30_v0.1.png,2025-12-15T20:48:26+00:00,1406.127,4.5,48MYT,1,23,4,none,False,transformer_v1_32,high,32,20,2024-03-29,98,2.5,4,best,none,False
los_angeles_fires_2025__2025-01-04__11SLT__transformer_v1_32-20mc,https://hyp3-tibet-jpl-test-contentbucket-hratibh1y9pa.s3.us-west-2.amazonaws.com/6c61a943-56ed-468a-94ab-e192d361cf30/OPERA_L3_DIST-ALERT-S1_T11SLT_20250303T140056Z_20251215T212020Z_S1A_30_v0.1.zip,s3://hyp3-tibet-jpl-test-contentbucket-hratibh1y9pa6c61a943-56ed-468a-94ab-e192d361cf30/OPERA_L3_DIST-ALERT-S1_T11SLT_20250303T140056Z_20251215T212020Z_S1A_30_v0.1,https://hyp3-tibet-jpl-test-contentbucket-hratibh1y9pa.s3.us-west-2.amazonaws.com/6c61a943-56ed-468a-94ab-e192d361cf30/OPERA_L3_DIST-ALERT-S1_T11SLT_20250303T140056Z_20251215T212020Z_S1A_30_v0.1.png,2025-12-15T20:48:26+00:00,816.393,4.5,11SLT,1,23,4,none,False,transformer_v1_32,high,32,20,2025-03-03,144,2.5,4,best,none,False
mai_mahiu_flood_and_landslides_2024__2024-04-29__37MBU__transformer_v1_32-20mc,https://hyp3-tibet-jpl-test-contentbucket-hratibh1y9pa.s3.us-west-2.amazonaws.com/cce1e06d-5f91-4cfe-b919-b53a43dda7c2/OPERA_L3_DIST-ALERT-S1_T37MBU_20240518T155632Z_20251215T212338Z_S1A_30_v0.1.zip,s3://hyp3-tibet-jpl-test-contentbucket-hratibh1y9pacce1e06d-5f91-4cfe-b919-b53a43dda7c2/OPERA_L3_DIST-ALERT-S1_T37MBU_20240518T155632Z_20251215T212338Z_S1A_30_v0.1,https://hyp3-tibet-jpl-test-contentbucket-hratibh1y9pa.s3.us-west-2.amazonaws.com/cce1e06d-5f91-4cfe-b919-b53a43dda7c2/OPERA_L3_DIST-ALERT-S1_T37MBU_20240518T155632Z_20251215T212338Z_S1A_30_v0.1.png,2025-12-15T20:48:26+00:00,1023.69,4.5,37MBU,1,23,4,none,False,transformer_v1_32,high,32,20,2024-05-18,130,2.5,4,best,none,False
afghanistan_flood_2024__2024-05-11__42SWF__transformer_v1_32-20mc,https://hyp3-tibet-jpl-test-contentbucket-hratibh1y9pa.s3.us-west-2.amazonaws.com/bd0bde85-31e9-48b1-9dd2-30010c99f005/OPERA_L3_DIST-ALERT-S1_T42SWF_20240503T012320Z_20251215T213549Z_S1A_30_v0.1.zip,s3://hyp3-tibet-jpl-test-contentbucket-hratibh1y9pabd0bde85-31e9-48b1-9dd2-30010c99f005/OPERA_L3_DIST-ALERT-S1_T42SWF_20240503T012320Z_20251215T213549Z_S1A_30_v0.1,https://hyp3-tibet-jpl-test-contentbucket-hratibh1y9pa.s3.us-west-2.amazonaws.com/bd0bde85-31e9-48b1-9dd2-30010c99f005/OPERA_L3_DIST-ALERT-S1_T42SWF_20240503T012320Z_20251215T213549Z_S1A_30_v0.1.png,2025-12-15T20:48:26+00:00,1757.78,4.5,42SWF,1,23,4,none,False,transformer_v1_32,high,32,20,2024-05-03,78,2.5,4,best,none,False
durkee_fire_2024__2024-07-17__11TMK__transformer_v1_32-20mc,https://hyp3-tibet-jpl-test-contentbucket-hratibh1y9pa.s3.us-west-2.amazonaws.com/f9f75779-de55-4b63-ad57-e3f5ce062516/OPERA_L3_DIST-ALERT-S1_T11TMK_20240911T134958Z_20251215T211500Z_S1A_30_v0.1.zip,s3://hyp3-tibet-jpl-test-contentbucket-hratibh1y9paf9f75779-de55-4b63-ad57-e3f5ce062516/OPERA_L3_DIST-ALERT-S1_T11TMK_20240911T134958Z_20251215T211500Z_S1A_30_v0.1,https://hyp3-tibet-jpl-test-contentbucket-hratibh1y9pa.s3.us-west-2.amazonaws.com/f9f75779-de55-4b63-ad57-e3f5ce062516/OPERA_L3_DIST-ALERT-S1_T11TMK_20240911T134958Z_20251215T211500Z_S1A_30_v0.1.png,2025-12-15T20:48:26+00:00,497.162,4.5,11TMK,1,23,4,none,False,transformer_v1_32,high,32,20,2024-09-11,71,2.5,4,best,none,False
los_angeles_fires_2025__2025-01-04__11SLT__transformer_v1_32-20mc,https://hyp3-tibet-jpl-test-contentbucket-hratibh1y9pa.s3.us-west-2.amazonaws.com/7f8ef913-ee58-48fc-ac1d-9a9369081185/OPERA_L3_DIST-ALERT-S1_T11SLT_20250114T140057Z_20251215T212246Z_S1A_30_v0.1.zip,s3://hyp3-tibet-jpl-test-contentbucket-hratibh1y9pa7f8ef913-ee58-48fc-ac1d-9a9369081185/OPERA_L3_DIST-ALERT-S1_T11SLT_20250114T140057Z_20251215T212246Z_S1A_30_v0.1,https://hyp3-tibet-jpl-test-contentbucket-hratibh1y9pa.s3.us-west-2.amazonaws.com/7f8ef913-ee58-48fc-ac1d-9a9369081185/OPERA_L3_DIST-ALERT-S1_T11SLT_20250114T140057Z_20251215T212246Z_S1A_30_v0.1.png,2025-12-15T20:48:26+00:00,972.807,4.5,11SLT,1,23,4,none,False,transformer_v1_32,high,32,20,2025-01-14,144,2.5,4,best,none,False
afghanistan_flood_2024__2024-05-11__42SWF__transformer_v1_32-20mc,https://hyp3-tibet-jpl-test-contentbucket-hratibh1y9pa.s3.us-west-2.amazonaws.com/bb584e84-a490-453e-b8ac-ba71da5324ef/OPERA_L3_DIST-ALERT-S1_T42SWF_20240421T012320Z_20251215T212821Z_S1A_30_v0.1.zip,s3://hyp3-tibet-jpl-test-contentbucket-hratibh1y9pabb584e84-a490-453e-b8ac-ba71da5324ef/OPERA_L3_DIST-ALERT-S1_T42SWF_20240421T012320Z_20251215T212821Z_S1A_30_v0.1,https://hyp3-tibet-jpl-test-contentbucket-hratibh1y9pa.s3.us-west-2.amazonaws.com/bb584e84-a490-453e-b8ac-ba71da5324ef/OPERA_L3_DIST-ALERT-S1_T42SWF_20240421T012320Z_20251215T212821Z_S1A_30_v0.1.png,2025-12-15T20:48:26+00:00,1313.704,4.5,42SWF,1,23,4,none,False,transformer_v1_32,high,32,20,2024-04-21,78,2.5,4,best,none,False
cipongkor_landslides_2024__2024-03-24__48MYT__transformer_v1_32-20mc,https://hyp3-tibet-jpl-test-contentbucket-hratibh1y9pa.s3.us-west-2.amazonaws.com/2fbb31e3-7450-4508-b749-d463da2e809a/OPERA_L3_DIST-ALERT-S1_T48MYT_20240308T222604Z_20251215T212227Z_S1A_30_v0.1.zip,s3://hyp3-tibet-jpl-test-contentbucket-hratibh1y9pa2fbb31e3-7450-4508-b749-d463da2e809a/OPERA_L3_DIST-ALERT-S1_T48MYT_20240308T222604Z_20251215T212227Z_S1A_30_v0.1,https://hyp3-tibet-jpl-test-contentbucket-hratibh1y9pa.s3.us-west-2.amazonaws.com/2fbb31e3-7450-4508-b749-d463da2e809a/OPERA_L3_DIST-ALERT-S1_T48MYT_20240308T222604Z_20251215T212227Z_S1A_30_v0.1.png,2025-12-15T20:48:26+00:00,952.563,4.5,48MYT,1,23,4,none,False,transformer_v1_32,high,32,20,2024-03-08,149,2.5,4,best,none,False
afghanistan_flood_2024__2024-05-11__42SWF__transformer_v1_32-20mc,https://hyp3-tibet-jpl-test-contentbucket-hratibh1y9pa.s3.us-west-2.amazonaws.com/6cf4729a-95a7-4fcc-be9b-d63b2d7788c5/OPERA_L3_DIST-ALERT-S1_T42SWF_20240625T013129Z_20251215T212006Z_S1A_30_v0.1.zip,s3://hyp3-tibet-jpl-test-contentbucket-hratibh1y9pa6cf4729a-95a7-4fcc-be9b-d63b2d7788c5/OPERA_L3_DIST-ALERT-S1_T42SWF_20240625T013129Z_20251215T212006Z_S1A_30_v0.1,https://hyp3-tibet-jpl-test-contentbucket-hratibh1y9pa.s3.us-west-2.amazonaws.com/6cf4729a-95a7-4fcc-be9b-d63b2d7788c5/OPERA_L3_DIST-ALERT-S1_T42SWF_20240625T013129Z_20251215T212006Z_S1A_30_v0.1.png,2025-12-15T20:48:26+00:00,810.596,4.5,42SWF,1,23,4,none,False,transformer_v1_32,high,32,20,2024-06-25,151,2.5,4,best,none,False
cipongkor_landslides_2024__2024-03-24__48MYT__transformer_v1_32-20mc,https://hyp3-tibet-jpl-test-contentbucket-hratibh1y9pa.s3.us-west-2.amazonaws.com/1b8e89e6-6660-4bdd-954e-5ccb69fb0380/OPERA_L3_DIST-ALERT-S1_T48MYT_20240425T222605Z_20251215T212113Z_S1A_30_v0.1.zip,s3://hyp3-tibet-jpl-test-contentbucket-hratibh1y9pa1b8e89e6-6660-4bdd-954e-5ccb69fb0380/OPERA_L3_DIST-ALERT-S1_T48MYT_20240425T222605Z_20251215T212113Z_S1A_30_v0.1,https://hyp3-tibet-jpl-test-contentbucket-hratibh1y9pa.s3.us-west-2.amazonaws.com/1b8e89e6-6660-4bdd-954e-5ccb69fb0380/OPERA_L3_DIST-ALERT-S1_T48MYT_20240425T222605Z_20251215T212113Z_S1A_30_v0.1.png,2025-12-15T20:48:26+00:00,880.801,4.5,48MYT,1,23,4,none,False,transformer_v1_32,high,32,20,2024-04-25,149,2.5,4,best,none,False
durkee_fire_2024__2024-07-17__11TMJ__transformer_v1_32-20mc,https://hyp3-tibet-jpl-test-contentbucket-hratibh1y9pa.s3.us-west-2.amazonaws.com/f809e58b-97e6-4db6-bbce-b8e6b4d7bdd3/OPERA_L3_DIST-ALERT-S1_T11TMJ_20240629T140632Z_20251215T211812Z_S1A_30_v0.1.zip,s3://hyp3-tibet-jpl-test-contentbucket-hratibh1y9paf809e58b-97e6-4db6-bbce-b8e6b4d7bdd3/OPERA_L3_DIST-ALERT-S1_T11TMJ_20240629T140632Z_20251215T211812Z_S1A_30_v0.1,https://hyp3-tibet-jpl-test-contentbucket-hratibh1y9pa.s3.us-west-2.amazonaws.com/f809e58b-97e6-4db6-bbce-b8e6b4d7bdd3/OPERA_L3_DIST-ALERT-S1_T11TMJ_20240629T140632Z_20251215T211812Z_S1A_30_v0.1.png,2025-12-15T20:48:26+00:00,692.268,4.5,11TMJ,1,23,4,none,False,transformer_v1_32,high,32,20,2024-06-29,42,2.5,4,best,none,False
hokkaido_landslides_2018__2018-09-06__54TWN__transformer_v1_32-20mc,https://hyp3-tibet-jpl-test-contentbucket-hratibh1y9pa.s3.us-west-2.amazonaws.com/24938678-4404-45c4-a171-dd9bf1df35b0/OPERA_L3_DIST-ALERT-S1_T54TWN_20181023T204120Z_20251215T211550Z_S1A_30_v0.1.zip,s3://hyp3-tibet-jpl-test-contentbucket-hratibh1y9pa24938678-4404-45c4-a171-dd9bf1df35b0/OPERA_L3_DIST-ALERT-S1_T54TWN_20181023T204120Z_20251215T211550Z_S1A_30_v0.1,https://hyp3-tibet-jpl-test-contentbucket-hratibh1y9pa.s3.us-west-2.amazonaws.com/24938678-4404-45c4-a171-dd9bf1df35b0/OPERA_L3_DIST-ALERT-S1_T54TWN_20181023T204120Z_20251215T211550Z_S1A_30_v0.1.png,2025-12-15T20:48:26+00:00,563.071,4.5,54TWN,1,23,4,none,False,transformer_v1_32,high,32,20,2018-10-23,46,2.5,4,best,none,False
hokkaido_landslides_2018__2018-09-06__54TWN__transformer_v1_32-20mc,https://hyp3-tibet-jpl-test-contentbucket-hratibh1y9pa.s3.us-west-2.amazonaws.com/2e3a6f95-5a4b-43d4-992f-cd200c27fe5f/OPERA_L3_DIST-ALERT-S1_T54TWN_20180918T083504Z_20251215T211009Z_S1B_30_v0.1.zip,s3://hyp3-tibet-jpl-test-contentbucket-hratibh1y9pa2e3a6f95-5a4b-43d4-992f-cd200c27fe5f/OPERA_L3_DIST-ALERT-S1_T54TWN_20180918T083504Z_20251215T211009Z_S1B_30_v0.1,https://hyp3-tibet-jpl-test-contentbucket-hratibh1y9pa.s3.us-west-2.amazonaws.com/2e3a6f95-5a4b-43d4-992f-cd200c27fe5f/OPERA_L3_DIST-ALERT-S1_T54TWN_20180918T083504Z_20251215T211009Z_S1B_30_v0.1.png,2025-12-15T20:48:26+00:00,212.683,4.5,54TWN,1,23,4,none,False,transformer_v1_32,high,32,20,2018-09-18,141,2.5,4,best,none,False
durkee_fire_2024__2024-07-17__11TMJ__transformer_v1_32-20mc,https://hyp3-tibet-jpl-test-contentbucket-hratibh1y9pa.s3.us-west-2.amazonaws.com/833ebc1a-ca7b-4c43-a3f3-e1862df36b8b/OPERA_L3_DIST-ALERT-S1_T11TMJ_20240901T013653Z_20251215T212352Z_S1A_30_v0.1.zip,s3://hyp3-tibet-jpl-test-contentbucket-hratibh1y9pa833ebc1a-ca7b-4c43-a3f3-e1862df36b8b/OPERA_L3_DIST-ALERT-S1_T11TMJ_20240901T013653Z_20251215T212352Z_S1A_30_v0.1,https://hyp3-tibet-jpl-test-contentbucket-hratibh1y9pa.s3.us-west-2.amazonaws.com/833ebc1a-ca7b-4c43-a3f3-e1862df36b8b/OPERA_L3_DIST-ALERT-S1_T11TMJ_20240901T013653Z_20251215T212352Z_S1A_30_v0.1.png,2025-12-15T20:48:26+00:00,1070.043,4.5,11TMJ,1,23,4,none,False,transformer_v1_32,high,32,20,2024-09-01,93,2.5,4,best,none,False
afghanistan_flood_2024__2024-05-11__42SWF__transformer_v1_32-20mc,https://hyp3-tibet-jpl-test-contentbucket-hratibh1y9pa.s3.us-west-2.amazonaws.com/d19d7543-04b3-4c50-96cf-57e224033a4c/OPERA_L3_DIST-ALERT-S1_T42SWF_20240702T012318Z_20251215T213409Z_S1A_30_v0.1.zip,s3://hyp3-tibet-jpl-test-contentbucket-hratibh1y9pad19d7543-04b3-4c50-96cf-57e224033a4c/OPERA_L3_DIST-ALERT-S1_T42SWF_20240702T012318Z_20251215T213409Z_S1A_30_v0.1,https://hyp3-tibet-jpl-test-contentbucket-hratibh1y9pa.s3.us-west-2.amazonaws.com/d19d7543-04b3-4c50-96cf-57e224033a4c/OPERA_L3_DIST-ALERT-S1_T42SWF_20240702T012318Z_20251215T213409Z_S1A_30_v0.1.png,2025-12-15T20:48:26+00:00,1690.519,4.5,42SWF,1,23,4,none,False,transformer_v1_32,high,32,20,2024-07-02,78,2.5,4,best,none,False
durkee_fire_2024__2024-07-17__11TMK__transformer_v1_32-20mc,https://hyp3-tibet-jpl-test-contentbucket-hratibh1y9pa.s3.us-west-2.amazonaws.com/2b990a83-5f00-4f97-b4a4-6aae86741a87/OPERA_L3_DIST-ALERT-S1_T11TMK_20240830T134958Z_20251215T211435Z_S1A_30_v0.1.zip,s3://hyp3-tibet-jpl-test-contentbucket-hratibh1y9pa2b990a83-5f00-4f97-b4a4-6aae86741a87/OPERA_L3_DIST-ALERT-S1_T11TMK_20240830T134958Z_20251215T211435Z_S1A_30_v0.1,https://hyp3-tibet-jpl-test-contentbucket-hratibh1y9pa.s3.us-west-2.amazonaws.com/2b990a83-5f00-4f97-b4a4-6aae86741a87/OPERA_L3_DIST-ALERT-S1_T11TMK_20240830T134958Z_20251215T211435Z_S1A_30_v0.1.png,2025-12-15T20:48:26+00:00,507.483,4.5,11TMK,1,23,4,none,False,transformer_v1_32,high,32,20,2024-08-30,71,2.5,4,best,none,False
durkee_fire_2024__2024-07-17__11TMJ__transformer_v1_32-20mc,https://hyp3-tibet-jpl-test-contentbucket-hratibh1y9pa.s3.us-west-2.amazonaws.com/a5b8dbe9-e5b3-497b-abd6-0b82411a960c/OPERA_L3_DIST-ALERT-S1_T11TMJ_20240804T140632Z_20251215T211712Z_S1A_30_v0.1.zip,s3://hyp3-tibet-jpl-test-contentbucket-hratibh1y9paa5b8dbe9-e5b3-497b-abd6-0b82411a960c/OPERA_L3_DIST-ALERT-S1_T11TMJ_20240804T140632Z_20251215T211712Z_S1A_30_v0.1,https://hyp3-tibet-jpl-test-contentbucket-hratibh1y9pa.s3.us-west-2.amazonaws.com/a5b8dbe9-e5b3-497b-abd6-0b82411a960c/OPERA_L3_DIST-ALERT-S1_T11TMJ_20240804T140632Z_20251215T211712Z_S1A_30_v0.1.png,2025-12-15T20:48:26+00:00,664.497,4.5,11TMJ,1,23,4,none,False,transformer_v1_32,high,32,20,2024-08-04,42,2.5,4,best,none,False
durkee_fire_2024__2024-07-17__11TMK__transformer_v1_32-20mc,https://hyp3-tibet-jpl-test-contentbucket-hratibh1y9pa.s3.us-west-2.amazonaws.com/f03c2b6c-cbe9-49ed-afa9-480f4d782db3/OPERA_L3_DIST-ALERT-S1_T11TMK_20240621T013708Z_20251215T211150Z_S1A_30_v0.1.zip,s3://hyp3-tibet-jpl-test-contentbucket-hratibh1y9paf03c2b6c-cbe9-49ed-afa9-480f4d782db3/OPERA_L3_DIST-ALERT-S1_T11TMK_20240621T013708Z_20251215T211150Z_S1A_30_v0.1,https://hyp3-tibet-jpl-test-contentbucket-hratibh1y9pa.s3.us-west-2.amazonaws.com/f03c2b6c-cbe9-49ed-afa9-480f4d782db3/OPERA_L3_DIST-ALERT-S1_T11TMK_20240621T013708Z_20251215T211150Z_S1A_30_v0.1.png,2025-12-15T20:48:26+00:00,344.679,4.5,11TMK,1,23,4,none,False,transformer_v1_32,high,32,20,2024-06-21,93,2.5,4,best,none,False
durkee_fire_2024__2024-07-17__11TMJ__transformer_v1_32-20mc,https://hyp3-tibet-jpl-test-contentbucket-hratibh1y9pa.s3.us-west-2.amazonaws.com/b67c0ff9-0c34-40e9-9473-b65e8c49b789/OPERA_L3_DIST-ALERT-S1_T11TMJ_20240723T140632Z_20251215T211841Z_S1A_30_v0.1.zip,s3://hyp3-tibet-jpl-test-contentbucket-hratibh1y9pab67c0ff9-0c34-40e9-9473-b65e8c49b789/OPERA_L3_DIST-ALERT-S1_T11TMJ_20240723T140632Z_20251215T211841Z_S1A_30_v0.1,https://hyp3-tibet-jpl-test-contentbucket-hratibh1y9pa.s3.us-west-2.amazonaws.com/b67c0ff9-0c34-40e9-9473-b65e8c49b789/OPERA_L3_DIST-ALERT-S1_T11TMJ_20240723T140632Z_20251215T211841Z_S1A_30_v0.1.png,2025-12-15T20:48:26+00:00,758.413,4.5,11TMJ,1,23,4,none,False,transformer_v1_32,high,32,20,2024-07-23,42,2.5,4,best,none,False
hokkaido_landslides_2018__2018-09-06__54TWN__transformer_v1_32-20mc,https://hyp3-tibet-jpl-test-contentbucket-hratibh1y9pa.s3.us-west-2.amazonaws.com/c76e5650-7da6-4bb7-8175-f97ba067f775/OPERA_L3_DIST-ALERT-S1_T54TWN_20181006T203312Z_20251215T210955Z_S1A_30_v0.1.zip,s3://hyp3-tibet-jpl-test-contentbucket-hratibh1y9pac76e5650-7da6-4bb7-8175-f97ba067f775/OPERA_L3_DIST-ALERT-S1_T54TWN_20181006T203312Z_20251215T210955Z_S1A_30_v0.1,https://hyp3-tibet-jpl-test-contentbucket-hratibh1y9pa.s3.us-west-2.amazonaws.com/c76e5650-7da6-4bb7-8175-f97ba067f775/OPERA_L3_DIST-ALERT-S1_T54TWN_20181006T203312Z_20251215T210955Z_S1A_30_v0.1.png,2025-12-15T20:48:26+00:00,234.501,4.5,54TWN,1,23,4,none,False,transformer_v1_32,high,32,20,2018-10-06,148,2.5,4,best,none,False
chile_fire_2024__2024-02-04__19HBD__transformer_v1_32-20mc,https://hyp3-tibet-jpl-test-contentbucket-hratibh1y9pa.s3.us-west-2.amazonaws.com/fdfe90b9-1eec-40fb-90e1-f3c32884d2ae/OPERA_L3_DIST-ALERT-S1_T19HBD_20240121T100430Z_20251215T213122Z_S1A_30_v0.1.zip,s3://hyp3-tibet-jpl-test-contentbucket-hratibh1y9pafdfe90b9-1eec-40fb-90e1-f3c32884d2ae/OPERA_L3_DIST-ALERT-S1_T19HBD_20240121T100430Z_20251215T213122Z_S1A_30_v0.1,https://hyp3-tibet-jpl-test-contentbucket-hratibh1y9pa.s3.us-west-2.amazonaws.com/fdfe90b9-1eec-40fb-90e1-f3c32884d2ae/OPERA_L3_DIST-ALERT-S1_T19HBD_20240121T100430Z_20251215T213122Z_S1A_30_v0.1.png,2025-12-15T20:48:26+00:00,1551.872,4.5,19HBD,1,23,4,none,False,transformer_v1_32,high,32,20,2024-01-21,156,2.5,4,best,none,False
los_angeles_fires_2025__2025-01-04__11SLT__transformer_v1_32-20mc,https://hyp3-tibet-jpl-test-contentbucket-hratibh1y9pa.s3.us-west-2.amazonaws.com/514d783f-1ed4-4126-bf20-b2c9cb79e417/OPERA_L3_DIST-ALERT-S1_T11SLT_20250207T140056Z_20251215T211832Z_S1A_30_v0.1.zip,s3://hyp3-tibet-jpl-test-contentbucket-hratibh1y9pa514d783f-1ed4-4126-bf20-b2c9cb79e417/OPERA_L3_DIST-ALERT-S1_T11SLT_20250207T140056Z_20251215T211832Z_S1A_30_v0.1,https://hyp3-tibet-jpl-test-contentbucket-hratibh1y9pa.s3.us-west-2.amazonaws.com/514d783f-1ed4-4126-bf20-b2c9cb79e417/OPERA_L3_DIST-ALERT-S1_T11SLT_20250207T140056Z_20251215T211832Z_S1A_30_v0.1.png,2025-12-15T20:48:26+00:00,783.467,4.5,11SLT,1,23,4,none,False,transformer_v1_32,high,32,20,2025-02-07,144,2.5,4,best,none,False
hokkaido_landslides_2018__2018-09-06__54TWN__transformer_v1_32-20mc,https://hyp3-tibet-jpl-test-contentbucket-hratibh1y9pa.s3.us-west-2.amazonaws.com/b113fb2e-e1cb-46eb-b046-edef898dc524/OPERA_L3_DIST-ALERT-S1_T54TWN_20180925T082651Z_20251215T211957Z_S1B_30_v0.1.zip,s3://hyp3-tibet-jpl-test-contentbucket-hratibh1y9pab113fb2e-e1cb-46eb-b046-edef898dc524/OPERA_L3_DIST-ALERT-S1_T54TWN_20180925T082651Z_20251215T211957Z_S1B_30_v0.1,https://hyp3-tibet-jpl-test-contentbucket-hratibh1y9pa.s3.us-west-2.amazonaws.com/b113fb2e-e1cb-46eb-b046-edef898dc524/OPERA_L3_DIST-ALERT-S1_T54TWN_20180925T082651Z_20251215T211957Z_S1B_30_v0.1.png,2025-12-15T20:48:26+00:00,880.158,4.5,54TWN,1,23,4,none,False,transformer_v1_32,high,32,20,2018-09-25,68,2.5,4,best,none,False
durkee_fire_2024__2024-07-17__11TMJ__transformer_v1_32-20mc,https://hyp3-tibet-jpl-test-contentbucket-hratibh1y9pa.s3.us-west-2.amazonaws.com/f1d6df44-00d6-468d-b856-9b7ee41451b7/OPERA_L3_DIST-ALERT-S1_T11TMJ_20240820T013653Z_20251215T212343Z_S1A_30_v0.1.zip,s3://hyp3-tibet-jpl-test-contentbucket-hratibh1y9paf1d6df44-00d6-468d-b856-9b7ee41451b7/OPERA_L3_DIST-ALERT-S1_T11TMJ_20240820T013653Z_20251215T212343Z_S1A_30_v0.1,https://hyp3-tibet-jpl-test-contentbucket-hratibh1y9pa.s3.us-west-2.amazonaws.com/f1d6df44-00d6-468d-b856-9b7ee41451b7/OPERA_L3_DIST-ALERT-S1_T11TMJ_20240820T013653Z_20251215T212343Z_S1A_30_v0.1.png,2025-12-15T20:48:26+00:00,1095.276,4.5,11TMJ,1,23,4,none,False,transformer_v1_32,high,32,20,2024-08-20,93,2.5,4,best,none,False
durkee_fire_2024__2024-07-17__11TMK__transformer_v1_32-20mc,https://hyp3-tibet-jpl-test-contentbucket-hratibh1y9pa.s3.us-west-2.amazonaws.com/56111469-f4f8-4cae-b3b4-80f38116e62c/OPERA_L3_DIST-ALERT-S1_T11TMK_20240901T013707Z_20251215T211045Z_S1A_30_v0.1.zip,s3://hyp3-tibet-jpl-test-contentbucket-hratibh1y9pa56111469-f4f8-4cae-b3b4-80f38116e62c/OPERA_L3_DIST-ALERT-S1_T11TMK_20240901T013707Z_20251215T211045Z_S1A_30_v0.1,https://hyp3-tibet-jpl-test-contentbucket-hratibh1y9pa.s3.us-west-2.amazonaws.com/56111469-f4f8-4cae-b3b4-80f38116e62c/OPERA_L3_DIST-ALERT-S1_T11TMK_20240901T013707Z_20251215T211045Z_S1A_30_v0.1.png,2025-12-15T20:48:26+00:00,312.556,4.5,11TMK,1,23,4,none,False,transformer_v1_32,high,32,20,2024-09-01,93,2.5,4,best,none,False
durkee_fire_2024__2024-07-17__11TMJ__transformer_v1_32-20mc,https://hyp3-tibet-jpl-test-contentbucket-hratibh1y9pa.s3.us-west-2.amazonaws.com/ad3bcc3e-79c8-4761-b30d-8b7d22c37520/OPERA_L3_DIST-ALERT-S1_T11TMJ_20240909T140632Z_20251215T211716Z_S1A_30_v0.1.zip,s3://hyp3-tibet-jpl-test-contentbucket-hratibh1y9paad3bcc3e-79c8-4761-b30d-8b7d22c37520/OPERA_L3_DIST-ALERT-S1_T11TMJ_20240909T140632Z_20251215T211716Z_S1A_30_v0.1,https://hyp3-tibet-jpl-test-contentbucket-hratibh1y9pa.s3.us-west-2.amazonaws.com/ad3bcc3e-79c8-4761-b30d-8b7d22c37520/OPERA_L3_DIST-ALERT-S1_T11TMJ_20240909T140632Z_20251215T211716Z_S1A_30_v0.1.png,2025-12-15T20:48:26+00:00,704.658,4.5,11TMJ,1,23,4,none,False,transformer_v1_32,high,32,20,2024-09-09,42,2.5,4,best,none,False
los_angeles_fires_2025__2025-01-04__11SLT__transformer_v1_32-20mc,https://hyp3-tibet-jpl-test-contentbucket-hratibh1y9pa.s3.us-west-2.amazonaws.com/1bd77f8f-7e17-4924-be07-0213d5e737d1/OPERA_L3_DIST-ALERT-S1_T11SLT_20241216T135249Z_20251215T213008Z_S1A_30_v0.1.zip,s3://hyp3-tibet-jpl-test-contentbucket-hratibh1y9pa1bd77f8f-7e17-4924-be07-0213d5e737d1/OPERA_L3_DIST-ALERT-S1_T11SLT_20241216T135249Z_20251215T213008Z_S1A_30_v0.1,https://hyp3-tibet-jpl-test-contentbucket-hratibh1y9pa.s3.us-west-2.amazonaws.com/1bd77f8f-7e17-4924-be07-0213d5e737d1/OPERA_L3_DIST-ALERT-S1_T11SLT_20241216T135249Z_20251215T213008Z_S1A_30_v0.1.png,2025-12-15T20:48:26+00:00,1482.45,4.5,11SLT,1,23,4,none,False,transformer_v1_32,high,32,20,2024-12-16,71,2.5,4,best,none,False
durkee_fire_2024__2024-07-17__11TMK__transformer_v1_32-20mc,https://hyp3-tibet-jpl-test-contentbucket-hratibh1y9pa.s3.us-west-2.amazonaws.com/03a216b5-65db-4332-9545-4d8e470e76d0/OPERA_L3_DIST-ALERT-S1_T11TMK_20240730T135803Z_20251215T213909Z_S1A_30_v0.1.zip,s3://hyp3-tibet-jpl-test-contentbucket-hratibh1y9pa03a216b5-65db-4332-9545-4d8e470e76d0/OPERA_L3_DIST-ALERT-S1_T11TMK_20240730T135803Z_20251215T213909Z_S1A_30_v0.1,https://hyp3-tibet-jpl-test-contentbucket-hratibh1y9pa.s3.us-west-2.amazonaws.com/03a216b5-65db-4332-9545-4d8e470e76d0/OPERA_L3_DIST-ALERT-S1_T11TMK_20240730T135803Z_20251215T213909Z_S1A_30_v0.1.png,2025-12-15T20:48:26+00:00,2060.043,4.5,11TMK,1,23,4,none,False,transformer_v1_32,high,32,20,2024-07-30,144,2.5,4,best,none,False
durkee_fire_2024__2024-07-17__11TMK__transformer_v1_32-20mc,https://hyp3-tibet-jpl-test-contentbucket-hratibh1y9pa.s3.us-west-2.amazonaws.com/178b1af7-f1df-4f5e-b336-1c8ca5897209/OPERA_L3_DIST-ALERT-S1_T11TMK_20240804T140623Z_20251215T211310Z_S1A_30_v0.1.zip,s3://hyp3-tibet-jpl-test-contentbucket-hratibh1y9pa178b1af7-f1df-4f5e-b336-1c8ca5897209/OPERA_L3_DIST-ALERT-S1_T11TMK_20240804T140623Z_20251215T211310Z_S1A_30_v0.1,https://hyp3-tibet-jpl-test-contentbucket-hratibh1y9pa.s3.us-west-2.amazonaws.com/178b1af7-f1df-4f5e-b336-1c8ca5897209/OPERA_L3_DIST-ALERT-S1_T11TMK_20240804T140623Z_20251215T211310Z_S1A_30_v0.1.png,2025-12-15T20:48:26+00:00,491.441,4.5,11TMK,1,23,4,none,False,transformer_v1_32,high,32,20,2024-08-04,42,2.5,4,best,none,False
durkee_fire_2024__2024-07-17__11TMJ__transformer_v1_32-20mc,https://hyp3-tibet-jpl-test-contentbucket-hratibh1y9pa.s3.us-west-2.amazonaws.com/36b2f854-1f7c-4797-9ab1-83063ce3bd37/OPERA_L3_DIST-ALERT-S1_T11TMJ_20240701T015314Z_20251215T211654Z_S1A_30_v0.1.zip,s3://hyp3-tibet-jpl-test-contentbucket-hratibh1y9pa36b2f854-1f7c-4797-9ab1-83063ce3bd37/OPERA_L3_DIST-ALERT-S1_T11TMJ_20240701T015314Z_20251215T211654Z_S1A_30_v0.1,https://hyp3-tibet-jpl-test-contentbucket-hratibh1y9pa.s3.us-west-2.amazonaws.com/36b2f854-1f7c-4797-9ab1-83063ce3bd37/OPERA_L3_DIST-ALERT-S1_T11TMJ_20240701T015314Z_20251215T211654Z_S1A_30_v0.1.png,2025-12-15T20:48:26+00:00,720.395,4.5,11TMJ,1,23,4,none,False,transformer_v1_32,high,32,20,2024-07-01,64,2.5,4,best,none,False
afghanistan_flood_2024__2024-05-11__42SWF__transformer_v1_32-20mc,https://hyp3-tibet-jpl-test-contentbucket-hratibh1y9pa.s3.us-west-2.amazonaws.com/61050b84-6cd2-4579-9b0d-e7e07c45020e/OPERA_L3_DIST-ALERT-S1_T42SWF_20240526T132228Z_20251215T212839Z_S1A_30_v0.1.zip,s3://hyp3-tibet-jpl-test-contentbucket-hratibh1y9pa61050b84-6cd2-4579-9b0d-e7e07c45020e/OPERA_L3_DIST-ALERT-S1_T42SWF_20240526T132228Z_20251215T212839Z_S1A_30_v0.1,https://hyp3-tibet-jpl-test-contentbucket-hratibh1y9pa.s3.us-west-2.amazonaws.com/61050b84-6cd2-4579-9b0d-e7e07c45020e/OPERA_L3_DIST-ALERT-S1_T42SWF_20240526T132228Z_20251215T212839Z_S1A_30_v0.1.png,2025-12-15T20:48:26+00:00,1431.919,4.5,42SWF,1,23,4,none,False,transformer_v1_32,high,32,20,2024-05-26,71,2.5,4,best,none,False
chile_fire_2024__2024-02-04__19HBD__transformer_v1_32-20mc,https://hyp3-tibet-jpl-test-contentbucket-hratibh1y9pa.s3.us-west-2.amazonaws.com/099e38b9-bbe6-49d7-827b-85eb17955dfa/OPERA_L3_DIST-ALERT-S1_T19HBD_20240209T233645Z_20251215T210728Z_S1A_30_v0.1.zip,s3://hyp3-tibet-jpl-test-contentbucket-hratibh1y9pa099e38b9-bbe6-49d7-827b-85eb17955dfa/OPERA_L3_DIST-ALERT-S1_T19HBD_20240209T233645Z_20251215T210728Z_S1A_30_v0.1,https://hyp3-tibet-jpl-test-contentbucket-hratibh1y9pa.s3.us-west-2.amazonaws.com/099e38b9-bbe6-49d7-827b-85eb17955dfa/OPERA_L3_DIST-ALERT-S1_T19HBD_20240209T233645Z_20251215T210728Z_S1A_30_v0.1.png,2025-12-15T20:48:26+00:00,181.792,4.5,19HBD,1,23,4,none,False,transformer_v1_32,high,32,20,2024-02-09,91,2.5,4,best,none,False
durkee_fire_2024__2024-07-17__11TMK__transformer_v1_32-20mc,https://hyp3-tibet-jpl-test-contentbucket-hratibh1y9pa.s3.us-west-2.amazonaws.com/53553dbe-16cd-464e-a7ae-a58af1d627b2/OPERA_L3_DIST-ALERT-S1_T11TMK_20240811T135803Z_20251215T212916Z_S1A_30_v0.1.zip,s3://hyp3-tibet-jpl-test-contentbucket-hratibh1y9pa53553dbe-16cd-464e-a7ae-a58af1d627b2/OPERA_L3_DIST-ALERT-S1_T11TMK_20240811T135803Z_20251215T212916Z_S1A_30_v0.1,https://hyp3-tibet-jpl-test-contentbucket-hratibh1y9pa.s3.us-west-2.amazonaws.com/53553dbe-16cd-464e-a7ae-a58af1d627b2/OPERA_L3_DIST-ALERT-S1_T11TMK_20240811T135803Z_20251215T212916Z_S1A_30_v0.1.png,2025-12-15T20:48:26+00:00,1500.224,4.5,11TMK,1,23,4,none,False,transformer_v1_32,high,32,20,2024-08-11,144,2.5,4,best,none,False
durkee_fire_2024__2024-07-17__11TMK__transformer_v1_32-20mc,https://hyp3-tibet-jpl-test-contentbucket-hratibh1y9pa.s3.us-west-2.amazonaws.com/09a71762-1d72-47d3-9741-70e2a4faac6e/OPERA_L3_DIST-ALERT-S1_T11TMK_20240727T013706Z_20251215T211008Z_S1A_30_v0.1.zip,s3://hyp3-tibet-jpl-test-contentbucket-hratibh1y9pa09a71762-1d72-47d3-9741-70e2a4faac6e/OPERA_L3_DIST-ALERT-S1_T11TMK_20240727T013706Z_20251215T211008Z_S1A_30_v0.1,https://hyp3-tibet-jpl-test-contentbucket-hratibh1y9pa.s3.us-west-2.amazonaws.com/09a71762-1d72-47d3-9741-70e2a4faac6e/OPERA_L3_DIST-ALERT-S1_T11TMK_20240727T013706Z_20251215T211008Z_S1A_30_v0.1.png,2025-12-15T20:48:26+00:00,347.616,4.5,11TMK,1,23,4,none,False,transformer_v1_32,high,32,20,2024-07-27,93,2.5,4,best,none,False
afghanistan_flood_2024__2024-05-11__42SWF__transformer_v1_32-20mc,https://hyp3-tibet-jpl-test-contentbucket-hratibh1y9pa.s3.us-west-2.amazonaws.com/8f34ce29-b567-4a1b-b289-bd5c3c627316/OPERA_L3_DIST-ALERT-S1_T42SWF_20240708T131417Z_20251215T211951Z_S1A_30_v0.1.zip,s3://hyp3-tibet-jpl-test-contentbucket-hratibh1y9pa8f34ce29-b567-4a1b-b289-bd5c3c627316/OPERA_L3_DIST-ALERT-S1_T42SWF_20240708T131417Z_20251215T211951Z_S1A_30_v0.1,https://hyp3-tibet-jpl-test-contentbucket-hratibh1y9pa.s3.us-west-2.amazonaws.com/8f34ce29-b567-4a1b-b289-bd5c3c627316/OPERA_L3_DIST-ALERT-S1_T42SWF_20240708T131417Z_20251215T211951Z_S1A_30_v0.1.png,2025-12-15T20:48:26+00:00,936.426,4.5,42SWF,1,23,4,none,False,transformer_v1_32,high,32,20,2024-07-08,173,2.5,4,best,none,False
durkee_fire_2024__2024-07-17__11TMK__transformer_v1_32-20mc,https://hyp3-tibet-jpl-test-contentbucket-hratibh1y9pa.s3.us-west-2.amazonaws.com/c4268119-ebf8-4cb6-b633-d06785e75588/OPERA_L3_DIST-ALERT-S1_T11TMK_20240715T013707Z_20251215T211018Z_S1A_30_v0.1.zip,s3://hyp3-tibet-jpl-test-contentbucket-hratibh1y9pac4268119-ebf8-4cb6-b633-d06785e75588/OPERA_L3_DIST-ALERT-S1_T11TMK_20240715T013707Z_20251215T211018Z_S1A_30_v0.1,https://hyp3-tibet-jpl-test-contentbucket-hratibh1y9pa.s3.us-west-2.amazonaws.com/c4268119-ebf8-4cb6-b633-d06785e75588/OPERA_L3_DIST-ALERT-S1_T11TMK_20240715T013707Z_20251215T211018Z_S1A_30_v0.1.png,2025-12-15T20:48:26+00:00,355.66,4.5,11TMK,1,23,4,none,False,transformer_v1_32,high,32,20,2024-07-15,93,2.5,4,best,none,False
durkee_fire_2024__2024-07-17__11TMK__transformer_v1_32-20mc,https://hyp3-tibet-jpl-test-contentbucket-hratibh1y9pa.s3.us-west-2.amazonaws.com/4ac71bfc-9271-495b-a5ac-6c0ea5cee594/OPERA_L3_DIST-ALERT-S1_T11TMK_20240725T015327Z_20251215T211117Z_S1A_30_v0.1.zip,s3://hyp3-tibet-jpl-test-contentbucket-hratibh1y9pa4ac71bfc-9271-495b-a5ac-6c0ea5cee594/OPERA_L3_DIST-ALERT-S1_T11TMK_20240725T015327Z_20251215T211117Z_S1A_30_v0.1,https://hyp3-tibet-jpl-test-contentbucket-hratibh1y9pa.s3.us-west-2.amazonaws.com/4ac71bfc-9271-495b-a5ac-6c0ea5cee594/OPERA_L3_DIST-ALERT-S1_T11TMK_20240725T015327Z_20251215T211117Z_S1A_30_v0.1.png,2025-12-15T20:48:26+00:00,444.515,4.5,11TMK,1,23,4,none,False,transformer_v1_32,high,32,20,2024-07-25,64,2.5,4,best,none,False
durkee_fire_2024__2024-07-17__11TMK__transformer_v1_32-20mc,https://hyp3-tibet-jpl-test-contentbucket-hratibh1y9pa.s3.us-west-2.amazonaws.com/7bd156c1-c9f4-45de-877b-ee18b3e92260/OPERA_L3_DIST-ALERT-S1_T11TMK_20240909T140624Z_20251215T211156Z_S1A_30_v0.1.zip,s3://hyp3-tibet-jpl-test-contentbucket-hratibh1y9pa7bd156c1-c9f4-45de-877b-ee18b3e92260/OPERA_L3_DIST-ALERT-S1_T11TMK_20240909T140624Z_20251215T211156Z_S1A_30_v0.1,https://hyp3-tibet-jpl-test-contentbucket-hratibh1y9pa.s3.us-west-2.amazonaws.com/7bd156c1-c9f4-45de-877b-ee18b3e92260/OPERA_L3_DIST-ALERT-S1_T11TMK_20240909T140624Z_20251215T211156Z_S1A_30_v0.1.png,2025-12-15T20:48:26+00:00,487.744,4.5,11TMK,1,23,4,none,False,transformer_v1_32,high,32,20,2024-09-09,42,2.5,4,best,none,False
durkee_fire_2024__2024-07-17__11TMK__transformer_v1_32-20mc,https://hyp3-tibet-jpl-test-contentbucket-hratibh1y9pa.s3.us-west-2.amazonaws.com/3a0a364c-ec40-410a-8a47-7a0bba27cda2/OPERA_L3_DIST-ALERT-S1_T11TMK_20240911T015328Z_20251215T211112Z_S1A_30_v0.1.zip,s3://hyp3-tibet-jpl-test-contentbucket-hratibh1y9pa3a0a364c-ec40-410a-8a47-7a0bba27cda2/OPERA_L3_DIST-ALERT-S1_T11TMK_20240911T015328Z_20251215T211112Z_S1A_30_v0.1,https://hyp3-tibet-jpl-test-contentbucket-hratibh1y9pa.s3.us-west-2.amazonaws.com/3a0a364c-ec40-410a-8a47-7a0bba27cda2/OPERA_L3_DIST-ALERT-S1_T11TMK_20240911T015328Z_20251215T211112Z_S1A_30_v0.1.png,2025-12-15T20:48:26+00:00,444.093,4.5,11TMK,1,23,4,none,False,transformer_v1_32,high,32,20,2024-09-11,64,2.5,4,best,none,False
durkee_fire_2024__2024-07-17__11TMK__transformer_v1_32-20mc,https://hyp3-tibet-jpl-test-contentbucket-hratibh1y9pa.s3.us-west-2.amazonaws.com/334fd715-f33b-4d54-8830-aa8c52232dc5/OPERA_L3_DIST-ALERT-S1_T11TMK_20240701T134959Z_20251215T211455Z_S1A_30_v0.1.zip,s3://hyp3-tibet-jpl-test-contentbucket-hratibh1y9pa334fd715-f33b-4d54-8830-aa8c52232dc5/OPERA_L3_DIST-ALERT-S1_T11TMK_20240701T134959Z_20251215T211455Z_S1A_30_v0.1,https://hyp3-tibet-jpl-test-contentbucket-hratibh1y9pa.s3.us-west-2.amazonaws.com/334fd715-f33b-4d54-8830-aa8c52232dc5/OPERA_L3_DIST-ALERT-S1_T11TMK_20240701T134959Z_20251215T211455Z_S1A_30_v0.1.png,2025-12-15T20:48:26+00:00,666.687,4.5,11TMK,1,23,4,none,False,transformer_v1_32,high,32,20,2024-07-01,71,2.5,4,best,none,False
durkee_fire_2024__2024-07-17__11TMJ__transformer_v1_32-20mc,https://hyp3-tibet-jpl-test-contentbucket-hratibh1y9pa.s3.us-west-2.amazonaws.com/597c6a31-54cc-41f7-b358-3044a51b21b0/OPERA_L3_DIST-ALERT-S1_T11TMJ_20240713T015314Z_20251215T211534Z_S1A_30_v0.1.zip,s3://hyp3-tibet-jpl-test-contentbucket-hratibh1y9pa597c6a31-54cc-41f7-b358-3044a51b21b0/OPERA_L3_DIST-ALERT-S1_T11TMJ_20240713T015314Z_20251215T211534Z_S1A_30_v0.1,https://hyp3-tibet-jpl-test-contentbucket-hratibh1y9pa.s3.us-west-2.amazonaws.com/597c6a31-54cc-41f7-b358-3044a51b21b0/OPERA_L3_DIST-ALERT-S1_T11TMJ_20240713T015314Z_20251215T211534Z_S1A_30_v0.1.png,2025-12-15T20:48:26+00:00,707.024,4.5,11TMJ,1,23,4,none,False,transformer_v1_32,high,32,20,2024-07-13,64,2.5,4,best,none,False
hokkaido_landslides_2018__2018-09-06__54TWN__transformer_v1_32-20mc,https://hyp3-tibet-jpl-test-contentbucket-hratibh1y9pa.s3.us-west-2.amazonaws.com/fee2e22f-f97b-4216-80b9-73a393b92145/OPERA_L3_DIST-ALERT-S1_T54TWN_20181104T204120Z_20251215T211456Z_S1A_30_v0.1.zip,s3://hyp3-tibet-jpl-test-contentbucket-hratibh1y9pafee2e22f-f97b-4216-80b9-73a393b92145/OPERA_L3_DIST-ALERT-S1_T54TWN_20181104T204120Z_20251215T211456Z_S1A_30_v0.1,https://hyp3-tibet-jpl-test-contentbucket-hratibh1y9pa.s3.us-west-2.amazonaws.com/fee2e22f-f97b-4216-80b9-73a393b92145/OPERA_L3_DIST-ALERT-S1_T54TWN_20181104T204120Z_20251215T211456Z_S1A_30_v0.1.png,2025-12-15T20:48:26+00:00,675.301,4.5,54TWN,1,23,4,none,False,transformer_v1_32,high,32,20,2018-11-04,46,2.5,4,best,none,False
durkee_fire_2024__2024-07-17__11TMJ__transformer_v1_32-20mc,https://hyp3-tibet-jpl-test-contentbucket-hratibh1y9pa.s3.us-west-2.amazonaws.com/dddaa00a-d4c0-4438-aa59-0883df2d1bcd/OPERA_L3_DIST-ALERT-S1_T11TMJ_20240806T135009Z_20251215T211525Z_S1A_30_v0.1.zip,s3://hyp3-tibet-jpl-test-contentbucket-hratibh1y9padddaa00a-d4c0-4438-aa59-0883df2d1bcd/OPERA_L3_DIST-ALERT-S1_T11TMJ_20240806T135009Z_20251215T211525Z_S1A_30_v0.1,https://hyp3-tibet-jpl-test-contentbucket-hratibh1y9pa.s3.us-west-2.amazonaws.com/dddaa00a-d4c0-4438-aa59-0883df2d1bcd/OPERA_L3_DIST-ALERT-S1_T11TMJ_20240806T135009Z_20251215T211525Z_S1A_30_v0.1.png,2025-12-15T20:48:26+00:00,698.371,4.5,11TMJ,1,23,4,none,False,transformer_v1_32,high,32,20,2024-08-06,71,2.5,4,best,none,False
durkee_fire_2024__2024-07-17__11TMK__transformer_v1_32-20mc,https://hyp3-tibet-jpl-test-contentbucket-hratibh1y9pa.s3.us-west-2.amazonaws.com/6aed1dca-db61-4ffb-8b51-ec334f963c7e/OPERA_L3_DIST-ALERT-S1_T11TMK_20240617T140625Z_20251215T211404Z_S1A_30_v0.1.zip,s3://hyp3-tibet-jpl-test-contentbucket-hratibh1y9pa6aed1dca-db61-4ffb-8b51-ec334f963c7e/OPERA_L3_DIST-ALERT-S1_T11TMK_20240617T140625Z_20251215T211404Z_S1A_30_v0.1,https://hyp3-tibet-jpl-test-contentbucket-hratibh1y9pa.s3.us-west-2.amazonaws.com/6aed1dca-db61-4ffb-8b51-ec334f963c7e/OPERA_L3_DIST-ALERT-S1_T11TMK_20240617T140625Z_20251215T211404Z_S1A_30_v0.1.png,2025-12-15T20:48:26+00:00,621.637,4.5,11TMK,1,23,4,none,False,transformer_v1_32,high,32,20,2024-06-17,42,2.5,4,best,none,False
durkee_fire_2024__2024-07-17__11TMJ__transformer_v1_32-20mc,https://hyp3-tibet-jpl-test-contentbucket-hratibh1y9pa.s3.us-west-2.amazonaws.com/9152cd4e-e312-4b39-ba0c-92c1fbfe98a4/OPERA_L3_DIST-ALERT-S1_T11TMJ_20240725T015314Z_20251215T211450Z_S1A_30_v0.1.zip,s3://hyp3-tibet-jpl-test-contentbucket-hratibh1y9pa9152cd4e-e312-4b39-ba0c-92c1fbfe98a4/OPERA_L3_DIST-ALERT-S1_T11TMJ_20240725T015314Z_20251215T211450Z_S1A_30_v0.1,https://hyp3-tibet-jpl-test-contentbucket-hratibh1y9pa.s3.us-west-2.amazonaws.com/9152cd4e-e312-4b39-ba0c-92c1fbfe98a4/OPERA_L3_DIST-ALERT-S1_T11TMJ_20240725T015314Z_20251215T211450Z_S1A_30_v0.1.png,2025-12-15T20:48:26+00:00,696.274,4.5,11TMJ,1,23,4,none,False,transformer_v1_32,high,32,20,2024-07-25,64,2.5,4,best,none,False
los_angeles_fires_2025__2025-01-04__11SLT__transformer_v1_32-20mc,https://hyp3-tibet-jpl-test-contentbucket-hratibh1y9pa.s3.us-west-2.amazonaws.com/0a0d3ce0-c02f-4f7b-bc25-273343fef6c0/OPERA_L3_DIST-ALERT-S1_T11SLT_20250214T015029Z_20251215T211923Z_S1A_30_v0.1.zip,s3://hyp3-tibet-jpl-test-contentbucket-hratibh1y9pa0a0d3ce0-c02f-4f7b-bc25-273343fef6c0/OPERA_L3_DIST-ALERT-S1_T11SLT_20250214T015029Z_20251215T211923Z_S1A_30_v0.1,https://hyp3-tibet-jpl-test-contentbucket-hratibh1y9pa.s3.us-west-2.amazonaws.com/0a0d3ce0-c02f-4f7b-bc25-273343fef6c0/OPERA_L3_DIST-ALERT-S1_T11SLT_20250214T015029Z_20251215T211923Z_S1A_30_v0.1.png,2025-12-15T20:48:26+00:00,976.8,4.5,11SLT,1,23,4,none,False,transformer_v1_32,high,32,20,2025-02-14,64,2.5,4,best,none,False
durkee_fire_2024__2024-07-17__11TMJ__transformer_v1_32-20mc,https://hyp3-tibet-jpl-test-contentbucket-hratibh1y9pa.s3.us-west-2.amazonaws.com/54bb344c-a7b1-45a7-9d48-5283137a4712/OPERA_L3_DIST-ALERT-S1_T11TMJ_20240617T140633Z_20251215T211532Z_S1A_30_v0.1.zip,s3://hyp3-tibet-jpl-test-contentbucket-hratibh1y9pa54bb344c-a7b1-45a7-9d48-5283137a4712/OPERA_L3_DIST-ALERT-S1_T11TMJ_20240617T140633Z_20251215T211532Z_S1A_30_v0.1,https://hyp3-tibet-jpl-test-contentbucket-hratibh1y9pa.s3.us-west-2.amazonaws.com/54bb344c-a7b1-45a7-9d48-5283137a4712/OPERA_L3_DIST-ALERT-S1_T11TMJ_20240617T140633Z_20251215T211532Z_S1A_30_v0.1.png,2025-12-15T20:48:26+00:00,704.598,4.5,11TMJ,1,23,4,none,False,transformer_v1_32,high,32,20,2024-06-17,42,2.5,4,best,none,False
durkee_fire_2024__2024-07-17__11TMK__transformer_v1_32-20mc,https://hyp3-tibet-jpl-test-contentbucket-hratibh1y9pa.s3.us-west-2.amazonaws.com/ade934e5-b317-4c10-afe8-123ee4d90b9b/OPERA_L3_DIST-ALERT-S1_T11TMK_20240701T015328Z_20251215T211005Z_S1A_30_v0.1.zip,s3://hyp3-tibet-jpl-test-contentbucket-hratibh1y9paade934e5-b317-4c10-afe8-123ee4d90b9b/OPERA_L3_DIST-ALERT-S1_T11TMK_20240701T015328Z_20251215T211005Z_S1A_30_v0.1,https://hyp3-tibet-jpl-test-contentbucket-hratibh1y9pa.s3.us-west-2.amazonaws.com/ade934e5-b317-4c10-afe8-123ee4d90b9b/OPERA_L3_DIST-ALERT-S1_T11TMK_20240701T015328Z_20251215T211005Z_S1A_30_v0.1.png,2025-12-15T20:48:26+00:00,410.444,4.5,11TMK,1,23,4,none,False,transformer_v1_32,high,32,20,2024-07-01,64,2.5,4,best,none,False
durkee_fire_2024__2024-07-17__11TMK__transformer_v1_32-20mc,https://hyp3-tibet-jpl-test-contentbucket-hratibh1y9pa.s3.us-west-2.amazonaws.com/10b40b0e-f9ae-4e5f-829d-263996cda451/OPERA_L3_DIST-ALERT-S1_T11TMK_20240629T140624Z_20251215T211234Z_S1A_30_v0.1.zip,s3://hyp3-tibet-jpl-test-contentbucket-hratibh1y9pa10b40b0e-f9ae-4e5f-829d-263996cda451/OPERA_L3_DIST-ALERT-S1_T11TMK_20240629T140624Z_20251215T211234Z_S1A_30_v0.1,https://hyp3-tibet-jpl-test-contentbucket-hratibh1y9pa.s3.us-west-2.amazonaws.com/10b40b0e-f9ae-4e5f-829d-263996cda451/OPERA_L3_DIST-ALERT-S1_T11TMK_20240629T140624Z_20251215T211234Z_S1A_30_v0.1.png,2025-12-15T20:48:26+00:00,563.092,4.5,11TMK,1,23,4,none,False,transformer_v1_32,high,32,20,2024-06-29,42,2.5,4,best,none,False
los_angeles_fires_2025__2025-01-04__11SLT__transformer_v1_32-20mc,https://hyp3-tibet-jpl-test-contentbucket-hratibh1y9pa.s3.us-west-2.amazonaws.com/efba7b68-47b4-4cfd-b11f-154b8155639a/OPERA_L3_DIST-ALERT-S1_T11SLT_20250114T015838Z_20251215T212257Z_S1A_30_v0.1.zip,s3://hyp3-tibet-jpl-test-contentbucket-hratibh1y9paefba7b68-47b4-4cfd-b11f-154b8155639a/OPERA_L3_DIST-ALERT-S1_T11SLT_20250114T015838Z_20251215T212257Z_S1A_30_v0.1,https://hyp3-tibet-jpl-test-contentbucket-hratibh1y9pa.s3.us-west-2.amazonaws.com/efba7b68-47b4-4cfd-b11f-154b8155639a/OPERA_L3_DIST-ALERT-S1_T11SLT_20250114T015838Z_20251215T212257Z_S1A_30_v0.1.png,2025-12-15T20:48:26+00:00,1186.532,4.5,11SLT,1,23,4,none,False,transformer_v1_32,high,32,20,2025-01-14,137,2.5,4,best,none,False
durkee_fire_2024__2024-07-17__11TMK__transformer_v1_32-20mc,https://hyp3-tibet-jpl-test-contentbucket-hratibh1y9pa.s3.us-west-2.amazonaws.com/d501bc2d-8d67-4eaa-af7f-4be0ca7a1636/OPERA_L3_DIST-ALERT-S1_T11TMK_20240706T135804Z_20251215T213140Z_S1A_30_v0.1.zip,s3://hyp3-tibet-jpl-test-contentbucket-hratibh1y9pad501bc2d-8d67-4eaa-af7f-4be0ca7a1636/OPERA_L3_DIST-ALERT-S1_T11TMK_20240706T135804Z_20251215T213140Z_S1A_30_v0.1,https://hyp3-tibet-jpl-test-contentbucket-hratibh1y9pa.s3.us-west-2.amazonaws.com/d501bc2d-8d67-4eaa-af7f-4be0ca7a1636/OPERA_L3_DIST-ALERT-S1_T11TMK_20240706T135804Z_20251215T213140Z_S1A_30_v0.1.png,2025-12-15T20:48:26+00:00,1716.288,4.5,11TMK,1,23,4,none,False,transformer_v1_32,high,32,20,2024-07-06,144,2.5,4,best,none,False
hokkaido_landslides_2018__2018-09-06__54TWN__transformer_v1_32-20mc,https://hyp3-tibet-jpl-test-contentbucket-hratibh1y9pa.s3.us-west-2.amazonaws.com/65865fe3-f3f0-4b34-b040-48509c4579e2/OPERA_L3_DIST-ALERT-S1_T54TWN_20181018T203312Z_20251215T210626Z_S1A_30_v0.1.zip,s3://hyp3-tibet-jpl-test-contentbucket-hratibh1y9pa65865fe3-f3f0-4b34-b040-48509c4579e2/OPERA_L3_DIST-ALERT-S1_T54TWN_20181018T203312Z_20251215T210626Z_S1A_30_v0.1,https://hyp3-tibet-jpl-test-contentbucket-hratibh1y9pa.s3.us-west-2.amazonaws.com/65865fe3-f3f0-4b34-b040-48509c4579e2/OPERA_L3_DIST-ALERT-S1_T54TWN_20181018T203312Z_20251215T210626Z_S1A_30_v0.1.png,2025-12-15T20:48:26+00:00,228.247,4.5,54TWN,1,23,4,none,False,transformer_v1_32,high,32,20,2018-10-18,148,2.5,4,best,none,False
afghanistan_flood_2024__2024-05-11__42SWF__transformer_v1_32-20mc,https://hyp3-tibet-jpl-test-contentbucket-hratibh1y9pa.s3.us-west-2.amazonaws.com/4dd53340-493e-4ab4-9085-ff8f4eecb185/OPERA_L3_DIST-ALERT-S1_T42SWF_20240514T132228Z_20251215T212628Z_S1A_30_v0.1.zip,s3://hyp3-tibet-jpl-test-contentbucket-hratibh1y9pa4dd53340-493e-4ab4-9085-ff8f4eecb185/OPERA_L3_DIST-ALERT-S1_T42SWF_20240514T132228Z_20251215T212628Z_S1A_30_v0.1,https://hyp3-tibet-jpl-test-contentbucket-hratibh1y9pa.s3.us-west-2.amazonaws.com/4dd53340-493e-4ab4-9085-ff8f4eecb185/OPERA_L3_DIST-ALERT-S1_T42SWF_20240514T132228Z_20251215T212628Z_S1A_30_v0.1.png,2025-12-15T20:48:26+00:00,1435.326,4.5,42SWF,1,23,4,none,False,transformer_v1_32,high,32,20,2024-05-14,71,2.5,4,best,none,False
los_angeles_fires_2025__2025-01-04__11SLT__transformer_v1_32-20mc,https://hyp3-tibet-jpl-test-contentbucket-hratibh1y9pa.s3.us-west-2.amazonaws.com/0ec157b5-f4ed-43e1-a991-0a8a44f84f18/OPERA_L3_DIST-ALERT-S1_T11SLT_20250207T015837Z_20251215T213022Z_S1A_30_v0.1.zip,s3://hyp3-tibet-jpl-test-contentbucket-hratibh1y9pa0ec157b5-f4ed-43e1-a991-0a8a44f84f18/OPERA_L3_DIST-ALERT-S1_T11SLT_20250207T015837Z_20251215T213022Z_S1A_30_v0.1,https://hyp3-tibet-jpl-test-contentbucket-hratibh1y9pa.s3.us-west-2.amazonaws.com/0ec157b5-f4ed-43e1-a991-0a8a44f84f18/OPERA_L3_DIST-ALERT-S1_T11SLT_20250207T015837Z_20251215T213022Z_S1A_30_v0.1.png,2025-12-15T20:48:26+00:00,1673.008,4.5,11SLT,1,23,4,none,False,transformer_v1_32,high,32,20,2025-02-07,137,2.5,4,best,none,False
durkee_fire_2024__2024-07-17__11TMJ__transformer_v1_32-20mc,https://hyp3-tibet-jpl-test-contentbucket-hratibh1y9pa.s3.us-west-2.amazonaws.com/b5ce2455-b185-450e-931b-9f6c649f4766/OPERA_L3_DIST-ALERT-S1_T11TMJ_20240715T013653Z_20251215T211426Z_S1A_30_v0.1.zip,s3://hyp3-tibet-jpl-test-contentbucket-hratibh1y9pab5ce2455-b185-450e-931b-9f6c649f4766/OPERA_L3_DIST-ALERT-S1_T11TMJ_20240715T013653Z_20251215T211426Z_S1A_30_v0.1,https://hyp3-tibet-jpl-test-contentbucket-hratibh1y9pa.s3.us-west-2.amazonaws.com/b5ce2455-b185-450e-931b-9f6c649f4766/OPERA_L3_DIST-ALERT-S1_T11TMJ_20240715T013653Z_20251215T211426Z_S1A_30_v0.1.png,2025-12-15T20:48:26+00:00,706.925,4.5,11TMJ,1,23,4,none,False,transformer_v1_32,high,32,20,2024-07-15,93,2.5,4,best,none,False
afghanistan_flood_2024__2024-05-11__42SWF__transformer_v1_32-20mc,https://hyp3-tibet-jpl-test-contentbucket-hratibh1y9pa.s3.us-west-2.amazonaws.com/5b195592-17b5-445f-91a1-ad1db75a1e16/OPERA_L3_DIST-ALERT-S1_T42SWF_20240414T013129Z_20251215T211831Z_S1A_30_v0.1.zip,s3://hyp3-tibet-jpl-test-contentbucket-hratibh1y9pa5b195592-17b5-445f-91a1-ad1db75a1e16/OPERA_L3_DIST-ALERT-S1_T42SWF_20240414T013129Z_20251215T211831Z_S1A_30_v0.1,https://hyp3-tibet-jpl-test-contentbucket-hratibh1y9pa.s3.us-west-2.amazonaws.com/5b195592-17b5-445f-91a1-ad1db75a1e16/OPERA_L3_DIST-ALERT-S1_T42SWF_20240414T013129Z_20251215T211831Z_S1A_30_v0.1.png,2025-12-15T20:48:26+00:00,954.048,4.5,42SWF,1,23,4,none,False,transformer_v1_32,high,32,20,2024-04-14,151,2.5,4,best,none,False
chile_fire_2024__2024-02-04__19HBD__transformer_v1_32-20mc,https://hyp3-tibet-jpl-test-contentbucket-hratibh1y9pa.s3.us-west-2.amazonaws.com/15fe04c9-8b87-4a18-adbe-c215ec5c7dd6/OPERA_L3_DIST-ALERT-S1_T19HBD_20240111T232837Z_20251215T213136Z_S1A_30_v0.1.zip,s3://hyp3-tibet-jpl-test-contentbucket-hratibh1y9pa15fe04c9-8b87-4a18-adbe-c215ec5c7dd6/OPERA_L3_DIST-ALERT-S1_T19HBD_20240111T232837Z_20251215T213136Z_S1A_30_v0.1,https://hyp3-tibet-jpl-test-contentbucket-hratibh1y9pa.s3.us-west-2.amazonaws.com/15fe04c9-8b87-4a18-adbe-c215ec5c7dd6/OPERA_L3_DIST-ALERT-S1_T19HBD_20240111T232837Z_20251215T213136Z_S1A_30_v0.1.png,2025-12-15T20:48:26+00:00,1741.852,4.5,19HBD,1,23,4,none,False,transformer_v1_32,high,32,20,2024-01-11,18,2.5,4,best,none,False
durkee_fire_2024__2024-07-17__11TMK__transformer_v1_32-20mc,https://hyp3-tibet-jpl-test-contentbucket-hratibh1y9pa.s3.us-west-2.amazonaws.com/bc0a61b2-9e16-4833-b834-2679a2c47ba2/OPERA_L3_DIST-ALERT-S1_T11TMK_20240806T134958Z_20251215T211350Z_S1A_30_v0.1.zip,s3://hyp3-tibet-jpl-test-contentbucket-hratibh1y9pabc0a61b2-9e16-4833-b834-2679a2c47ba2/OPERA_L3_DIST-ALERT-S1_T11TMK_20240806T134958Z_20251215T211350Z_S1A_30_v0.1,https://hyp3-tibet-jpl-test-contentbucket-hratibh1y9pa.s3.us-west-2.amazonaws.com/bc0a61b2-9e16-4833-b834-2679a2c47ba2/OPERA_L3_DIST-ALERT-S1_T11TMK_20240806T134958Z_20251215T211350Z_S1A_30_v0.1.png,2025-12-15T20:48:26+00:00,670.176,4.5,11TMK,1,23,4,none,False,transformer_v1_32,high,32,20,2024-08-06,71,2.5,4,best,none,False
chile_fire_2024__2024-02-04__19HBD__transformer_v1_32-20mc,https://hyp3-tibet-jpl-test-contentbucket-hratibh1y9pa.s3.us-west-2.amazonaws.com/a720c142-65c0-43a2-95c5-42f733e808f4/OPERA_L3_DIST-ALERT-S1_T19HBD_20240216T232836Z_20251215T212617Z_S1A_30_v0.1.zip,s3://hyp3-tibet-jpl-test-contentbucket-hratibh1y9paa720c142-65c0-43a2-95c5-42f733e808f4/OPERA_L3_DIST-ALERT-S1_T19HBD_20240216T232836Z_20251215T212617Z_S1A_30_v0.1,https://hyp3-tibet-jpl-test-contentbucket-hratibh1y9pa.s3.us-west-2.amazonaws.com/a720c142-65c0-43a2-95c5-42f733e808f4/OPERA_L3_DIST-ALERT-S1_T19HBD_20240216T232836Z_20251215T212617Z_S1A_30_v0.1.png,2025-12-15T20:48:26+00:00,1424.121,4.5,19HBD,1,23,4,none,False,transformer_v1_32,high,32,20,2024-02-16,18,2.5,4,best,none,False
afghanistan_flood_2024__2024-05-11__42SWF__transformer_v1_32-20mc,https://hyp3-tibet-jpl-test-contentbucket-hratibh1y9pa.s3.us-west-2.amazonaws.com/43f7bf26-0404-4e7a-816f-3eac37b9f32f/OPERA_L3_DIST-ALERT-S1_T42SWF_20240614T131418Z_20251215T211555Z_S1A_30_v0.1.zip,s3://hyp3-tibet-jpl-test-contentbucket-hratibh1y9pa43f7bf26-0404-4e7a-816f-3eac37b9f32f/OPERA_L3_DIST-ALERT-S1_T42SWF_20240614T131418Z_20251215T211555Z_S1A_30_v0.1,https://hyp3-tibet-jpl-test-contentbucket-hratibh1y9pa.s3.us-west-2.amazonaws.com/43f7bf26-0404-4e7a-816f-3eac37b9f32f/OPERA_L3_DIST-ALERT-S1_T42SWF_20240614T131418Z_20251215T211555Z_S1A_30_v0.1.png,2025-12-15T20:48:26+00:00,800.85,4.5,42SWF,1,23,4,none,False,transformer_v1_32,high,32,20,2024-06-14,173,2.5,4,best,none,False
chile_fire_2024__2024-02-04__19HBD__transformer_v1_32-20mc,https://hyp3-tibet-jpl-test-contentbucket-hratibh1y9pa.s3.us-west-2.amazonaws.com/5e78404d-8fa8-4415-a010-5a960a8b1cce/OPERA_L3_DIST-ALERT-S1_T19HBD_20240123T232836Z_20251215T213127Z_S1A_30_v0.1.zip,s3://hyp3-tibet-jpl-test-contentbucket-hratibh1y9pa5e78404d-8fa8-4415-a010-5a960a8b1cce/OPERA_L3_DIST-ALERT-S1_T19HBD_20240123T232836Z_20251215T213127Z_S1A_30_v0.1,https://hyp3-tibet-jpl-test-contentbucket-hratibh1y9pa.s3.us-west-2.amazonaws.com/5e78404d-8fa8-4415-a010-5a960a8b1cce/OPERA_L3_DIST-ALERT-S1_T19HBD_20240123T232836Z_20251215T213127Z_S1A_30_v0.1.png,2025-12-15T20:48:26+00:00,1766.112,4.5,19HBD,1,23,4,none,False,transformer_v1_32,high,32,20,2024-01-23,18,2.5,4,best,none,False
los_angeles_fires_2025__2025-01-04__11SLT__transformer_v1_32-20mc,https://hyp3-tibet-jpl-test-contentbucket-hratibh1y9pa.s3.us-west-2.amazonaws.com/3a8d102e-8884-4b23-9f91-94db3fccc1f9/OPERA_L3_DIST-ALERT-S1_T11SLT_20250214T135245Z_20251215T212542Z_S1A_30_v0.1.zip,s3://hyp3-tibet-jpl-test-contentbucket-hratibh1y9pa3a8d102e-8884-4b23-9f91-94db3fccc1f9/OPERA_L3_DIST-ALERT-S1_T11SLT_20250214T135245Z_20251215T212542Z_S1A_30_v0.1,https://hyp3-tibet-jpl-test-contentbucket-hratibh1y9pa.s3.us-west-2.amazonaws.com/3a8d102e-8884-4b23-9f91-94db3fccc1f9/OPERA_L3_DIST-ALERT-S1_T11SLT_20250214T135245Z_20251215T212542Z_S1A_30_v0.1.png,2025-12-15T20:48:26+00:00,1422.104,4.5,11SLT,1,23,4,none,False,transformer_v1_32,high,32,20,2025-02-14,71,2.5,4,best,none,False
afghanistan_flood_2024__2024-05-11__42SWF__transformer_v1_32-20mc,https://hyp3-tibet-jpl-test-contentbucket-hratibh1y9pa.s3.us-west-2.amazonaws.com/46564d86-527c-40a3-bb8e-93b6c79f8a79/OPERA_L3_DIST-ALERT-S1_T42SWF_20240502T132228Z_20251215T212438Z_S1A_30_v0.1.zip,s3://hyp3-tibet-jpl-test-contentbucket-hratibh1y9pa46564d86-527c-40a3-bb8e-93b6c79f8a79/OPERA_L3_DIST-ALERT-S1_T42SWF_20240502T132228Z_20251215T212438Z_S1A_30_v0.1,https://hyp3-tibet-jpl-test-contentbucket-hratibh1y9pa.s3.us-west-2.amazonaws.com/46564d86-527c-40a3-bb8e-93b6c79f8a79/OPERA_L3_DIST-ALERT-S1_T42SWF_20240502T132228Z_20251215T212438Z_S1A_30_v0.1.png,2025-12-15T20:48:26+00:00,1371.09,4.5,42SWF,1,23,4,none,False,transformer_v1_32,high,32,20,2024-05-02,71,2.5,4,best,none,False
mai_mahiu_flood_and_landslides_2024__2024-04-29__37MBU__transformer_v1_32-20mc,https://hyp3-tibet-jpl-test-contentbucket-hratibh1y9pa.s3.us-west-2.amazonaws.com/151b10c4-87d4-4ef4-b541-3a365c59d1aa/OPERA_L3_DIST-ALERT-S1_T37MBU_20240530T155632Z_20251215T211859Z_S1A_30_v0.1.zip,s3://hyp3-tibet-jpl-test-contentbucket-hratibh1y9pa151b10c4-87d4-4ef4-b541-3a365c59d1aa/OPERA_L3_DIST-ALERT-S1_T37MBU_20240530T155632Z_20251215T211859Z_S1A_30_v0.1,https://hyp3-tibet-jpl-test-contentbucket-hratibh1y9pa.s3.us-west-2.amazonaws.com/151b10c4-87d4-4ef4-b541-3a365c59d1aa/OPERA_L3_DIST-ALERT-S1_T37MBU_20240530T155632Z_20251215T211859Z_S1A_30_v0.1.png,2025-12-15T20:48:26+00:00,1025.531,4.5,37MBU,1,23,4,none,False,transformer_v1_32,high,32,20,2024-05-30,130,2.5,4,best,none,False
durkee_fire_2024__2024-07-17__11TMK__transformer_v1_32-20mc,https://hyp3-tibet-jpl-test-contentbucket-hratibh1y9pa.s3.us-west-2.amazonaws.com/a698fb75-25ed-43a0-a12a-9514f0a18a42/OPERA_L3_DIST-ALERT-S1_T11TMK_20240624T135804Z_20251215T213440Z_S1A_30_v0.1.zip,s3://hyp3-tibet-jpl-test-contentbucket-hratibh1y9paa698fb75-25ed-43a0-a12a-9514f0a18a42/OPERA_L3_DIST-ALERT-S1_T11TMK_20240624T135804Z_20251215T213440Z_S1A_30_v0.1,https://hyp3-tibet-jpl-test-contentbucket-hratibh1y9pa.s3.us-west-2.amazonaws.com/a698fb75-25ed-43a0-a12a-9514f0a18a42/OPERA_L3_DIST-ALERT-S1_T11TMK_20240624T135804Z_20251215T213440Z_S1A_30_v0.1.png,2025-12-15T20:48:26+00:00,1995.954,4.5,11TMK,1,23,4,none,False,transformer_v1_32,high,32,20,2024-06-24,144,2.5,4,best,none,False
durkee_fire_2024__2024-07-17__11TMJ__transformer_v1_32-20mc,https://hyp3-tibet-jpl-test-contentbucket-hratibh1y9pa.s3.us-west-2.amazonaws.com/feba0c5c-6020-48ce-8ab7-cd0882ebb48b/OPERA_L3_DIST-ALERT-S1_T11TMJ_20240711T140632Z_20251215T211405Z_S1A_30_v0.1.zip,s3://hyp3-tibet-jpl-test-contentbucket-hratibh1y9pafeba0c5c-6020-48ce-8ab7-cd0882ebb48b/OPERA_L3_DIST-ALERT-S1_T11TMJ_20240711T140632Z_20251215T211405Z_S1A_30_v0.1,https://hyp3-tibet-jpl-test-contentbucket-hratibh1y9pa.s3.us-west-2.amazonaws.com/feba0c5c-6020-48ce-8ab7-cd0882ebb48b/OPERA_L3_DIST-ALERT-S1_T11TMJ_20240711T140632Z_20251215T211405Z_S1A_30_v0.1.png,2025-12-15T20:48:26+00:00,753.567,4.5,11TMJ,1,23,4,none,False,transformer_v1_32,high,32,20,2024-07-11,42,2.5,4,best,none,False
los_angeles_fires_2025__2025-01-04__11SLT__transformer_v1_32-20mc,https://hyp3-tibet-jpl-test-contentbucket-hratibh1y9pa.s3.us-west-2.amazonaws.com/718ba1ae-4e12-48ab-83df-b502444554a2/OPERA_L3_DIST-ALERT-S1_T11SLT_20250126T015838Z_20251215T212905Z_S1A_30_v0.1.zip,s3://hyp3-tibet-jpl-test-contentbucket-hratibh1y9pa718ba1ae-4e12-48ab-83df-b502444554a2/OPERA_L3_DIST-ALERT-S1_T11SLT_20250126T015838Z_20251215T212905Z_S1A_30_v0.1,https://hyp3-tibet-jpl-test-contentbucket-hratibh1y9pa.s3.us-west-2.amazonaws.com/718ba1ae-4e12-48ab-83df-b502444554a2/OPERA_L3_DIST-ALERT-S1_T11SLT_20250126T015838Z_20251215T212905Z_S1A_30_v0.1.png,2025-12-15T20:48:26+00:00,1662.889,4.5,11SLT,1,23,4,none,False,transformer_v1_32,high,32,20,2025-01-26,137,2.5,4,best,none,False
chile_fire_2024__2024-02-04__19HBD__transformer_v1_32-20mc,https://hyp3-tibet-jpl-test-contentbucket-hratibh1y9pa.s3.us-west-2.amazonaws.com/20e7cfc8-6a2d-4268-a73e-9c02746294e5/OPERA_L3_DIST-ALERT-S1_T19HBD_20240228T232836Z_20251215T212921Z_S1A_30_v0.1.zip,s3://hyp3-tibet-jpl-test-contentbucket-hratibh1y9pa20e7cfc8-6a2d-4268-a73e-9c02746294e5/OPERA_L3_DIST-ALERT-S1_T19HBD_20240228T232836Z_20251215T212921Z_S1A_30_v0.1,https://hyp3-tibet-jpl-test-contentbucket-hratibh1y9pa.s3.us-west-2.amazonaws.com/20e7cfc8-6a2d-4268-a73e-9c02746294e5/OPERA_L3_DIST-ALERT-S1_T19HBD_20240228T232836Z_20251215T212921Z_S1A_30_v0.1.png,2025-12-15T20:48:26+00:00,1675.988,4.5,19HBD,1,23,4,none,False,transformer_v1_32,high,32,20,2024-02-28,18,2.5,4,best,none,False
cipongkor_landslides_2024__2024-03-24__48MYT__transformer_v1_32-20mc,https://hyp3-tibet-jpl-test-contentbucket-hratibh1y9pa.s3.us-west-2.amazonaws.com/a3bda7e9-9bc0-42ed-958b-49995923cf79/OPERA_L3_DIST-ALERT-S1_T48MYT_20240413T222604Z_20251215T211908Z_S1A_30_v0.1.zip,s3://hyp3-tibet-jpl-test-contentbucket-hratibh1y9paa3bda7e9-9bc0-42ed-958b-49995923cf79/OPERA_L3_DIST-ALERT-S1_T48MYT_20240413T222604Z_20251215T211908Z_S1A_30_v0.1,https://hyp3-tibet-jpl-test-contentbucket-hratibh1y9pa.s3.us-west-2.amazonaws.com/a3bda7e9-9bc0-42ed-958b-49995923cf79/OPERA_L3_DIST-ALERT-S1_T48MYT_20240413T222604Z_20251215T211908Z_S1A_30_v0.1.png,2025-12-15T20:48:26+00:00,1072.697,4.5,48MYT,1,23,4,none,False,transformer_v1_32,high,32,20,2024-04-13,149,2.5,4,best,none,False
chile_fire_2024__2024-02-04__19HBD__transformer_v1_32-20mc,https://hyp3-tibet-jpl-test-contentbucket-hratibh1y9pa.s3.us-west-2.amazonaws.com/a1f35894-1dda-4316-be37-215414b2fd22/OPERA_L3_DIST-ALERT-S1_T19HBD_20240226T100429Z_20251215T213048Z_S1A_30_v0.1.zip,s3://hyp3-tibet-jpl-test-contentbucket-hratibh1y9paa1f35894-1dda-4316-be37-215414b2fd22/OPERA_L3_DIST-ALERT-S1_T19HBD_20240226T100429Z_20251215T213048Z_S1A_30_v0.1,https://hyp3-tibet-jpl-test-contentbucket-hratibh1y9pa.s3.us-west-2.amazonaws.com/a1f35894-1dda-4316-be37-215414b2fd22/OPERA_L3_DIST-ALERT-S1_T19HBD_20240226T100429Z_20251215T213048Z_S1A_30_v0.1.png,2025-12-15T20:48:26+00:00,1768.732,4.5,19HBD,1,23,4,none,False,transformer_v1_32,high,32,20,2024-02-26,156,2.5,4,best,none,False
durkee_fire_2024__2024-07-17__11TMJ__transformer_v1_32-20mc,https://hyp3-tibet-jpl-test-contentbucket-hratibh1y9pa.s3.us-west-2.amazonaws.com/b2a17d5c-b24e-48bb-86fa-a79734a89216/OPERA_L3_DIST-ALERT-S1_T11TMJ_20240619T015315Z_20251215T211341Z_S1A_30_v0.1.zip,s3://hyp3-tibet-jpl-test-contentbucket-hratibh1y9pab2a17d5c-b24e-48bb-86fa-a79734a89216/OPERA_L3_DIST-ALERT-S1_T11TMJ_20240619T015315Z_20251215T211341Z_S1A_30_v0.1,https://hyp3-tibet-jpl-test-contentbucket-hratibh1y9pa.s3.us-west-2.amazonaws.com/b2a17d5c-b24e-48bb-86fa-a79734a89216/OPERA_L3_DIST-ALERT-S1_T11TMJ_20240619T015315Z_20251215T211341Z_S1A_30_v0.1.png,2025-12-15T20:48:26+00:00,735.085,4.5,11TMJ,1,23,4,none,False,transformer_v1_32,high,32,20,2024-06-19,64,2.5,4,best,none,False
afghanistan_flood_2024__2024-05-11__42SWF__transformer_v1_32-20mc,https://hyp3-tibet-jpl-test-contentbucket-hratibh1y9pa.s3.us-west-2.amazonaws.com/8b74d290-7c80-4b30-b533-7c82a3ce5133/OPERA_L3_DIST-ALERT-S1_T42SWF_20240602T131419Z_20251215T211559Z_S1A_30_v0.1.zip,s3://hyp3-tibet-jpl-test-contentbucket-hratibh1y9pa8b74d290-7c80-4b30-b533-7c82a3ce5133/OPERA_L3_DIST-ALERT-S1_T42SWF_20240602T131419Z_20251215T211559Z_S1A_30_v0.1,https://hyp3-tibet-jpl-test-contentbucket-hratibh1y9pa.s3.us-west-2.amazonaws.com/8b74d290-7c80-4b30-b533-7c82a3ce5133/OPERA_L3_DIST-ALERT-S1_T42SWF_20240602T131419Z_20251215T211559Z_S1A_30_v0.1.png,2025-12-15T20:48:26+00:00,876.077,4.5,42SWF,1,23,4,none,False,transformer_v1_32,high,32,20,2024-06-02,173,2.5,4,best,none,False
mai_mahiu_flood_and_landslides_2024__2024-04-29__37MBU__transformer_v1_32-20mc,https://hyp3-tibet-jpl-test-contentbucket-hratibh1y9pa.s3.us-west-2.amazonaws.com/590f3bdb-5014-4be7-b2cb-7ede89855c14/OPERA_L3_DIST-ALERT-S1_T37MBU_20240412T155630Z_20251215T211901Z_S1A_30_v0.1.zip,s3://hyp3-tibet-jpl-test-contentbucket-hratibh1y9pa590f3bdb-5014-4be7-b2cb-7ede89855c14/OPERA_L3_DIST-ALERT-S1_T37MBU_20240412T155630Z_20251215T211901Z_S1A_30_v0.1,https://hyp3-tibet-jpl-test-contentbucket-hratibh1y9pa.s3.us-west-2.amazonaws.com/590f3bdb-5014-4be7-b2cb-7ede89855c14/OPERA_L3_DIST-ALERT-S1_T37MBU_20240412T155630Z_20251215T211901Z_S1A_30_v0.1.png,2025-12-15T20:48:26+00:00,1057.323,4.5,37MBU,1,23,4,none,False,transformer_v1_32,high,32,20,2024-04-12,130,2.5,4,best,none,False
afghanistan_flood_2024__2024-05-11__42SWF__transformer_v1_32-20mc,https://hyp3-tibet-jpl-test-contentbucket-hratibh1y9pa.s3.us-west-2.amazonaws.com/fa4be1dc-e626-4e6f-8fda-bd73956a1715/OPERA_L3_DIST-ALERT-S1_T42SWF_20240626T131418Z_20251215T211502Z_S1A_30_v0.1.zip,s3://hyp3-tibet-jpl-test-contentbucket-hratibh1y9pafa4be1dc-e626-4e6f-8fda-bd73956a1715/OPERA_L3_DIST-ALERT-S1_T42SWF_20240626T131418Z_20251215T211502Z_S1A_30_v0.1,https://hyp3-tibet-jpl-test-contentbucket-hratibh1y9pa.s3.us-west-2.amazonaws.com/fa4be1dc-e626-4e6f-8fda-bd73956a1715/OPERA_L3_DIST-ALERT-S1_T42SWF_20240626T131418Z_20251215T211502Z_S1A_30_v0.1.png,2025-12-15T20:48:26+00:00,816.425,4.5,42SWF,1,23,4,none,False,transformer_v1_32,high,32,20,2024-06-26,173,2.5,4,best,none,False
durkee_fire_2024__2024-07-17__11TMJ__transformer_v1_32-20mc,https://hyp3-tibet-jpl-test-contentbucket-hratibh1y9pa.s3.us-west-2.amazonaws.com/0726b571-e4cd-4189-beb0-37560b53cdba/OPERA_L3_DIST-ALERT-S1_T11TMJ_20240725T135009Z_20251215T211238Z_S1A_30_v0.1.zip,s3://hyp3-tibet-jpl-test-contentbucket-hratibh1y9pa0726b571-e4cd-4189-beb0-37560b53cdba/OPERA_L3_DIST-ALERT-S1_T11TMJ_20240725T135009Z_20251215T211238Z_S1A_30_v0.1,https://hyp3-tibet-jpl-test-contentbucket-hratibh1y9pa.s3.us-west-2.amazonaws.com/0726b571-e4cd-4189-beb0-37560b53cdba/OPERA_L3_DIST-ALERT-S1_T11TMJ_20240725T135009Z_20251215T211238Z_S1A_30_v0.1.png,2025-12-15T20:48:26+00:00,674.342,4.5,11TMJ,1,23,4,none,False,transformer_v1_32,high,32,20,2024-07-25,71,2.5,4,best,none,False
afghanistan_flood_2024__2024-05-11__42SWF__transformer_v1_32-20mc,https://hyp3-tibet-jpl-test-contentbucket-hratibh1y9pa.s3.us-west-2.amazonaws.com/4c0ee2fb-0387-459b-9a25-006808a3924c/OPERA_L3_DIST-ALERT-S1_T42SWF_20240701T132226Z_20251215T212622Z_S1A_30_v0.1.zip,s3://hyp3-tibet-jpl-test-contentbucket-hratibh1y9pa4c0ee2fb-0387-459b-9a25-006808a3924c/OPERA_L3_DIST-ALERT-S1_T42SWF_20240701T132226Z_20251215T212622Z_S1A_30_v0.1,https://hyp3-tibet-jpl-test-contentbucket-hratibh1y9pa.s3.us-west-2.amazonaws.com/4c0ee2fb-0387-459b-9a25-006808a3924c/OPERA_L3_DIST-ALERT-S1_T42SWF_20240701T132226Z_20251215T212622Z_S1A_30_v0.1.png,2025-12-15T20:48:26+00:00,1506.678,4.5,42SWF,1,23,4,none,False,transformer_v1_32,high,32,20,2024-07-01,71,2.5,4,best,none,False
afghanistan_flood_2024__2024-05-11__42SWF__transformer_v1_32-20mc,https://hyp3-tibet-jpl-test-contentbucket-hratibh1y9pa.s3.us-west-2.amazonaws.com/77ed2861-305f-486a-a12f-532ffd506c8a/OPERA_L3_DIST-ALERT-S1_T42SWF_20240427T131419Z_20251215T211434Z_S1A_30_v0.1.zip,s3://hyp3-tibet-jpl-test-contentbucket-hratibh1y9pa77ed2861-305f-486a-a12f-532ffd506c8a/OPERA_L3_DIST-ALERT-S1_T42SWF_20240427T131419Z_20251215T211434Z_S1A_30_v0.1,https://hyp3-tibet-jpl-test-contentbucket-hratibh1y9pa.s3.us-west-2.amazonaws.com/77ed2861-305f-486a-a12f-532ffd506c8a/OPERA_L3_DIST-ALERT-S1_T42SWF_20240427T131419Z_20251215T211434Z_S1A_30_v0.1.png,2025-12-15T20:48:26+00:00,791.91,4.5,42SWF,1,23,4,none,False,transformer_v1_32,high,32,20,2024-04-27,173,2.5,4,best,none,False
afghanistan_flood_2024__2024-05-11__42SWF__transformer_v1_32-20mc,https://hyp3-tibet-jpl-test-contentbucket-hratibh1y9pa.s3.us-west-2.amazonaws.com/9914fae0-c1c9-4b56-9cfd-e027046a62ea/OPERA_L3_DIST-ALERT-S1_T42SWF_20240520T013130Z_20251215T211451Z_S1A_30_v0.1.zip,s3://hyp3-tibet-jpl-test-contentbucket-hratibh1y9pa9914fae0-c1c9-4b56-9cfd-e027046a62ea/OPERA_L3_DIST-ALERT-S1_T42SWF_20240520T013130Z_20251215T211451Z_S1A_30_v0.1,https://hyp3-tibet-jpl-test-contentbucket-hratibh1y9pa.s3.us-west-2.amazonaws.com/9914fae0-c1c9-4b56-9cfd-e027046a62ea/OPERA_L3_DIST-ALERT-S1_T42SWF_20240520T013130Z_20251215T211451Z_S1A_30_v0.1.png,2025-12-15T20:48:26+00:00,806.817,4.5,42SWF,1,23,4,none,False,transformer_v1_32,high,32,20,2024-05-20,151,2.5,4,best,none,False
mai_mahiu_flood_and_landslides_2024__2024-04-29__37MBU__transformer_v1_32-20mc,https://hyp3-tibet-jpl-test-contentbucket-hratibh1y9pa.s3.us-west-2.amazonaws.com/0ef67e6a-a74b-46c8-adcd-819fe66c168b/OPERA_L3_DIST-ALERT-S1_T37MBU_20240611T155631Z_20251215T212110Z_S1A_30_v0.1.zip,s3://hyp3-tibet-jpl-test-contentbucket-hratibh1y9pa0ef67e6a-a74b-46c8-adcd-819fe66c168b/OPERA_L3_DIST-ALERT-S1_T37MBU_20240611T155631Z_20251215T212110Z_S1A_30_v0.1,https://hyp3-tibet-jpl-test-contentbucket-hratibh1y9pa.s3.us-west-2.amazonaws.com/0ef67e6a-a74b-46c8-adcd-819fe66c168b/OPERA_L3_DIST-ALERT-S1_T37MBU_20240611T155631Z_20251215T212110Z_S1A_30_v0.1.png,2025-12-15T20:48:26+00:00,1225.85,4.5,37MBU,1,23,4,none,False,transformer_v1_32,high,32,20,2024-06-11,130,2.5,4,best,none,False
durkee_fire_2024__2024-07-17__11TMK__transformer_v1_32-20mc,https://hyp3-tibet-jpl-test-contentbucket-hratibh1y9pa.s3.us-west-2.amazonaws.com/d5fe3c62-bbd9-4012-8fbb-9c60211a88ea/OPERA_L3_DIST-ALERT-S1_T11TMK_20240713T134958Z_20251215T211109Z_S1A_30_v0.1.zip,s3://hyp3-tibet-jpl-test-contentbucket-hratibh1y9pad5fe3c62-bbd9-4012-8fbb-9c60211a88ea/OPERA_L3_DIST-ALERT-S1_T11TMK_20240713T134958Z_20251215T211109Z_S1A_30_v0.1,https://hyp3-tibet-jpl-test-contentbucket-hratibh1y9pa.s3.us-west-2.amazonaws.com/d5fe3c62-bbd9-4012-8fbb-9c60211a88ea/OPERA_L3_DIST-ALERT-S1_T11TMK_20240713T134958Z_20251215T211109Z_S1A_30_v0.1.png,2025-12-15T20:48:26+00:00,620.162,4.5,11TMK,1,23,4,none,False,transformer_v1_32,high,32,20,2024-07-13,71,2.5,4,best,none,False
durkee_fire_2024__2024-07-17__11TMJ__transformer_v1_32-20mc,https://hyp3-tibet-jpl-test-contentbucket-hratibh1y9pa.s3.us-west-2.amazonaws.com/a3ff9fc7-0229-48cd-92d5-08687ff627f2/OPERA_L3_DIST-ALERT-S1_T11TMJ_20240911T135010Z_20251215T211413Z_S1A_30_v0.1.zip,s3://hyp3-tibet-jpl-test-contentbucket-hratibh1y9paa3ff9fc7-0229-48cd-92d5-08687ff627f2/OPERA_L3_DIST-ALERT-S1_T11TMJ_20240911T135010Z_20251215T211413Z_S1A_30_v0.1,https://hyp3-tibet-jpl-test-contentbucket-hratibh1y9pa.s3.us-west-2.amazonaws.com/a3ff9fc7-0229-48cd-92d5-08687ff627f2/OPERA_L3_DIST-ALERT-S1_T11TMJ_20240911T135010Z_20251215T211413Z_S1A_30_v0.1.png,2025-12-15T20:48:26+00:00,806.486,4.5,11TMJ,1,23,4,none,False,transformer_v1_32,high,32,20,2024-09-11,71,2.5,4,best,none,False
cipongkor_landslides_2024__2024-03-24__48MYT__transformer_v1_32-20mc,https://hyp3-tibet-jpl-test-contentbucket-hratibh1y9pa.s3.us-west-2.amazonaws.com/13cc3fd4-c131-4045-bb51-5ae0a5045f70/OPERA_L3_DIST-ALERT-S1_T48MYT_20240516T111518Z_20251215T212619Z_S1A_30_v0.1.zip,s3://hyp3-tibet-jpl-test-contentbucket-hratibh1y9pa13cc3fd4-c131-4045-bb51-5ae0a5045f70/OPERA_L3_DIST-ALERT-S1_T48MYT_20240516T111518Z_20251215T212619Z_S1A_30_v0.1,https://hyp3-tibet-jpl-test-contentbucket-hratibh1y9pa.s3.us-west-2.amazonaws.com/13cc3fd4-c131-4045-bb51-5ae0a5045f70/OPERA_L3_DIST-ALERT-S1_T48MYT_20240516T111518Z_20251215T212619Z_S1A_30_v0.1.png,2025-12-15T20:48:26+00:00,1546.104,4.5,48MYT,1,23,4,none,False,transformer_v1_32,high,32,20,2024-05-16,98,2.5,4,best,none,False
afghanistan_flood_2024__2024-05-11__42SWF__transformer_v1_32-20mc,https://hyp3-tibet-jpl-test-contentbucket-hratibh1y9pa.s3.us-west-2.amazonaws.com/bf34515a-5bc3-4e27-9da1-aa2ac58aca43/OPERA_L3_DIST-ALERT-S1_T42SWF_20240426T013130Z_20251215T211624Z_S1A_30_v0.1.zip,s3://hyp3-tibet-jpl-test-contentbucket-hratibh1y9pabf34515a-5bc3-4e27-9da1-aa2ac58aca43/OPERA_L3_DIST-ALERT-S1_T42SWF_20240426T013130Z_20251215T211624Z_S1A_30_v0.1,https://hyp3-tibet-jpl-test-contentbucket-hratibh1y9pa.s3.us-west-2.amazonaws.com/bf34515a-5bc3-4e27-9da1-aa2ac58aca43/OPERA_L3_DIST-ALERT-S1_T42SWF_20240426T013130Z_20251215T211624Z_S1A_30_v0.1.png,2025-12-15T20:48:26+00:00,938.076,4.5,42SWF,1,23,4,none,False,transformer_v1_32,high,32,20,2024-04-26,151,2.5,4,best,none,False
afghanistan_flood_2024__2024-05-11__42SWF__transformer_v1_32-20mc,https://hyp3-tibet-jpl-test-contentbucket-hratibh1y9pa.s3.us-west-2.amazonaws.com/fcf9d692-24b4-47a9-a65e-69d2bb0a4b76/OPERA_L3_DIST-ALERT-S1_T42SWF_20240619T132227Z_20251215T212738Z_S1A_30_v0.1.zip,s3://hyp3-tibet-jpl-test-contentbucket-hratibh1y9pafcf9d692-24b4-47a9-a65e-69d2bb0a4b76/OPERA_L3_DIST-ALERT-S1_T42SWF_20240619T132227Z_20251215T212738Z_S1A_30_v0.1,https://hyp3-tibet-jpl-test-contentbucket-hratibh1y9pa.s3.us-west-2.amazonaws.com/fcf9d692-24b4-47a9-a65e-69d2bb0a4b76/OPERA_L3_DIST-ALERT-S1_T42SWF_20240619T132227Z_20251215T212738Z_S1A_30_v0.1.png,2025-12-15T20:48:26+00:00,1625.768,4.5,42SWF,1,23,4,none,False,transformer_v1_32,high,32,20,2024-06-19,71,2.5,4,best,none,False
chile_fire_2024__2024-02-04__19HBD__transformer_v1_32-20mc,https://hyp3-tibet-jpl-test-contentbucket-hratibh1y9pa.s3.us-west-2.amazonaws.com/fb612638-602b-4beb-a6da-dad17f423ef3/OPERA_L3_DIST-ALERT-S1_T19HBD_20240221T233646Z_20251215T210349Z_S1A_30_v0.1.zip,s3://hyp3-tibet-jpl-test-contentbucket-hratibh1y9pafb612638-602b-4beb-a6da-dad17f423ef3/OPERA_L3_DIST-ALERT-S1_T19HBD_20240221T233646Z_20251215T210349Z_S1A_30_v0.1,https://hyp3-tibet-jpl-test-contentbucket-hratibh1y9pa.s3.us-west-2.amazonaws.com/fb612638-602b-4beb-a6da-dad17f423ef3/OPERA_L3_DIST-ALERT-S1_T19HBD_20240221T233646Z_20251215T210349Z_S1A_30_v0.1.png,2025-12-15T20:48:26+00:00,180.743,4.5,19HBD,1,23,4,none,False,transformer_v1_32,high,32,20,2024-02-21,91,2.5,4,best,none,False
hokkaido_landslides_2018__2018-09-06__54TWN__transformer_v1_32-20mc,https://hyp3-tibet-jpl-test-contentbucket-hratibh1y9pa.s3.us-west-2.amazonaws.com/c008cfc4-effd-4e61-a4c6-f46ba8df91ce/OPERA_L3_DIST-ALERT-S1_T54TWN_20181024T083505Z_20251215T210404Z_S1B_30_v0.1.zip,s3://hyp3-tibet-jpl-test-contentbucket-hratibh1y9pac008cfc4-effd-4e61-a4c6-f46ba8df91ce/OPERA_L3_DIST-ALERT-S1_T54TWN_20181024T083505Z_20251215T210404Z_S1B_30_v0.1,https://hyp3-tibet-jpl-test-contentbucket-hratibh1y9pa.s3.us-west-2.amazonaws.com/c008cfc4-effd-4e61-a4c6-f46ba8df91ce/OPERA_L3_DIST-ALERT-S1_T54TWN_20181024T083505Z_20251215T210404Z_S1B_30_v0.1.png,2025-12-15T20:48:26+00:00,195.807,4.5,54TWN,1,23,4,none,False,transformer_v1_32,high,32,20,2018-10-24,141,2.5,4,best,none,False
durkee_fire_2024__2024-07-17__11TMJ__transformer_v1_32-20mc,https://hyp3-tibet-jpl-test-contentbucket-hratibh1y9pa.s3.us-west-2.amazonaws.com/5025cca9-e01b-4463-96a1-c9cfb553c9aa/OPERA_L3_DIST-ALERT-S1_T11TMJ_20240806T015314Z_20251215T211153Z_S1A_30_v0.1.zip,s3://hyp3-tibet-jpl-test-contentbucket-hratibh1y9pa5025cca9-e01b-4463-96a1-c9cfb553c9aa/OPERA_L3_DIST-ALERT-S1_T11TMJ_20240806T015314Z_20251215T211153Z_S1A_30_v0.1,https://hyp3-tibet-jpl-test-contentbucket-hratibh1y9pa.s3.us-west-2.amazonaws.com/5025cca9-e01b-4463-96a1-c9cfb553c9aa/OPERA_L3_DIST-ALERT-S1_T11TMJ_20240806T015314Z_20251215T211153Z_S1A_30_v0.1.png,2025-12-15T20:48:26+00:00,666.179,4.5,11TMJ,1,23,4,none,False,transformer_v1_32,high,32,20,2024-08-06,64,2.5,4,best,none,False
chile_fire_2024__2024-02-04__19HBD__transformer_v1_32-20mc,https://hyp3-tibet-jpl-test-contentbucket-hratibh1y9pa.s3.us-west-2.amazonaws.com/c2aeb1bc-a463-485c-8b8b-609179caca09/OPERA_L3_DIST-ALERT-S1_T19HBD_20240309T100429Z_20251215T212732Z_S1A_30_v0.1.zip,s3://hyp3-tibet-jpl-test-contentbucket-hratibh1y9pac2aeb1bc-a463-485c-8b8b-609179caca09/OPERA_L3_DIST-ALERT-S1_T19HBD_20240309T100429Z_20251215T212732Z_S1A_30_v0.1,https://hyp3-tibet-jpl-test-contentbucket-hratibh1y9pa.s3.us-west-2.amazonaws.com/c2aeb1bc-a463-485c-8b8b-609179caca09/OPERA_L3_DIST-ALERT-S1_T19HBD_20240309T100429Z_20251215T212732Z_S1A_30_v0.1.png,2025-12-15T20:48:26+00:00,1607.211,4.5,19HBD,1,23,4,none,False,transformer_v1_32,high,32,20,2024-03-09,156,2.5,4,best,none,False
los_angeles_fires_2025__2025-01-04__11SLT__transformer_v1_32-20mc,https://hyp3-tibet-jpl-test-contentbucket-hratibh1y9pa.s3.us-west-2.amazonaws.com/9c139e14-acde-4fd3-b329-931c3cac9a90/OPERA_L3_DIST-ALERT-S1_T11SLT_20250226T135245Z_20251215T212259Z_S1A_30_v0.1.zip,s3://hyp3-tibet-jpl-test-contentbucket-hratibh1y9pa9c139e14-acde-4fd3-b329-931c3cac9a90/OPERA_L3_DIST-ALERT-S1_T11SLT_20250226T135245Z_20251215T212259Z_S1A_30_v0.1,https://hyp3-tibet-jpl-test-contentbucket-hratibh1y9pa.s3.us-west-2.amazonaws.com/9c139e14-acde-4fd3-b329-931c3cac9a90/OPERA_L3_DIST-ALERT-S1_T11SLT_20250226T135245Z_20251215T212259Z_S1A_30_v0.1.png,2025-12-15T20:48:26+00:00,1333.415,4.5,11SLT,1,23,4,none,False,transformer_v1_32,high,32,20,2025-02-26,71,2.5,4,best,none,False
durkee_fire_2024__2024-07-17__11TMJ__transformer_v1_32-20mc,https://hyp3-tibet-jpl-test-contentbucket-hratibh1y9pa.s3.us-west-2.amazonaws.com/4f6ffd8c-1b16-4f96-90a0-e8a1f2bbb336/OPERA_L3_DIST-ALERT-S1_T11TMJ_20240913T013654Z_20251215T211437Z_S1A_30_v0.1.zip,s3://hyp3-tibet-jpl-test-contentbucket-hratibh1y9pa4f6ffd8c-1b16-4f96-90a0-e8a1f2bbb336/OPERA_L3_DIST-ALERT-S1_T11TMJ_20240913T013654Z_20251215T211437Z_S1A_30_v0.1,https://hyp3-tibet-jpl-test-contentbucket-hratibh1y9pa.s3.us-west-2.amazonaws.com/4f6ffd8c-1b16-4f96-90a0-e8a1f2bbb336/OPERA_L3_DIST-ALERT-S1_T11TMJ_20240913T013654Z_20251215T211437Z_S1A_30_v0.1.png,2025-12-15T20:48:26+00:00,829.484,4.5,11TMJ,1,23,4,none,False,transformer_v1_32,high,32,20,2024-09-13,93,2.5,4,best,none,False
durkee_fire_2024__2024-07-17__11TMK__transformer_v1_32-20mc,https://hyp3-tibet-jpl-test-contentbucket-hratibh1y9pa.s3.us-west-2.amazonaws.com/7b5c4b07-5659-428e-84e7-4b30a3f4b309/OPERA_L3_DIST-ALERT-S1_T11TMK_20240828T140624Z_20251215T210854Z_S1A_30_v0.1.zip,s3://hyp3-tibet-jpl-test-contentbucket-hratibh1y9pa7b5c4b07-5659-428e-84e7-4b30a3f4b309/OPERA_L3_DIST-ALERT-S1_T11TMK_20240828T140624Z_20251215T210854Z_S1A_30_v0.1,https://hyp3-tibet-jpl-test-contentbucket-hratibh1y9pa.s3.us-west-2.amazonaws.com/7b5c4b07-5659-428e-84e7-4b30a3f4b309/OPERA_L3_DIST-ALERT-S1_T11TMK_20240828T140624Z_20251215T210854Z_S1A_30_v0.1.png,2025-12-15T20:48:26+00:00,484.013,4.5,11TMK,1,23,4,none,False,transformer_v1_32,high,32,20,2024-08-28,42,2.5,4,best,none,False
durkee_fire_2024__2024-07-17__11TMJ__transformer_v1_32-20mc,https://hyp3-tibet-jpl-test-contentbucket-hratibh1y9pa.s3.us-west-2.amazonaws.com/a43d3a0b-090a-4be1-bc96-d52f843d38cd/OPERA_L3_DIST-ALERT-S1_T11TMJ_20240621T013654Z_20251215T211247Z_S1A_30_v0.1.zip,s3://hyp3-tibet-jpl-test-contentbucket-hratibh1y9paa43d3a0b-090a-4be1-bc96-d52f843d38cd/OPERA_L3_DIST-ALERT-S1_T11TMJ_20240621T013654Z_20251215T211247Z_S1A_30_v0.1,https://hyp3-tibet-jpl-test-contentbucket-hratibh1y9pa.s3.us-west-2.amazonaws.com/a43d3a0b-090a-4be1-bc96-d52f843d38cd/OPERA_L3_DIST-ALERT-S1_T11TMJ_20240621T013654Z_20251215T211247Z_S1A_30_v0.1.png,2025-12-15T20:48:26+00:00,721.375,4.5,11TMJ,1,23,4,none,False,transformer_v1_32,high,32,20,2024-06-21,93,2.5,4,best,none,False
hokkaido_landslides_2018__2018-09-06__54TWN__transformer_v1_32-20mc,https://hyp3-tibet-jpl-test-contentbucket-hratibh1y9pa.s3.us-west-2.amazonaws.com/9201599d-9c26-41a7-af22-3c688437b2dd/OPERA_L3_DIST-ALERT-S1_T54TWN_20181019T082652Z_20251215T211435Z_S1B_30_v0.1.zip,s3://hyp3-tibet-jpl-test-contentbucket-hratibh1y9pa9201599d-9c26-41a7-af22-3c688437b2dd/OPERA_L3_DIST-ALERT-S1_T54TWN_20181019T082652Z_20251215T211435Z_S1B_30_v0.1,https://hyp3-tibet-jpl-test-contentbucket-hratibh1y9pa.s3.us-west-2.amazonaws.com/9201599d-9c26-41a7-af22-3c688437b2dd/OPERA_L3_DIST-ALERT-S1_T54TWN_20181019T082652Z_20251215T211435Z_S1B_30_v0.1.png,2025-12-15T20:48:26+00:00,833.199,4.5,54TWN,1,23,4,none,False,transformer_v1_32,high,32,20,2018-10-19,68,2.5,4,best,none,False
durkee_fire_2024__2024-07-17__11TMK__transformer_v1_32-20mc,https://hyp3-tibet-jpl-test-contentbucket-hratibh1y9pa.s3.us-west-2.amazonaws.com/683217d9-0e19-463b-b49b-7fd99a805f9e/OPERA_L3_DIST-ALERT-S1_T11TMK_20240703T013707Z_20251215T210623Z_S1A_30_v0.1.zip,s3://hyp3-tibet-jpl-test-contentbucket-hratibh1y9pa683217d9-0e19-463b-b49b-7fd99a805f9e/OPERA_L3_DIST-ALERT-S1_T11TMK_20240703T013707Z_20251215T210623Z_S1A_30_v0.1,https://hyp3-tibet-jpl-test-contentbucket-hratibh1y9pa.s3.us-west-2.amazonaws.com/683217d9-0e19-463b-b49b-7fd99a805f9e/OPERA_L3_DIST-ALERT-S1_T11TMK_20240703T013707Z_20251215T210623Z_S1A_30_v0.1.png,2025-12-15T20:48:26+00:00,333.739,4.5,11TMK,1,23,4,none,False,transformer_v1_32,high,32,20,2024-07-03,93,2.5,4,best,none,False
durkee_fire_2024__2024-07-17__11TMJ__transformer_v1_32-20mc,https://hyp3-tibet-jpl-test-contentbucket-hratibh1y9pa.s3.us-west-2.amazonaws.com/8a31ab77-19d4-4c7f-af9e-77a959b0a04d/OPERA_L3_DIST-ALERT-S1_T11TMJ_20240830T015314Z_20251215T211159Z_S1A_30_v0.1.zip,s3://hyp3-tibet-jpl-test-contentbucket-hratibh1y9pa8a31ab77-19d4-4c7f-af9e-77a959b0a04d/OPERA_L3_DIST-ALERT-S1_T11TMJ_20240830T015314Z_20251215T211159Z_S1A_30_v0.1,https://hyp3-tibet-jpl-test-contentbucket-hratibh1y9pa.s3.us-west-2.amazonaws.com/8a31ab77-19d4-4c7f-af9e-77a959b0a04d/OPERA_L3_DIST-ALERT-S1_T11TMJ_20240830T015314Z_20251215T211159Z_S1A_30_v0.1.png,2025-12-15T20:48:26+00:00,668.877,4.5,11TMJ,1,23,4,none,False,transformer_v1_32,high,32,20,2024-08-30,64,2.5,4,best,none,False
los_angeles_fires_2025__2025-01-04__11SLT__transformer_v1_32-20mc,https://hyp3-tibet-jpl-test-contentbucket-hratibh1y9pa.s3.us-west-2.amazonaws.com/5fa0859e-39af-4326-a356-2e85f5ff38fa/OPERA_L3_DIST-ALERT-S1_T11SLT_20250202T135246Z_20251215T212445Z_S1A_30_v0.1.zip,s3://hyp3-tibet-jpl-test-contentbucket-hratibh1y9pa5fa0859e-39af-4326-a356-2e85f5ff38fa/OPERA_L3_DIST-ALERT-S1_T11SLT_20250202T135246Z_20251215T212445Z_S1A_30_v0.1,https://hyp3-tibet-jpl-test-contentbucket-hratibh1y9pa.s3.us-west-2.amazonaws.com/5fa0859e-39af-4326-a356-2e85f5ff38fa/OPERA_L3_DIST-ALERT-S1_T11SLT_20250202T135246Z_20251215T212445Z_S1A_30_v0.1.png,2025-12-15T20:48:26+00:00,1440.122,4.5,11SLT,1,23,4,none,False,transformer_v1_32,high,32,20,2025-02-02,71,2.5,4,best,none,False
hokkaido_landslides_2018__2018-09-06__54TWN__transformer_v1_32-20mc,https://hyp3-tibet-jpl-test-contentbucket-hratibh1y9pa.s3.us-west-2.amazonaws.com/d6b07cb0-c207-4c3f-8e4c-b22e7f306a49/OPERA_L3_DIST-ALERT-S1_T54TWN_20180930T083504Z_20251215T210404Z_S1B_30_v0.1.zip,s3://hyp3-tibet-jpl-test-contentbucket-hratibh1y9pad6b07cb0-c207-4c3f-8e4c-b22e7f306a49/OPERA_L3_DIST-ALERT-S1_T54TWN_20180930T083504Z_20251215T210404Z_S1B_30_v0.1,https://hyp3-tibet-jpl-test-contentbucket-hratibh1y9pa.s3.us-west-2.amazonaws.com/d6b07cb0-c207-4c3f-8e4c-b22e7f306a49/OPERA_L3_DIST-ALERT-S1_T54TWN_20180930T083504Z_20251215T210404Z_S1B_30_v0.1.png,2025-12-15T20:48:26+00:00,196.904,4.5,54TWN,1,23,4,none,False,transformer_v1_32,high,32,20,2018-09-30,141,2.5,4,best,none,False
durkee_fire_2024__2024-07-17__11TMK__transformer_v1_32-20mc,https://hyp3-tibet-jpl-test-contentbucket-hratibh1y9pa.s3.us-west-2.amazonaws.com/9fa90350-337c-436e-9c12-7684770a9315/OPERA_L3_DIST-ALERT-S1_T11TMK_20240711T140624Z_20251215T210745Z_S1A_30_v0.1.zip,s3://hyp3-tibet-jpl-test-contentbucket-hratibh1y9pa9fa90350-337c-436e-9c12-7684770a9315/OPERA_L3_DIST-ALERT-S1_T11TMK_20240711T140624Z_20251215T210745Z_S1A_30_v0.1,https://hyp3-tibet-jpl-test-contentbucket-hratibh1y9pa.s3.us-west-2.amazonaws.com/9fa90350-337c-436e-9c12-7684770a9315/OPERA_L3_DIST-ALERT-S1_T11TMK_20240711T140624Z_20251215T210745Z_S1A_30_v0.1.png,2025-12-15T20:48:26+00:00,450.945,4.5,11TMK,1,23,4,none,False,transformer_v1_32,high,32,20,2024-07-11,42,2.5,4,best,none,False
afghanistan_flood_2024__2024-05-11__42SWF__transformer_v1_32-20mc,https://hyp3-tibet-jpl-test-contentbucket-hratibh1y9pa.s3.us-west-2.amazonaws.com/7e9e34ea-1973-4574-80d1-0ca6a3e6184b/OPERA_L3_DIST-ALERT-S1_T42SWF_20240415T131418Z_20251215T211616Z_S1A_30_v0.1.zip,s3://hyp3-tibet-jpl-test-contentbucket-hratibh1y9pa7e9e34ea-1973-4574-80d1-0ca6a3e6184b/OPERA_L3_DIST-ALERT-S1_T42SWF_20240415T131418Z_20251215T211616Z_S1A_30_v0.1,https://hyp3-tibet-jpl-test-contentbucket-hratibh1y9pa.s3.us-west-2.amazonaws.com/7e9e34ea-1973-4574-80d1-0ca6a3e6184b/OPERA_L3_DIST-ALERT-S1_T42SWF_20240415T131418Z_20251215T211616Z_S1A_30_v0.1.png,2025-12-15T20:48:26+00:00,968.345,4.5,42SWF,1,23,4,none,False,transformer_v1_32,high,32,20,2024-04-15,173,2.5,4,best,none,False
hokkaido_landslides_2018__2018-09-06__54TWN__transformer_v1_32-20mc,https://hyp3-tibet-jpl-test-contentbucket-hratibh1y9pa.s3.us-west-2.amazonaws.com/89fcbe99-406f-430c-946a-42aac39c48e0/OPERA_L3_DIST-ALERT-S1_T54TWN_20181012T083505Z_20251215T210322Z_S1B_30_v0.1.zip,s3://hyp3-tibet-jpl-test-contentbucket-hratibh1y9pa89fcbe99-406f-430c-946a-42aac39c48e0/OPERA_L3_DIST-ALERT-S1_T54TWN_20181012T083505Z_20251215T210322Z_S1B_30_v0.1,https://hyp3-tibet-jpl-test-contentbucket-hratibh1y9pa.s3.us-west-2.amazonaws.com/89fcbe99-406f-430c-946a-42aac39c48e0/OPERA_L3_DIST-ALERT-S1_T54TWN_20181012T083505Z_20251215T210322Z_S1B_30_v0.1.png,2025-12-15T20:48:26+00:00,187.888,4.5,54TWN,1,23,4,none,False,transformer_v1_32,high,32,20,2018-10-12,141,2.5,4,best,none,False
mai_mahiu_flood_and_landslides_2024__2024-04-29__37MBU__transformer_v1_32-20mc,https://hyp3-tibet-jpl-test-contentbucket-hratibh1y9pa.s3.us-west-2.amazonaws.com/1e80ccbd-35dd-44ba-bda7-1a8c240a8103/OPERA_L3_DIST-ALERT-S1_T37MBU_20240407T154826Z_20251215T211400Z_S1A_30_v0.1.zip,s3://hyp3-tibet-jpl-test-contentbucket-hratibh1y9pa1e80ccbd-35dd-44ba-bda7-1a8c240a8103/OPERA_L3_DIST-ALERT-S1_T37MBU_20240407T154826Z_20251215T211400Z_S1A_30_v0.1,https://hyp3-tibet-jpl-test-contentbucket-hratibh1y9pa.s3.us-west-2.amazonaws.com/1e80ccbd-35dd-44ba-bda7-1a8c240a8103/OPERA_L3_DIST-ALERT-S1_T37MBU_20240407T154826Z_20251215T211400Z_S1A_30_v0.1.png,2025-12-15T20:48:26+00:00,832.134,4.5,37MBU,1,23,4,none,False,transformer_v1_32,high,32,20,2024-04-07,57,2.5,4,best,none,False
chile_fire_2024__2024-02-04__19HBD__transformer_v1_32-20mc,https://hyp3-tibet-jpl-test-contentbucket-hratibh1y9pa.s3.us-west-2.amazonaws.com/eb3d2463-ded5-431f-a177-76ed1215d185/OPERA_L3_DIST-ALERT-S1_T19HBD_20240116T233646Z_20251215T210314Z_S1A_30_v0.1.zip,s3://hyp3-tibet-jpl-test-contentbucket-hratibh1y9paeb3d2463-ded5-431f-a177-76ed1215d185/OPERA_L3_DIST-ALERT-S1_T19HBD_20240116T233646Z_20251215T210314Z_S1A_30_v0.1,https://hyp3-tibet-jpl-test-contentbucket-hratibh1y9pa.s3.us-west-2.amazonaws.com/eb3d2463-ded5-431f-a177-76ed1215d185/OPERA_L3_DIST-ALERT-S1_T19HBD_20240116T233646Z_20251215T210314Z_S1A_30_v0.1.png,2025-12-15T20:48:26+00:00,178.437,4.5,19HBD,1,23,4,none,False,transformer_v1_32,high,32,20,2024-01-16,91,2.5,4,best,none,False
chile_fire_2024__2024-02-04__19HBD__transformer_v1_32-20mc,https://hyp3-tibet-jpl-test-contentbucket-hratibh1y9pa.s3.us-west-2.amazonaws.com/7acb2174-c459-4bf5-acc0-3b252a6fd63e/OPERA_L3_DIST-ALERT-S1_T19HBD_20240304T233646Z_20251215T210251Z_S1A_30_v0.1.zip,s3://hyp3-tibet-jpl-test-contentbucket-hratibh1y9pa7acb2174-c459-4bf5-acc0-3b252a6fd63e/OPERA_L3_DIST-ALERT-S1_T19HBD_20240304T233646Z_20251215T210251Z_S1A_30_v0.1,https://hyp3-tibet-jpl-test-contentbucket-hratibh1y9pa.s3.us-west-2.amazonaws.com/7acb2174-c459-4bf5-acc0-3b252a6fd63e/OPERA_L3_DIST-ALERT-S1_T19HBD_20240304T233646Z_20251215T210251Z_S1A_30_v0.1.png,2025-12-15T20:48:26+00:00,157.204,4.5,19HBD,1,23,4,none,False,transformer_v1_32,high,32,20,2024-03-04,91,2.5,4,best,none,False
afghanistan_flood_2024__2024-05-11__42SWF__transformer_v1_32-20mc,https://hyp3-tibet-jpl-test-contentbucket-hratibh1y9pa.s3.us-west-2.amazonaws.com/4b3632b9-9dbe-4f4c-8a93-bf0a7609faaa/OPERA_L3_DIST-ALERT-S1_T42SWF_20240508T013131Z_20251215T211335Z_S1A_30_v0.1.zip,s3://hyp3-tibet-jpl-test-contentbucket-hratibh1y9pa4b3632b9-9dbe-4f4c-8a93-bf0a7609faaa/OPERA_L3_DIST-ALERT-S1_T42SWF_20240508T013131Z_20251215T211335Z_S1A_30_v0.1,https://hyp3-tibet-jpl-test-contentbucket-hratibh1y9pa.s3.us-west-2.amazonaws.com/4b3632b9-9dbe-4f4c-8a93-bf0a7609faaa/OPERA_L3_DIST-ALERT-S1_T42SWF_20240508T013131Z_20251215T211335Z_S1A_30_v0.1.png,2025-12-15T20:48:26+00:00,806.66,4.5,42SWF,1,23,4,none,False,transformer_v1_32,high,32,20,2024-05-08,151,2.5,4,best,none,False
cipongkor_landslides_2024__2024-03-24__48MYT__transformer_v1_32-20mc,https://hyp3-tibet-jpl-test-contentbucket-hratibh1y9pa.s3.us-west-2.amazonaws.com/18b62072-d07b-4ccd-a970-e58f98e89cd7/OPERA_L3_DIST-ALERT-S1_T48MYT_20240317T111517Z_20251215T212431Z_S1A_30_v0.1.zip,s3://hyp3-tibet-jpl-test-contentbucket-hratibh1y9pa18b62072-d07b-4ccd-a970-e58f98e89cd7/OPERA_L3_DIST-ALERT-S1_T48MYT_20240317T111517Z_20251215T212431Z_S1A_30_v0.1,https://hyp3-tibet-jpl-test-contentbucket-hratibh1y9pa.s3.us-west-2.amazonaws.com/18b62072-d07b-4ccd-a970-e58f98e89cd7/OPERA_L3_DIST-ALERT-S1_T48MYT_20240317T111517Z_20251215T212431Z_S1A_30_v0.1.png,2025-12-15T20:48:26+00:00,1469.949,4.5,48MYT,1,23,4,none,False,transformer_v1_32,high,32,20,2024-03-17,98,2.5,4,best,none,False
los_angeles_fires_2025__2025-01-04__11SLT__transformer_v1_32-20mc,https://hyp3-tibet-jpl-test-contentbucket-hratibh1y9pa.s3.us-west-2.amazonaws.com/97b0618b-6180-4bf6-8d30-9aa716f148e9/OPERA_L3_DIST-ALERT-S1_T11SLT_20250219T140056Z_20251215T211154Z_S1A_30_v0.1.zip,s3://hyp3-tibet-jpl-test-contentbucket-hratibh1y9pa97b0618b-6180-4bf6-8d30-9aa716f148e9/OPERA_L3_DIST-ALERT-S1_T11SLT_20250219T140056Z_20251215T211154Z_S1A_30_v0.1,https://hyp3-tibet-jpl-test-contentbucket-hratibh1y9pa.s3.us-west-2.amazonaws.com/97b0618b-6180-4bf6-8d30-9aa716f148e9/OPERA_L3_DIST-ALERT-S1_T11SLT_20250219T140056Z_20251215T211154Z_S1A_30_v0.1.png,2025-12-15T20:48:26+00:00,703.774,4.5,11SLT,1,23,4,none,False,transformer_v1_32,high,32,20,2025-02-19,144,2.5,4,best,none,False
afghanistan_flood_2024__2024-05-11__42SWF__transformer_v1_32-20mc,https://hyp3-tibet-jpl-test-contentbucket-hratibh1y9pa.s3.us-west-2.amazonaws.com/cfb1f43c-b1ec-47ca-8008-0479b6580ff5/OPERA_L3_DIST-ALERT-S1_T42SWF_20240608T012319Z_20251215T212749Z_S1A_30_v0.1.zip,s3://hyp3-tibet-jpl-test-contentbucket-hratibh1y9pacfb1f43c-b1ec-47ca-8008-0479b6580ff5/OPERA_L3_DIST-ALERT-S1_T42SWF_20240608T012319Z_20251215T212749Z_S1A_30_v0.1,https://hyp3-tibet-jpl-test-contentbucket-hratibh1y9pa.s3.us-west-2.amazonaws.com/cfb1f43c-b1ec-47ca-8008-0479b6580ff5/OPERA_L3_DIST-ALERT-S1_T42SWF_20240608T012319Z_20251215T212749Z_S1A_30_v0.1.png,2025-12-15T20:48:26+00:00,1700.448,4.5,42SWF,1,23,4,none,False,transformer_v1_32,high,32,20,2024-06-08,78,2.5,4,best,none,False
mai_mahiu_flood_and_landslides_2024__2024-04-29__37MBU__transformer_v1_32-20mc,https://hyp3-tibet-jpl-test-contentbucket-hratibh1y9pa.s3.us-west-2.amazonaws.com/e5e75fe7-f826-4b99-a024-47c451477a6a/OPERA_L3_DIST-ALERT-S1_T37MBU_20240623T155631Z_20251215T211909Z_S1A_30_v0.1.zip,s3://hyp3-tibet-jpl-test-contentbucket-hratibh1y9pae5e75fe7-f826-4b99-a024-47c451477a6a/OPERA_L3_DIST-ALERT-S1_T37MBU_20240623T155631Z_20251215T211909Z_S1A_30_v0.1,https://hyp3-tibet-jpl-test-contentbucket-hratibh1y9pa.s3.us-west-2.amazonaws.com/e5e75fe7-f826-4b99-a024-47c451477a6a/OPERA_L3_DIST-ALERT-S1_T37MBU_20240623T155631Z_20251215T211909Z_S1A_30_v0.1.png,2025-12-15T20:48:26+00:00,1177.098,4.5,37MBU,1,23,4,none,False,transformer_v1_32,high,32,20,2024-06-23,130,2.5,4,best,none,False
cipongkor_landslides_2024__2024-03-24__48MYT__transformer_v1_32-20mc,https://hyp3-tibet-jpl-test-contentbucket-hratibh1y9pa.s3.us-west-2.amazonaws.com/51e2a85b-7315-4aac-8c36-d36e73595356/OPERA_L3_DIST-ALERT-S1_T48MYT_20240401T222605Z_20251215T211627Z_S1A_30_v0.1.zip,s3://hyp3-tibet-jpl-test-contentbucket-hratibh1y9pa51e2a85b-7315-4aac-8c36-d36e73595356/OPERA_L3_DIST-ALERT-S1_T48MYT_20240401T222605Z_20251215T211627Z_S1A_30_v0.1,https://hyp3-tibet-jpl-test-contentbucket-hratibh1y9pa.s3.us-west-2.amazonaws.com/51e2a85b-7315-4aac-8c36-d36e73595356/OPERA_L3_DIST-ALERT-S1_T48MYT_20240401T222605Z_20251215T211627Z_S1A_30_v0.1.png,2025-12-15T20:48:26+00:00,1014.533,4.5,48MYT,1,23,4,none,False,transformer_v1_32,high,32,20,2024-04-01,149,2.5,4,best,none,False
durkee_fire_2024__2024-07-17__11TMK__transformer_v1_32-20mc,https://hyp3-tibet-jpl-test-contentbucket-hratibh1y9pa.s3.us-west-2.amazonaws.com/47ccfee9-773d-4855-bae3-296521151a25/OPERA_L3_DIST-ALERT-S1_T11TMK_20240725T134958Z_20251215T211046Z_S1A_30_v0.1.zip,s3://hyp3-tibet-jpl-test-contentbucket-hratibh1y9pa47ccfee9-773d-4855-bae3-296521151a25/OPERA_L3_DIST-ALERT-S1_T11TMK_20240725T134958Z_20251215T211046Z_S1A_30_v0.1,https://hyp3-tibet-jpl-test-contentbucket-hratibh1y9pa.s3.us-west-2.amazonaws.com/47ccfee9-773d-4855-bae3-296521151a25/OPERA_L3_DIST-ALERT-S1_T11TMK_20240725T134958Z_20251215T211046Z_S1A_30_v0.1.png,2025-12-15T20:48:26+00:00,669.98,4.5,11TMK,1,23,4,none,False,transformer_v1_32,high,32,20,2024-07-25,71,2.5,4,best,none,False
los_angeles_fires_2025__2025-01-04__11SLT__transformer_v1_32-20mc,https://hyp3-tibet-jpl-test-contentbucket-hratibh1y9pa.s3.us-west-2.amazonaws.com/475a7cd8-6014-451b-a5dc-4966bdb97e54/OPERA_L3_DIST-ALERT-S1_T11SLT_20241228T015032Z_20251215T211304Z_S1A_30_v0.1.zip,s3://hyp3-tibet-jpl-test-contentbucket-hratibh1y9pa475a7cd8-6014-451b-a5dc-4966bdb97e54/OPERA_L3_DIST-ALERT-S1_T11SLT_20241228T015032Z_20251215T211304Z_S1A_30_v0.1,https://hyp3-tibet-jpl-test-contentbucket-hratibh1y9pa.s3.us-west-2.amazonaws.com/475a7cd8-6014-451b-a5dc-4966bdb97e54/OPERA_L3_DIST-ALERT-S1_T11SLT_20241228T015032Z_20251215T211304Z_S1A_30_v0.1.png,2025-12-15T20:48:26+00:00,811.043,4.5,11SLT,1,23,4,none,False,transformer_v1_32,high,32,20,2024-12-28,64,2.5,4,best,none,False
hokkaido_landslides_2018__2018-09-06__54TWN__transformer_v1_32-20mc,https://hyp3-tibet-jpl-test-contentbucket-hratibh1y9pa.s3.us-west-2.amazonaws.com/89f76612-a232-4f0a-a021-5b5d68ad0442/OPERA_L3_DIST-ALERT-S1_T54TWN_20180929T204120Z_20251215T210915Z_S1A_30_v0.1.zip,s3://hyp3-tibet-jpl-test-contentbucket-hratibh1y9pa89f76612-a232-4f0a-a021-5b5d68ad0442/OPERA_L3_DIST-ALERT-S1_T54TWN_20180929T204120Z_20251215T210915Z_S1A_30_v0.1,https://hyp3-tibet-jpl-test-contentbucket-hratibh1y9pa.s3.us-west-2.amazonaws.com/89f76612-a232-4f0a-a021-5b5d68ad0442/OPERA_L3_DIST-ALERT-S1_T54TWN_20180929T204120Z_20251215T210915Z_S1A_30_v0.1.png,2025-12-15T20:48:26+00:00,616.958,4.5,54TWN,1,23,4,none,False,transformer_v1_32,high,32,20,2018-09-29,46,2.5,4,best,none,False
durkee_fire_2024__2024-07-17__11TMJ__transformer_v1_32-20mc,https://hyp3-tibet-jpl-test-contentbucket-hratibh1y9pa.s3.us-west-2.amazonaws.com/260486c1-4d30-44e4-9c1a-3031c66913bb/OPERA_L3_DIST-ALERT-S1_T11TMJ_20240828T140632Z_20251215T211228Z_S1A_30_v0.1.zip,s3://hyp3-tibet-jpl-test-contentbucket-hratibh1y9pa260486c1-4d30-44e4-9c1a-3031c66913bb/OPERA_L3_DIST-ALERT-S1_T11TMJ_20240828T140632Z_20251215T211228Z_S1A_30_v0.1,https://hyp3-tibet-jpl-test-contentbucket-hratibh1y9pa.s3.us-west-2.amazonaws.com/260486c1-4d30-44e4-9c1a-3031c66913bb/OPERA_L3_DIST-ALERT-S1_T11TMJ_20240828T140632Z_20251215T211228Z_S1A_30_v0.1.png,2025-12-15T20:48:26+00:00,769.461,4.5,11TMJ,1,23,4,none,False,transformer_v1_32,high,32,20,2024-08-28,42,2.5,4,best,none,False
hokkaido_landslides_2018__2018-09-06__54TWN__transformer_v1_32-20mc,https://hyp3-tibet-jpl-test-contentbucket-hratibh1y9pa.s3.us-west-2.amazonaws.com/afc956eb-cd31-437e-8d47-a83030077da8/OPERA_L3_DIST-ALERT-S1_T54TWN_20181011T204120Z_20251215T210838Z_S1A_30_v0.1.zip,s3://hyp3-tibet-jpl-test-contentbucket-hratibh1y9paafc956eb-cd31-437e-8d47-a83030077da8/OPERA_L3_DIST-ALERT-S1_T54TWN_20181011T204120Z_20251215T210838Z_S1A_30_v0.1,https://hyp3-tibet-jpl-test-contentbucket-hratibh1y9pa.s3.us-west-2.amazonaws.com/afc956eb-cd31-437e-8d47-a83030077da8/OPERA_L3_DIST-ALERT-S1_T54TWN_20181011T204120Z_20251215T210838Z_S1A_30_v0.1.png,2025-12-15T20:48:26+00:00,550.618,4.5,54TWN,1,23,4,none,False,transformer_v1_32,high,32,20,2018-10-11,46,2.5,4,best,none,False
durkee_fire_2024__2024-07-17__11TMJ__transformer_v1_32-20mc,https://hyp3-tibet-jpl-test-contentbucket-hratibh1y9pa.s3.us-west-2.amazonaws.com/c3435bcc-c727-4f37-a34e-8a819094d809/OPERA_L3_DIST-ALERT-S1_T11TMJ_20240818T135009Z_20251215T211313Z_S1A_30_v0.1.zip,s3://hyp3-tibet-jpl-test-contentbucket-hratibh1y9pac3435bcc-c727-4f37-a34e-8a819094d809/OPERA_L3_DIST-ALERT-S1_T11TMJ_20240818T135009Z_20251215T211313Z_S1A_30_v0.1,https://hyp3-tibet-jpl-test-contentbucket-hratibh1y9pa.s3.us-west-2.amazonaws.com/c3435bcc-c727-4f37-a34e-8a819094d809/OPERA_L3_DIST-ALERT-S1_T11TMJ_20240818T135009Z_20251215T211313Z_S1A_30_v0.1.png,2025-12-15T20:48:26+00:00,850.49,4.5,11TMJ,1,23,4,none,False,transformer_v1_32,high,32,20,2024-08-18,71,2.5,4,best,none,False
durkee_fire_2024__2024-07-17__11TMJ__transformer_v1_32-20mc,https://hyp3-tibet-jpl-test-contentbucket-hratibh1y9pa.s3.us-west-2.amazonaws.com/d95582b2-d44c-4667-839b-45130bf2a9aa/OPERA_L3_DIST-ALERT-S1_T11TMJ_20240701T135010Z_20251215T211215Z_S1A_30_v0.1.zip,s3://hyp3-tibet-jpl-test-contentbucket-hratibh1y9pad95582b2-d44c-4667-839b-45130bf2a9aa/OPERA_L3_DIST-ALERT-S1_T11TMJ_20240701T135010Z_20251215T211215Z_S1A_30_v0.1,https://hyp3-tibet-jpl-test-contentbucket-hratibh1y9pa.s3.us-west-2.amazonaws.com/d95582b2-d44c-4667-839b-45130bf2a9aa/OPERA_L3_DIST-ALERT-S1_T11TMJ_20240701T135010Z_20251215T211215Z_S1A_30_v0.1.png,2025-12-15T20:48:26+00:00,794.646,4.5,11TMJ,1,23,4,none,False,transformer_v1_32,high,32,20,2024-07-01,71,2.5,4,best,none,False
durkee_fire_2024__2024-07-17__11TMK__transformer_v1_32-20mc,https://hyp3-tibet-jpl-test-contentbucket-hratibh1y9pa.s3.us-west-2.amazonaws.com/97e362e3-2c4f-4738-b84e-81ae58a5b2f1/OPERA_L3_DIST-ALERT-S1_T11TMK_20240808T013707Z_20251215T210427Z_S1A_30_v0.1.zip,s3://hyp3-tibet-jpl-test-contentbucket-hratibh1y9pa97e362e3-2c4f-4738-b84e-81ae58a5b2f1/OPERA_L3_DIST-ALERT-S1_T11TMK_20240808T013707Z_20251215T210427Z_S1A_30_v0.1,https://hyp3-tibet-jpl-test-contentbucket-hratibh1y9pa.s3.us-west-2.amazonaws.com/97e362e3-2c4f-4738-b84e-81ae58a5b2f1/OPERA_L3_DIST-ALERT-S1_T11TMK_20240808T013707Z_20251215T210427Z_S1A_30_v0.1.png,2025-12-15T20:48:26+00:00,322.097,4.5,11TMK,1,23,4,none,False,transformer_v1_32,high,32,20,2024-08-08,93,2.5,4,best,none,False
durkee_fire_2024__2024-07-17__11TMJ__transformer_v1_32-20mc,https://hyp3-tibet-jpl-test-contentbucket-hratibh1y9pa.s3.us-west-2.amazonaws.com/fbb7af9b-c5bb-4a93-9b5c-b06d0fc4b444/OPERA_L3_DIST-ALERT-S1_T11TMJ_20240904T135819Z_20251215T212749Z_S1A_30_v0.1.zip,s3://hyp3-tibet-jpl-test-contentbucket-hratibh1y9pafbb7af9b-c5bb-4a93-9b5c-b06d0fc4b444/OPERA_L3_DIST-ALERT-S1_T11TMJ_20240904T135819Z_20251215T212749Z_S1A_30_v0.1,https://hyp3-tibet-jpl-test-contentbucket-hratibh1y9pa.s3.us-west-2.amazonaws.com/fbb7af9b-c5bb-4a93-9b5c-b06d0fc4b444/OPERA_L3_DIST-ALERT-S1_T11TMJ_20240904T135819Z_20251215T212749Z_S1A_30_v0.1.png,2025-12-15T20:48:26+00:00,1732.008,4.5,11TMJ,1,23,4,none,False,transformer_v1_32,high,32,20,2024-09-04,144,2.5,4,best,none,False
los_angeles_fires_2025__2025-01-04__11SLT__transformer_v1_32-20mc,https://hyp3-tibet-jpl-test-contentbucket-hratibh1y9pa.s3.us-west-2.amazonaws.com/df30fb78-ebef-41d3-9ecd-ad1e73296f3a/OPERA_L3_DIST-ALERT-S1_T11SLT_20250121T135246Z_20251215T212838Z_S1A_30_v0.1.zip,s3://hyp3-tibet-jpl-test-contentbucket-hratibh1y9padf30fb78-ebef-41d3-9ecd-ad1e73296f3a/OPERA_L3_DIST-ALERT-S1_T11SLT_20250121T135246Z_20251215T212838Z_S1A_30_v0.1,https://hyp3-tibet-jpl-test-contentbucket-hratibh1y9pa.s3.us-west-2.amazonaws.com/df30fb78-ebef-41d3-9ecd-ad1e73296f3a/OPERA_L3_DIST-ALERT-S1_T11SLT_20250121T135246Z_20251215T212838Z_S1A_30_v0.1.png,2025-12-15T20:48:26+00:00,1806.681,4.5,11SLT,1,23,4,none,False,transformer_v1_32,high,32,20,2025-01-21,71,2.5,4,best,none,False
durkee_fire_2024__2024-07-17__11TMK__transformer_v1_32-20mc,https://hyp3-tibet-jpl-test-contentbucket-hratibh1y9pa.s3.us-west-2.amazonaws.com/9ade3208-1467-4d18-b83a-9ea53fe50a8a/OPERA_L3_DIST-ALERT-S1_T11TMK_20240816T140623Z_20251215T210842Z_S1A_30_v0.1.zip,s3://hyp3-tibet-jpl-test-contentbucket-hratibh1y9pa9ade3208-1467-4d18-b83a-9ea53fe50a8a/OPERA_L3_DIST-ALERT-S1_T11TMK_20240816T140623Z_20251215T210842Z_S1A_30_v0.1,https://hyp3-tibet-jpl-test-contentbucket-hratibh1y9pa.s3.us-west-2.amazonaws.com/9ade3208-1467-4d18-b83a-9ea53fe50a8a/OPERA_L3_DIST-ALERT-S1_T11TMK_20240816T140623Z_20251215T210842Z_S1A_30_v0.1.png,2025-12-15T20:48:26+00:00,611.165,4.5,11TMK,1,23,4,none,False,transformer_v1_32,high,32,20,2024-08-16,42,2.5,4,best,none,False
los_angeles_fires_2025__2025-01-04__11SLT__transformer_v1_32-20mc,https://hyp3-tibet-jpl-test-contentbucket-hratibh1y9pa.s3.us-west-2.amazonaws.com/74602fc3-db1d-44c5-b130-1a3505627a0e/OPERA_L3_DIST-ALERT-S1_T11SLT_20241221T140100Z_20251215T211116Z_S1A_30_v0.1.zip,s3://hyp3-tibet-jpl-test-contentbucket-hratibh1y9pa74602fc3-db1d-44c5-b130-1a3505627a0e/OPERA_L3_DIST-ALERT-S1_T11SLT_20241221T140100Z_20251215T211116Z_S1A_30_v0.1,https://hyp3-tibet-jpl-test-contentbucket-hratibh1y9pa.s3.us-west-2.amazonaws.com/74602fc3-db1d-44c5-b130-1a3505627a0e/OPERA_L3_DIST-ALERT-S1_T11SLT_20241221T140100Z_20251215T211116Z_S1A_30_v0.1.png,2025-12-15T20:48:26+00:00,769.479,4.5,11SLT,1,23,4,none,False,transformer_v1_32,high,32,20,2024-12-21,144,2.5,4,best,none,False
durkee_fire_2024__2024-07-17__11TMK__transformer_v1_32-20mc,https://hyp3-tibet-jpl-test-contentbucket-hratibh1y9pa.s3.us-west-2.amazonaws.com/f690f307-12e9-4183-b7e1-3c1cdf7f36dc/OPERA_L3_DIST-ALERT-S1_T11TMK_20240904T135804Z_20251215T213245Z_S1A_30_v0.1.zip,s3://hyp3-tibet-jpl-test-contentbucket-hratibh1y9paf690f307-12e9-4183-b7e1-3c1cdf7f36dc/OPERA_L3_DIST-ALERT-S1_T11TMK_20240904T135804Z_20251215T213245Z_S1A_30_v0.1,https://hyp3-tibet-jpl-test-contentbucket-hratibh1y9pa.s3.us-west-2.amazonaws.com/f690f307-12e9-4183-b7e1-3c1cdf7f36dc/OPERA_L3_DIST-ALERT-S1_T11TMK_20240904T135804Z_20251215T213245Z_S1A_30_v0.1.png,2025-12-15T20:48:26+00:00,2071.273,4.5,11TMK,1,23,4,none,False,transformer_v1_32,high,32,20,2024-09-04,144,2.5,4,best,none,False
mai_mahiu_flood_and_landslides_2024__2024-04-29__37MBU__transformer_v1_32-20mc,https://hyp3-tibet-jpl-test-contentbucket-hratibh1y9pa.s3.us-west-2.amazonaws.com/6f603c69-d8c5-41a4-8a65-ddffac515864/OPERA_L3_DIST-ALERT-S1_T37MBU_20240501T154827Z_20251215T211149Z_S1A_30_v0.1.zip,s3://hyp3-tibet-jpl-test-contentbucket-hratibh1y9pa6f603c69-d8c5-41a4-8a65-ddffac515864/OPERA_L3_DIST-ALERT-S1_T37MBU_20240501T154827Z_20251215T211149Z_S1A_30_v0.1,https://hyp3-tibet-jpl-test-contentbucket-hratibh1y9pa.s3.us-west-2.amazonaws.com/6f603c69-d8c5-41a4-8a65-ddffac515864/OPERA_L3_DIST-ALERT-S1_T37MBU_20240501T154827Z_20251215T211149Z_S1A_30_v0.1.png,2025-12-15T20:48:26+00:00,841.575,4.5,37MBU,1,23,4,none,False,transformer_v1_32,high,32,20,2024-05-01,57,2.5,4,best,none,False
chile_fire_2024__2024-02-04__19HBD__transformer_v1_32-20mc,https://hyp3-tibet-jpl-test-contentbucket-hratibh1y9pa.s3.us-west-2.amazonaws.com/908652d0-6492-48f7-8d5b-119ea33479fb/OPERA_L3_DIST-ALERT-S1_T19HBD_20240109T100431Z_20251215T212201Z_S1A_30_v0.1.zip,s3://hyp3-tibet-jpl-test-contentbucket-hratibh1y9pa908652d0-6492-48f7-8d5b-119ea33479fb/OPERA_L3_DIST-ALERT-S1_T19HBD_20240109T100431Z_20251215T212201Z_S1A_30_v0.1,https://hyp3-tibet-jpl-test-contentbucket-hratibh1y9pa.s3.us-west-2.amazonaws.com/908652d0-6492-48f7-8d5b-119ea33479fb/OPERA_L3_DIST-ALERT-S1_T19HBD_20240109T100431Z_20251215T212201Z_S1A_30_v0.1.png,2025-12-15T20:48:26+00:00,1413.028,4.5,19HBD,1,23,4,none,False,transformer_v1_32,high,32,20,2024-01-09,156,2.5,4,best,none,False
durkee_fire_2024__2024-07-17__11TMJ__transformer_v1_32-20mc,https://hyp3-tibet-jpl-test-contentbucket-hratibh1y9pa.s3.us-west-2.amazonaws.com/f3537584-b138-4dca-a807-e9ef4d79f0c4/OPERA_L3_DIST-ALERT-S1_T11TMJ_20240619T135010Z_20251215T211245Z_S1A_30_v0.1.zip,s3://hyp3-tibet-jpl-test-contentbucket-hratibh1y9paf3537584-b138-4dca-a807-e9ef4d79f0c4/OPERA_L3_DIST-ALERT-S1_T11TMJ_20240619T135010Z_20251215T211245Z_S1A_30_v0.1,https://hyp3-tibet-jpl-test-contentbucket-hratibh1y9pa.s3.us-west-2.amazonaws.com/f3537584-b138-4dca-a807-e9ef4d79f0c4/OPERA_L3_DIST-ALERT-S1_T11TMJ_20240619T135010Z_20251215T211245Z_S1A_30_v0.1.png,2025-12-15T20:48:26+00:00,893.364,4.5,11TMJ,1,23,4,none,False,transformer_v1_32,high,32,20,2024-06-19,71,2.5,4,best,none,False
afghanistan_flood_2024__2024-05-11__42SWF__transformer_v1_32-20mc,https://hyp3-tibet-jpl-test-contentbucket-hratibh1y9pa.s3.us-west-2.amazonaws.com/6559cd6a-e7c7-4789-9c3a-3d1251f2ea99/OPERA_L3_DIST-ALERT-S1_T42SWF_20240420T132228Z_20251215T212353Z_S1A_30_v0.1.zip,s3://hyp3-tibet-jpl-test-contentbucket-hratibh1y9pa6559cd6a-e7c7-4789-9c3a-3d1251f2ea99/OPERA_L3_DIST-ALERT-S1_T42SWF_20240420T132228Z_20251215T212353Z_S1A_30_v0.1,https://hyp3-tibet-jpl-test-contentbucket-hratibh1y9pa.s3.us-west-2.amazonaws.com/6559cd6a-e7c7-4789-9c3a-3d1251f2ea99/OPERA_L3_DIST-ALERT-S1_T42SWF_20240420T132228Z_20251215T212353Z_S1A_30_v0.1.png,2025-12-15T20:48:26+00:00,1577.066,4.5,42SWF,1,23,4,none,False,transformer_v1_32,high,32,20,2024-04-20,71,2.5,4,best,none,False
los_angeles_fires_2025__2025-01-04__11SLT__transformer_v1_32-20mc,https://hyp3-tibet-jpl-test-contentbucket-hratibh1y9pa.s3.us-west-2.amazonaws.com/e010b8ee-c518-41f2-b71e-5300f98a481b/OPERA_L3_DIST-ALERT-S1_T11SLT_20250121T015030Z_20251215T211108Z_S1A_30_v0.1.zip,s3://hyp3-tibet-jpl-test-contentbucket-hratibh1y9pae010b8ee-c518-41f2-b71e-5300f98a481b/OPERA_L3_DIST-ALERT-S1_T11SLT_20250121T015030Z_20251215T211108Z_S1A_30_v0.1,https://hyp3-tibet-jpl-test-contentbucket-hratibh1y9pa.s3.us-west-2.amazonaws.com/e010b8ee-c518-41f2-b71e-5300f98a481b/OPERA_L3_DIST-ALERT-S1_T11SLT_20250121T015030Z_20251215T211108Z_S1A_30_v0.1.png,2025-12-15T20:48:26+00:00,792.81,4.5,11SLT,1,23,4,none,False,transformer_v1_32,high,32,20,2025-01-21,64,2.5,4,best,none,False
durkee_fire_2024__2024-07-17__11TMJ__transformer_v1_32-20mc,https://hyp3-tibet-jpl-test-contentbucket-hratibh1y9pa.s3.us-west-2.amazonaws.com/9262ac0f-7120-412e-9026-3d36c91773e0/OPERA_L3_DIST-ALERT-S1_T11TMJ_20240624T135820Z_20251215T212821Z_S1A_30_v0.1.zip,s3://hyp3-tibet-jpl-test-contentbucket-hratibh1y9pa9262ac0f-7120-412e-9026-3d36c91773e0/OPERA_L3_DIST-ALERT-S1_T11TMJ_20240624T135820Z_20251215T212821Z_S1A_30_v0.1,https://hyp3-tibet-jpl-test-contentbucket-hratibh1y9pa.s3.us-west-2.amazonaws.com/9262ac0f-7120-412e-9026-3d36c91773e0/OPERA_L3_DIST-ALERT-S1_T11TMJ_20240624T135820Z_20251215T212821Z_S1A_30_v0.1.png,2025-12-15T20:48:26+00:00,1831.858,4.5,11TMJ,1,23,4,none,False,transformer_v1_32,high,32,20,2024-06-24,144,2.5,4,best,none,False
los_angeles_fires_2025__2025-01-04__11SLT__transformer_v1_32-20mc,https://hyp3-tibet-jpl-test-contentbucket-hratibh1y9pa.s3.us-west-2.amazonaws.com/492a69fe-9c18-4883-b004-0b381bc85d2f/OPERA_L3_DIST-ALERT-S1_T11SLT_20241209T140101Z_20251215T211054Z_S1A_30_v0.1.zip,s3://hyp3-tibet-jpl-test-contentbucket-hratibh1y9pa492a69fe-9c18-4883-b004-0b381bc85d2f/OPERA_L3_DIST-ALERT-S1_T11SLT_20241209T140101Z_20251215T211054Z_S1A_30_v0.1,https://hyp3-tibet-jpl-test-contentbucket-hratibh1y9pa.s3.us-west-2.amazonaws.com/492a69fe-9c18-4883-b004-0b381bc85d2f/OPERA_L3_DIST-ALERT-S1_T11SLT_20241209T140101Z_20251215T211054Z_S1A_30_v0.1.png,2025-12-15T20:48:26+00:00,776.42,4.5,11SLT,1,23,4,none,False,transformer_v1_32,high,32,20,2024-12-09,144,2.5,4,best,none,False
durkee_fire_2024__2024-07-17__11TMK__transformer_v1_32-20mc,https://hyp3-tibet-jpl-test-contentbucket-hratibh1y9pa.s3.us-west-2.amazonaws.com/d3209226-7336-45c5-815e-c3128ba3b731/OPERA_L3_DIST-ALERT-S1_T11TMK_20240806T015327Z_20251215T210311Z_S1A_30_v0.1.zip,s3://hyp3-tibet-jpl-test-contentbucket-hratibh1y9pad3209226-7336-45c5-815e-c3128ba3b731/OPERA_L3_DIST-ALERT-S1_T11TMK_20240806T015327Z_20251215T210311Z_S1A_30_v0.1,https://hyp3-tibet-jpl-test-contentbucket-hratibh1y9pa.s3.us-west-2.amazonaws.com/d3209226-7336-45c5-815e-c3128ba3b731/OPERA_L3_DIST-ALERT-S1_T11TMK_20240806T015327Z_20251215T210311Z_S1A_30_v0.1.png,2025-12-15T20:48:26+00:00,312.166,4.5,11TMK,1,23,4,none,False,transformer_v1_32,high,32,20,2024-08-06,64,2.5,4,best,none,False
durkee_fire_2024__2024-07-17__11TMJ__transformer_v1_32-20mc,https://hyp3-tibet-jpl-test-contentbucket-hratibh1y9pa.s3.us-west-2.amazonaws.com/4833be08-e6cb-4e24-aec8-9e8d035b62d3/OPERA_L3_DIST-ALERT-S1_T11TMJ_20240818T015314Z_20251215T210947Z_S1A_30_v0.1.zip,s3://hyp3-tibet-jpl-test-contentbucket-hratibh1y9pa4833be08-e6cb-4e24-aec8-9e8d035b62d3/OPERA_L3_DIST-ALERT-S1_T11TMJ_20240818T015314Z_20251215T210947Z_S1A_30_v0.1,https://hyp3-tibet-jpl-test-contentbucket-hratibh1y9pa.s3.us-west-2.amazonaws.com/4833be08-e6cb-4e24-aec8-9e8d035b62d3/OPERA_L3_DIST-ALERT-S1_T11TMJ_20240818T015314Z_20251215T210947Z_S1A_30_v0.1.png,2025-12-15T20:48:26+00:00,743.37,4.5,11TMJ,1,23,4,none,False,transformer_v1_32,high,32,20,2024-08-18,64,2.5,4,best,none,False
durkee_fire_2024__2024-07-17__11TMJ__transformer_v1_32-20mc,https://hyp3-tibet-jpl-test-contentbucket-hratibh1y9pa.s3.us-west-2.amazonaws.com/61298676-aa6b-45f4-8c9b-36a40e171ed7/OPERA_L3_DIST-ALERT-S1_T11TMJ_20240727T013652Z_20251215T211108Z_S1A_30_v0.1.zip,s3://hyp3-tibet-jpl-test-contentbucket-hratibh1y9pa61298676-aa6b-45f4-8c9b-36a40e171ed7/OPERA_L3_DIST-ALERT-S1_T11TMJ_20240727T013652Z_20251215T211108Z_S1A_30_v0.1,https://hyp3-tibet-jpl-test-contentbucket-hratibh1y9pa.s3.us-west-2.amazonaws.com/61298676-aa6b-45f4-8c9b-36a40e171ed7/OPERA_L3_DIST-ALERT-S1_T11TMJ_20240727T013652Z_20251215T211108Z_S1A_30_v0.1.png,2025-12-15T20:48:26+00:00,826.302,4.5,11TMJ,1,23,4,none,False,transformer_v1_32,high,32,20,2024-07-27,93,2.5,4,best,none,False
durkee_fire_2024__2024-07-17__11TMJ__transformer_v1_32-20mc,https://hyp3-tibet-jpl-test-contentbucket-hratibh1y9pa.s3.us-west-2.amazonaws.com/3eb4b0d4-75ee-46f4-8f5c-3606cc632348/OPERA_L3_DIST-ALERT-S1_T11TMJ_20240706T135819Z_20251215T213428Z_S1A_30_v0.1.zip,s3://hyp3-tibet-jpl-test-contentbucket-hratibh1y9pa3eb4b0d4-75ee-46f4-8f5c-3606cc632348/OPERA_L3_DIST-ALERT-S1_T11TMJ_20240706T135819Z_20251215T213428Z_S1A_30_v0.1,https://hyp3-tibet-jpl-test-contentbucket-hratibh1y9pa.s3.us-west-2.amazonaws.com/3eb4b0d4-75ee-46f4-8f5c-3606cc632348/OPERA_L3_DIST-ALERT-S1_T11TMJ_20240706T135819Z_20251215T213428Z_S1A_30_v0.1.png,2025-12-15T20:48:26+00:00,2232.388,4.5,11TMJ,1,23,4,none,False,transformer_v1_32,high,32,20,2024-07-06,144,2.5,4,best,none,False
afghanistan_flood_2024__2024-05-11__42SWF__transformer_v1_32-20mc,https://hyp3-tibet-jpl-test-contentbucket-hratibh1y9pa.s3.us-west-2.amazonaws.com/7240dfcb-3ca5-430a-9e81-da54b3486f75/OPERA_L3_DIST-ALERT-S1_T42SWF_20240521T131419Z_20251215T211208Z_S1A_30_v0.1.zip,s3://hyp3-tibet-jpl-test-contentbucket-hratibh1y9pa7240dfcb-3ca5-430a-9e81-da54b3486f75/OPERA_L3_DIST-ALERT-S1_T42SWF_20240521T131419Z_20251215T211208Z_S1A_30_v0.1,https://hyp3-tibet-jpl-test-contentbucket-hratibh1y9pa.s3.us-west-2.amazonaws.com/7240dfcb-3ca5-430a-9e81-da54b3486f75/OPERA_L3_DIST-ALERT-S1_T42SWF_20240521T131419Z_20251215T211208Z_S1A_30_v0.1.png,2025-12-15T20:48:26+00:00,887.385,4.5,42SWF,1,23,4,none,False,transformer_v1_32,high,32,20,2024-05-21,173,2.5,4,best,none,False
mai_mahiu_flood_and_landslides_2024__2024-04-29__37MBU__transformer_v1_32-20mc,https://hyp3-tibet-jpl-test-contentbucket-hratibh1y9pa.s3.us-west-2.amazonaws.com/0c8e56aa-5ed9-4f4e-8f90-cabba1e40cd5/OPERA_L3_DIST-ALERT-S1_T37MBU_20240606T154826Z_20251215T211003Z_S1A_30_v0.1.zip,s3://hyp3-tibet-jpl-test-contentbucket-hratibh1y9pa0c8e56aa-5ed9-4f4e-8f90-cabba1e40cd5/OPERA_L3_DIST-ALERT-S1_T37MBU_20240606T154826Z_20251215T211003Z_S1A_30_v0.1,https://hyp3-tibet-jpl-test-contentbucket-hratibh1y9pa.s3.us-west-2.amazonaws.com/0c8e56aa-5ed9-4f4e-8f90-cabba1e40cd5/OPERA_L3_DIST-ALERT-S1_T37MBU_20240606T154826Z_20251215T211003Z_S1A_30_v0.1.png,2025-12-15T20:48:26+00:00,763.932,4.5,37MBU,1,23,4,none,False,transformer_v1_32,high,32,20,2024-06-06,57,2.5,4,best,none,False
durkee_fire_2024__2024-07-17__11TMJ__transformer_v1_32-20mc,https://hyp3-tibet-jpl-test-contentbucket-hratibh1y9pa.s3.us-west-2.amazonaws.com/fa2bcb21-bf7c-40c4-9763-ad7285b8a418/OPERA_L3_DIST-ALERT-S1_T11TMJ_20240811T135819Z_20251215T213445Z_S1A_30_v0.1.zip,s3://hyp3-tibet-jpl-test-contentbucket-hratibh1y9pafa2bcb21-bf7c-40c4-9763-ad7285b8a418/OPERA_L3_DIST-ALERT-S1_T11TMJ_20240811T135819Z_20251215T213445Z_S1A_30_v0.1,https://hyp3-tibet-jpl-test-contentbucket-hratibh1y9pa.s3.us-west-2.amazonaws.com/fa2bcb21-bf7c-40c4-9763-ad7285b8a418/OPERA_L3_DIST-ALERT-S1_T11TMJ_20240811T135819Z_20251215T213445Z_S1A_30_v0.1.png,2025-12-15T20:48:26+00:00,2282.297,4.5,11TMJ,1,23,4,none,False,transformer_v1_32,high,32,20,2024-08-11,144,2.5,4,best,none,False
durkee_fire_2024__2024-07-17__11TMK__transformer_v1_32-20mc,https://hyp3-tibet-jpl-test-contentbucket-hratibh1y9pa.s3.us-west-2.amazonaws.com/e0f267cf-5a0e-4fbd-b308-9ee8de785168/OPERA_L3_DIST-ALERT-S1_T11TMK_20240818T134958Z_20251215T210609Z_S1A_30_v0.1.zip,s3://hyp3-tibet-jpl-test-contentbucket-hratibh1y9pae0f267cf-5a0e-4fbd-b308-9ee8de785168/OPERA_L3_DIST-ALERT-S1_T11TMK_20240818T134958Z_20251215T210609Z_S1A_30_v0.1,https://hyp3-tibet-jpl-test-contentbucket-hratibh1y9pa.s3.us-west-2.amazonaws.com/e0f267cf-5a0e-4fbd-b308-9ee8de785168/OPERA_L3_DIST-ALERT-S1_T11TMK_20240818T134958Z_20251215T210609Z_S1A_30_v0.1.png,2025-12-15T20:48:26+00:00,556.941,4.5,11TMK,1,23,4,none,False,transformer_v1_32,high,32,20,2024-08-18,71,2.5,4,best,none,False
cipongkor_landslides_2024__2024-03-24__48MYT__transformer_v1_32-20mc,https://hyp3-tibet-jpl-test-contentbucket-hratibh1y9pa.s3.us-west-2.amazonaws.com/ea293bb9-4c7e-4dcb-8e1d-6a0921e2f8ef/OPERA_L3_DIST-ALERT-S1_T48MYT_20240512T223413Z_20251215T211315Z_S1A_30_v0.1.zip,s3://hyp3-tibet-jpl-test-contentbucket-hratibh1y9paea293bb9-4c7e-4dcb-8e1d-6a0921e2f8ef/OPERA_L3_DIST-ALERT-S1_T48MYT_20240512T223413Z_20251215T211315Z_S1A_30_v0.1,https://hyp3-tibet-jpl-test-contentbucket-hratibh1y9pa.s3.us-west-2.amazonaws.com/ea293bb9-4c7e-4dcb-8e1d-6a0921e2f8ef/OPERA_L3_DIST-ALERT-S1_T48MYT_20240512T223413Z_20251215T211315Z_S1A_30_v0.1.png,2025-12-15T20:48:26+00:00,990.627,4.5,48MYT,1,23,4,none,False,transformer_v1_32,high,32,20,2024-05-12,47,2.5,4,best,none,False
los_angeles_fires_2025__2025-01-04__11SLT__transformer_v1_32-20mc,https://hyp3-tibet-jpl-test-contentbucket-hratibh1y9pa.s3.us-west-2.amazonaws.com/b209ec08-d608-4dc3-9070-095b2b0763d7/OPERA_L3_DIST-ALERT-S1_T11SLT_20250102T015840Z_20251215T212202Z_S1A_30_v0.1.zip,s3://hyp3-tibet-jpl-test-contentbucket-hratibh1y9pab209ec08-d608-4dc3-9070-095b2b0763d7/OPERA_L3_DIST-ALERT-S1_T11SLT_20250102T015840Z_20251215T212202Z_S1A_30_v0.1,https://hyp3-tibet-jpl-test-contentbucket-hratibh1y9pa.s3.us-west-2.amazonaws.com/b209ec08-d608-4dc3-9070-095b2b0763d7/OPERA_L3_DIST-ALERT-S1_T11SLT_20250102T015840Z_20251215T212202Z_S1A_30_v0.1.png,2025-12-15T20:48:26+00:00,1521.19,4.5,11SLT,1,23,4,none,False,transformer_v1_32,high,32,20,2025-01-02,137,2.5,4,best,none,False
durkee_fire_2024__2024-07-17__11TMK__transformer_v1_32-20mc,https://hyp3-tibet-jpl-test-contentbucket-hratibh1y9pa.s3.us-west-2.amazonaws.com/25b54b93-bee3-43fa-8322-1d1c39bed3fc/OPERA_L3_DIST-ALERT-S1_T11TMK_20240830T015328Z_20251215T210252Z_S1A_30_v0.1.zip,s3://hyp3-tibet-jpl-test-contentbucket-hratibh1y9pa25b54b93-bee3-43fa-8322-1d1c39bed3fc/OPERA_L3_DIST-ALERT-S1_T11TMK_20240830T015328Z_20251215T210252Z_S1A_30_v0.1,https://hyp3-tibet-jpl-test-contentbucket-hratibh1y9pa.s3.us-west-2.amazonaws.com/25b54b93-bee3-43fa-8322-1d1c39bed3fc/OPERA_L3_DIST-ALERT-S1_T11TMK_20240830T015328Z_20251215T210252Z_S1A_30_v0.1.png,2025-12-15T20:48:26+00:00,360.824,4.5,11TMK,1,23,4,none,False,transformer_v1_32,high,32,20,2024-08-30,64,2.5,4,best,none,False
los_angeles_fires_2025__2025-01-04__11SLT__transformer_v1_32-20mc,https://hyp3-tibet-jpl-test-contentbucket-hratibh1y9pa.s3.us-west-2.amazonaws.com/36179f55-6275-46b2-a700-a116ba5b9662/OPERA_L3_DIST-ALERT-S1_T11SLT_20241209T015842Z_20251215T212108Z_S1A_30_v0.1.zip,s3://hyp3-tibet-jpl-test-contentbucket-hratibh1y9pa36179f55-6275-46b2-a700-a116ba5b9662/OPERA_L3_DIST-ALERT-S1_T11SLT_20241209T015842Z_20251215T212108Z_S1A_30_v0.1,https://hyp3-tibet-jpl-test-contentbucket-hratibh1y9pa.s3.us-west-2.amazonaws.com/36179f55-6275-46b2-a700-a116ba5b9662/OPERA_L3_DIST-ALERT-S1_T11SLT_20241209T015842Z_20251215T212108Z_S1A_30_v0.1.png,2025-12-15T20:48:26+00:00,1460.768,4.5,11SLT,1,23,4,none,False,transformer_v1_32,high,32,20,2024-12-09,137,2.5,4,best,none,False
chile_fire_2024__2024-02-04__19HBD__transformer_v1_32-20mc,https://hyp3-tibet-jpl-test-contentbucket-hratibh1y9pa.s3.us-west-2.amazonaws.com/0eec7299-2400-47b8-9fbb-140db7838048/OPERA_L3_DIST-ALERT-S1_T19HBD_20240214T100429Z_20251215T212116Z_S1A_30_v0.1.zip,s3://hyp3-tibet-jpl-test-contentbucket-hratibh1y9pa0eec7299-2400-47b8-9fbb-140db7838048/OPERA_L3_DIST-ALERT-S1_T19HBD_20240214T100429Z_20251215T212116Z_S1A_30_v0.1,https://hyp3-tibet-jpl-test-contentbucket-hratibh1y9pa.s3.us-west-2.amazonaws.com/0eec7299-2400-47b8-9fbb-140db7838048/OPERA_L3_DIST-ALERT-S1_T19HBD_20240214T100429Z_20251215T212116Z_S1A_30_v0.1.png,2025-12-15T20:48:26+00:00,1471.267,4.5,19HBD,1,23,4,none,False,transformer_v1_32,high,32,20,2024-02-14,156,2.5,4,best,none,False
afghanistan_flood_2024__2024-05-11__42SWF__transformer_v1_32-20mc,https://hyp3-tibet-jpl-test-contentbucket-hratibh1y9pa.s3.us-west-2.amazonaws.com/7b0f4bde-96c1-4931-a4f1-7c0dce8764d9/OPERA_L3_DIST-ALERT-S1_T42SWF_20240707T013129Z_20251215T211345Z_S1A_30_v0.1.zip,s3://hyp3-tibet-jpl-test-contentbucket-hratibh1y9pa7b0f4bde-96c1-4931-a4f1-7c0dce8764d9/OPERA_L3_DIST-ALERT-S1_T42SWF_20240707T013129Z_20251215T211345Z_S1A_30_v0.1,https://hyp3-tibet-jpl-test-contentbucket-hratibh1y9pa.s3.us-west-2.amazonaws.com/7b0f4bde-96c1-4931-a4f1-7c0dce8764d9/OPERA_L3_DIST-ALERT-S1_T42SWF_20240707T013129Z_20251215T211345Z_S1A_30_v0.1.png,2025-12-15T20:48:26+00:00,1022.382,4.5,42SWF,1,23,4,none,False,transformer_v1_32,high,32,20,2024-07-07,151,2.5,4,best,none,False
durkee_fire_2024__2024-07-17__11TMJ__transformer_v1_32-20mc,https://hyp3-tibet-jpl-test-contentbucket-hratibh1y9pa.s3.us-west-2.amazonaws.com/0b563680-6994-4c5b-b758-aaf55c1d68b9/OPERA_L3_DIST-ALERT-S1_T11TMJ_20240816T140632Z_20251215T210912Z_S1A_30_v0.1.zip,s3://hyp3-tibet-jpl-test-contentbucket-hratibh1y9pa0b563680-6994-4c5b-b758-aaf55c1d68b9/OPERA_L3_DIST-ALERT-S1_T11TMJ_20240816T140632Z_20251215T210912Z_S1A_30_v0.1,https://hyp3-tibet-jpl-test-contentbucket-hratibh1y9pa.s3.us-west-2.amazonaws.com/0b563680-6994-4c5b-b758-aaf55c1d68b9/OPERA_L3_DIST-ALERT-S1_T11TMJ_20240816T140632Z_20251215T210912Z_S1A_30_v0.1.png,2025-12-15T20:48:26+00:00,746.531,4.5,11TMJ,1,23,4,none,False,transformer_v1_32,high,32,20,2024-08-16,42,2.5,4,best,none,False
cipongkor_landslides_2024__2024-03-24__48MYT__transformer_v1_32-20mc,https://hyp3-tibet-jpl-test-contentbucket-hratibh1y9pa.s3.us-west-2.amazonaws.com/51937317-6207-440e-83b4-fa270ac1df14/OPERA_L3_DIST-ALERT-S1_T48MYT_20240320T222604Z_20251215T211017Z_S1A_30_v0.1.zip,s3://hyp3-tibet-jpl-test-contentbucket-hratibh1y9pa51937317-6207-440e-83b4-fa270ac1df14/OPERA_L3_DIST-ALERT-S1_T48MYT_20240320T222604Z_20251215T211017Z_S1A_30_v0.1,https://hyp3-tibet-jpl-test-contentbucket-hratibh1y9pa.s3.us-west-2.amazonaws.com/51937317-6207-440e-83b4-fa270ac1df14/OPERA_L3_DIST-ALERT-S1_T48MYT_20240320T222604Z_20251215T211017Z_S1A_30_v0.1.png,2025-12-15T20:48:26+00:00,815.289,4.5,48MYT,1,23,4,none,False,transformer_v1_32,high,32,20,2024-03-20,149,2.5,4,best,none,False
afghanistan_flood_2024__2024-05-11__42SWF__transformer_v1_32-20mc,https://hyp3-tibet-jpl-test-contentbucket-hratibh1y9pa.s3.us-west-2.amazonaws.com/69ef3d88-d132-4fea-95a1-30b02f7c9382/OPERA_L3_DIST-ALERT-S1_T42SWF_20240620T012319Z_20251215T212456Z_S1A_30_v0.1.zip,s3://hyp3-tibet-jpl-test-contentbucket-hratibh1y9pa69ef3d88-d132-4fea-95a1-30b02f7c9382/OPERA_L3_DIST-ALERT-S1_T42SWF_20240620T012319Z_20251215T212456Z_S1A_30_v0.1,https://hyp3-tibet-jpl-test-contentbucket-hratibh1y9pa.s3.us-west-2.amazonaws.com/69ef3d88-d132-4fea-95a1-30b02f7c9382/OPERA_L3_DIST-ALERT-S1_T42SWF_20240620T012319Z_20251215T212456Z_S1A_30_v0.1.png,2025-12-15T20:48:26+00:00,1701.995,4.5,42SWF,1,23,4,none,False,transformer_v1_32,high,32,20,2024-06-20,78,2.5,4,best,none,False
attica_fire_2024__2024-08-11__34SGH__transformer_v1_32-20mc,https://hyp3-tibet-jpl-test-contentbucket-hratibh1y9pa.s3.us-west-2.amazonaws.com/51768a55-9331-47fb-b1ab-4db3f237f6bd/OPERA_L3_DIST-ALERT-S1_T34SGH_20240815T161550Z_20251215T212429Z_S1A_30_v0.1.zip,s3://hyp3-tibet-jpl-test-contentbucket-hratibh1y9pa51768a55-9331-47fb-b1ab-4db3f237f6bd/OPERA_L3_DIST-ALERT-S1_T34SGH_20240815T161550Z_20251215T212429Z_S1A_30_v0.1,https://hyp3-tibet-jpl-test-contentbucket-hratibh1y9pa.s3.us-west-2.amazonaws.com/51768a55-9331-47fb-b1ab-4db3f237f6bd/OPERA_L3_DIST-ALERT-S1_T34SGH_20240815T161550Z_20251215T212429Z_S1A_30_v0.1.png,2025-12-15T20:48:25+00:00,814.861,4.5,34SGH,1,23,4,none,False,transformer_v1_32,high,32,20,2024-08-15,29,2.5,4,best,none,False
demak_flood_2024__2024-03-15__49MEN__transformer_v1_32-20mc,https://hyp3-tibet-jpl-test-contentbucket-hratibh1y9pa.s3.us-west-2.amazonaws.com/ee878fd2-59f0-4a3c-b1d2-616387b38bf7/OPERA_L3_DIST-ALERT-S1_T49MEN_20240331T105849Z_20251215T212704Z_S1A_30_v0.1.zip,s3://hyp3-tibet-jpl-test-contentbucket-hratibh1y9paee878fd2-59f0-4a3c-b1d2-616387b38bf7/OPERA_L3_DIST-ALERT-S1_T49MEN_20240331T105849Z_20251215T212704Z_S1A_30_v0.1,https://hyp3-tibet-jpl-test-contentbucket-hratibh1y9pa.s3.us-west-2.amazonaws.com/ee878fd2-59f0-4a3c-b1d2-616387b38bf7/OPERA_L3_DIST-ALERT-S1_T49MEN_20240331T105849Z_20251215T212704Z_S1A_30_v0.1.png,2025-12-15T20:48:25+00:00,1009.363,4.5,49MEN,1,23,4,none,False,transformer_v1_32,high,32,20,2024-03-31,127,2.5,4,best,none,False
hokkaido_landslides_2018__2018-09-06__54TWN__transformer_v1_32-20mc,https://hyp3-tibet-jpl-test-contentbucket-hratibh1y9pa.s3.us-west-2.amazonaws.com/79062267-8cca-4ee3-9b62-24efc47115a0/OPERA_L3_DIST-ALERT-S1_T54TWN_20180913T082651Z_20251215T212346Z_S1B_30_v0.1.zip,s3://hyp3-tibet-jpl-test-contentbucket-hratibh1y9pa79062267-8cca-4ee3-9b62-24efc47115a0/OPERA_L3_DIST-ALERT-S1_T54TWN_20180913T082651Z_20251215T212346Z_S1B_30_v0.1,https://hyp3-tibet-jpl-test-contentbucket-hratibh1y9pa.s3.us-west-2.amazonaws.com/79062267-8cca-4ee3-9b62-24efc47115a0/OPERA_L3_DIST-ALERT-S1_T54TWN_20180913T082651Z_20251215T212346Z_S1B_30_v0.1.png,2025-12-15T20:48:25+00:00,824.001,4.5,54TWN,1,23,4,none,False,transformer_v1_32,high,32,20,2018-09-13,68,2.5,4,best,none,False
hokkaido_landslides_2018__2018-09-06__54TWN__transformer_v1_32-20mc,https://hyp3-tibet-jpl-test-contentbucket-hratibh1y9pa.s3.us-west-2.amazonaws.com/f3bde02c-1da1-476b-9855-15e6aab4a4b1/OPERA_L3_DIST-ALERT-S1_T54TWN_20180825T083503Z_20251215T211415Z_S1B_30_v0.1.zip,s3://hyp3-tibet-jpl-test-contentbucket-hratibh1y9paf3bde02c-1da1-476b-9855-15e6aab4a4b1/OPERA_L3_DIST-ALERT-S1_T54TWN_20180825T083503Z_20251215T211415Z_S1B_30_v0.1,https://hyp3-tibet-jpl-test-contentbucket-hratibh1y9pa.s3.us-west-2.amazonaws.com/f3bde02c-1da1-476b-9855-15e6aab4a4b1/OPERA_L3_DIST-ALERT-S1_T54TWN_20180825T083503Z_20251215T211415Z_S1B_30_v0.1.png,2025-12-15T20:48:25+00:00,240.037,4.5,54TWN,1,23,4,none,False,transformer_v1_32,high,32,20,2018-08-25,141,2.5,4,best,none,False
tuscany_flood_2023__2023-11-02__32TPP__transformer_v1_32-20mc,https://hyp3-tibet-jpl-test-contentbucket-hratibh1y9pa.s3.us-west-2.amazonaws.com/de068bc0-32b3-4e29-af36-bd3bd740a553/OPERA_L3_DIST-ALERT-S1_T32TPP_20231124T171452Z_20251215T213558Z_S1A_30_v0.1.zip,s3://hyp3-tibet-jpl-test-contentbucket-hratibh1y9pade068bc0-32b3-4e29-af36-bd3bd740a553/OPERA_L3_DIST-ALERT-S1_T32TPP_20231124T171452Z_20251215T213558Z_S1A_30_v0.1,https://hyp3-tibet-jpl-test-contentbucket-hratibh1y9pa.s3.us-west-2.amazonaws.com/de068bc0-32b3-4e29-af36-bd3bd740a553/OPERA_L3_DIST-ALERT-S1_T32TPP_20231124T171452Z_20251215T213558Z_S1A_30_v0.1.png,2025-12-15T20:48:25+00:00,1557.454,4.5,32TPP,1,23,4,none,False,transformer_v1_32,high,32,20,2023-11-24,15,2.5,4,best,none,False
tuscany_flood_2023__2023-11-02__32TPP__transformer_v1_32-20mc,https://hyp3-tibet-jpl-test-contentbucket-hratibh1y9pa.s3.us-west-2.amazonaws.com/5e33e390-3082-47ea-8176-3d0bd91b05db/OPERA_L3_DIST-ALERT-S1_T32TPP_20231218T171451Z_20251215T213036Z_S1A_30_v0.1.zip,s3://hyp3-tibet-jpl-test-contentbucket-hratibh1y9pa5e33e390-3082-47ea-8176-3d0bd91b05db/OPERA_L3_DIST-ALERT-S1_T32TPP_20231218T171451Z_20251215T213036Z_S1A_30_v0.1,https://hyp3-tibet-jpl-test-contentbucket-hratibh1y9pa.s3.us-west-2.amazonaws.com/5e33e390-3082-47ea-8176-3d0bd91b05db/OPERA_L3_DIST-ALERT-S1_T32TPP_20231218T171451Z_20251215T213036Z_S1A_30_v0.1.png,2025-12-15T20:48:25+00:00,1228.393,4.5,32TPP,1,23,4,none,False,transformer_v1_32,high,32,20,2023-12-18,15,2.5,4,best,none,False
tuscany_flood_2023__2023-11-02__32TPP__transformer_v1_32-20mc,https://hyp3-tibet-jpl-test-contentbucket-hratibh1y9pa.s3.us-west-2.amazonaws.com/45311826-6fac-4df7-ac0b-89b76f986cfa/OPERA_L3_DIST-ALERT-S1_T32TPP_20231123T052812Z_20251215T213632Z_S1A_30_v0.1.zip,s3://hyp3-tibet-jpl-test-contentbucket-hratibh1y9pa45311826-6fac-4df7-ac0b-89b76f986cfa/OPERA_L3_DIST-ALERT-S1_T32TPP_20231123T052812Z_20251215T213632Z_S1A_30_v0.1,https://hyp3-tibet-jpl-test-contentbucket-hratibh1y9pa.s3.us-west-2.amazonaws.com/45311826-6fac-4df7-ac0b-89b76f986cfa/OPERA_L3_DIST-ALERT-S1_T32TPP_20231123T052812Z_20251215T213632Z_S1A_30_v0.1.png,2025-12-15T20:48:25+00:00,1582.51,4.5,32TPP,1,23,4,none,False,transformer_v1_32,high,32,20,2023-11-23,168,2.5,4,best,none,False
demak_flood_2024__2024-03-15__49MDN__transformer_v1_32-20mc,https://hyp3-tibet-jpl-test-contentbucket-hratibh1y9pa.s3.us-west-2.amazonaws.com/09ddf7c1-82e5-4799-a865-985161d23dcb/OPERA_L3_DIST-ALERT-S1_T49MDN_20240405T110701Z_20251215T211734Z_S1A_30_v0.1.zip,s3://hyp3-tibet-jpl-test-contentbucket-hratibh1y9pa09ddf7c1-82e5-4799-a865-985161d23dcb/OPERA_L3_DIST-ALERT-S1_T49MDN_20240405T110701Z_20251215T211734Z_S1A_30_v0.1,https://hyp3-tibet-jpl-test-contentbucket-hratibh1y9pa.s3.us-west-2.amazonaws.com/09ddf7c1-82e5-4799-a865-985161d23dcb/OPERA_L3_DIST-ALERT-S1_T49MDN_20240405T110701Z_20251215T211734Z_S1A_30_v0.1.png,2025-12-15T20:48:25+00:00,470.344,4.5,49MDN,1,23,4,none,False,transformer_v1_32,high,32,20,2024-04-05,25,2.5,4,best,none,False
demak_flood_2024__2024-03-15__49MDN__transformer_v1_32-20mc,https://hyp3-tibet-jpl-test-contentbucket-hratibh1y9pa.s3.us-west-2.amazonaws.com/b3d7cc07-f758-490a-8b5c-d4ba7f60cd0b/OPERA_L3_DIST-ALERT-S1_T49MDN_20240220T221748Z_20251215T213038Z_S1A_30_v0.1.zip,s3://hyp3-tibet-jpl-test-contentbucket-hratibh1y9pab3d7cc07-f758-490a-8b5c-d4ba7f60cd0b/OPERA_L3_DIST-ALERT-S1_T49MDN_20240220T221748Z_20251215T213038Z_S1A_30_v0.1,https://hyp3-tibet-jpl-test-contentbucket-hratibh1y9pa.s3.us-west-2.amazonaws.com/b3d7cc07-f758-490a-8b5c-d4ba7f60cd0b/OPERA_L3_DIST-ALERT-S1_T49MDN_20240220T221748Z_20251215T213038Z_S1A_30_v0.1.png,2025-12-15T20:48:25+00:00,1259.17,4.5,49MDN,1,23,4,none,False,transformer_v1_32,high,32,20,2024-02-20,76,2.5,4,best,none,False
tuscany_flood_2023__2023-11-02__32TPP__transformer_v1_32-20mc,https://hyp3-tibet-jpl-test-contentbucket-hratibh1y9pa.s3.us-west-2.amazonaws.com/b3c41d16-b8f9-473f-badc-33347a473459/OPERA_L3_DIST-ALERT-S1_T32TPP_20231014T170644Z_20251215T212951Z_S1A_30_v0.1.zip,s3://hyp3-tibet-jpl-test-contentbucket-hratibh1y9pab3c41d16-b8f9-473f-badc-33347a473459/OPERA_L3_DIST-ALERT-S1_T32TPP_20231014T170644Z_20251215T212951Z_S1A_30_v0.1,https://hyp3-tibet-jpl-test-contentbucket-hratibh1y9pa.s3.us-west-2.amazonaws.com/b3c41d16-b8f9-473f-badc-33347a473459/OPERA_L3_DIST-ALERT-S1_T32TPP_20231014T170644Z_20251215T212951Z_S1A_30_v0.1.png,2025-12-15T20:48:25+00:00,1214.327,4.5,32TPP,1,23,4,none,False,transformer_v1_32,high,32,20,2023-10-14,117,2.5,4,best,none,False
chilcotin_river_landslide_and_flood_2024__2024-07-30__10UEC__transformer_v1_32-20mc,https://hyp3-tibet-jpl-test-contentbucket-hratibh1y9pa.s3.us-west-2.amazonaws.com/3cbea8d4-b2b9-4487-a8a3-8547d97843e1/OPERA_L3_DIST-ALERT-S1_T10UEC_20240721T142047Z_20251215T213616Z_S1A_30_v0.1.zip,s3://hyp3-tibet-jpl-test-contentbucket-hratibh1y9pa3cbea8d4-b2b9-4487-a8a3-8547d97843e1/OPERA_L3_DIST-ALERT-S1_T10UEC_20240721T142047Z_20251215T213616Z_S1A_30_v0.1,https://hyp3-tibet-jpl-test-contentbucket-hratibh1y9pa.s3.us-west-2.amazonaws.com/3cbea8d4-b2b9-4487-a8a3-8547d97843e1/OPERA_L3_DIST-ALERT-S1_T10UEC_20240721T142047Z_20251215T213616Z_S1A_30_v0.1.png,2025-12-15T20:48:25+00:00,1611.172,4.5,10UEC,1,23,4,none,False,transformer_v1_32,high,32,20,2024-07-21,13,2.5,4,best,none,False
tuscany_flood_2023__2023-11-02__32TPP__transformer_v1_32-20mc,https://hyp3-tibet-jpl-test-contentbucket-hratibh1y9pa.s3.us-west-2.amazonaws.com/6025d61a-fef3-4a7a-8cbe-03a25389e05a/OPERA_L3_DIST-ALERT-S1_T32TPP_20231107T170644Z_20251215T213640Z_S1A_30_v0.1.zip,s3://hyp3-tibet-jpl-test-contentbucket-hratibh1y9pa6025d61a-fef3-4a7a-8cbe-03a25389e05a/OPERA_L3_DIST-ALERT-S1_T32TPP_20231107T170644Z_20251215T213640Z_S1A_30_v0.1,https://hyp3-tibet-jpl-test-contentbucket-hratibh1y9pa.s3.us-west-2.amazonaws.com/6025d61a-fef3-4a7a-8cbe-03a25389e05a/OPERA_L3_DIST-ALERT-S1_T32TPP_20231107T170644Z_20251215T213640Z_S1A_30_v0.1.png,2025-12-15T20:48:25+00:00,1625.631,4.5,32TPP,1,23,4,none,False,transformer_v1_32,high,32,20,2023-11-07,117,2.5,4,best,none,False
bioko_fire_2024__2024-02-07__32NMJ__transformer_v1_32-20mc,https://hyp3-tibet-jpl-test-contentbucket-hratibh1y9pa.s3.us-west-2.amazonaws.com/2941ffba-ec6a-4371-bee4-9dc8f6aedcfa/OPERA_L3_DIST-ALERT-S1_T32NMJ_20240131T051441Z_20251215T211715Z_S1A_30_v0.1.zip,s3://hyp3-tibet-jpl-test-contentbucket-hratibh1y9pa2941ffba-ec6a-4371-bee4-9dc8f6aedcfa/OPERA_L3_DIST-ALERT-S1_T32NMJ_20240131T051441Z_20251215T211715Z_S1A_30_v0.1,https://hyp3-tibet-jpl-test-contentbucket-hratibh1y9pa.s3.us-west-2.amazonaws.com/2941ffba-ec6a-4371-bee4-9dc8f6aedcfa/OPERA_L3_DIST-ALERT-S1_T32NMJ_20240131T051441Z_20251215T211715Z_S1A_30_v0.1.png,2025-12-15T20:48:25+00:00,489.058,4.5,32NMJ,1,23,4,none,False,transformer_v1_32,high,32,20,2024-01-31,124,2.5,4,best,none,False
demak_flood_2024__2024-03-15__49MDN__transformer_v1_32-20mc,https://hyp3-tibet-jpl-test-contentbucket-hratibh1y9pa.s3.us-west-2.amazonaws.com/04678b04-1a29-43fd-ae2d-609c2ef6460a/OPERA_L3_DIST-ALERT-S1_T49MDN_20240312T110700Z_20251215T211629Z_S1A_30_v0.1.zip,s3://hyp3-tibet-jpl-test-contentbucket-hratibh1y9pa04678b04-1a29-43fd-ae2d-609c2ef6460a/OPERA_L3_DIST-ALERT-S1_T49MDN_20240312T110700Z_20251215T211629Z_S1A_30_v0.1,https://hyp3-tibet-jpl-test-contentbucket-hratibh1y9pa.s3.us-west-2.amazonaws.com/04678b04-1a29-43fd-ae2d-609c2ef6460a/OPERA_L3_DIST-ALERT-S1_T49MDN_20240312T110700Z_20251215T211629Z_S1A_30_v0.1.png,2025-12-15T20:48:25+00:00,408.111,4.5,49MDN,1,23,4,none,False,transformer_v1_32,high,32,20,2024-03-12,25,2.5,4,best,none,False
bioko_fire_2024__2024-02-07__32NMJ__transformer_v1_32-20mc,https://hyp3-tibet-jpl-test-contentbucket-hratibh1y9pa.s3.us-west-2.amazonaws.com/b431cb91-65eb-4ed0-9e71-817ae66e0baf/OPERA_L3_DIST-ALERT-S1_T32NMJ_20240217T174456Z_20251215T212443Z_S1A_30_v0.1.zip,s3://hyp3-tibet-jpl-test-contentbucket-hratibh1y9pab431cb91-65eb-4ed0-9e71-817ae66e0baf/OPERA_L3_DIST-ALERT-S1_T32NMJ_20240217T174456Z_20251215T212443Z_S1A_30_v0.1,https://hyp3-tibet-jpl-test-contentbucket-hratibh1y9pa.s3.us-west-2.amazonaws.com/b431cb91-65eb-4ed0-9e71-817ae66e0baf/OPERA_L3_DIST-ALERT-S1_T32NMJ_20240217T174456Z_20251215T212443Z_S1A_30_v0.1.png,2025-12-15T20:48:25+00:00,937.658,4.5,32NMJ,1,23,4,none,False,transformer_v1_32,high,32,20,2024-02-17,30,2.5,4,best,none,False
park_fire_2024__2024-07-24__10TFK__transformer_v1_32-20mc,https://hyp3-tibet-jpl-test-contentbucket-hratibh1y9pa.s3.us-west-2.amazonaws.com/8f53987f-a617-4b9a-9cf4-8dbc90a4fa8a/OPERA_L3_DIST-ALERT-S1_T10TFK_20240921T020841Z_20251215T212114Z_S1A_30_v0.1.zip,s3://hyp3-tibet-jpl-test-contentbucket-hratibh1y9pa8f53987f-a617-4b9a-9cf4-8dbc90a4fa8a/OPERA_L3_DIST-ALERT-S1_T10TFK_20240921T020841Z_20251215T212114Z_S1A_30_v0.1,https://hyp3-tibet-jpl-test-contentbucket-hratibh1y9pa.s3.us-west-2.amazonaws.com/8f53987f-a617-4b9a-9cf4-8dbc90a4fa8a/OPERA_L3_DIST-ALERT-S1_T10TFK_20240921T020841Z_20251215T212114Z_S1A_30_v0.1.png,2025-12-15T20:48:25+00:00,728.495,4.5,10TFK,1,23,4,none,False,transformer_v1_32,high,32,20,2024-09-21,35,2.5,4,best,none,False
chilcotin_river_landslide_and_flood_2024__2024-07-30__10UEC__transformer_v1_32-20mc,https://hyp3-tibet-jpl-test-contentbucket-hratibh1y9pa.s3.us-west-2.amazonaws.com/7e078af7-4d30-427d-9960-f387759f042b/OPERA_L3_DIST-ALERT-S1_T10UEC_20240706T020344Z_20251215T211954Z_S1A_30_v0.1.zip,s3://hyp3-tibet-jpl-test-contentbucket-hratibh1y9pa7e078af7-4d30-427d-9960-f387759f042b/OPERA_L3_DIST-ALERT-S1_T10UEC_20240706T020344Z_20251215T211954Z_S1A_30_v0.1,https://hyp3-tibet-jpl-test-contentbucket-hratibh1y9pa.s3.us-west-2.amazonaws.com/7e078af7-4d30-427d-9960-f387759f042b/OPERA_L3_DIST-ALERT-S1_T10UEC_20240706T020344Z_20251215T211954Z_S1A_30_v0.1.png,2025-12-15T20:48:25+00:00,651.597,4.5,10UEC,1,23,4,none,False,transformer_v1_32,high,32,20,2024-07-06,137,2.5,4,best,none,False
attica_fire_2024__2024-08-11__34SGH__transformer_v1_32-20mc,https://hyp3-tibet-jpl-test-contentbucket-hratibh1y9pa.s3.us-west-2.amazonaws.com/be7b0836-5940-486c-9c03-f7b40e3e916f/OPERA_L3_DIST-ALERT-S1_T34SGH_20240728T042353Z_20251215T212427Z_S1A_30_v0.1.zip,s3://hyp3-tibet-jpl-test-contentbucket-hratibh1y9pabe7b0836-5940-486c-9c03-f7b40e3e916f/OPERA_L3_DIST-ALERT-S1_T34SGH_20240728T042353Z_20251215T212427Z_S1A_30_v0.1,https://hyp3-tibet-jpl-test-contentbucket-hratibh1y9pa.s3.us-west-2.amazonaws.com/be7b0836-5940-486c-9c03-f7b40e3e916f/OPERA_L3_DIST-ALERT-S1_T34SGH_20240728T042353Z_20251215T212427Z_S1A_30_v0.1.png,2025-12-15T20:48:25+00:00,921.72,4.5,34SGH,1,23,4,none,False,transformer_v1_32,high,32,20,2024-07-28,109,2.5,4,best,none,False
tuscany_flood_2023__2023-11-02__32TPP__transformer_v1_32-20mc,https://hyp3-tibet-jpl-test-contentbucket-hratibh1y9pa.s3.us-west-2.amazonaws.com/1218a90f-2626-440d-bb94-6b265531f220/OPERA_L3_DIST-ALERT-S1_T32TPP_20231205T052812Z_20251215T213037Z_S1A_30_v0.1.zip,s3://hyp3-tibet-jpl-test-contentbucket-hratibh1y9pa1218a90f-2626-440d-bb94-6b265531f220/OPERA_L3_DIST-ALERT-S1_T32TPP_20231205T052812Z_20251215T213037Z_S1A_30_v0.1,https://hyp3-tibet-jpl-test-contentbucket-hratibh1y9pa.s3.us-west-2.amazonaws.com/1218a90f-2626-440d-bb94-6b265531f220/OPERA_L3_DIST-ALERT-S1_T32TPP_20231205T052812Z_20251215T213037Z_S1A_30_v0.1.png,2025-12-15T20:48:25+00:00,1332.587,4.5,32TPP,1,23,4,none,False,transformer_v1_32,high,32,20,2023-12-05,168,2.5,4,best,none,False
demak_flood_2024__2024-03-15__49MDN__transformer_v1_32-20mc,https://hyp3-tibet-jpl-test-contentbucket-hratibh1y9pa.s3.us-west-2.amazonaws.com/a2c8a8c9-49f5-4e03-a168-f5f4e6029f48/OPERA_L3_DIST-ALERT-S1_T49MDN_20240217T110700Z_20251215T212023Z_S1A_30_v0.1.zip,s3://hyp3-tibet-jpl-test-contentbucket-hratibh1y9paa2c8a8c9-49f5-4e03-a168-f5f4e6029f48/OPERA_L3_DIST-ALERT-S1_T49MDN_20240217T110700Z_20251215T212023Z_S1A_30_v0.1,https://hyp3-tibet-jpl-test-contentbucket-hratibh1y9pa.s3.us-west-2.amazonaws.com/a2c8a8c9-49f5-4e03-a168-f5f4e6029f48/OPERA_L3_DIST-ALERT-S1_T49MDN_20240217T110700Z_20251215T212023Z_S1A_30_v0.1.png,2025-12-15T20:48:25+00:00,709.183,4.5,49MDN,1,23,4,none,False,transformer_v1_32,high,32,20,2024-02-17,25,2.5,4,best,none,False
chilcotin_river_landslide_and_flood_2024__2024-07-30__10UEC__transformer_v1_32-20mc,https://hyp3-tibet-jpl-test-contentbucket-hratibh1y9pa.s3.us-west-2.amazonaws.com/803ef8f9-48c0-4c52-8679-a8066c760c96/OPERA_L3_DIST-ALERT-S1_T10UEC_20240718T020343Z_20251215T212256Z_S1A_30_v0.1.zip,s3://hyp3-tibet-jpl-test-contentbucket-hratibh1y9pa803ef8f9-48c0-4c52-8679-a8066c760c96/OPERA_L3_DIST-ALERT-S1_T10UEC_20240718T020343Z_20251215T212256Z_S1A_30_v0.1,https://hyp3-tibet-jpl-test-contentbucket-hratibh1y9pa.s3.us-west-2.amazonaws.com/803ef8f9-48c0-4c52-8679-a8066c760c96/OPERA_L3_DIST-ALERT-S1_T10UEC_20240718T020343Z_20251215T212256Z_S1A_30_v0.1.png,2025-12-15T20:48:25+00:00,872.906,4.5,10UEC,1,23,4,none,False,transformer_v1_32,high,32,20,2024-07-18,137,2.5,4,best,none,False
attica_fire_2024__2024-08-11__34SGH__transformer_v1_32-20mc,https://hyp3-tibet-jpl-test-contentbucket-hratibh1y9pa.s3.us-west-2.amazonaws.com/8d6fb9e9-94ac-4bea-99bc-931c62f7ae7c/OPERA_L3_DIST-ALERT-S1_T34SGH_20240826T043201Z_20251215T212934Z_S1A_30_v0.1.zip,s3://hyp3-tibet-jpl-test-contentbucket-hratibh1y9pa8d6fb9e9-94ac-4bea-99bc-931c62f7ae7c/OPERA_L3_DIST-ALERT-S1_T34SGH_20240826T043201Z_20251215T212934Z_S1A_30_v0.1,https://hyp3-tibet-jpl-test-contentbucket-hratibh1y9pa.s3.us-west-2.amazonaws.com/8d6fb9e9-94ac-4bea-99bc-931c62f7ae7c/OPERA_L3_DIST-ALERT-S1_T34SGH_20240826T043201Z_20251215T212934Z_S1A_30_v0.1.png,2025-12-15T20:48:25+00:00,1267.047,4.5,34SGH,1,23,4,none,False,transformer_v1_32,high,32,20,2024-08-26,7,2.5,4,best,none,False
chilcotin_river_landslide_and_flood_2024__2024-07-30__10UEC__transformer_v1_32-20mc,https://hyp3-tibet-jpl-test-contentbucket-hratibh1y9pa.s3.us-west-2.amazonaws.com/95e3709c-33b6-4437-ab0b-b7ceb8ebd690/OPERA_L3_DIST-ALERT-S1_T10UEC_20240802T142047Z_20251215T212810Z_S1A_30_v0.1.zip,s3://hyp3-tibet-jpl-test-contentbucket-hratibh1y9pa95e3709c-33b6-4437-ab0b-b7ceb8ebd690/OPERA_L3_DIST-ALERT-S1_T10UEC_20240802T142047Z_20251215T212810Z_S1A_30_v0.1,https://hyp3-tibet-jpl-test-contentbucket-hratibh1y9pa.s3.us-west-2.amazonaws.com/95e3709c-33b6-4437-ab0b-b7ceb8ebd690/OPERA_L3_DIST-ALERT-S1_T10UEC_20240802T142047Z_20251215T212810Z_S1A_30_v0.1.png,2025-12-15T20:48:25+00:00,1183.971,4.5,10UEC,1,23,4,none,False,transformer_v1_32,high,32,20,2024-08-02,13,2.5,4,best,none,False
park_fire_2024__2024-07-24__10TFK__transformer_v1_32-20mc,https://hyp3-tibet-jpl-test-contentbucket-hratibh1y9pa.s3.us-west-2.amazonaws.com/6255b0b1-900f-4cb0-b3cf-275250c7e777/OPERA_L3_DIST-ALERT-S1_T10TFK_20240904T020029Z_20251215T213030Z_S1A_30_v0.1.zip,s3://hyp3-tibet-jpl-test-contentbucket-hratibh1y9pa6255b0b1-900f-4cb0-b3cf-275250c7e777/OPERA_L3_DIST-ALERT-S1_T10TFK_20240904T020029Z_20251215T213030Z_S1A_30_v0.1,https://hyp3-tibet-jpl-test-contentbucket-hratibh1y9pa.s3.us-west-2.amazonaws.com/6255b0b1-900f-4cb0-b3cf-275250c7e777/OPERA_L3_DIST-ALERT-S1_T10TFK_20240904T020029Z_20251215T213030Z_S1A_30_v0.1.png,2025-12-15T20:48:25+00:00,1327.423,4.5,10TFK,1,23,4,none,False,transformer_v1_32,high,32,20,2024-09-04,137,2.5,4,best,none,False
bioko_fire_2024__2024-02-07__32NMJ__transformer_v1_32-20mc,https://hyp3-tibet-jpl-test-contentbucket-hratibh1y9pa.s3.us-west-2.amazonaws.com/164a4dd2-45e5-48ae-8643-c1a6cd60d476/OPERA_L3_DIST-ALERT-S1_T32NMJ_20240319T173653Z_20251215T211209Z_S1A_30_v0.1.zip,s3://hyp3-tibet-jpl-test-contentbucket-hratibh1y9pa164a4dd2-45e5-48ae-8643-c1a6cd60d476/OPERA_L3_DIST-ALERT-S1_T32NMJ_20240319T173653Z_20251215T211209Z_S1A_30_v0.1,https://hyp3-tibet-jpl-test-contentbucket-hratibh1y9pa.s3.us-west-2.amazonaws.com/164a4dd2-45e5-48ae-8643-c1a6cd60d476/OPERA_L3_DIST-ALERT-S1_T32NMJ_20240319T173653Z_20251215T211209Z_S1A_30_v0.1.png,2025-12-15T20:48:25+00:00,215.206,4.5,32NMJ,1,23,4,none,False,transformer_v1_32,high,32,20,2024-03-19,132,2.5,4,best,none,False
hokkaido_landslides_2018__2018-09-06__54TWN__transformer_v1_32-20mc,https://hyp3-tibet-jpl-test-contentbucket-hratibh1y9pa.s3.us-west-2.amazonaws.com/55fa8c5c-2a6e-4f3a-ac6a-c268d0b7f675/OPERA_L3_DIST-ALERT-S1_T54TWN_20180905T204119Z_20251215T211742Z_S1A_30_v0.1.zip,s3://hyp3-tibet-jpl-test-contentbucket-hratibh1y9pa55fa8c5c-2a6e-4f3a-ac6a-c268d0b7f675/OPERA_L3_DIST-ALERT-S1_T54TWN_20180905T204119Z_20251215T211742Z_S1A_30_v0.1,https://hyp3-tibet-jpl-test-contentbucket-hratibh1y9pa.s3.us-west-2.amazonaws.com/55fa8c5c-2a6e-4f3a-ac6a-c268d0b7f675/OPERA_L3_DIST-ALERT-S1_T54TWN_20180905T204119Z_20251215T211742Z_S1A_30_v0.1.png,2025-12-15T20:48:25+00:00,560.683,4.5,54TWN,1,23,4,none,False,transformer_v1_32,high,32,20,2018-09-05,46,2.5,4,best,none,False
attica_fire_2024__2024-08-11__34SGH__transformer_v1_32-20mc,https://hyp3-tibet-jpl-test-contentbucket-hratibh1y9pa.s3.us-west-2.amazonaws.com/5fa5db7e-aebc-4a26-92d8-4c4a6af2ca87/OPERA_L3_DIST-ALERT-S1_T34SGH_20240721T043201Z_20251215T213508Z_S1A_30_v0.1.zip,s3://hyp3-tibet-jpl-test-contentbucket-hratibh1y9pa5fa5db7e-aebc-4a26-92d8-4c4a6af2ca87/OPERA_L3_DIST-ALERT-S1_T34SGH_20240721T043201Z_20251215T213508Z_S1A_30_v0.1,https://hyp3-tibet-jpl-test-contentbucket-hratibh1y9pa.s3.us-west-2.amazonaws.com/5fa5db7e-aebc-4a26-92d8-4c4a6af2ca87/OPERA_L3_DIST-ALERT-S1_T34SGH_20240721T043201Z_20251215T213508Z_S1A_30_v0.1.png,2025-12-15T20:48:25+00:00,1603.199,4.5,34SGH,1,23,4,none,False,transformer_v1_32,high,32,20,2024-07-21,7,2.5,4,best,none,False
bioko_fire_2024__2024-02-07__32NMJ__transformer_v1_32-20mc,https://hyp3-tibet-jpl-test-contentbucket-hratibh1y9pa.s3.us-west-2.amazonaws.com/c42473dc-0315-488a-8f94-b9bf6202f196/OPERA_L3_DIST-ALERT-S1_T32NMJ_20240219T050633Z_20251215T211515Z_S1A_30_v0.1.zip,s3://hyp3-tibet-jpl-test-contentbucket-hratibh1y9pac42473dc-0315-488a-8f94-b9bf6202f196/OPERA_L3_DIST-ALERT-S1_T32NMJ_20240219T050633Z_20251215T211515Z_S1A_30_v0.1,https://hyp3-tibet-jpl-test-contentbucket-hratibh1y9pa.s3.us-west-2.amazonaws.com/c42473dc-0315-488a-8f94-b9bf6202f196/OPERA_L3_DIST-ALERT-S1_T32NMJ_20240219T050633Z_20251215T211515Z_S1A_30_v0.1.png,2025-12-15T20:48:25+00:00,402.228,4.5,32NMJ,1,23,4,none,False,transformer_v1_32,high,32,20,2024-02-19,51,2.5,4,best,none,False
tuscany_flood_2023__2023-11-02__32TPP__transformer_v1_32-20mc,https://hyp3-tibet-jpl-test-contentbucket-hratibh1y9pa.s3.us-west-2.amazonaws.com/ab301014-1b9e-4962-9891-196ab057a0e1/OPERA_L3_DIST-ALERT-S1_T32TPP_20231201T170643Z_20251215T213015Z_S1A_30_v0.1.zip,s3://hyp3-tibet-jpl-test-contentbucket-hratibh1y9paab301014-1b9e-4962-9891-196ab057a0e1/OPERA_L3_DIST-ALERT-S1_T32TPP_20231201T170643Z_20251215T213015Z_S1A_30_v0.1,https://hyp3-tibet-jpl-test-contentbucket-hratibh1y9pa.s3.us-west-2.amazonaws.com/ab301014-1b9e-4962-9891-196ab057a0e1/OPERA_L3_DIST-ALERT-S1_T32TPP_20231201T170643Z_20251215T213015Z_S1A_30_v0.1.png,2025-12-15T20:48:25+00:00,1313.539,4.5,32TPP,1,23,4,none,False,transformer_v1_32,high,32,20,2023-12-01,117,2.5,4,best,none,False
papau_new_guinea_landslide_2024__2024-05-24__54MYV__transformer_v1_32-20mc,https://hyp3-tibet-jpl-test-contentbucket-hratibh1y9pa.s3.us-west-2.amazonaws.com/65d8ddfc-346b-43cf-839f-55859ce3616c/OPERA_L3_DIST-ALERT-S1_T54MYV_20240506T200541Z_20251215T213142Z_S1A_30_v0.1.zip,s3://hyp3-tibet-jpl-test-contentbucket-hratibh1y9pa65d8ddfc-346b-43cf-839f-55859ce3616c/OPERA_L3_DIST-ALERT-S1_T54MYV_20240506T200541Z_20251215T213142Z_S1A_30_v0.1,https://hyp3-tibet-jpl-test-contentbucket-hratibh1y9pa.s3.us-west-2.amazonaws.com/65d8ddfc-346b-43cf-839f-55859ce3616c/OPERA_L3_DIST-ALERT-S1_T54MYV_20240506T200541Z_20251215T213142Z_S1A_30_v0.1.png,2025-12-15T20:48:25+00:00,1399.659,4.5,54MYV,1,23,4,none,False,transformer_v1_32,high,32,20,2024-05-06,133,2.5,4,best,none,False
attica_fire_2024__2024-08-11__34SGH__transformer_v1_32-20mc,https://hyp3-tibet-jpl-test-contentbucket-hratibh1y9pa.s3.us-west-2.amazonaws.com/17abd517-aa6e-43ef-9100-736527b1d8da/OPERA_L3_DIST-ALERT-S1_T34SGH_20240722T161551Z_20251215T212008Z_S1A_30_v0.1.zip,s3://hyp3-tibet-jpl-test-contentbucket-hratibh1y9pa17abd517-aa6e-43ef-9100-736527b1d8da/OPERA_L3_DIST-ALERT-S1_T34SGH_20240722T161551Z_20251215T212008Z_S1A_30_v0.1,https://hyp3-tibet-jpl-test-contentbucket-hratibh1y9pa.s3.us-west-2.amazonaws.com/17abd517-aa6e-43ef-9100-736527b1d8da/OPERA_L3_DIST-ALERT-S1_T34SGH_20240722T161551Z_20251215T212008Z_S1A_30_v0.1.png,2025-12-15T20:48:25+00:00,697.984,4.5,34SGH,1,23,4,none,False,transformer_v1_32,high,32,20,2024-07-22,29,2.5,4,best,none,False
demak_flood_2024__2024-03-15__49MEN__transformer_v1_32-20mc,https://hyp3-tibet-jpl-test-contentbucket-hratibh1y9pa.s3.us-west-2.amazonaws.com/d3fbbc4e-d984-4f6f-b62b-a1a34e6922a2/OPERA_L3_DIST-ALERT-S1_T49MEN_20240506T105849Z_20251215T212751Z_S1A_30_v0.1.zip,s3://hyp3-tibet-jpl-test-contentbucket-hratibh1y9pad3fbbc4e-d984-4f6f-b62b-a1a34e6922a2/OPERA_L3_DIST-ALERT-S1_T49MEN_20240506T105849Z_20251215T212751Z_S1A_30_v0.1,https://hyp3-tibet-jpl-test-contentbucket-hratibh1y9pa.s3.us-west-2.amazonaws.com/d3fbbc4e-d984-4f6f-b62b-a1a34e6922a2/OPERA_L3_DIST-ALERT-S1_T49MEN_20240506T105849Z_20251215T212751Z_S1A_30_v0.1.png,2025-12-15T20:48:25+00:00,1201.431,4.5,49MEN,1,23,4,none,False,transformer_v1_32,high,32,20,2024-05-06,127,2.5,4,best,none,False
demak_flood_2024__2024-03-15__49MDN__transformer_v1_32-20mc,https://hyp3-tibet-jpl-test-contentbucket-hratibh1y9pa.s3.us-west-2.amazonaws.com/041d0c89-92b6-43a7-b8e0-068f2d3191f5/OPERA_L3_DIST-ALERT-S1_T49MDN_20240429T110702Z_20251215T211641Z_S1A_30_v0.1.zip,s3://hyp3-tibet-jpl-test-contentbucket-hratibh1y9pa041d0c89-92b6-43a7-b8e0-068f2d3191f5/OPERA_L3_DIST-ALERT-S1_T49MDN_20240429T110702Z_20251215T211641Z_S1A_30_v0.1,https://hyp3-tibet-jpl-test-contentbucket-hratibh1y9pa.s3.us-west-2.amazonaws.com/041d0c89-92b6-43a7-b8e0-068f2d3191f5/OPERA_L3_DIST-ALERT-S1_T49MDN_20240429T110702Z_20251215T211641Z_S1A_30_v0.1.png,2025-12-15T20:48:25+00:00,522.685,4.5,49MDN,1,23,4,none,False,transformer_v1_32,high,32,20,2024-04-29,25,2.5,4,best,none,False
park_fire_2024__2024-07-24__10TFK__transformer_v1_32-20mc,https://hyp3-tibet-jpl-test-contentbucket-hratibh1y9pa.s3.us-west-2.amazonaws.com/1c53cf0b-b74a-43ad-b618-b687442e4e20/OPERA_L3_DIST-ALERT-S1_T10TFK_20240916T020030Z_20251215T213049Z_S1A_30_v0.1.zip,s3://hyp3-tibet-jpl-test-contentbucket-hratibh1y9pa1c53cf0b-b74a-43ad-b618-b687442e4e20/OPERA_L3_DIST-ALERT-S1_T10TFK_20240916T020030Z_20251215T213049Z_S1A_30_v0.1,https://hyp3-tibet-jpl-test-contentbucket-hratibh1y9pa.s3.us-west-2.amazonaws.com/1c53cf0b-b74a-43ad-b618-b687442e4e20/OPERA_L3_DIST-ALERT-S1_T10TFK_20240916T020030Z_20251215T213049Z_S1A_30_v0.1.png,2025-12-15T20:48:25+00:00,1384.941,4.5,10TFK,1,23,4,none,False,transformer_v1_32,high,32,20,2024-09-16,137,2.5,4,best,none,False
bioko_fire_2024__2024-02-07__32NMJ__transformer_v1_32-20mc,https://hyp3-tibet-jpl-test-contentbucket-hratibh1y9pa.s3.us-west-2.amazonaws.com/7127df6e-494f-4510-a726-eab74476b505/OPERA_L3_DIST-ALERT-S1_T32NMJ_20240326T050633Z_20251215T211442Z_S1A_30_v0.1.zip,s3://hyp3-tibet-jpl-test-contentbucket-hratibh1y9pa7127df6e-494f-4510-a726-eab74476b505/OPERA_L3_DIST-ALERT-S1_T32NMJ_20240326T050633Z_20251215T211442Z_S1A_30_v0.1,https://hyp3-tibet-jpl-test-contentbucket-hratibh1y9pa.s3.us-west-2.amazonaws.com/7127df6e-494f-4510-a726-eab74476b505/OPERA_L3_DIST-ALERT-S1_T32NMJ_20240326T050633Z_20251215T211442Z_S1A_30_v0.1.png,2025-12-15T20:48:25+00:00,407.204,4.5,32NMJ,1,23,4,none,False,transformer_v1_32,high,32,20,2024-03-26,51,2.5,4,best,none,False
attica_fire_2024__2024-08-11__34SGH__transformer_v1_32-20mc,https://hyp3-tibet-jpl-test-contentbucket-hratibh1y9pa.s3.us-west-2.amazonaws.com/74ccf97f-5ff5-4382-8846-085cba4b5810/OPERA_L3_DIST-ALERT-S1_T34SGH_20240827T161551Z_20251215T211934Z_S1A_30_v0.1.zip,s3://hyp3-tibet-jpl-test-contentbucket-hratibh1y9pa74ccf97f-5ff5-4382-8846-085cba4b5810/OPERA_L3_DIST-ALERT-S1_T34SGH_20240827T161551Z_20251215T211934Z_S1A_30_v0.1,https://hyp3-tibet-jpl-test-contentbucket-hratibh1y9pa.s3.us-west-2.amazonaws.com/74ccf97f-5ff5-4382-8846-085cba4b5810/OPERA_L3_DIST-ALERT-S1_T34SGH_20240827T161551Z_20251215T211934Z_S1A_30_v0.1.png,2025-12-15T20:48:25+00:00,699.918,4.5,34SGH,1,23,4,none,False,transformer_v1_32,high,32,20,2024-08-27,29,2.5,4,best,none,False
hokkaido_landslides_2018__2018-09-06__54TWN__transformer_v1_32-20mc,https://hyp3-tibet-jpl-test-contentbucket-hratibh1y9pa.s3.us-west-2.amazonaws.com/da25d727-850a-4f1e-bffe-32e7ae1647d9/OPERA_L3_DIST-ALERT-S1_T54TWN_20180901T082651Z_20251215T212029Z_S1B_30_v0.1.zip,s3://hyp3-tibet-jpl-test-contentbucket-hratibh1y9pada25d727-850a-4f1e-bffe-32e7ae1647d9/OPERA_L3_DIST-ALERT-S1_T54TWN_20180901T082651Z_20251215T212029Z_S1B_30_v0.1,https://hyp3-tibet-jpl-test-contentbucket-hratibh1y9pa.s3.us-west-2.amazonaws.com/da25d727-850a-4f1e-bffe-32e7ae1647d9/OPERA_L3_DIST-ALERT-S1_T54TWN_20180901T082651Z_20251215T212029Z_S1B_30_v0.1.png,2025-12-15T20:48:25+00:00,763.289,4.5,54TWN,1,23,4,none,False,transformer_v1_32,high,32,20,2018-09-01,68,2.5,4,best,none,False
demak_flood_2024__2024-03-15__49MEN__transformer_v1_32-20mc,https://hyp3-tibet-jpl-test-contentbucket-hratibh1y9pa.s3.us-west-2.amazonaws.com/17f0a0b9-713f-4698-b481-e3d21cc73f50/OPERA_L3_DIST-ALERT-S1_T49MEN_20240307T105848Z_20251215T212815Z_S1A_30_v0.1.zip,s3://hyp3-tibet-jpl-test-contentbucket-hratibh1y9pa17f0a0b9-713f-4698-b481-e3d21cc73f50/OPERA_L3_DIST-ALERT-S1_T49MEN_20240307T105848Z_20251215T212815Z_S1A_30_v0.1,https://hyp3-tibet-jpl-test-contentbucket-hratibh1y9pa.s3.us-west-2.amazonaws.com/17f0a0b9-713f-4698-b481-e3d21cc73f50/OPERA_L3_DIST-ALERT-S1_T49MEN_20240307T105848Z_20251215T212815Z_S1A_30_v0.1.png,2025-12-15T20:48:25+00:00,1226.113,4.5,49MEN,1,23,4,none,False,transformer_v1_32,high,32,20,2024-03-07,127,2.5,4,best,none,False
papau_new_guinea_landslide_2024__2024-05-24__54MYV__transformer_v1_32-20mc,https://hyp3-tibet-jpl-test-contentbucket-hratibh1y9pa.s3.us-west-2.amazonaws.com/305ed0a9-d326-4442-afa5-9bbf1d9fba17/OPERA_L3_DIST-ALERT-S1_T54MYV_20240710T201347Z_20251215T211508Z_S1A_30_v0.1.zip,s3://hyp3-tibet-jpl-test-contentbucket-hratibh1y9pa305ed0a9-d326-4442-afa5-9bbf1d9fba17/OPERA_L3_DIST-ALERT-S1_T54MYV_20240710T201347Z_20251215T211508Z_S1A_30_v0.1,https://hyp3-tibet-jpl-test-contentbucket-hratibh1y9pa.s3.us-west-2.amazonaws.com/305ed0a9-d326-4442-afa5-9bbf1d9fba17/OPERA_L3_DIST-ALERT-S1_T54MYV_20240710T201347Z_20251215T211508Z_S1A_30_v0.1.png,2025-12-15T20:48:25+00:00,432.752,4.5,54MYV,1,23,4,none,False,transformer_v1_32,high,32,20,2024-07-10,31,2.5,4,best,none,False
bioko_fire_2024__2024-02-07__32NMJ__transformer_v1_32-20mc,https://hyp3-tibet-jpl-test-contentbucket-hratibh1y9pa.s3.us-west-2.amazonaws.com/cf2149ea-4bc2-44bf-a3e1-fc0625cfb394/OPERA_L3_DIST-ALERT-S1_T32NMJ_20240314T050633Z_20251215T211441Z_S1A_30_v0.1.zip,s3://hyp3-tibet-jpl-test-contentbucket-hratibh1y9pacf2149ea-4bc2-44bf-a3e1-fc0625cfb394/OPERA_L3_DIST-ALERT-S1_T32NMJ_20240314T050633Z_20251215T211441Z_S1A_30_v0.1,https://hyp3-tibet-jpl-test-contentbucket-hratibh1y9pa.s3.us-west-2.amazonaws.com/cf2149ea-4bc2-44bf-a3e1-fc0625cfb394/OPERA_L3_DIST-ALERT-S1_T32NMJ_20240314T050633Z_20251215T211441Z_S1A_30_v0.1.png,2025-12-15T20:48:25+00:00,406.462,4.5,32NMJ,1,23,4,none,False,transformer_v1_32,high,32,20,2024-03-14,51,2.5,4,best,none,False
demak_flood_2024__2024-03-15__49MDN__transformer_v1_32-20mc,https://hyp3-tibet-jpl-test-contentbucket-hratibh1y9pa.s3.us-west-2.amazonaws.com/5cdbccca-7738-45bb-973a-19e872c482da/OPERA_L3_DIST-ALERT-S1_T49MDN_20240319T105853Z_20251215T212733Z_S1A_30_v0.1.zip,s3://hyp3-tibet-jpl-test-contentbucket-hratibh1y9pa5cdbccca-7738-45bb-973a-19e872c482da/OPERA_L3_DIST-ALERT-S1_T49MDN_20240319T105853Z_20251215T212733Z_S1A_30_v0.1,https://hyp3-tibet-jpl-test-contentbucket-hratibh1y9pa.s3.us-west-2.amazonaws.com/5cdbccca-7738-45bb-973a-19e872c482da/OPERA_L3_DIST-ALERT-S1_T49MDN_20240319T105853Z_20251215T212733Z_S1A_30_v0.1.png,2025-12-15T20:48:25+00:00,1185.793,4.5,49MDN,1,23,4,none,False,transformer_v1_32,high,32,20,2024-03-19,127,2.5,4,best,none,False
attica_fire_2024__2024-08-11__34SGH__transformer_v1_32-20mc,https://hyp3-tibet-jpl-test-contentbucket-hratibh1y9pa.s3.us-west-2.amazonaws.com/01194775-cc0b-4463-91ec-8289e6f44e0f/OPERA_L3_DIST-ALERT-S1_T34SGH_20240926T042354Z_20251215T212445Z_S1A_30_v0.1.zip,s3://hyp3-tibet-jpl-test-contentbucket-hratibh1y9pa01194775-cc0b-4463-91ec-8289e6f44e0f/OPERA_L3_DIST-ALERT-S1_T34SGH_20240926T042354Z_20251215T212445Z_S1A_30_v0.1,https://hyp3-tibet-jpl-test-contentbucket-hratibh1y9pa.s3.us-west-2.amazonaws.com/01194775-cc0b-4463-91ec-8289e6f44e0f/OPERA_L3_DIST-ALERT-S1_T34SGH_20240926T042354Z_20251215T212445Z_S1A_30_v0.1.png,2025-12-15T20:48:25+00:00,1045.173,4.5,34SGH,1,23,4,none,False,transformer_v1_32,high,32,20,2024-09-26,109,2.5,4,best,none,False
tuscany_flood_2023__2023-11-02__32TPP__transformer_v1_32-20mc,https://hyp3-tibet-jpl-test-contentbucket-hratibh1y9pa.s3.us-west-2.amazonaws.com/e5c18422-92e3-47a2-94c9-5fb66173fa12/OPERA_L3_DIST-ALERT-S1_T32TPP_20231229T052810Z_20251215T213612Z_S1A_30_v0.1.zip,s3://hyp3-tibet-jpl-test-contentbucket-hratibh1y9pae5c18422-92e3-47a2-94c9-5fb66173fa12/OPERA_L3_DIST-ALERT-S1_T32TPP_20231229T052810Z_20251215T213612Z_S1A_30_v0.1,https://hyp3-tibet-jpl-test-contentbucket-hratibh1y9pa.s3.us-west-2.amazonaws.com/e5c18422-92e3-47a2-94c9-5fb66173fa12/OPERA_L3_DIST-ALERT-S1_T32TPP_20231229T052810Z_20251215T213612Z_S1A_30_v0.1.png,2025-12-15T20:48:25+00:00,1746.699,4.5,32TPP,1,23,4,none,False,transformer_v1_32,high,32,20,2023-12-29,168,2.5,4,best,none,False
demak_flood_2024__2024-03-15__49MEN__transformer_v1_32-20mc,https://hyp3-tibet-jpl-test-contentbucket-hratibh1y9pa.s3.us-west-2.amazonaws.com/abcb846a-a41b-4971-9b3a-9bb700b55f88/OPERA_L3_DIST-ALERT-S1_T49MEN_20240327T221748Z_20251215T212145Z_S1A_30_v0.1.zip,s3://hyp3-tibet-jpl-test-contentbucket-hratibh1y9paabcb846a-a41b-4971-9b3a-9bb700b55f88/OPERA_L3_DIST-ALERT-S1_T49MEN_20240327T221748Z_20251215T212145Z_S1A_30_v0.1,https://hyp3-tibet-jpl-test-contentbucket-hratibh1y9pa.s3.us-west-2.amazonaws.com/abcb846a-a41b-4971-9b3a-9bb700b55f88/OPERA_L3_DIST-ALERT-S1_T49MEN_20240327T221748Z_20251215T212145Z_S1A_30_v0.1.png,2025-12-15T20:48:25+00:00,870.695,4.5,49MEN,1,23,4,none,False,transformer_v1_32,high,32,20,2024-03-27,76,2.5,4,best,none,False
attica_fire_2024__2024-08-11__34SGH__transformer_v1_32-20mc,https://hyp3-tibet-jpl-test-contentbucket-hratibh1y9pa.s3.us-west-2.amazonaws.com/95c8af27-fede-46f3-85bb-0bdacab751a4/OPERA_L3_DIST-ALERT-S1_T34SGH_20240814T043201Z_20251215T212953Z_S1A_30_v0.1.zip,s3://hyp3-tibet-jpl-test-contentbucket-hratibh1y9pa95c8af27-fede-46f3-85bb-0bdacab751a4/OPERA_L3_DIST-ALERT-S1_T34SGH_20240814T043201Z_20251215T212953Z_S1A_30_v0.1,https://hyp3-tibet-jpl-test-contentbucket-hratibh1y9pa.s3.us-west-2.amazonaws.com/95c8af27-fede-46f3-85bb-0bdacab751a4/OPERA_L3_DIST-ALERT-S1_T34SGH_20240814T043201Z_20251215T212953Z_S1A_30_v0.1.png,2025-12-15T20:48:25+00:00,1358.876,4.5,34SGH,1,23,4,none,False,transformer_v1_32,high,32,20,2024-08-14,7,2.5,4,best,none,False
demak_flood_2024__2024-03-15__49MEN__transformer_v1_32-20mc,https://hyp3-tibet-jpl-test-contentbucket-hratibh1y9pa.s3.us-west-2.amazonaws.com/324d5210-d987-4dea-95ae-de2cf439d025/OPERA_L3_DIST-ALERT-S1_T49MEN_20240224T105848Z_20251215T212928Z_S1A_30_v0.1.zip,s3://hyp3-tibet-jpl-test-contentbucket-hratibh1y9pa324d5210-d987-4dea-95ae-de2cf439d025/OPERA_L3_DIST-ALERT-S1_T49MEN_20240224T105848Z_20251215T212928Z_S1A_30_v0.1,https://hyp3-tibet-jpl-test-contentbucket-hratibh1y9pa.s3.us-west-2.amazonaws.com/324d5210-d987-4dea-95ae-de2cf439d025/OPERA_L3_DIST-ALERT-S1_T49MEN_20240224T105848Z_20251215T212928Z_S1A_30_v0.1.png,2025-12-15T20:48:25+00:00,1335.054,4.5,49MEN,1,23,4,none,False,transformer_v1_32,high,32,20,2024-02-24,127,2.5,4,best,none,False
chilcotin_river_landslide_and_flood_2024__2024-07-30__10UEC__transformer_v1_32-20mc,https://hyp3-tibet-jpl-test-contentbucket-hratibh1y9pa.s3.us-west-2.amazonaws.com/f12bde8e-497d-4d61-947e-c0466c1de0df/OPERA_L3_DIST-ALERT-S1_T10UEC_20240814T142047Z_20251215T212630Z_S1A_30_v0.1.zip,s3://hyp3-tibet-jpl-test-contentbucket-hratibh1y9paf12bde8e-497d-4d61-947e-c0466c1de0df/OPERA_L3_DIST-ALERT-S1_T10UEC_20240814T142047Z_20251215T212630Z_S1A_30_v0.1,https://hyp3-tibet-jpl-test-contentbucket-hratibh1y9pa.s3.us-west-2.amazonaws.com/f12bde8e-497d-4d61-947e-c0466c1de0df/OPERA_L3_DIST-ALERT-S1_T10UEC_20240814T142047Z_20251215T212630Z_S1A_30_v0.1.png,2025-12-15T20:48:25+00:00,1161.808,4.5,10UEC,1,23,4,none,False,transformer_v1_32,high,32,20,2024-08-14,13,2.5,4,best,none,False
demak_flood_2024__2024-03-15__49MEN__transformer_v1_32-20mc,https://hyp3-tibet-jpl-test-contentbucket-hratibh1y9pa.s3.us-west-2.amazonaws.com/4b78263c-d17c-4d32-8497-1562e0fe505c/OPERA_L3_DIST-ALERT-S1_T49MEN_20240513T105049Z_20251215T211330Z_S1A_30_v0.1.zip,s3://hyp3-tibet-jpl-test-contentbucket-hratibh1y9pa4b78263c-d17c-4d32-8497-1562e0fe505c/OPERA_L3_DIST-ALERT-S1_T49MEN_20240513T105049Z_20251215T211330Z_S1A_30_v0.1,https://hyp3-tibet-jpl-test-contentbucket-hratibh1y9pa.s3.us-west-2.amazonaws.com/4b78263c-d17c-4d32-8497-1562e0fe505c/OPERA_L3_DIST-ALERT-S1_T49MEN_20240513T105049Z_20251215T211330Z_S1A_30_v0.1.png,2025-12-15T20:48:25+00:00,370.29,4.5,49MEN,1,23,4,none,False,transformer_v1_32,high,32,20,2024-05-13,54,2.5,4,best,none,False
demak_flood_2024__2024-03-15__49MDN__transformer_v1_32-20mc,https://hyp3-tibet-jpl-test-contentbucket-hratibh1y9pa.s3.us-west-2.amazonaws.com/b7da31c1-bb25-45ff-81da-0071492ffab8/OPERA_L3_DIST-ALERT-S1_T49MDN_20240315T221748Z_20251215T213533Z_S1A_30_v0.1.zip,s3://hyp3-tibet-jpl-test-contentbucket-hratibh1y9pab7da31c1-bb25-45ff-81da-0071492ffab8/OPERA_L3_DIST-ALERT-S1_T49MDN_20240315T221748Z_20251215T213533Z_S1A_30_v0.1,https://hyp3-tibet-jpl-test-contentbucket-hratibh1y9pa.s3.us-west-2.amazonaws.com/b7da31c1-bb25-45ff-81da-0071492ffab8/OPERA_L3_DIST-ALERT-S1_T49MDN_20240315T221748Z_20251215T213533Z_S1A_30_v0.1.png,2025-12-15T20:48:25+00:00,1713.336,4.5,49MDN,1,23,4,none,False,transformer_v1_32,high,32,20,2024-03-15,76,2.5,4,best,none,False
bioko_fire_2024__2024-02-07__32NMJ__transformer_v1_32-20mc,https://hyp3-tibet-jpl-test-contentbucket-hratibh1y9pa.s3.us-west-2.amazonaws.com/d9db91e6-7c94-468a-85f1-50b87400f2a0/OPERA_L3_DIST-ALERT-S1_T32NMJ_20240229T174456Z_20251215T211911Z_S1A_30_v0.1.zip,s3://hyp3-tibet-jpl-test-contentbucket-hratibh1y9pad9db91e6-7c94-468a-85f1-50b87400f2a0/OPERA_L3_DIST-ALERT-S1_T32NMJ_20240229T174456Z_20251215T211911Z_S1A_30_v0.1,https://hyp3-tibet-jpl-test-contentbucket-hratibh1y9pa.s3.us-west-2.amazonaws.com/d9db91e6-7c94-468a-85f1-50b87400f2a0/OPERA_L3_DIST-ALERT-S1_T32NMJ_20240229T174456Z_20251215T211911Z_S1A_30_v0.1.png,2025-12-15T20:48:25+00:00,717.401,4.5,32NMJ,1,23,4,none,False,transformer_v1_32,high,32,20,2024-02-29,30,2.5,4,best,none,False
tuscany_flood_2023__2023-11-02__32TPP__transformer_v1_32-20mc,https://hyp3-tibet-jpl-test-contentbucket-hratibh1y9pa.s3.us-west-2.amazonaws.com/b8cabd06-9c2a-4850-bef3-32fe26dba92c/OPERA_L3_DIST-ALERT-S1_T32TPP_20231007T171454Z_20251215T212809Z_S1A_30_v0.1.zip,s3://hyp3-tibet-jpl-test-contentbucket-hratibh1y9pab8cabd06-9c2a-4850-bef3-32fe26dba92c/OPERA_L3_DIST-ALERT-S1_T32TPP_20231007T171454Z_20251215T212809Z_S1A_30_v0.1,https://hyp3-tibet-jpl-test-contentbucket-hratibh1y9pa.s3.us-west-2.amazonaws.com/b8cabd06-9c2a-4850-bef3-32fe26dba92c/OPERA_L3_DIST-ALERT-S1_T32TPP_20231007T171454Z_20251215T212809Z_S1A_30_v0.1.png,2025-12-15T20:48:25+00:00,1260.07,4.5,32TPP,1,23,4,none,False,transformer_v1_32,high,32,20,2023-10-07,15,2.5,4,best,none,False
bioko_fire_2024__2024-02-07__32NMJ__transformer_v1_32-20mc,https://hyp3-tibet-jpl-test-contentbucket-hratibh1y9pa.s3.us-west-2.amazonaws.com/f0a798c6-0e71-44e0-9ad5-1dd2eef32333/OPERA_L3_DIST-ALERT-S1_T32NMJ_20240405T174457Z_20251215T211907Z_S1A_30_v0.1.zip,s3://hyp3-tibet-jpl-test-contentbucket-hratibh1y9paf0a798c6-0e71-44e0-9ad5-1dd2eef32333/OPERA_L3_DIST-ALERT-S1_T32NMJ_20240405T174457Z_20251215T211907Z_S1A_30_v0.1,https://hyp3-tibet-jpl-test-contentbucket-hratibh1y9pa.s3.us-west-2.amazonaws.com/f0a798c6-0e71-44e0-9ad5-1dd2eef32333/OPERA_L3_DIST-ALERT-S1_T32NMJ_20240405T174457Z_20251215T211907Z_S1A_30_v0.1.png,2025-12-15T20:48:25+00:00,709.411,4.5,32NMJ,1,23,4,none,False,transformer_v1_32,high,32,20,2024-04-05,30,2.5,4,best,none,False
tuscany_flood_2023__2023-11-02__32TPP__transformer_v1_32-20mc,https://hyp3-tibet-jpl-test-contentbucket-hratibh1y9pa.s3.us-west-2.amazonaws.com/82e0045d-0ecf-4c57-858a-be2d63265155/OPERA_L3_DIST-ALERT-S1_T32TPP_20231112T171453Z_20251215T213044Z_S1A_30_v0.1.zip,s3://hyp3-tibet-jpl-test-contentbucket-hratibh1y9pa82e0045d-0ecf-4c57-858a-be2d63265155/OPERA_L3_DIST-ALERT-S1_T32TPP_20231112T171453Z_20251215T213044Z_S1A_30_v0.1,https://hyp3-tibet-jpl-test-contentbucket-hratibh1y9pa.s3.us-west-2.amazonaws.com/82e0045d-0ecf-4c57-858a-be2d63265155/OPERA_L3_DIST-ALERT-S1_T32TPP_20231112T171453Z_20251215T213044Z_S1A_30_v0.1.png,2025-12-15T20:48:25+00:00,1419.17,4.5,32TPP,1,23,4,none,False,transformer_v1_32,high,32,20,2023-11-12,15,2.5,4,best,none,False
papau_new_guinea_landslide_2024__2024-05-24__54MYV__transformer_v1_32-20mc,https://hyp3-tibet-jpl-test-contentbucket-hratibh1y9pa.s3.us-west-2.amazonaws.com/822635e3-e17f-4a19-9a54-7c2bbd276c90/OPERA_L3_DIST-ALERT-S1_T54MYV_20240611T200540Z_20251215T213153Z_S1A_30_v0.1.zip,s3://hyp3-tibet-jpl-test-contentbucket-hratibh1y9pa822635e3-e17f-4a19-9a54-7c2bbd276c90/OPERA_L3_DIST-ALERT-S1_T54MYV_20240611T200540Z_20251215T213153Z_S1A_30_v0.1,https://hyp3-tibet-jpl-test-contentbucket-hratibh1y9pa.s3.us-west-2.amazonaws.com/822635e3-e17f-4a19-9a54-7c2bbd276c90/OPERA_L3_DIST-ALERT-S1_T54MYV_20240611T200540Z_20251215T213153Z_S1A_30_v0.1.png,2025-12-15T20:48:25+00:00,1487.956,4.5,54MYV,1,23,4,none,False,transformer_v1_32,high,32,20,2024-06-11,133,2.5,4,best,none,False
hokkaido_landslides_2018__2018-09-06__54TWN__transformer_v1_32-20mc,https://hyp3-tibet-jpl-test-contentbucket-hratibh1y9pa.s3.us-west-2.amazonaws.com/0486fe96-eaa1-427b-a3a3-99c95a6f8acc/OPERA_L3_DIST-ALERT-S1_T54TWN_20180831T203311Z_20251215T211113Z_S1A_30_v0.1.zip,s3://hyp3-tibet-jpl-test-contentbucket-hratibh1y9pa0486fe96-eaa1-427b-a3a3-99c95a6f8acc/OPERA_L3_DIST-ALERT-S1_T54TWN_20180831T203311Z_20251215T211113Z_S1A_30_v0.1,https://hyp3-tibet-jpl-test-contentbucket-hratibh1y9pa.s3.us-west-2.amazonaws.com/0486fe96-eaa1-427b-a3a3-99c95a6f8acc/OPERA_L3_DIST-ALERT-S1_T54TWN_20180831T203311Z_20251215T211113Z_S1A_30_v0.1.png,2025-12-15T20:48:25+00:00,238.658,4.5,54TWN,1,23,4,none,False,transformer_v1_32,high,32,20,2018-08-31,148,2.5,4,best,none,False
demak_flood_2024__2024-03-15__49MEN__transformer_v1_32-20mc,https://hyp3-tibet-jpl-test-contentbucket-hratibh1y9pa.s3.us-west-2.amazonaws.com/f09d1538-04e0-4ace-937d-e4f667207941/OPERA_L3_DIST-ALERT-S1_T49MEN_20240302T105048Z_20251215T211224Z_S1A_30_v0.1.zip,s3://hyp3-tibet-jpl-test-contentbucket-hratibh1y9paf09d1538-04e0-4ace-937d-e4f667207941/OPERA_L3_DIST-ALERT-S1_T49MEN_20240302T105048Z_20251215T211224Z_S1A_30_v0.1,https://hyp3-tibet-jpl-test-contentbucket-hratibh1y9pa.s3.us-west-2.amazonaws.com/f09d1538-04e0-4ace-937d-e4f667207941/OPERA_L3_DIST-ALERT-S1_T49MEN_20240302T105048Z_20251215T211224Z_S1A_30_v0.1.png,2025-12-15T20:48:25+00:00,338.338,4.5,49MEN,1,23,4,none,False,transformer_v1_32,high,32,20,2024-03-02,54,2.5,4,best,none,False
demak_flood_2024__2024-03-15__49MEN__transformer_v1_32-20mc,https://hyp3-tibet-jpl-test-contentbucket-hratibh1y9pa.s3.us-west-2.amazonaws.com/9e9740bd-6590-43aa-bd04-736d72169386/OPERA_L3_DIST-ALERT-S1_T49MEN_20240412T105847Z_20251215T212919Z_S1A_30_v0.1.zip,s3://hyp3-tibet-jpl-test-contentbucket-hratibh1y9pa9e9740bd-6590-43aa-bd04-736d72169386/OPERA_L3_DIST-ALERT-S1_T49MEN_20240412T105847Z_20251215T212919Z_S1A_30_v0.1,https://hyp3-tibet-jpl-test-contentbucket-hratibh1y9pa.s3.us-west-2.amazonaws.com/9e9740bd-6590-43aa-bd04-736d72169386/OPERA_L3_DIST-ALERT-S1_T49MEN_20240412T105847Z_20251215T212919Z_S1A_30_v0.1.png,2025-12-15T20:48:25+00:00,1366.441,4.5,49MEN,1,23,4,none,False,transformer_v1_32,high,32,20,2024-04-12,127,2.5,4,best,none,False
hokkaido_landslides_2018__2018-09-06__54TWN__transformer_v1_32-20mc,https://hyp3-tibet-jpl-test-contentbucket-hratibh1y9pa.s3.us-west-2.amazonaws.com/ad9dadbe-8187-474e-bd85-1d9a49bb3cf3/OPERA_L3_DIST-ALERT-S1_T54TWN_20180917T204120Z_20251215T211539Z_S1A_30_v0.1.zip,s3://hyp3-tibet-jpl-test-contentbucket-hratibh1y9paad9dadbe-8187-474e-bd85-1d9a49bb3cf3/OPERA_L3_DIST-ALERT-S1_T54TWN_20180917T204120Z_20251215T211539Z_S1A_30_v0.1,https://hyp3-tibet-jpl-test-contentbucket-hratibh1y9pa.s3.us-west-2.amazonaws.com/ad9dadbe-8187-474e-bd85-1d9a49bb3cf3/OPERA_L3_DIST-ALERT-S1_T54TWN_20180917T204120Z_20251215T211539Z_S1A_30_v0.1.png,2025-12-15T20:48:25+00:00,542.954,4.5,54TWN,1,23,4,none,False,transformer_v1_32,high,32,20,2018-09-17,46,2.5,4,best,none,False
bioko_fire_2024__2024-02-07__32NMJ__transformer_v1_32-20mc,https://hyp3-tibet-jpl-test-contentbucket-hratibh1y9pa.s3.us-west-2.amazonaws.com/302b5e4c-4b26-4eff-b071-765c9b25cb79/OPERA_L3_DIST-ALERT-S1_T32NMJ_20240114T050634Z_20251215T211426Z_S1A_30_v0.1.zip,s3://hyp3-tibet-jpl-test-contentbucket-hratibh1y9pa302b5e4c-4b26-4eff-b071-765c9b25cb79/OPERA_L3_DIST-ALERT-S1_T32NMJ_20240114T050634Z_20251215T211426Z_S1A_30_v0.1,https://hyp3-tibet-jpl-test-contentbucket-hratibh1y9pa.s3.us-west-2.amazonaws.com/302b5e4c-4b26-4eff-b071-765c9b25cb79/OPERA_L3_DIST-ALERT-S1_T32NMJ_20240114T050634Z_20251215T211426Z_S1A_30_v0.1.png,2025-12-15T20:48:25+00:00,463.239,4.5,32NMJ,1,23,4,none,False,transformer_v1_32,high,32,20,2024-01-14,51,2.5,4,best,none,False
papau_new_guinea_landslide_2024__2024-05-24__54MYV__transformer_v1_32-20mc,https://hyp3-tibet-jpl-test-contentbucket-hratibh1y9pa.s3.us-west-2.amazonaws.com/e2125384-8b54-4d27-8bcb-bd1560990578/OPERA_L3_DIST-ALERT-S1_T54MYV_20240428T084743Z_20251215T213104Z_S1A_30_v0.1.zip,s3://hyp3-tibet-jpl-test-contentbucket-hratibh1y9pae2125384-8b54-4d27-8bcb-bd1560990578/OPERA_L3_DIST-ALERT-S1_T54MYV_20240428T084743Z_20251215T213104Z_S1A_30_v0.1,https://hyp3-tibet-jpl-test-contentbucket-hratibh1y9pa.s3.us-west-2.amazonaws.com/e2125384-8b54-4d27-8bcb-bd1560990578/OPERA_L3_DIST-ALERT-S1_T54MYV_20240428T084743Z_20251215T213104Z_S1A_30_v0.1.png,2025-12-15T20:48:25+00:00,1467.593,4.5,54MYV,1,23,4,none,False,transformer_v1_32,high,32,20,2024-04-28,9,2.5,4,best,none,False
bioko_fire_2024__2024-02-07__32NMJ__transformer_v1_32-20mc,https://hyp3-tibet-jpl-test-contentbucket-hratibh1y9pa.s3.us-west-2.amazonaws.com/2493f281-1c9b-4a63-8140-e3aa323f6acb/OPERA_L3_DIST-ALERT-S1_T32NMJ_20240331T051441Z_20251215T211437Z_S1A_30_v0.1.zip,s3://hyp3-tibet-jpl-test-contentbucket-hratibh1y9pa2493f281-1c9b-4a63-8140-e3aa323f6acb/OPERA_L3_DIST-ALERT-S1_T32NMJ_20240331T051441Z_20251215T211437Z_S1A_30_v0.1,https://hyp3-tibet-jpl-test-contentbucket-hratibh1y9pa.s3.us-west-2.amazonaws.com/2493f281-1c9b-4a63-8140-e3aa323f6acb/OPERA_L3_DIST-ALERT-S1_T32NMJ_20240331T051441Z_20251215T211437Z_S1A_30_v0.1.png,2025-12-15T20:48:25+00:00,474.263,4.5,32NMJ,1,23,4,none,False,transformer_v1_32,high,32,20,2024-03-31,124,2.5,4,best,none,False
bioko_fire_2024__2024-02-07__32NMJ__transformer_v1_32-20mc,https://hyp3-tibet-jpl-test-contentbucket-hratibh1y9pa.s3.us-west-2.amazonaws.com/28536541-1bc2-41eb-8cfd-39a15af3ccde/OPERA_L3_DIST-ALERT-S1_T32NMJ_20240307T051440Z_20251215T211407Z_S1A_30_v0.1.zip,s3://hyp3-tibet-jpl-test-contentbucket-hratibh1y9pa28536541-1bc2-41eb-8cfd-39a15af3ccde/OPERA_L3_DIST-ALERT-S1_T32NMJ_20240307T051440Z_20251215T211407Z_S1A_30_v0.1,https://hyp3-tibet-jpl-test-contentbucket-hratibh1y9pa.s3.us-west-2.amazonaws.com/28536541-1bc2-41eb-8cfd-39a15af3ccde/OPERA_L3_DIST-ALERT-S1_T32NMJ_20240307T051440Z_20251215T211407Z_S1A_30_v0.1.png,2025-12-15T20:48:25+00:00,444.343,4.5,32NMJ,1,23,4,none,False,transformer_v1_32,high,32,20,2024-03-07,124,2.5,4,best,none,False
hokkaido_landslides_2018__2018-09-06__54TWN__transformer_v1_32-20mc,https://hyp3-tibet-jpl-test-contentbucket-hratibh1y9pa.s3.us-west-2.amazonaws.com/7cc7b94c-fe08-4a7c-9b57-5d2321331cf4/OPERA_L3_DIST-ALERT-S1_T54TWN_20180813T083502Z_20251215T211014Z_S1B_30_v0.1.zip,s3://hyp3-tibet-jpl-test-contentbucket-hratibh1y9pa7cc7b94c-fe08-4a7c-9b57-5d2321331cf4/OPERA_L3_DIST-ALERT-S1_T54TWN_20180813T083502Z_20251215T211014Z_S1B_30_v0.1,https://hyp3-tibet-jpl-test-contentbucket-hratibh1y9pa.s3.us-west-2.amazonaws.com/7cc7b94c-fe08-4a7c-9b57-5d2321331cf4/OPERA_L3_DIST-ALERT-S1_T54TWN_20180813T083502Z_20251215T211014Z_S1B_30_v0.1.png,2025-12-15T20:48:25+00:00,213.03,4.5,54TWN,1,23,4,none,False,transformer_v1_32,high,32,20,2018-08-13,141,2.5,4,best,none,False
hokkaido_landslides_2018__2018-09-06__54TWN__transformer_v1_32-20mc,https://hyp3-tibet-jpl-test-contentbucket-hratibh1y9pa.s3.us-west-2.amazonaws.com/44f3fc15-99bc-4382-99be-97822f771094/OPERA_L3_DIST-ALERT-S1_T54TWN_20180807T203309Z_20251215T211240Z_S1A_30_v0.1.zip,s3://hyp3-tibet-jpl-test-contentbucket-hratibh1y9pa44f3fc15-99bc-4382-99be-97822f771094/OPERA_L3_DIST-ALERT-S1_T54TWN_20180807T203309Z_20251215T211240Z_S1A_30_v0.1,https://hyp3-tibet-jpl-test-contentbucket-hratibh1y9pa.s3.us-west-2.amazonaws.com/44f3fc15-99bc-4382-99be-97822f771094/OPERA_L3_DIST-ALERT-S1_T54TWN_20180807T203309Z_20251215T211240Z_S1A_30_v0.1.png,2025-12-15T20:48:25+00:00,362.22,4.5,54TWN,1,23,4,none,False,transformer_v1_32,high,32,20,2018-08-07,148,2.5,4,best,none,False
demak_flood_2024__2024-03-15__49MDN__transformer_v1_32-20mc,https://hyp3-tibet-jpl-test-contentbucket-hratibh1y9pa.s3.us-west-2.amazonaws.com/c1a9564c-7334-4b92-939f-2f4991c9be20/OPERA_L3_DIST-ALERT-S1_T49MDN_20240324T110701Z_20251215T211513Z_S1A_30_v0.1.zip,s3://hyp3-tibet-jpl-test-contentbucket-hratibh1y9pac1a9564c-7334-4b92-939f-2f4991c9be20/OPERA_L3_DIST-ALERT-S1_T49MDN_20240324T110701Z_20251215T211513Z_S1A_30_v0.1,https://hyp3-tibet-jpl-test-contentbucket-hratibh1y9pa.s3.us-west-2.amazonaws.com/c1a9564c-7334-4b92-939f-2f4991c9be20/OPERA_L3_DIST-ALERT-S1_T49MDN_20240324T110701Z_20251215T211513Z_S1A_30_v0.1.png,2025-12-15T20:48:25+00:00,510.443,4.5,49MDN,1,23,4,none,False,transformer_v1_32,high,32,20,2024-03-24,25,2.5,4,best,none,False
bioko_fire_2024__2024-02-07__32NMJ__transformer_v1_32-20mc,https://hyp3-tibet-jpl-test-contentbucket-hratibh1y9pa.s3.us-west-2.amazonaws.com/7311ceac-ca6e-47b6-8586-152fb748a711/OPERA_L3_DIST-ALERT-S1_T32NMJ_20240112T174457Z_20251215T211959Z_S1A_30_v0.1.zip,s3://hyp3-tibet-jpl-test-contentbucket-hratibh1y9pa7311ceac-ca6e-47b6-8586-152fb748a711/OPERA_L3_DIST-ALERT-S1_T32NMJ_20240112T174457Z_20251215T211959Z_S1A_30_v0.1,https://hyp3-tibet-jpl-test-contentbucket-hratibh1y9pa.s3.us-west-2.amazonaws.com/7311ceac-ca6e-47b6-8586-152fb748a711/OPERA_L3_DIST-ALERT-S1_T32NMJ_20240112T174457Z_20251215T211959Z_S1A_30_v0.1.png,2025-12-15T20:48:25+00:00,800.711,4.5,32NMJ,1,23,4,none,False,transformer_v1_32,high,32,20,2024-01-12,30,2.5,4,best,none,False
park_fire_2024__2024-07-24__10TEK__transformer_v1_32-20mc,https://hyp3-tibet-jpl-test-contentbucket-hratibh1y9pa.s3.us-west-2.amazonaws.com/1366c48d-5bbb-4653-ad26-e60ec59e351f/OPERA_L3_DIST-ALERT-S1_T10TEK_20240909T140737Z_20251215T211816Z_S1A_30_v0.1.zip,s3://hyp3-tibet-jpl-test-contentbucket-hratibh1y9pa1366c48d-5bbb-4653-ad26-e60ec59e351f/OPERA_L3_DIST-ALERT-S1_T10TEK_20240909T140737Z_20251215T211816Z_S1A_30_v0.1,https://hyp3-tibet-jpl-test-contentbucket-hratibh1y9pa.s3.us-west-2.amazonaws.com/1366c48d-5bbb-4653-ad26-e60ec59e351f/OPERA_L3_DIST-ALERT-S1_T10TEK_20240909T140737Z_20251215T211816Z_S1A_30_v0.1.png,2025-12-15T20:48:25+00:00,735.377,4.5,10TEK,1,23,4,none,False,transformer_v1_32,high,32,20,2024-09-09,42,2.5,4,best,none,False
attica_fire_2024__2024-08-11__34SGH__transformer_v1_32-20mc,https://hyp3-tibet-jpl-test-contentbucket-hratibh1y9pa.s3.us-west-2.amazonaws.com/9e6d8a18-d002-460f-8522-2e7c52f495a0/OPERA_L3_DIST-ALERT-S1_T34SGH_20240908T161551Z_20251215T211757Z_S1A_30_v0.1.zip,s3://hyp3-tibet-jpl-test-contentbucket-hratibh1y9pa9e6d8a18-d002-460f-8522-2e7c52f495a0/OPERA_L3_DIST-ALERT-S1_T34SGH_20240908T161551Z_20251215T211757Z_S1A_30_v0.1,https://hyp3-tibet-jpl-test-contentbucket-hratibh1y9pa.s3.us-west-2.amazonaws.com/9e6d8a18-d002-460f-8522-2e7c52f495a0/OPERA_L3_DIST-ALERT-S1_T34SGH_20240908T161551Z_20251215T211757Z_S1A_30_v0.1.png,2025-12-15T20:48:25+00:00,676.898,4.5,34SGH,1,23,4,none,False,transformer_v1_32,high,32,20,2024-09-08,29,2.5,4,best,none,False
park_fire_2024__2024-07-24__10TEK__transformer_v1_32-20mc,https://hyp3-tibet-jpl-test-contentbucket-hratibh1y9pa.s3.us-west-2.amazonaws.com/99f124da-8a2c-4471-a5cf-6115b8252245/OPERA_L3_DIST-ALERT-S1_T10TEK_20240921T140738Z_20251215T211851Z_S1A_30_v0.1.zip,s3://hyp3-tibet-jpl-test-contentbucket-hratibh1y9pa99f124da-8a2c-4471-a5cf-6115b8252245/OPERA_L3_DIST-ALERT-S1_T10TEK_20240921T140738Z_20251215T211851Z_S1A_30_v0.1,https://hyp3-tibet-jpl-test-contentbucket-hratibh1y9pa.s3.us-west-2.amazonaws.com/99f124da-8a2c-4471-a5cf-6115b8252245/OPERA_L3_DIST-ALERT-S1_T10TEK_20240921T140738Z_20251215T211851Z_S1A_30_v0.1.png,2025-12-15T20:48:25+00:00,764.851,4.5,10TEK,1,23,4,none,False,transformer_v1_32,high,32,20,2024-09-21,42,2.5,4,best,none,False
hokkaido_landslides_2018__2018-09-06__54TWN__transformer_v1_32-20mc,https://hyp3-tibet-jpl-test-contentbucket-hratibh1y9pa.s3.us-west-2.amazonaws.com/08a2a1f0-b33e-4a65-9b8d-0340e2508f19/OPERA_L3_DIST-ALERT-S1_T54TWN_20180824T204119Z_20251215T211727Z_S1A_30_v0.1.zip,s3://hyp3-tibet-jpl-test-contentbucket-hratibh1y9pa08a2a1f0-b33e-4a65-9b8d-0340e2508f19/OPERA_L3_DIST-ALERT-S1_T54TWN_20180824T204119Z_20251215T211727Z_S1A_30_v0.1,https://hyp3-tibet-jpl-test-contentbucket-hratibh1y9pa.s3.us-west-2.amazonaws.com/08a2a1f0-b33e-4a65-9b8d-0340e2508f19/OPERA_L3_DIST-ALERT-S1_T54TWN_20180824T204119Z_20251215T211727Z_S1A_30_v0.1.png,2025-12-15T20:48:25+00:00,698.02,4.5,54TWN,1,23,4,none,False,transformer_v1_32,high,32,20,2018-08-24,46,2.5,4,best,none,False
demak_flood_2024__2024-03-15__49MEN__transformer_v1_32-20mc,https://hyp3-tibet-jpl-test-contentbucket-hratibh1y9pa.s3.us-west-2.amazonaws.com/846e5324-f6f7-493f-9519-d3ec22965311/OPERA_L3_DIST-ALERT-S1_T49MEN_20240220T221748Z_20251215T211721Z_S1A_30_v0.1.zip,s3://hyp3-tibet-jpl-test-contentbucket-hratibh1y9pa846e5324-f6f7-493f-9519-d3ec22965311/OPERA_L3_DIST-ALERT-S1_T49MEN_20240220T221748Z_20251215T211721Z_S1A_30_v0.1,https://hyp3-tibet-jpl-test-contentbucket-hratibh1y9pa.s3.us-west-2.amazonaws.com/846e5324-f6f7-493f-9519-d3ec22965311/OPERA_L3_DIST-ALERT-S1_T49MEN_20240220T221748Z_20251215T211721Z_S1A_30_v0.1.png,2025-12-15T20:48:25+00:00,676.789,4.5,49MEN,1,23,4,none,False,transformer_v1_32,high,32,20,2024-02-20,76,2.5,4,best,none,False
bioko_fire_2024__2024-02-07__32NMJ__transformer_v1_32-20mc,https://hyp3-tibet-jpl-test-contentbucket-hratibh1y9pa.s3.us-west-2.amazonaws.com/d4a79c38-ac87-4a51-960a-efba7456377b/OPERA_L3_DIST-ALERT-S1_T32NMJ_20240324T174456Z_20251215T212051Z_S1A_30_v0.1.zip,s3://hyp3-tibet-jpl-test-contentbucket-hratibh1y9pad4a79c38-ac87-4a51-960a-efba7456377b/OPERA_L3_DIST-ALERT-S1_T32NMJ_20240324T174456Z_20251215T212051Z_S1A_30_v0.1,https://hyp3-tibet-jpl-test-contentbucket-hratibh1y9pa.s3.us-west-2.amazonaws.com/d4a79c38-ac87-4a51-960a-efba7456377b/OPERA_L3_DIST-ALERT-S1_T32NMJ_20240324T174456Z_20251215T212051Z_S1A_30_v0.1.png,2025-12-15T20:48:25+00:00,887.03,4.5,32NMJ,1,23,4,none,False,transformer_v1_32,high,32,20,2024-03-24,30,2.5,4,best,none,False
hokkaido_landslides_2018__2018-09-06__54TWN__transformer_v1_32-20mc,https://hyp3-tibet-jpl-test-contentbucket-hratibh1y9pa.s3.us-west-2.amazonaws.com/c758c0da-d3d8-4111-92a9-f2fcef062bdd/OPERA_L3_DIST-ALERT-S1_T54TWN_20180820T082650Z_20251215T211958Z_S1B_30_v0.1.zip,s3://hyp3-tibet-jpl-test-contentbucket-hratibh1y9pac758c0da-d3d8-4111-92a9-f2fcef062bdd/OPERA_L3_DIST-ALERT-S1_T54TWN_20180820T082650Z_20251215T211958Z_S1B_30_v0.1,https://hyp3-tibet-jpl-test-contentbucket-hratibh1y9pa.s3.us-west-2.amazonaws.com/c758c0da-d3d8-4111-92a9-f2fcef062bdd/OPERA_L3_DIST-ALERT-S1_T54TWN_20180820T082650Z_20251215T211958Z_S1B_30_v0.1.png,2025-12-15T20:48:25+00:00,852.286,4.5,54TWN,1,23,4,none,False,transformer_v1_32,high,32,20,2018-08-20,68,2.5,4,best,none,False
demak_flood_2024__2024-03-15__49MEN__transformer_v1_32-20mc,https://hyp3-tibet-jpl-test-contentbucket-hratibh1y9pa.s3.us-west-2.amazonaws.com/05160daa-0c73-4d0b-aa0d-fa5f7532be1b/OPERA_L3_DIST-ALERT-S1_T49MEN_20240315T221748Z_20251215T211721Z_S1A_30_v0.1.zip,s3://hyp3-tibet-jpl-test-contentbucket-hratibh1y9pa05160daa-0c73-4d0b-aa0d-fa5f7532be1b/OPERA_L3_DIST-ALERT-S1_T49MEN_20240315T221748Z_20251215T211721Z_S1A_30_v0.1,https://hyp3-tibet-jpl-test-contentbucket-hratibh1y9pa.s3.us-west-2.amazonaws.com/05160daa-0c73-4d0b-aa0d-fa5f7532be1b/OPERA_L3_DIST-ALERT-S1_T49MEN_20240315T221748Z_20251215T211721Z_S1A_30_v0.1.png,2025-12-15T20:48:25+00:00,678.858,4.5,49MEN,1,23,4,none,False,transformer_v1_32,high,32,20,2024-03-15,76,2.5,4,best,none,False
hokkaido_landslides_2018__2018-09-06__54TWN__transformer_v1_32-20mc,https://hyp3-tibet-jpl-test-contentbucket-hratibh1y9pa.s3.us-west-2.amazonaws.com/92daecac-a33c-41a4-9b0b-45dfeae251eb/OPERA_L3_DIST-ALERT-S1_T54TWN_20180819T203310Z_20251215T210940Z_S1A_30_v0.1.zip,s3://hyp3-tibet-jpl-test-contentbucket-hratibh1y9pa92daecac-a33c-41a4-9b0b-45dfeae251eb/OPERA_L3_DIST-ALERT-S1_T54TWN_20180819T203310Z_20251215T210940Z_S1A_30_v0.1,https://hyp3-tibet-jpl-test-contentbucket-hratibh1y9pa.s3.us-west-2.amazonaws.com/92daecac-a33c-41a4-9b0b-45dfeae251eb/OPERA_L3_DIST-ALERT-S1_T54TWN_20180819T203310Z_20251215T210940Z_S1A_30_v0.1.png,2025-12-15T20:48:25+00:00,217.276,4.5,54TWN,1,23,4,none,False,transformer_v1_32,high,32,20,2018-08-19,148,2.5,4,best,none,False
attica_fire_2024__2024-08-11__34SGH__transformer_v1_32-20mc,https://hyp3-tibet-jpl-test-contentbucket-hratibh1y9pa.s3.us-west-2.amazonaws.com/2252d838-dfc4-496a-b830-eae7d086e39b/OPERA_L3_DIST-ALERT-S1_T34SGH_20240919T043202Z_20251215T212934Z_S1A_30_v0.1.zip,s3://hyp3-tibet-jpl-test-contentbucket-hratibh1y9pa2252d838-dfc4-496a-b830-eae7d086e39b/OPERA_L3_DIST-ALERT-S1_T34SGH_20240919T043202Z_20251215T212934Z_S1A_30_v0.1,https://hyp3-tibet-jpl-test-contentbucket-hratibh1y9pa.s3.us-west-2.amazonaws.com/2252d838-dfc4-496a-b830-eae7d086e39b/OPERA_L3_DIST-ALERT-S1_T34SGH_20240919T043202Z_20251215T212934Z_S1A_30_v0.1.png,2025-12-15T20:48:25+00:00,1414.852,4.5,34SGH,1,23,4,none,False,transformer_v1_32,high,32,20,2024-09-19,7,2.5,4,best,none,False
papau_new_guinea_landslide_2024__2024-05-24__54MYV__transformer_v1_32-20mc,https://hyp3-tibet-jpl-test-contentbucket-hratibh1y9pa.s3.us-west-2.amazonaws.com/149e770a-05ae-4026-ab95-27b14466bec5/OPERA_L3_DIST-ALERT-S1_T54MYV_20240721T084741Z_20251215T213209Z_S1A_30_v0.1.zip,s3://hyp3-tibet-jpl-test-contentbucket-hratibh1y9pa149e770a-05ae-4026-ab95-27b14466bec5/OPERA_L3_DIST-ALERT-S1_T54MYV_20240721T084741Z_20251215T213209Z_S1A_30_v0.1,https://hyp3-tibet-jpl-test-contentbucket-hratibh1y9pa.s3.us-west-2.amazonaws.com/149e770a-05ae-4026-ab95-27b14466bec5/OPERA_L3_DIST-ALERT-S1_T54MYV_20240721T084741Z_20251215T213209Z_S1A_30_v0.1.png,2025-12-15T20:48:25+00:00,1603.745,4.5,54MYV,1,23,4,none,False,transformer_v1_32,high,32,20,2024-07-21,9,2.5,4,best,none,False
hokkaido_landslides_2018__2018-09-06__54TWN__transformer_v1_32-20mc,https://hyp3-tibet-jpl-test-contentbucket-hratibh1y9pa.s3.us-west-2.amazonaws.com/dee26ed0-a22c-434f-b9d3-7ea425b38b4f/OPERA_L3_DIST-ALERT-S1_T54TWN_20180812T204118Z_20251215T211550Z_S1A_30_v0.1.zip,s3://hyp3-tibet-jpl-test-contentbucket-hratibh1y9padee26ed0-a22c-434f-b9d3-7ea425b38b4f/OPERA_L3_DIST-ALERT-S1_T54TWN_20180812T204118Z_20251215T211550Z_S1A_30_v0.1,https://hyp3-tibet-jpl-test-contentbucket-hratibh1y9pa.s3.us-west-2.amazonaws.com/dee26ed0-a22c-434f-b9d3-7ea425b38b4f/OPERA_L3_DIST-ALERT-S1_T54TWN_20180812T204118Z_20251215T211550Z_S1A_30_v0.1.png,2025-12-15T20:48:25+00:00,625.318,4.5,54TWN,1,23,4,none,False,transformer_v1_32,high,32,20,2018-08-12,46,2.5,4,best,none,False
demak_flood_2024__2024-03-15__49MEN__transformer_v1_32-20mc,https://hyp3-tibet-jpl-test-contentbucket-hratibh1y9pa.s3.us-west-2.amazonaws.com/7055d6a6-274b-4312-99bf-a20e73bc7aad/OPERA_L3_DIST-ALERT-S1_T49MEN_20240407T105049Z_20251215T211307Z_S1A_30_v0.1.zip,s3://hyp3-tibet-jpl-test-contentbucket-hratibh1y9pa7055d6a6-274b-4312-99bf-a20e73bc7aad/OPERA_L3_DIST-ALERT-S1_T49MEN_20240407T105049Z_20251215T211307Z_S1A_30_v0.1,https://hyp3-tibet-jpl-test-contentbucket-hratibh1y9pa.s3.us-west-2.amazonaws.com/7055d6a6-274b-4312-99bf-a20e73bc7aad/OPERA_L3_DIST-ALERT-S1_T49MEN_20240407T105049Z_20251215T211307Z_S1A_30_v0.1.png,2025-12-15T20:48:25+00:00,454.811,4.5,49MEN,1,23,4,none,False,transformer_v1_32,high,32,20,2024-04-07,54,2.5,4,best,none,False
tuscany_flood_2023__2023-11-02__32TPP__transformer_v1_32-20mc,https://hyp3-tibet-jpl-test-contentbucket-hratibh1y9pa.s3.us-west-2.amazonaws.com/62d52376-252e-4f9a-9274-c3b1079dae3a/OPERA_L3_DIST-ALERT-S1_T32TPP_20231212T052001Z_20251215T213229Z_S1A_30_v0.1.zip,s3://hyp3-tibet-jpl-test-contentbucket-hratibh1y9pa62d52376-252e-4f9a-9274-c3b1079dae3a/OPERA_L3_DIST-ALERT-S1_T32TPP_20231212T052001Z_20251215T213229Z_S1A_30_v0.1,https://hyp3-tibet-jpl-test-contentbucket-hratibh1y9pa.s3.us-west-2.amazonaws.com/62d52376-252e-4f9a-9274-c3b1079dae3a/OPERA_L3_DIST-ALERT-S1_T32TPP_20231212T052001Z_20251215T213229Z_S1A_30_v0.1.png,2025-12-15T20:48:25+00:00,1624.884,4.5,32TPP,1,23,4,none,False,transformer_v1_32,high,32,20,2023-12-12,95,2.5,4,best,none,False
papau_new_guinea_landslide_2024__2024-05-24__54MYV__transformer_v1_32-20mc,https://hyp3-tibet-jpl-test-contentbucket-hratibh1y9pa.s3.us-west-2.amazonaws.com/d0653da3-3b7d-49f8-ae12-97c5c3ac5d41/OPERA_L3_DIST-ALERT-S1_T54MYV_20240616T201349Z_20251215T211329Z_S1A_30_v0.1.zip,s3://hyp3-tibet-jpl-test-contentbucket-hratibh1y9pad0653da3-3b7d-49f8-ae12-97c5c3ac5d41/OPERA_L3_DIST-ALERT-S1_T54MYV_20240616T201349Z_20251215T211329Z_S1A_30_v0.1,https://hyp3-tibet-jpl-test-contentbucket-hratibh1y9pa.s3.us-west-2.amazonaws.com/d0653da3-3b7d-49f8-ae12-97c5c3ac5d41/OPERA_L3_DIST-ALERT-S1_T54MYV_20240616T201349Z_20251215T211329Z_S1A_30_v0.1.png,2025-12-15T20:48:25+00:00,475.101,4.5,54MYV,1,23,4,none,False,transformer_v1_32,high,32,20,2024-06-16,31,2.5,4,best,none,False
papau_new_guinea_landslide_2024__2024-05-24__54MYV__transformer_v1_32-20mc,https://hyp3-tibet-jpl-test-contentbucket-hratibh1y9pa.s3.us-west-2.amazonaws.com/1cb08b6f-b793-41b9-8b5b-548fca7e9526/OPERA_L3_DIST-ALERT-S1_T54MYV_20240518T200541Z_20251215T212720Z_S1A_30_v0.1.zip,s3://hyp3-tibet-jpl-test-contentbucket-hratibh1y9pa1cb08b6f-b793-41b9-8b5b-548fca7e9526/OPERA_L3_DIST-ALERT-S1_T54MYV_20240518T200541Z_20251215T212720Z_S1A_30_v0.1,https://hyp3-tibet-jpl-test-contentbucket-hratibh1y9pa.s3.us-west-2.amazonaws.com/1cb08b6f-b793-41b9-8b5b-548fca7e9526/OPERA_L3_DIST-ALERT-S1_T54MYV_20240518T200541Z_20251215T212720Z_S1A_30_v0.1.png,2025-12-15T20:48:25+00:00,1323.838,4.5,54MYV,1,23,4,none,False,transformer_v1_32,high,32,20,2024-05-18,133,2.5,4,best,none,False
papau_new_guinea_landslide_2024__2024-05-24__54MYV__transformer_v1_32-20mc,https://hyp3-tibet-jpl-test-contentbucket-hratibh1y9pa.s3.us-west-2.amazonaws.com/d6e4118b-f1d5-4275-820e-6478642b4259/OPERA_L3_DIST-ALERT-S1_T54MYV_20240623T200539Z_20251215T213022Z_S1A_30_v0.1.zip,s3://hyp3-tibet-jpl-test-contentbucket-hratibh1y9pad6e4118b-f1d5-4275-820e-6478642b4259/OPERA_L3_DIST-ALERT-S1_T54MYV_20240623T200539Z_20251215T213022Z_S1A_30_v0.1,https://hyp3-tibet-jpl-test-contentbucket-hratibh1y9pa.s3.us-west-2.amazonaws.com/d6e4118b-f1d5-4275-820e-6478642b4259/OPERA_L3_DIST-ALERT-S1_T54MYV_20240623T200539Z_20251215T213022Z_S1A_30_v0.1.png,2025-12-15T20:48:25+00:00,1502.273,4.5,54MYV,1,23,4,none,False,transformer_v1_32,high,32,20,2024-06-23,133,2.5,4,best,none,False
chilcotin_river_landslide_and_flood_2024__2024-07-30__10UEC__transformer_v1_32-20mc,https://hyp3-tibet-jpl-test-contentbucket-hratibh1y9pa.s3.us-west-2.amazonaws.com/9da351af-ebe4-4a8b-acf3-baa91743b78d/OPERA_L3_DIST-ALERT-S1_T10UEC_20240730T020343Z_20251215T211832Z_S1A_30_v0.1.zip,s3://hyp3-tibet-jpl-test-contentbucket-hratibh1y9pa9da351af-ebe4-4a8b-acf3-baa91743b78d/OPERA_L3_DIST-ALERT-S1_T10UEC_20240730T020343Z_20251215T211832Z_S1A_30_v0.1,https://hyp3-tibet-jpl-test-contentbucket-hratibh1y9pa.s3.us-west-2.amazonaws.com/9da351af-ebe4-4a8b-acf3-baa91743b78d/OPERA_L3_DIST-ALERT-S1_T10UEC_20240730T020343Z_20251215T211832Z_S1A_30_v0.1.png,2025-12-15T20:48:25+00:00,794.391,4.5,10UEC,1,23,4,none,False,transformer_v1_32,high,32,20,2024-07-30,137,2.5,4,best,none,False
demak_flood_2024__2024-03-15__49MDN__transformer_v1_32-20mc,https://hyp3-tibet-jpl-test-contentbucket-hratibh1y9pa.s3.us-west-2.amazonaws.com/fd64f5ee-e625-441b-8398-e7dfa2811a68/OPERA_L3_DIST-ALERT-S1_T49MDN_20240412T105852Z_20251215T212648Z_S1A_30_v0.1.zip,s3://hyp3-tibet-jpl-test-contentbucket-hratibh1y9pafd64f5ee-e625-441b-8398-e7dfa2811a68/OPERA_L3_DIST-ALERT-S1_T49MDN_20240412T105852Z_20251215T212648Z_S1A_30_v0.1,https://hyp3-tibet-jpl-test-contentbucket-hratibh1y9pa.s3.us-west-2.amazonaws.com/fd64f5ee-e625-441b-8398-e7dfa2811a68/OPERA_L3_DIST-ALERT-S1_T49MDN_20240412T105852Z_20251215T212648Z_S1A_30_v0.1.png,2025-12-15T20:48:25+00:00,1324.845,4.5,49MDN,1,23,4,none,False,transformer_v1_32,high,32,20,2024-04-12,127,2.5,4,best,none,False
park_fire_2024__2024-07-24__10TFK__transformer_v1_32-20mc,https://hyp3-tibet-jpl-test-contentbucket-hratibh1y9pa.s3.us-west-2.amazonaws.com/ce1c870c-887f-4339-81bf-4d0790a50356/OPERA_L3_DIST-ALERT-S1_T10TFK_20240902T141544Z_20251215T212228Z_S1A_30_v0.1.zip,s3://hyp3-tibet-jpl-test-contentbucket-hratibh1y9pace1c870c-887f-4339-81bf-4d0790a50356/OPERA_L3_DIST-ALERT-S1_T10TFK_20240902T141544Z_20251215T212228Z_S1A_30_v0.1,https://hyp3-tibet-jpl-test-contentbucket-hratibh1y9pa.s3.us-west-2.amazonaws.com/ce1c870c-887f-4339-81bf-4d0790a50356/OPERA_L3_DIST-ALERT-S1_T10TFK_20240902T141544Z_20251215T212228Z_S1A_30_v0.1.png,2025-12-15T20:48:25+00:00,1061.055,4.5,10TFK,1,23,4,none,False,transformer_v1_32,high,32,20,2024-09-02,115,2.5,4,best,none,False
tuscany_flood_2023__2023-11-02__32TPP__transformer_v1_32-20mc,https://hyp3-tibet-jpl-test-contentbucket-hratibh1y9pa.s3.us-west-2.amazonaws.com/82d4b294-91df-4b71-9091-c40d5625a3aa/OPERA_L3_DIST-ALERT-S1_T32TPP_20231119T170644Z_20251215T213415Z_S1A_30_v0.1.zip,s3://hyp3-tibet-jpl-test-contentbucket-hratibh1y9pa82d4b294-91df-4b71-9091-c40d5625a3aa/OPERA_L3_DIST-ALERT-S1_T32TPP_20231119T170644Z_20251215T213415Z_S1A_30_v0.1,https://hyp3-tibet-jpl-test-contentbucket-hratibh1y9pa.s3.us-west-2.amazonaws.com/82d4b294-91df-4b71-9091-c40d5625a3aa/OPERA_L3_DIST-ALERT-S1_T32TPP_20231119T170644Z_20251215T213415Z_S1A_30_v0.1.png,2025-12-15T20:48:25+00:00,1765.637,4.5,32TPP,1,23,4,none,False,transformer_v1_32,high,32,20,2023-11-19,117,2.5,4,best,none,False
attica_fire_2024__2024-08-11__34SGH__transformer_v1_32-20mc,https://hyp3-tibet-jpl-test-contentbucket-hratibh1y9pa.s3.us-west-2.amazonaws.com/94019a17-e708-487e-883c-07c424ad2337/OPERA_L3_DIST-ALERT-S1_T34SGH_20240808T162358Z_20251215T213211Z_S1A_30_v0.1.zip,s3://hyp3-tibet-jpl-test-contentbucket-hratibh1y9pa94019a17-e708-487e-883c-07c424ad2337/OPERA_L3_DIST-ALERT-S1_T34SGH_20240808T162358Z_20251215T213211Z_S1A_30_v0.1,https://hyp3-tibet-jpl-test-contentbucket-hratibh1y9pa.s3.us-west-2.amazonaws.com/94019a17-e708-487e-883c-07c424ad2337/OPERA_L3_DIST-ALERT-S1_T34SGH_20240808T162358Z_20251215T213211Z_S1A_30_v0.1.png,2025-12-15T20:48:25+00:00,1644.426,4.5,34SGH,1,23,4,none,False,transformer_v1_32,high,32,20,2024-08-08,102,2.5,4,best,none,False
park_fire_2024__2024-07-24__10TFK__transformer_v1_32-20mc,https://hyp3-tibet-jpl-test-contentbucket-hratibh1y9pa.s3.us-west-2.amazonaws.com/78d7a6e1-dd44-477a-b441-6770055eda15/OPERA_L3_DIST-ALERT-S1_T10TFK_20240909T020841Z_20251215T211632Z_S1A_30_v0.1.zip,s3://hyp3-tibet-jpl-test-contentbucket-hratibh1y9pa78d7a6e1-dd44-477a-b441-6770055eda15/OPERA_L3_DIST-ALERT-S1_T10TFK_20240909T020841Z_20251215T211632Z_S1A_30_v0.1,https://hyp3-tibet-jpl-test-contentbucket-hratibh1y9pa.s3.us-west-2.amazonaws.com/78d7a6e1-dd44-477a-b441-6770055eda15/OPERA_L3_DIST-ALERT-S1_T10TFK_20240909T020841Z_20251215T211632Z_S1A_30_v0.1.png,2025-12-15T20:48:25+00:00,730.088,4.5,10TFK,1,23,4,none,False,transformer_v1_32,high,32,20,2024-09-09,35,2.5,4,best,none,False
demak_flood_2024__2024-03-15__49MEN__transformer_v1_32-20mc,https://hyp3-tibet-jpl-test-contentbucket-hratibh1y9pa.s3.us-west-2.amazonaws.com/f44ccc0e-c884-4df2-9d5a-086d2129b973/OPERA_L3_DIST-ALERT-S1_T49MEN_20240424T105849Z_20251215T212805Z_S1A_30_v0.1.zip,s3://hyp3-tibet-jpl-test-contentbucket-hratibh1y9paf44ccc0e-c884-4df2-9d5a-086d2129b973/OPERA_L3_DIST-ALERT-S1_T49MEN_20240424T105849Z_20251215T212805Z_S1A_30_v0.1,https://hyp3-tibet-jpl-test-contentbucket-hratibh1y9pa.s3.us-west-2.amazonaws.com/f44ccc0e-c884-4df2-9d5a-086d2129b973/OPERA_L3_DIST-ALERT-S1_T49MEN_20240424T105849Z_20251215T212805Z_S1A_30_v0.1.png,2025-12-15T20:48:25+00:00,1431.28,4.5,49MEN,1,23,4,none,False,transformer_v1_32,high,32,20,2024-04-24,127,2.5,4,best,none,False
tuscany_flood_2023__2023-11-02__32TPP__transformer_v1_32-20mc,https://hyp3-tibet-jpl-test-contentbucket-hratibh1y9pa.s3.us-west-2.amazonaws.com/d1c1c209-3ce9-4030-a200-2eff1dde7295/OPERA_L3_DIST-ALERT-S1_T32TPP_20231213T170643Z_20251215T213015Z_S1A_30_v0.1.zip,s3://hyp3-tibet-jpl-test-contentbucket-hratibh1y9pad1c1c209-3ce9-4030-a200-2eff1dde7295/OPERA_L3_DIST-ALERT-S1_T32TPP_20231213T170643Z_20251215T213015Z_S1A_30_v0.1,https://hyp3-tibet-jpl-test-contentbucket-hratibh1y9pa.s3.us-west-2.amazonaws.com/d1c1c209-3ce9-4030-a200-2eff1dde7295/OPERA_L3_DIST-ALERT-S1_T32TPP_20231213T170643Z_20251215T213015Z_S1A_30_v0.1.png,2025-12-15T20:48:25+00:00,1557.067,4.5,32TPP,1,23,4,none,False,transformer_v1_32,high,32,20,2023-12-13,117,2.5,4,best,none,False
attica_fire_2024__2024-08-11__34SGH__transformer_v1_32-20mc,https://hyp3-tibet-jpl-test-contentbucket-hratibh1y9pa.s3.us-west-2.amazonaws.com/c301963a-7d5e-4dfd-8513-55ff23a22ba5/OPERA_L3_DIST-ALERT-S1_T34SGH_20240914T042354Z_20251215T211957Z_S1A_30_v0.1.zip,s3://hyp3-tibet-jpl-test-contentbucket-hratibh1y9pac301963a-7d5e-4dfd-8513-55ff23a22ba5/OPERA_L3_DIST-ALERT-S1_T34SGH_20240914T042354Z_20251215T211957Z_S1A_30_v0.1,https://hyp3-tibet-jpl-test-contentbucket-hratibh1y9pa.s3.us-west-2.amazonaws.com/c301963a-7d5e-4dfd-8513-55ff23a22ba5/OPERA_L3_DIST-ALERT-S1_T34SGH_20240914T042354Z_20251215T211957Z_S1A_30_v0.1.png,2025-12-15T20:48:25+00:00,934.453,4.5,34SGH,1,23,4,none,False,transformer_v1_32,high,32,20,2024-09-14,109,2.5,4,best,none,False
tuscany_flood_2023__2023-11-02__32TPP__transformer_v1_32-20mc,https://hyp3-tibet-jpl-test-contentbucket-hratibh1y9pa.s3.us-west-2.amazonaws.com/2eabbea0-2b80-42ff-9518-835226f55eec/OPERA_L3_DIST-ALERT-S1_T32TPP_20231230T171451Z_20251215T212717Z_S1A_30_v0.1.zip,s3://hyp3-tibet-jpl-test-contentbucket-hratibh1y9pa2eabbea0-2b80-42ff-9518-835226f55eec/OPERA_L3_DIST-ALERT-S1_T32TPP_20231230T171451Z_20251215T212717Z_S1A_30_v0.1,https://hyp3-tibet-jpl-test-contentbucket-hratibh1y9pa.s3.us-west-2.amazonaws.com/2eabbea0-2b80-42ff-9518-835226f55eec/OPERA_L3_DIST-ALERT-S1_T32TPP_20231230T171451Z_20251215T212717Z_S1A_30_v0.1.png,2025-12-15T20:48:25+00:00,1383.178,4.5,32TPP,1,23,4,none,False,transformer_v1_32,high,32,20,2023-12-30,15,2.5,4,best,none,False
bioko_fire_2024__2024-02-07__32NMJ__transformer_v1_32-20mc,https://hyp3-tibet-jpl-test-contentbucket-hratibh1y9pa.s3.us-west-2.amazonaws.com/3fe442ff-f59c-4804-90b6-f464d2356129/OPERA_L3_DIST-ALERT-S1_T32NMJ_20240319T051441Z_20251215T211227Z_S1A_30_v0.1.zip,s3://hyp3-tibet-jpl-test-contentbucket-hratibh1y9pa3fe442ff-f59c-4804-90b6-f464d2356129/OPERA_L3_DIST-ALERT-S1_T32NMJ_20240319T051441Z_20251215T211227Z_S1A_30_v0.1,https://hyp3-tibet-jpl-test-contentbucket-hratibh1y9pa.s3.us-west-2.amazonaws.com/3fe442ff-f59c-4804-90b6-f464d2356129/OPERA_L3_DIST-ALERT-S1_T32NMJ_20240319T051441Z_20251215T211227Z_S1A_30_v0.1.png,2025-12-15T20:48:25+00:00,484.674,4.5,32NMJ,1,23,4,none,False,transformer_v1_32,high,32,20,2024-03-19,124,2.5,4,best,none,False
hokkaido_landslides_2018__2018-09-06__54TWN__transformer_v1_32-20mc,https://hyp3-tibet-jpl-test-contentbucket-hratibh1y9pa.s3.us-west-2.amazonaws.com/1482e4b6-6878-4b67-ad7b-a4c37414abf8/OPERA_L3_DIST-ALERT-S1_T54TWN_20180912T203311Z_20251215T210819Z_S1A_30_v0.1.zip,s3://hyp3-tibet-jpl-test-contentbucket-hratibh1y9pa1482e4b6-6878-4b67-ad7b-a4c37414abf8/OPERA_L3_DIST-ALERT-S1_T54TWN_20180912T203311Z_20251215T210819Z_S1A_30_v0.1,https://hyp3-tibet-jpl-test-contentbucket-hratibh1y9pa.s3.us-west-2.amazonaws.com/1482e4b6-6878-4b67-ad7b-a4c37414abf8/OPERA_L3_DIST-ALERT-S1_T54TWN_20180912T203311Z_20251215T210819Z_S1A_30_v0.1.png,2025-12-15T20:48:25+00:00,239.699,4.5,54TWN,1,23,4,none,False,transformer_v1_32,high,32,20,2018-09-12,148,2.5,4,best,none,False
demak_flood_2024__2024-03-15__49MEN__transformer_v1_32-20mc,https://hyp3-tibet-jpl-test-contentbucket-hratibh1y9pa.s3.us-west-2.amazonaws.com/eef2aae0-4c8d-4ffd-ab4e-0027d97b8f8e/OPERA_L3_DIST-ALERT-S1_T49MEN_20240502T221749Z_20251215T211654Z_S1A_30_v0.1.zip,s3://hyp3-tibet-jpl-test-contentbucket-hratibh1y9paeef2aae0-4c8d-4ffd-ab4e-0027d97b8f8e/OPERA_L3_DIST-ALERT-S1_T49MEN_20240502T221749Z_20251215T211654Z_S1A_30_v0.1,https://hyp3-tibet-jpl-test-contentbucket-hratibh1y9pa.s3.us-west-2.amazonaws.com/eef2aae0-4c8d-4ffd-ab4e-0027d97b8f8e/OPERA_L3_DIST-ALERT-S1_T49MEN_20240502T221749Z_20251215T211654Z_S1A_30_v0.1.png,2025-12-15T20:48:25+00:00,786.584,4.5,49MEN,1,23,4,none,False,transformer_v1_32,high,32,20,2024-05-02,76,2.5,4,best,none,False
chilcotin_river_landslide_and_flood_2024__2024-07-30__10UEC__transformer_v1_32-20mc,https://hyp3-tibet-jpl-test-contentbucket-hratibh1y9pa.s3.us-west-2.amazonaws.com/fb45ccf6-705a-4c17-b178-dbbe19dc7441/OPERA_L3_DIST-ALERT-S1_T10UEC_20240919T142048Z_20251215T212226Z_S1A_30_v0.1.zip,s3://hyp3-tibet-jpl-test-contentbucket-hratibh1y9pafb45ccf6-705a-4c17-b178-dbbe19dc7441/OPERA_L3_DIST-ALERT-S1_T10UEC_20240919T142048Z_20251215T212226Z_S1A_30_v0.1,https://hyp3-tibet-jpl-test-contentbucket-hratibh1y9pa.s3.us-west-2.amazonaws.com/fb45ccf6-705a-4c17-b178-dbbe19dc7441/OPERA_L3_DIST-ALERT-S1_T10UEC_20240919T142048Z_20251215T212226Z_S1A_30_v0.1.png,2025-12-15T20:48:25+00:00,1122.911,4.5,10UEC,1,23,4,none,False,transformer_v1_32,high,32,20,2024-09-19,13,2.5,4,best,none,False
attica_fire_2024__2024-08-11__34SGH__transformer_v1_32-20mc,https://hyp3-tibet-jpl-test-contentbucket-hratibh1y9pa.s3.us-west-2.amazonaws.com/d3ea1f20-a66f-4b5e-bd16-cf9b63b314a6/OPERA_L3_DIST-ALERT-S1_T34SGH_20240715T162359Z_20251215T212846Z_S1A_30_v0.1.zip,s3://hyp3-tibet-jpl-test-contentbucket-hratibh1y9pad3ea1f20-a66f-4b5e-bd16-cf9b63b314a6/OPERA_L3_DIST-ALERT-S1_T34SGH_20240715T162359Z_20251215T212846Z_S1A_30_v0.1,https://hyp3-tibet-jpl-test-contentbucket-hratibh1y9pa.s3.us-west-2.amazonaws.com/d3ea1f20-a66f-4b5e-bd16-cf9b63b314a6/OPERA_L3_DIST-ALERT-S1_T34SGH_20240715T162359Z_20251215T212846Z_S1A_30_v0.1.png,2025-12-15T20:48:25+00:00,1506.915,4.5,34SGH,1,23,4,none,False,transformer_v1_32,high,32,20,2024-07-15,102,2.5,4,best,none,False
demak_flood_2024__2024-03-15__49MDN__transformer_v1_32-20mc,https://hyp3-tibet-jpl-test-contentbucket-hratibh1y9pa.s3.us-west-2.amazonaws.com/9cae95d1-49f8-4613-83d8-d583c9eceafd/OPERA_L3_DIST-ALERT-S1_T49MDN_20240424T105853Z_20251215T212441Z_S1A_30_v0.1.zip,s3://hyp3-tibet-jpl-test-contentbucket-hratibh1y9pa9cae95d1-49f8-4613-83d8-d583c9eceafd/OPERA_L3_DIST-ALERT-S1_T49MDN_20240424T105853Z_20251215T212441Z_S1A_30_v0.1,https://hyp3-tibet-jpl-test-contentbucket-hratibh1y9pa.s3.us-west-2.amazonaws.com/9cae95d1-49f8-4613-83d8-d583c9eceafd/OPERA_L3_DIST-ALERT-S1_T49MDN_20240424T105853Z_20251215T212441Z_S1A_30_v0.1.png,2025-12-15T20:48:25+00:00,1265.246,4.5,49MDN,1,23,4,none,False,transformer_v1_32,high,32,20,2024-04-24,127,2.5,4,best,none,False
park_fire_2024__2024-07-24__10TEK__transformer_v1_32-20mc,https://hyp3-tibet-jpl-test-contentbucket-hratibh1y9pa.s3.us-west-2.amazonaws.com/efa4a7ed-2b81-47bd-971f-51f529aa8a5f/OPERA_L3_DIST-ALERT-S1_T10TEK_20240902T141547Z_20251215T212827Z_S1A_30_v0.1.zip,s3://hyp3-tibet-jpl-test-contentbucket-hratibh1y9paefa4a7ed-2b81-47bd-971f-51f529aa8a5f/OPERA_L3_DIST-ALERT-S1_T10TEK_20240902T141547Z_20251215T212827Z_S1A_30_v0.1,https://hyp3-tibet-jpl-test-contentbucket-hratibh1y9pa.s3.us-west-2.amazonaws.com/efa4a7ed-2b81-47bd-971f-51f529aa8a5f/OPERA_L3_DIST-ALERT-S1_T10TEK_20240902T141547Z_20251215T212827Z_S1A_30_v0.1.png,2025-12-15T20:48:25+00:00,1487.4,4.5,10TEK,1,23,4,none,False,transformer_v1_32,high,32,20,2024-09-02,115,2.5,4,best,none,False
demak_flood_2024__2024-03-15__49MEN__transformer_v1_32-20mc,https://hyp3-tibet-jpl-test-contentbucket-hratibh1y9pa.s3.us-west-2.amazonaws.com/f9e7f38b-ffb5-40de-bf46-900e0bf1ab0a/OPERA_L3_DIST-ALERT-S1_T49MEN_20240319T105848Z_20251215T212435Z_S1A_30_v0.1.zip,s3://hyp3-tibet-jpl-test-contentbucket-hratibh1y9paf9e7f38b-ffb5-40de-bf46-900e0bf1ab0a/OPERA_L3_DIST-ALERT-S1_T49MEN_20240319T105848Z_20251215T212435Z_S1A_30_v0.1,https://hyp3-tibet-jpl-test-contentbucket-hratibh1y9pa.s3.us-west-2.amazonaws.com/f9e7f38b-ffb5-40de-bf46-900e0bf1ab0a/OPERA_L3_DIST-ALERT-S1_T49MEN_20240319T105848Z_20251215T212435Z_S1A_30_v0.1.png,2025-12-15T20:48:25+00:00,1260.383,4.5,49MEN,1,23,4,none,False,transformer_v1_32,high,32,20,2024-03-19,127,2.5,4,best,none,False
tuscany_flood_2023__2023-11-02__32TPP__transformer_v1_32-20mc,https://hyp3-tibet-jpl-test-contentbucket-hratibh1y9pa.s3.us-west-2.amazonaws.com/e6267b60-ee0d-4e4e-82a8-42340de9e98e/OPERA_L3_DIST-ALERT-S1_T32TPP_20231031T171453Z_20251215T213106Z_S1A_30_v0.1.zip,s3://hyp3-tibet-jpl-test-contentbucket-hratibh1y9pae6267b60-ee0d-4e4e-82a8-42340de9e98e/OPERA_L3_DIST-ALERT-S1_T32TPP_20231031T171453Z_20251215T213106Z_S1A_30_v0.1,https://hyp3-tibet-jpl-test-contentbucket-hratibh1y9pa.s3.us-west-2.amazonaws.com/e6267b60-ee0d-4e4e-82a8-42340de9e98e/OPERA_L3_DIST-ALERT-S1_T32TPP_20231031T171453Z_20251215T213106Z_S1A_30_v0.1.png,2025-12-15T20:48:25+00:00,1655.851,4.5,32TPP,1,23,4,none,False,transformer_v1_32,high,32,20,2023-10-31,15,2.5,4,best,none,False
chilcotin_river_landslide_and_flood_2024__2024-07-30__10UEC__transformer_v1_32-20mc,https://hyp3-tibet-jpl-test-contentbucket-hratibh1y9pa.s3.us-west-2.amazonaws.com/76a49029-31e5-4c32-bb1b-c1df189eb978/OPERA_L3_DIST-ALERT-S1_T10UEC_20240811T020343Z_20251215T211625Z_S1A_30_v0.1.zip,s3://hyp3-tibet-jpl-test-contentbucket-hratibh1y9pa76a49029-31e5-4c32-bb1b-c1df189eb978/OPERA_L3_DIST-ALERT-S1_T10UEC_20240811T020343Z_20251215T211625Z_S1A_30_v0.1,https://hyp3-tibet-jpl-test-contentbucket-hratibh1y9pa.s3.us-west-2.amazonaws.com/76a49029-31e5-4c32-bb1b-c1df189eb978/OPERA_L3_DIST-ALERT-S1_T10UEC_20240811T020343Z_20251215T211625Z_S1A_30_v0.1.png,2025-12-15T20:48:25+00:00,762.674,4.5,10UEC,1,23,4,none,False,transformer_v1_32,high,32,20,2024-08-11,137,2.5,4,best,none,False
demak_flood_2024__2024-03-15__49MDN__transformer_v1_32-20mc,https://hyp3-tibet-jpl-test-contentbucket-hratibh1y9pa.s3.us-west-2.amazonaws.com/50099bdc-d110-4079-b3be-e4b621d27880/OPERA_L3_DIST-ALERT-S1_T49MDN_20240502T221749Z_20251215T212522Z_S1A_30_v0.1.zip,s3://hyp3-tibet-jpl-test-contentbucket-hratibh1y9pa50099bdc-d110-4079-b3be-e4b621d27880/OPERA_L3_DIST-ALERT-S1_T49MDN_20240502T221749Z_20251215T212522Z_S1A_30_v0.1,https://hyp3-tibet-jpl-test-contentbucket-hratibh1y9pa.s3.us-west-2.amazonaws.com/50099bdc-d110-4079-b3be-e4b621d27880/OPERA_L3_DIST-ALERT-S1_T49MDN_20240502T221749Z_20251215T212522Z_S1A_30_v0.1.png,2025-12-15T20:48:25+00:00,1300.818,4.5,49MDN,1,23,4,none,False,transformer_v1_32,high,32,20,2024-05-02,76,2.5,4,best,none,False
tuscany_flood_2023__2023-11-02__32TPP__transformer_v1_32-20mc,https://hyp3-tibet-jpl-test-contentbucket-hratibh1y9pa.s3.us-west-2.amazonaws.com/4a6d1fa6-ed35-47f1-89c9-0265b12e47e8/OPERA_L3_DIST-ALERT-S1_T32TPP_20231224T052000Z_20251215T212625Z_S1A_30_v0.1.zip,s3://hyp3-tibet-jpl-test-contentbucket-hratibh1y9pa4a6d1fa6-ed35-47f1-89c9-0265b12e47e8/OPERA_L3_DIST-ALERT-S1_T32TPP_20231224T052000Z_20251215T212625Z_S1A_30_v0.1,https://hyp3-tibet-jpl-test-contentbucket-hratibh1y9pa.s3.us-west-2.amazonaws.com/4a6d1fa6-ed35-47f1-89c9-0265b12e47e8/OPERA_L3_DIST-ALERT-S1_T32TPP_20231224T052000Z_20251215T212625Z_S1A_30_v0.1.png,2025-12-15T20:48:25+00:00,1395.712,4.5,32TPP,1,23,4,none,False,transformer_v1_32,high,32,20,2023-12-24,95,2.5,4,best,none,False
bioko_fire_2024__2024-02-07__32NMJ__transformer_v1_32-20mc,https://hyp3-tibet-jpl-test-contentbucket-hratibh1y9pa.s3.us-west-2.amazonaws.com/12652215-e189-4577-9821-8744651db861/OPERA_L3_DIST-ALERT-S1_T32NMJ_20240212T173650Z_20251215T210832Z_S1A_30_v0.1.zip,s3://hyp3-tibet-jpl-test-contentbucket-hratibh1y9pa12652215-e189-4577-9821-8744651db861/OPERA_L3_DIST-ALERT-S1_T32NMJ_20240212T173650Z_20251215T210832Z_S1A_30_v0.1,https://hyp3-tibet-jpl-test-contentbucket-hratibh1y9pa.s3.us-west-2.amazonaws.com/12652215-e189-4577-9821-8744651db861/OPERA_L3_DIST-ALERT-S1_T32NMJ_20240212T173650Z_20251215T210832Z_S1A_30_v0.1.png,2025-12-15T20:48:25+00:00,347.687,4.5,32NMJ,1,23,4,none,False,transformer_v1_32,high,32,20,2024-02-12,132,2.5,4,best,none,False
papau_new_guinea_landslide_2024__2024-05-24__54MYV__transformer_v1_32-20mc,https://hyp3-tibet-jpl-test-contentbucket-hratibh1y9pa.s3.us-west-2.amazonaws.com/d46b365c-ea07-40a6-ace4-3c84561f8c26/OPERA_L3_DIST-ALERT-S1_T54MYV_20240717T200538Z_20251215T213022Z_S1A_30_v0.1.zip,s3://hyp3-tibet-jpl-test-contentbucket-hratibh1y9pad46b365c-ea07-40a6-ace4-3c84561f8c26/OPERA_L3_DIST-ALERT-S1_T54MYV_20240717T200538Z_20251215T213022Z_S1A_30_v0.1,https://hyp3-tibet-jpl-test-contentbucket-hratibh1y9pa.s3.us-west-2.amazonaws.com/d46b365c-ea07-40a6-ace4-3c84561f8c26/OPERA_L3_DIST-ALERT-S1_T54MYV_20240717T200538Z_20251215T213022Z_S1A_30_v0.1.png,2025-12-15T20:48:25+00:00,1671.429,4.5,54MYV,1,23,4,none,False,transformer_v1_32,high,32,20,2024-07-17,133,2.5,4,best,none,False
attica_fire_2024__2024-08-11__34SGH__transformer_v1_32-20mc,https://hyp3-tibet-jpl-test-contentbucket-hratibh1y9pa.s3.us-west-2.amazonaws.com/15784adc-3026-4f62-b68a-1e278fb494e2/OPERA_L3_DIST-ALERT-S1_T34SGH_20241002T161552Z_20251215T211846Z_S1A_30_v0.1.zip,s3://hyp3-tibet-jpl-test-contentbucket-hratibh1y9pa15784adc-3026-4f62-b68a-1e278fb494e2/OPERA_L3_DIST-ALERT-S1_T34SGH_20241002T161552Z_20251215T211846Z_S1A_30_v0.1,https://hyp3-tibet-jpl-test-contentbucket-hratibh1y9pa.s3.us-west-2.amazonaws.com/15784adc-3026-4f62-b68a-1e278fb494e2/OPERA_L3_DIST-ALERT-S1_T34SGH_20241002T161552Z_20251215T211846Z_S1A_30_v0.1.png,2025-12-15T20:48:25+00:00,967.127,4.5,34SGH,1,23,4,none,False,transformer_v1_32,high,32,20,2024-10-02,29,2.5,4,best,none,False
bioko_fire_2024__2024-02-07__32NMJ__transformer_v1_32-20mc,https://hyp3-tibet-jpl-test-contentbucket-hratibh1y9pa.s3.us-west-2.amazonaws.com/aabee412-80ca-4e51-a5f6-488d5308b31d/OPERA_L3_DIST-ALERT-S1_T32NMJ_20240119T173650Z_20251215T210755Z_S1A_30_v0.1.zip,s3://hyp3-tibet-jpl-test-contentbucket-hratibh1y9paaabee412-80ca-4e51-a5f6-488d5308b31d/OPERA_L3_DIST-ALERT-S1_T32NMJ_20240119T173650Z_20251215T210755Z_S1A_30_v0.1,https://hyp3-tibet-jpl-test-contentbucket-hratibh1y9pa.s3.us-west-2.amazonaws.com/aabee412-80ca-4e51-a5f6-488d5308b31d/OPERA_L3_DIST-ALERT-S1_T32NMJ_20240119T173650Z_20251215T210755Z_S1A_30_v0.1.png,2025-12-15T20:48:25+00:00,312.877,4.5,32NMJ,1,23,4,none,False,transformer_v1_32,high,32,20,2024-01-19,132,2.5,4,best,none,False
tuscany_flood_2023__2023-11-02__32TPP__transformer_v1_32-20mc,https://hyp3-tibet-jpl-test-contentbucket-hratibh1y9pa.s3.us-west-2.amazonaws.com/c8e85993-04e1-4eca-a40f-f485abaf4b5a/OPERA_L3_DIST-ALERT-S1_T32TPP_20231225T170642Z_20251215T212917Z_S1A_30_v0.1.zip,s3://hyp3-tibet-jpl-test-contentbucket-hratibh1y9pac8e85993-04e1-4eca-a40f-f485abaf4b5a/OPERA_L3_DIST-ALERT-S1_T32TPP_20231225T170642Z_20251215T212917Z_S1A_30_v0.1,https://hyp3-tibet-jpl-test-contentbucket-hratibh1y9pa.s3.us-west-2.amazonaws.com/c8e85993-04e1-4eca-a40f-f485abaf4b5a/OPERA_L3_DIST-ALERT-S1_T32TPP_20231225T170642Z_20251215T212917Z_S1A_30_v0.1.png,2025-12-15T20:48:25+00:00,1613.32,4.5,32TPP,1,23,4,none,False,transformer_v1_32,high,32,20,2023-12-25,117,2.5,4,best,none,False
chilcotin_river_landslide_and_flood_2024__2024-07-30__10UEC__transformer_v1_32-20mc,https://hyp3-tibet-jpl-test-contentbucket-hratibh1y9pa.s3.us-west-2.amazonaws.com/d3d11fb1-de49-44c0-ad0b-e49ec5cdc224/OPERA_L3_DIST-ALERT-S1_T10UEC_20240826T142048Z_20251215T212224Z_S1A_30_v0.1.zip,s3://hyp3-tibet-jpl-test-contentbucket-hratibh1y9pad3d11fb1-de49-44c0-ad0b-e49ec5cdc224/OPERA_L3_DIST-ALERT-S1_T10UEC_20240826T142048Z_20251215T212224Z_S1A_30_v0.1,https://hyp3-tibet-jpl-test-contentbucket-hratibh1y9pa.s3.us-west-2.amazonaws.com/d3d11fb1-de49-44c0-ad0b-e49ec5cdc224/OPERA_L3_DIST-ALERT-S1_T10UEC_20240826T142048Z_20251215T212224Z_S1A_30_v0.1.png,2025-12-15T20:48:25+00:00,1192.465,4.5,10UEC,1,23,4,none,False,transformer_v1_32,high,32,20,2024-08-26,13,2.5,4,best,none,False
demak_flood_2024__2024-03-15__49MDN__transformer_v1_32-20mc,https://hyp3-tibet-jpl-test-contentbucket-hratibh1y9pa.s3.us-west-2.amazonaws.com/29f2e6e9-43dc-45d0-93ff-47f9907c91d4/OPERA_L3_DIST-ALERT-S1_T49MDN_20240511T110702Z_20251215T211230Z_S1A_30_v0.1.zip,s3://hyp3-tibet-jpl-test-contentbucket-hratibh1y9pa29f2e6e9-43dc-45d0-93ff-47f9907c91d4/OPERA_L3_DIST-ALERT-S1_T49MDN_20240511T110702Z_20251215T211230Z_S1A_30_v0.1,https://hyp3-tibet-jpl-test-contentbucket-hratibh1y9pa.s3.us-west-2.amazonaws.com/29f2e6e9-43dc-45d0-93ff-47f9907c91d4/OPERA_L3_DIST-ALERT-S1_T49MDN_20240511T110702Z_20251215T211230Z_S1A_30_v0.1.png,2025-12-15T20:48:25+00:00,593.153,4.5,49MDN,1,23,4,none,False,transformer_v1_32,high,32,20,2024-05-11,25,2.5,4,best,none,False
park_fire_2024__2024-07-24__10TFK__transformer_v1_32-20mc,https://hyp3-tibet-jpl-test-contentbucket-hratibh1y9pa.s3.us-west-2.amazonaws.com/004f0f05-c2b6-412c-aa49-6b8c7fa48320/OPERA_L3_DIST-ALERT-S1_T10TFK_20240914T141545Z_20251215T211513Z_S1A_30_v0.1.zip,s3://hyp3-tibet-jpl-test-contentbucket-hratibh1y9pa004f0f05-c2b6-412c-aa49-6b8c7fa48320/OPERA_L3_DIST-ALERT-S1_T10TFK_20240914T141545Z_20251215T211513Z_S1A_30_v0.1,https://hyp3-tibet-jpl-test-contentbucket-hratibh1y9pa.s3.us-west-2.amazonaws.com/004f0f05-c2b6-412c-aa49-6b8c7fa48320/OPERA_L3_DIST-ALERT-S1_T10TFK_20240914T141545Z_20251215T211513Z_S1A_30_v0.1.png,2025-12-15T20:48:25+00:00,760.658,4.5,10TFK,1,23,4,none,False,transformer_v1_32,high,32,20,2024-09-14,115,2.5,4,best,none,False
park_fire_2024__2024-07-24__10TFK__transformer_v1_32-20mc,https://hyp3-tibet-jpl-test-contentbucket-hratibh1y9pa.s3.us-west-2.amazonaws.com/8e22b365-5bbd-43c3-81f3-ccf001094d4b/OPERA_L3_DIST-ALERT-S1_T10TFK_20240909T140735Z_20251215T212336Z_S1A_30_v0.1.zip,s3://hyp3-tibet-jpl-test-contentbucket-hratibh1y9pa8e22b365-5bbd-43c3-81f3-ccf001094d4b/OPERA_L3_DIST-ALERT-S1_T10TFK_20240909T140735Z_20251215T212336Z_S1A_30_v0.1,https://hyp3-tibet-jpl-test-contentbucket-hratibh1y9pa.s3.us-west-2.amazonaws.com/8e22b365-5bbd-43c3-81f3-ccf001094d4b/OPERA_L3_DIST-ALERT-S1_T10TFK_20240909T140735Z_20251215T212336Z_S1A_30_v0.1.png,2025-12-15T20:48:25+00:00,1271.785,4.5,10TFK,1,23,4,none,False,transformer_v1_32,high,32,20,2024-09-09,42,2.5,4,best,none,False
park_fire_2024__2024-07-24__10TEK__transformer_v1_32-20mc,https://hyp3-tibet-jpl-test-contentbucket-hratibh1y9pa.s3.us-west-2.amazonaws.com/c469727c-8344-4f56-badf-5f3512914e70/OPERA_L3_DIST-ALERT-S1_T10TEK_20240921T020843Z_20251215T212543Z_S1A_30_v0.1.zip,s3://hyp3-tibet-jpl-test-contentbucket-hratibh1y9pac469727c-8344-4f56-badf-5f3512914e70/OPERA_L3_DIST-ALERT-S1_T10TEK_20240921T020843Z_20251215T212543Z_S1A_30_v0.1,https://hyp3-tibet-jpl-test-contentbucket-hratibh1y9pa.s3.us-west-2.amazonaws.com/c469727c-8344-4f56-badf-5f3512914e70/OPERA_L3_DIST-ALERT-S1_T10TEK_20240921T020843Z_20251215T212543Z_S1A_30_v0.1.png,2025-12-15T20:48:25+00:00,1406.447,4.5,10TEK,1,23,4,none,False,transformer_v1_32,high,32,20,2024-09-21,35,2.5,4,best,none,False
bioko_fire_2024__2024-02-07__32NMJ__transformer_v1_32-20mc,https://hyp3-tibet-jpl-test-contentbucket-hratibh1y9pa.s3.us-west-2.amazonaws.com/64696a35-66f5-4bb8-a2ba-619fc84eafb3/OPERA_L3_DIST-ALERT-S1_T32NMJ_20240331T173651Z_20251215T210804Z_S1A_30_v0.1.zip,s3://hyp3-tibet-jpl-test-contentbucket-hratibh1y9pa64696a35-66f5-4bb8-a2ba-619fc84eafb3/OPERA_L3_DIST-ALERT-S1_T32NMJ_20240331T173651Z_20251215T210804Z_S1A_30_v0.1,https://hyp3-tibet-jpl-test-contentbucket-hratibh1y9pa.s3.us-west-2.amazonaws.com/64696a35-66f5-4bb8-a2ba-619fc84eafb3/OPERA_L3_DIST-ALERT-S1_T32NMJ_20240331T173651Z_20251215T210804Z_S1A_30_v0.1.png,2025-12-15T20:48:25+00:00,326.142,4.5,32NMJ,1,23,4,none,False,transformer_v1_32,high,32,20,2024-03-31,132,2.5,4,best,none,False
tuscany_flood_2023__2023-11-02__32TPP__transformer_v1_32-20mc,https://hyp3-tibet-jpl-test-contentbucket-hratibh1y9pa.s3.us-west-2.amazonaws.com/30db16e3-015d-4adb-bd96-e65de7dec936/OPERA_L3_DIST-ALERT-S1_T32TPP_20231130T052001Z_20251215T213017Z_S1A_30_v0.1.zip,s3://hyp3-tibet-jpl-test-contentbucket-hratibh1y9pa30db16e3-015d-4adb-bd96-e65de7dec936/OPERA_L3_DIST-ALERT-S1_T32TPP_20231130T052001Z_20251215T213017Z_S1A_30_v0.1,https://hyp3-tibet-jpl-test-contentbucket-hratibh1y9pa.s3.us-west-2.amazonaws.com/30db16e3-015d-4adb-bd96-e65de7dec936/OPERA_L3_DIST-ALERT-S1_T32TPP_20231130T052001Z_20251215T213017Z_S1A_30_v0.1.png,2025-12-15T20:48:25+00:00,1701.911,4.5,32TPP,1,23,4,none,False,transformer_v1_32,high,32,20,2023-11-30,95,2.5,4,best,none,False
papau_new_guinea_landslide_2024__2024-05-24__54MYV__transformer_v1_32-20mc,https://hyp3-tibet-jpl-test-contentbucket-hratibh1y9pa.s3.us-west-2.amazonaws.com/89da14f0-2c23-4af7-9d38-7522e0018d8e/OPERA_L3_DIST-ALERT-S1_T54MYV_20240522T084743Z_20251215T212344Z_S1A_30_v0.1.zip,s3://hyp3-tibet-jpl-test-contentbucket-hratibh1y9pa89da14f0-2c23-4af7-9d38-7522e0018d8e/OPERA_L3_DIST-ALERT-S1_T54MYV_20240522T084743Z_20251215T212344Z_S1A_30_v0.1,https://hyp3-tibet-jpl-test-contentbucket-hratibh1y9pa.s3.us-west-2.amazonaws.com/89da14f0-2c23-4af7-9d38-7522e0018d8e/OPERA_L3_DIST-ALERT-S1_T54MYV_20240522T084743Z_20251215T212344Z_S1A_30_v0.1.png,2025-12-15T20:48:25+00:00,1275.229,4.5,54MYV,1,23,4,none,False,transformer_v1_32,high,32,20,2024-05-22,9,2.5,4,best,none,False
chilcotin_river_landslide_and_flood_2024__2024-07-30__10UEC__transformer_v1_32-20mc,https://hyp3-tibet-jpl-test-contentbucket-hratibh1y9pa.s3.us-west-2.amazonaws.com/6f3eaae4-8591-43f3-be35-1ec4ae3100c7/OPERA_L3_DIST-ALERT-S1_T10UEC_20240907T142048Z_20251215T213131Z_S1A_30_v0.1.zip,s3://hyp3-tibet-jpl-test-contentbucket-hratibh1y9pa6f3eaae4-8591-43f3-be35-1ec4ae3100c7/OPERA_L3_DIST-ALERT-S1_T10UEC_20240907T142048Z_20251215T213131Z_S1A_30_v0.1,https://hyp3-tibet-jpl-test-contentbucket-hratibh1y9pa.s3.us-west-2.amazonaws.com/6f3eaae4-8591-43f3-be35-1ec4ae3100c7/OPERA_L3_DIST-ALERT-S1_T10UEC_20240907T142048Z_20251215T213131Z_S1A_30_v0.1.png,2025-12-15T20:48:25+00:00,1784.316,4.5,10UEC,1,23,4,none,False,transformer_v1_32,high,32,20,2024-09-07,13,2.5,4,best,none,False
papau_new_guinea_landslide_2024__2024-05-24__54MYV__transformer_v1_32-20mc,https://hyp3-tibet-jpl-test-contentbucket-hratibh1y9pa.s3.us-west-2.amazonaws.com/b914ce9e-9d6c-4acf-89eb-827157cf88c5/OPERA_L3_DIST-ALERT-S1_T54MYV_20240705T200539Z_20251215T212948Z_S1A_30_v0.1.zip,s3://hyp3-tibet-jpl-test-contentbucket-hratibh1y9pab914ce9e-9d6c-4acf-89eb-827157cf88c5/OPERA_L3_DIST-ALERT-S1_T54MYV_20240705T200539Z_20251215T212948Z_S1A_30_v0.1,https://hyp3-tibet-jpl-test-contentbucket-hratibh1y9pa.s3.us-west-2.amazonaws.com/b914ce9e-9d6c-4acf-89eb-827157cf88c5/OPERA_L3_DIST-ALERT-S1_T54MYV_20240705T200539Z_20251215T212948Z_S1A_30_v0.1.png,2025-12-15T20:48:25+00:00,1681.707,4.5,54MYV,1,23,4,none,False,transformer_v1_32,high,32,20,2024-07-05,133,2.5,4,best,none,False
demak_flood_2024__2024-03-15__49MDN__transformer_v1_32-20mc,https://hyp3-tibet-jpl-test-contentbucket-hratibh1y9pa.s3.us-west-2.amazonaws.com/f2be012b-9ffa-4079-be5c-90ccdb089310/OPERA_L3_DIST-ALERT-S1_T49MDN_20240331T105853Z_20251215T212031Z_S1A_30_v0.1.zip,s3://hyp3-tibet-jpl-test-contentbucket-hratibh1y9paf2be012b-9ffa-4079-be5c-90ccdb089310/OPERA_L3_DIST-ALERT-S1_T49MDN_20240331T105853Z_20251215T212031Z_S1A_30_v0.1,https://hyp3-tibet-jpl-test-contentbucket-hratibh1y9pa.s3.us-west-2.amazonaws.com/f2be012b-9ffa-4079-be5c-90ccdb089310/OPERA_L3_DIST-ALERT-S1_T49MDN_20240331T105853Z_20251215T212031Z_S1A_30_v0.1.png,2025-12-15T20:48:25+00:00,1116.352,4.5,49MDN,1,23,4,none,False,transformer_v1_32,high,32,20,2024-03-31,127,2.5,4,best,none,False
demak_flood_2024__2024-03-15__49MDN__transformer_v1_32-20mc,https://hyp3-tibet-jpl-test-contentbucket-hratibh1y9pa.s3.us-west-2.amazonaws.com/1e392df8-1e97-4c85-b554-68b3922395e2/OPERA_L3_DIST-ALERT-S1_T49MDN_20240303T221748Z_20251215T213054Z_S1A_30_v0.1.zip,s3://hyp3-tibet-jpl-test-contentbucket-hratibh1y9pa1e392df8-1e97-4c85-b554-68b3922395e2/OPERA_L3_DIST-ALERT-S1_T49MDN_20240303T221748Z_20251215T213054Z_S1A_30_v0.1,https://hyp3-tibet-jpl-test-contentbucket-hratibh1y9pa.s3.us-west-2.amazonaws.com/1e392df8-1e97-4c85-b554-68b3922395e2/OPERA_L3_DIST-ALERT-S1_T49MDN_20240303T221748Z_20251215T213054Z_S1A_30_v0.1.png,2025-12-15T20:48:25+00:00,1778.602,4.5,49MDN,1,23,4,none,False,transformer_v1_32,high,32,20,2024-03-03,76,2.5,4,best,none,False
attica_fire_2024__2024-08-11__34SGH__transformer_v1_32-20mc,https://hyp3-tibet-jpl-test-contentbucket-hratibh1y9pa.s3.us-west-2.amazonaws.com/fd76d411-31b9-43fc-99ae-f508f3957d8b/OPERA_L3_DIST-ALERT-S1_T34SGH_20240901T162359Z_20251215T212635Z_S1A_30_v0.1.zip,s3://hyp3-tibet-jpl-test-contentbucket-hratibh1y9pafd76d411-31b9-43fc-99ae-f508f3957d8b/OPERA_L3_DIST-ALERT-S1_T34SGH_20240901T162359Z_20251215T212635Z_S1A_30_v0.1,https://hyp3-tibet-jpl-test-contentbucket-hratibh1y9pa.s3.us-west-2.amazonaws.com/fd76d411-31b9-43fc-99ae-f508f3957d8b/OPERA_L3_DIST-ALERT-S1_T34SGH_20240901T162359Z_20251215T212635Z_S1A_30_v0.1.png,2025-12-15T20:48:25+00:00,1520.553,4.5,34SGH,1,23,4,none,False,transformer_v1_32,high,32,20,2024-09-01,102,2.5,4,best,none,False
tuscany_flood_2023__2023-11-02__32TPP__transformer_v1_32-20mc,https://hyp3-tibet-jpl-test-contentbucket-hratibh1y9pa.s3.us-west-2.amazonaws.com/b7508395-05c2-4089-83bd-174a34822001/OPERA_L3_DIST-ALERT-S1_T32TPP_20231118T052002Z_20251215T212105Z_S1A_30_v0.1.zip,s3://hyp3-tibet-jpl-test-contentbucket-hratibh1y9pab7508395-05c2-4089-83bd-174a34822001/OPERA_L3_DIST-ALERT-S1_T32TPP_20231118T052002Z_20251215T212105Z_S1A_30_v0.1,https://hyp3-tibet-jpl-test-contentbucket-hratibh1y9pa.s3.us-west-2.amazonaws.com/b7508395-05c2-4089-83bd-174a34822001/OPERA_L3_DIST-ALERT-S1_T32TPP_20231118T052002Z_20251215T212105Z_S1A_30_v0.1.png,2025-12-15T20:48:25+00:00,1184.931,4.5,32TPP,1,23,4,none,False,transformer_v1_32,high,32,20,2023-11-18,95,2.5,4,best,none,False
demak_flood_2024__2024-03-15__49MDN__transformer_v1_32-20mc,https://hyp3-tibet-jpl-test-contentbucket-hratibh1y9pa.s3.us-west-2.amazonaws.com/57592d57-13e4-4645-9de3-45815af5df3c/OPERA_L3_DIST-ALERT-S1_T49MDN_20240506T105854Z_20251215T211829Z_S1A_30_v0.1.zip,s3://hyp3-tibet-jpl-test-contentbucket-hratibh1y9pa57592d57-13e4-4645-9de3-45815af5df3c/OPERA_L3_DIST-ALERT-S1_T49MDN_20240506T105854Z_20251215T211829Z_S1A_30_v0.1,https://hyp3-tibet-jpl-test-contentbucket-hratibh1y9pa.s3.us-west-2.amazonaws.com/57592d57-13e4-4645-9de3-45815af5df3c/OPERA_L3_DIST-ALERT-S1_T49MDN_20240506T105854Z_20251215T211829Z_S1A_30_v0.1.png,2025-12-15T20:48:25+00:00,1037.096,4.5,49MDN,1,23,4,none,False,transformer_v1_32,high,32,20,2024-05-06,127,2.5,4,best,none,False
papau_new_guinea_landslide_2024__2024-05-24__54MYV__transformer_v1_32-20mc,https://hyp3-tibet-jpl-test-contentbucket-hratibh1y9pa.s3.us-west-2.amazonaws.com/ae4ca56b-ddba-419e-a611-d068a3e9c45a/OPERA_L3_DIST-ALERT-S1_T54MYV_20240627T084742Z_20251215T212251Z_S1A_30_v0.1.zip,s3://hyp3-tibet-jpl-test-contentbucket-hratibh1y9paae4ca56b-ddba-419e-a611-d068a3e9c45a/OPERA_L3_DIST-ALERT-S1_T54MYV_20240627T084742Z_20251215T212251Z_S1A_30_v0.1,https://hyp3-tibet-jpl-test-contentbucket-hratibh1y9pa.s3.us-west-2.amazonaws.com/ae4ca56b-ddba-419e-a611-d068a3e9c45a/OPERA_L3_DIST-ALERT-S1_T54MYV_20240627T084742Z_20251215T212251Z_S1A_30_v0.1.png,2025-12-15T20:48:25+00:00,1293.854,4.5,54MYV,1,23,4,none,False,transformer_v1_32,high,32,20,2024-06-27,9,2.5,4,best,none,False
tuscany_flood_2023__2023-11-02__32TPP__transformer_v1_32-20mc,https://hyp3-tibet-jpl-test-contentbucket-hratibh1y9pa.s3.us-west-2.amazonaws.com/e0e6c3d5-3ec4-4c39-9d1e-3074da69ceac/OPERA_L3_DIST-ALERT-S1_T32TPP_20231111T052812Z_20251215T212339Z_S1A_30_v0.1.zip,s3://hyp3-tibet-jpl-test-contentbucket-hratibh1y9pae0e6c3d5-3ec4-4c39-9d1e-3074da69ceac/OPERA_L3_DIST-ALERT-S1_T32TPP_20231111T052812Z_20251215T212339Z_S1A_30_v0.1,https://hyp3-tibet-jpl-test-contentbucket-hratibh1y9pa.s3.us-west-2.amazonaws.com/e0e6c3d5-3ec4-4c39-9d1e-3074da69ceac/OPERA_L3_DIST-ALERT-S1_T32TPP_20231111T052812Z_20251215T212339Z_S1A_30_v0.1.png,2025-12-15T20:48:25+00:00,1341.309,4.5,32TPP,1,23,4,none,False,transformer_v1_32,high,32,20,2023-11-11,168,2.5,4,best,none,False
demak_flood_2024__2024-03-15__49MEN__transformer_v1_32-20mc,https://hyp3-tibet-jpl-test-contentbucket-hratibh1y9pa.s3.us-west-2.amazonaws.com/8907f752-458e-4e3c-bb77-4154d8bfb568/OPERA_L3_DIST-ALERT-S1_T49MEN_20240419T105049Z_20251215T210711Z_S1A_30_v0.1.zip,s3://hyp3-tibet-jpl-test-contentbucket-hratibh1y9pa8907f752-458e-4e3c-bb77-4154d8bfb568/OPERA_L3_DIST-ALERT-S1_T49MEN_20240419T105049Z_20251215T210711Z_S1A_30_v0.1,https://hyp3-tibet-jpl-test-contentbucket-hratibh1y9pa.s3.us-west-2.amazonaws.com/8907f752-458e-4e3c-bb77-4154d8bfb568/OPERA_L3_DIST-ALERT-S1_T49MEN_20240419T105049Z_20251215T210711Z_S1A_30_v0.1.png,2025-12-15T20:48:25+00:00,344.33,4.5,49MEN,1,23,4,none,False,transformer_v1_32,high,32,20,2024-04-19,54,2.5,4,best,none,False
tuscany_flood_2023__2023-11-02__32TPP__transformer_v1_32-20mc,https://hyp3-tibet-jpl-test-contentbucket-hratibh1y9pa.s3.us-west-2.amazonaws.com/45608f8a-e2cd-4ed5-8e9f-0f9b22d3cbf0/OPERA_L3_DIST-ALERT-S1_T32TPP_20231106T052002Z_20251215T212853Z_S1A_30_v0.1.zip,s3://hyp3-tibet-jpl-test-contentbucket-hratibh1y9pa45608f8a-e2cd-4ed5-8e9f-0f9b22d3cbf0/OPERA_L3_DIST-ALERT-S1_T32TPP_20231106T052002Z_20251215T212853Z_S1A_30_v0.1,https://hyp3-tibet-jpl-test-contentbucket-hratibh1y9pa.s3.us-west-2.amazonaws.com/45608f8a-e2cd-4ed5-8e9f-0f9b22d3cbf0/OPERA_L3_DIST-ALERT-S1_T32TPP_20231106T052002Z_20251215T212853Z_S1A_30_v0.1.png,2025-12-15T20:48:25+00:00,1688.002,4.5,32TPP,1,23,4,none,False,transformer_v1_32,high,32,20,2023-11-06,95,2.5,4,best,none,False
attica_fire_2024__2024-08-11__34SGH__transformer_v1_32-20mc,https://hyp3-tibet-jpl-test-contentbucket-hratibh1y9pa.s3.us-west-2.amazonaws.com/32b84cbe-d8c4-4f6f-b4da-4679ddc80c20/OPERA_L3_DIST-ALERT-S1_T34SGH_20240913T162359Z_20251215T212843Z_S1A_30_v0.1.zip,s3://hyp3-tibet-jpl-test-contentbucket-hratibh1y9pa32b84cbe-d8c4-4f6f-b4da-4679ddc80c20/OPERA_L3_DIST-ALERT-S1_T34SGH_20240913T162359Z_20251215T212843Z_S1A_30_v0.1,https://hyp3-tibet-jpl-test-contentbucket-hratibh1y9pa.s3.us-west-2.amazonaws.com/32b84cbe-d8c4-4f6f-b4da-4679ddc80c20/OPERA_L3_DIST-ALERT-S1_T34SGH_20240913T162359Z_20251215T212843Z_S1A_30_v0.1.png,2025-12-15T20:48:25+00:00,1673.738,4.5,34SGH,1,23,4,none,False,transformer_v1_32,high,32,20,2024-09-13,102,2.5,4,best,none,False
attica_fire_2024__2024-08-11__34SGH__transformer_v1_32-20mc,https://hyp3-tibet-jpl-test-contentbucket-hratibh1y9pa.s3.us-west-2.amazonaws.com/5f4a40e2-db60-4395-87f0-e2252394b73e/OPERA_L3_DIST-ALERT-S1_T34SGH_20240716T042353Z_20251215T211622Z_S1A_30_v0.1.zip,s3://hyp3-tibet-jpl-test-contentbucket-hratibh1y9pa5f4a40e2-db60-4395-87f0-e2252394b73e/OPERA_L3_DIST-ALERT-S1_T34SGH_20240716T042353Z_20251215T211622Z_S1A_30_v0.1,https://hyp3-tibet-jpl-test-contentbucket-hratibh1y9pa.s3.us-west-2.amazonaws.com/5f4a40e2-db60-4395-87f0-e2252394b73e/OPERA_L3_DIST-ALERT-S1_T34SGH_20240716T042353Z_20251215T211622Z_S1A_30_v0.1.png,2025-12-15T20:48:25+00:00,929.484,4.5,34SGH,1,23,4,none,False,transformer_v1_32,high,32,20,2024-07-16,109,2.5,4,best,none,False
papau_new_guinea_landslide_2024__2024-05-24__54MYV__transformer_v1_32-20mc,https://hyp3-tibet-jpl-test-contentbucket-hratibh1y9pa.s3.us-west-2.amazonaws.com/a9b203b1-df0d-4ca1-91be-7644747131f1/OPERA_L3_DIST-ALERT-S1_T54MYV_20240530T200540Z_20251215T212751Z_S1A_30_v0.1.zip,s3://hyp3-tibet-jpl-test-contentbucket-hratibh1y9paa9b203b1-df0d-4ca1-91be-7644747131f1/OPERA_L3_DIST-ALERT-S1_T54MYV_20240530T200540Z_20251215T212751Z_S1A_30_v0.1,https://hyp3-tibet-jpl-test-contentbucket-hratibh1y9pa.s3.us-west-2.amazonaws.com/a9b203b1-df0d-4ca1-91be-7644747131f1/OPERA_L3_DIST-ALERT-S1_T54MYV_20240530T200540Z_20251215T212751Z_S1A_30_v0.1.png,2025-12-15T20:48:25+00:00,1625.073,4.5,54MYV,1,23,4,none,False,transformer_v1_32,high,32,20,2024-05-30,133,2.5,4,best,none,False
attica_fire_2024__2024-08-11__34SGH__transformer_v1_32-20mc,https://hyp3-tibet-jpl-test-contentbucket-hratibh1y9pa.s3.us-west-2.amazonaws.com/e3036aba-5baf-4dd7-ab75-2232225e423e/OPERA_L3_DIST-ALERT-S1_T34SGH_20240802T043201Z_20251215T212502Z_S1A_30_v0.1.zip,s3://hyp3-tibet-jpl-test-contentbucket-hratibh1y9pae3036aba-5baf-4dd7-ab75-2232225e423e/OPERA_L3_DIST-ALERT-S1_T34SGH_20240802T043201Z_20251215T212502Z_S1A_30_v0.1,https://hyp3-tibet-jpl-test-contentbucket-hratibh1y9pa.s3.us-west-2.amazonaws.com/e3036aba-5baf-4dd7-ab75-2232225e423e/OPERA_L3_DIST-ALERT-S1_T34SGH_20240802T043201Z_20251215T212502Z_S1A_30_v0.1.png,2025-12-15T20:48:25+00:00,1455.188,4.5,34SGH,1,23,4,none,False,transformer_v1_32,high,32,20,2024-08-02,7,2.5,4,best,none,False
attica_fire_2024__2024-08-11__34SGH__transformer_v1_32-20mc,https://hyp3-tibet-jpl-test-contentbucket-hratibh1y9pa.s3.us-west-2.amazonaws.com/055a0337-c1e4-4266-bb5c-de2ddfc2e4d8/OPERA_L3_DIST-ALERT-S1_T34SGH_20240821T042353Z_20251215T211947Z_S1A_30_v0.1.zip,s3://hyp3-tibet-jpl-test-contentbucket-hratibh1y9pa055a0337-c1e4-4266-bb5c-de2ddfc2e4d8/OPERA_L3_DIST-ALERT-S1_T34SGH_20240821T042353Z_20251215T211947Z_S1A_30_v0.1,https://hyp3-tibet-jpl-test-contentbucket-hratibh1y9pa.s3.us-west-2.amazonaws.com/055a0337-c1e4-4266-bb5c-de2ddfc2e4d8/OPERA_L3_DIST-ALERT-S1_T34SGH_20240821T042353Z_20251215T211947Z_S1A_30_v0.1.png,2025-12-15T20:48:25+00:00,1137.745,4.5,34SGH,1,23,4,none,False,transformer_v1_32,high,32,20,2024-08-21,109,2.5,4,best,none,False
attica_fire_2024__2024-08-11__34SGH__transformer_v1_32-20mc,https://hyp3-tibet-jpl-test-contentbucket-hratibh1y9pa.s3.us-west-2.amazonaws.com/440ad969-9fac-458e-b505-dbc8034803d4/OPERA_L3_DIST-ALERT-S1_T34SGH_20240920T161551Z_20251215T211456Z_S1A_30_v0.1.zip,s3://hyp3-tibet-jpl-test-contentbucket-hratibh1y9pa440ad969-9fac-458e-b505-dbc8034803d4/OPERA_L3_DIST-ALERT-S1_T34SGH_20240920T161551Z_20251215T211456Z_S1A_30_v0.1,https://hyp3-tibet-jpl-test-contentbucket-hratibh1y9pa.s3.us-west-2.amazonaws.com/440ad969-9fac-458e-b505-dbc8034803d4/OPERA_L3_DIST-ALERT-S1_T34SGH_20240920T161551Z_20251215T211456Z_S1A_30_v0.1.png,2025-12-15T20:48:25+00:00,844.901,4.5,34SGH,1,23,4,none,False,transformer_v1_32,high,32,20,2024-09-20,29,2.5,4,best,none,False
tuscany_flood_2023__2023-11-02__32TPP__transformer_v1_32-20mc,https://hyp3-tibet-jpl-test-contentbucket-hratibh1y9pa.s3.us-west-2.amazonaws.com/ab9f003e-b121-414e-b32d-6c47cd0a0ffd/OPERA_L3_DIST-ALERT-S1_T32TPP_20231018T052813Z_20251215T212710Z_S1A_30_v0.1.zip,s3://hyp3-tibet-jpl-test-contentbucket-hratibh1y9paab9f003e-b121-414e-b32d-6c47cd0a0ffd/OPERA_L3_DIST-ALERT-S1_T32TPP_20231018T052813Z_20251215T212710Z_S1A_30_v0.1,https://hyp3-tibet-jpl-test-contentbucket-hratibh1y9pa.s3.us-west-2.amazonaws.com/ab9f003e-b121-414e-b32d-6c47cd0a0ffd/OPERA_L3_DIST-ALERT-S1_T32TPP_20231018T052813Z_20251215T212710Z_S1A_30_v0.1.png,2025-12-15T20:48:25+00:00,1589.92,4.5,32TPP,1,23,4,none,False,transformer_v1_32,high,32,20,2023-10-18,168,2.5,4,best,none,False
attica_fire_2024__2024-08-11__34SGH__transformer_v1_32-20mc,https://hyp3-tibet-jpl-test-contentbucket-hratibh1y9pa.s3.us-west-2.amazonaws.com/09057cfd-784e-4395-b7fe-4f991235b845/OPERA_L3_DIST-ALERT-S1_T34SGH_20240809T042353Z_20251215T211829Z_S1A_30_v0.1.zip,s3://hyp3-tibet-jpl-test-contentbucket-hratibh1y9pa09057cfd-784e-4395-b7fe-4f991235b845/OPERA_L3_DIST-ALERT-S1_T34SGH_20240809T042353Z_20251215T211829Z_S1A_30_v0.1,https://hyp3-tibet-jpl-test-contentbucket-hratibh1y9pa.s3.us-west-2.amazonaws.com/09057cfd-784e-4395-b7fe-4f991235b845/OPERA_L3_DIST-ALERT-S1_T34SGH_20240809T042353Z_20251215T211829Z_S1A_30_v0.1.png,2025-12-15T20:48:25+00:00,1062.146,4.5,34SGH,1,23,4,none,False,transformer_v1_32,high,32,20,2024-08-09,109,2.5,4,best,none,False
bioko_fire_2024__2024-02-07__32NMJ__transformer_v1_32-20mc,https://hyp3-tibet-jpl-test-contentbucket-hratibh1y9pa.s3.us-west-2.amazonaws.com/d1084c60-c084-45ac-940b-ee440625b709/OPERA_L3_DIST-ALERT-S1_T32NMJ_20240224T051440Z_20251215T210843Z_S1A_30_v0.1.zip,s3://hyp3-tibet-jpl-test-contentbucket-hratibh1y9pad1084c60-c084-45ac-940b-ee440625b709/OPERA_L3_DIST-ALERT-S1_T32NMJ_20240224T051440Z_20251215T210843Z_S1A_30_v0.1,https://hyp3-tibet-jpl-test-contentbucket-hratibh1y9pa.s3.us-west-2.amazonaws.com/d1084c60-c084-45ac-940b-ee440625b709/OPERA_L3_DIST-ALERT-S1_T32NMJ_20240224T051440Z_20251215T210843Z_S1A_30_v0.1.png,2025-12-15T20:48:25+00:00,471.685,4.5,32NMJ,1,23,4,none,False,transformer_v1_32,high,32,20,2024-02-24,124,2.5,4,best,none,False
attica_fire_2024__2024-08-11__34SGH__transformer_v1_32-20mc,https://hyp3-tibet-jpl-test-contentbucket-hratibh1y9pa.s3.us-west-2.amazonaws.com/337f355a-501f-45fc-beaf-0de275761be2/OPERA_L3_DIST-ALERT-S1_T34SGH_20240902T042353Z_20251215T211856Z_S1A_30_v0.1.zip,s3://hyp3-tibet-jpl-test-contentbucket-hratibh1y9pa337f355a-501f-45fc-beaf-0de275761be2/OPERA_L3_DIST-ALERT-S1_T34SGH_20240902T042353Z_20251215T211856Z_S1A_30_v0.1,https://hyp3-tibet-jpl-test-contentbucket-hratibh1y9pa.s3.us-west-2.amazonaws.com/337f355a-501f-45fc-beaf-0de275761be2/OPERA_L3_DIST-ALERT-S1_T34SGH_20240902T042353Z_20251215T211856Z_S1A_30_v0.1.png,2025-12-15T20:48:25+00:00,1088.403,4.5,34SGH,1,23,4,none,False,transformer_v1_32,high,32,20,2024-09-02,109,2.5,4,best,none,False
park_fire_2024__2024-07-24__10TEK__transformer_v1_32-20mc,https://hyp3-tibet-jpl-test-contentbucket-hratibh1y9pa.s3.us-west-2.amazonaws.com/1cfe579e-4bf9-4f7f-a01a-4ed3fec59cb5/OPERA_L3_DIST-ALERT-S1_T10TEK_20240904T020034Z_20251215T211431Z_S1A_30_v0.1.zip,s3://hyp3-tibet-jpl-test-contentbucket-hratibh1y9pa1cfe579e-4bf9-4f7f-a01a-4ed3fec59cb5/OPERA_L3_DIST-ALERT-S1_T10TEK_20240904T020034Z_20251215T211431Z_S1A_30_v0.1,https://hyp3-tibet-jpl-test-contentbucket-hratibh1y9pa.s3.us-west-2.amazonaws.com/1cfe579e-4bf9-4f7f-a01a-4ed3fec59cb5/OPERA_L3_DIST-ALERT-S1_T10TEK_20240904T020034Z_20251215T211431Z_S1A_30_v0.1.png,2025-12-15T20:48:25+00:00,826.763,4.5,10TEK,1,23,4,none,False,transformer_v1_32,high,32,20,2024-09-04,137,2.5,4,best,none,False
bioko_fire_2024__2024-02-07__32NMJ__transformer_v1_32-20mc,https://hyp3-tibet-jpl-test-contentbucket-hratibh1y9pa.s3.us-west-2.amazonaws.com/14a676a1-6bf2-4f98-9ee4-eab6ff589d92/OPERA_L3_DIST-ALERT-S1_T32NMJ_20240207T050633Z_20251215T210726Z_S1A_30_v0.1.zip,s3://hyp3-tibet-jpl-test-contentbucket-hratibh1y9pa14a676a1-6bf2-4f98-9ee4-eab6ff589d92/OPERA_L3_DIST-ALERT-S1_T32NMJ_20240207T050633Z_20251215T210726Z_S1A_30_v0.1,https://hyp3-tibet-jpl-test-contentbucket-hratibh1y9pa.s3.us-west-2.amazonaws.com/14a676a1-6bf2-4f98-9ee4-eab6ff589d92/OPERA_L3_DIST-ALERT-S1_T32NMJ_20240207T050633Z_20251215T210726Z_S1A_30_v0.1.png,2025-12-15T20:48:25+00:00,395.506,4.5,32NMJ,1,23,4,none,False,transformer_v1_32,high,32,20,2024-02-07,51,2.5,4,best,none,False
demak_flood_2024__2024-03-15__49MDN__transformer_v1_32-20mc,https://hyp3-tibet-jpl-test-contentbucket-hratibh1y9pa.s3.us-west-2.amazonaws.com/a4ba6c28-0322-4268-8c62-561cf4fbcf09/OPERA_L3_DIST-ALERT-S1_T49MDN_20240420T221749Z_20251215T212406Z_S1A_30_v0.1.zip,s3://hyp3-tibet-jpl-test-contentbucket-hratibh1y9paa4ba6c28-0322-4268-8c62-561cf4fbcf09/OPERA_L3_DIST-ALERT-S1_T49MDN_20240420T221749Z_20251215T212406Z_S1A_30_v0.1,https://hyp3-tibet-jpl-test-contentbucket-hratibh1y9pa.s3.us-west-2.amazonaws.com/a4ba6c28-0322-4268-8c62-561cf4fbcf09/OPERA_L3_DIST-ALERT-S1_T49MDN_20240420T221749Z_20251215T212406Z_S1A_30_v0.1.png,2025-12-15T20:48:25+00:00,1403.917,4.5,49MDN,1,23,4,none,False,transformer_v1_32,high,32,20,2024-04-20,76,2.5,4,best,none,False
tuscany_flood_2023__2023-11-02__32TPP__transformer_v1_32-20mc,https://hyp3-tibet-jpl-test-contentbucket-hratibh1y9pa.s3.us-west-2.amazonaws.com/b60c19ec-32eb-4aa4-8eb9-616695f825c6/OPERA_L3_DIST-ALERT-S1_T32TPP_20231006T052813Z_20251215T212230Z_S1A_30_v0.1.zip,s3://hyp3-tibet-jpl-test-contentbucket-hratibh1y9pab60c19ec-32eb-4aa4-8eb9-616695f825c6/OPERA_L3_DIST-ALERT-S1_T32TPP_20231006T052813Z_20251215T212230Z_S1A_30_v0.1,https://hyp3-tibet-jpl-test-contentbucket-hratibh1y9pa.s3.us-west-2.amazonaws.com/b60c19ec-32eb-4aa4-8eb9-616695f825c6/OPERA_L3_DIST-ALERT-S1_T32TPP_20231006T052813Z_20251215T212230Z_S1A_30_v0.1.png,2025-12-15T20:48:25+00:00,1309.123,4.5,32TPP,1,23,4,none,False,transformer_v1_32,high,32,20,2023-10-06,168,2.5,4,best,none,False
tuscany_flood_2023__2023-11-02__32TPP__transformer_v1_32-20mc,https://hyp3-tibet-jpl-test-contentbucket-hratibh1y9pa.s3.us-west-2.amazonaws.com/5ee8c973-2574-4ece-ae39-c2c8804ff83d/OPERA_L3_DIST-ALERT-S1_T32TPP_20231019T171454Z_20251215T212233Z_S1A_30_v0.1.zip,s3://hyp3-tibet-jpl-test-contentbucket-hratibh1y9pa5ee8c973-2574-4ece-ae39-c2c8804ff83d/OPERA_L3_DIST-ALERT-S1_T32TPP_20231019T171454Z_20251215T212233Z_S1A_30_v0.1,https://hyp3-tibet-jpl-test-contentbucket-hratibh1y9pa.s3.us-west-2.amazonaws.com/5ee8c973-2574-4ece-ae39-c2c8804ff83d/OPERA_L3_DIST-ALERT-S1_T32TPP_20231019T171454Z_20251215T212233Z_S1A_30_v0.1.png,2025-12-15T20:48:25+00:00,1313.665,4.5,32TPP,1,23,4,none,False,transformer_v1_32,high,32,20,2023-10-19,15,2.5,4,best,none,False
papau_new_guinea_landslide_2024__2024-05-24__54MYV__transformer_v1_32-20mc,https://hyp3-tibet-jpl-test-contentbucket-hratibh1y9pa.s3.us-west-2.amazonaws.com/802c370a-ce7d-4b5f-b512-93ea880f293c/OPERA_L3_DIST-ALERT-S1_T54MYV_20240511T201350Z_20251215T210932Z_S1A_30_v0.1.zip,s3://hyp3-tibet-jpl-test-contentbucket-hratibh1y9pa802c370a-ce7d-4b5f-b512-93ea880f293c/OPERA_L3_DIST-ALERT-S1_T54MYV_20240511T201350Z_20251215T210932Z_S1A_30_v0.1,https://hyp3-tibet-jpl-test-contentbucket-hratibh1y9pa.s3.us-west-2.amazonaws.com/802c370a-ce7d-4b5f-b512-93ea880f293c/OPERA_L3_DIST-ALERT-S1_T54MYV_20240511T201350Z_20251215T210932Z_S1A_30_v0.1.png,2025-12-15T20:48:25+00:00,555.362,4.5,54MYV,1,23,4,none,False,transformer_v1_32,high,32,20,2024-05-11,31,2.5,4,best,none,False
demak_flood_2024__2024-03-15__49MDN__transformer_v1_32-20mc,https://hyp3-tibet-jpl-test-contentbucket-hratibh1y9pa.s3.us-west-2.amazonaws.com/6dac9f27-375e-4491-b052-d38f9e735b15/OPERA_L3_DIST-ALERT-S1_T49MDN_20240229T110700Z_20251215T210752Z_S1A_30_v0.1.zip,s3://hyp3-tibet-jpl-test-contentbucket-hratibh1y9pa6dac9f27-375e-4491-b052-d38f9e735b15/OPERA_L3_DIST-ALERT-S1_T49MDN_20240229T110700Z_20251215T210752Z_S1A_30_v0.1,https://hyp3-tibet-jpl-test-contentbucket-hratibh1y9pa.s3.us-west-2.amazonaws.com/6dac9f27-375e-4491-b052-d38f9e735b15/OPERA_L3_DIST-ALERT-S1_T49MDN_20240229T110700Z_20251215T210752Z_S1A_30_v0.1.png,2025-12-15T20:48:25+00:00,455.632,4.5,49MDN,1,23,4,none,False,transformer_v1_32,high,32,20,2024-02-29,25,2.5,4,best,none,False
demak_flood_2024__2024-03-15__49MEN__transformer_v1_32-20mc,https://hyp3-tibet-jpl-test-contentbucket-hratibh1y9pa.s3.us-west-2.amazonaws.com/16b872ad-9f54-4e7a-b19e-5957bfa5a20b/OPERA_L3_DIST-ALERT-S1_T49MEN_20240408T221749Z_20251215T211807Z_S1A_30_v0.1.zip,s3://hyp3-tibet-jpl-test-contentbucket-hratibh1y9pa16b872ad-9f54-4e7a-b19e-5957bfa5a20b/OPERA_L3_DIST-ALERT-S1_T49MEN_20240408T221749Z_20251215T211807Z_S1A_30_v0.1,https://hyp3-tibet-jpl-test-contentbucket-hratibh1y9pa.s3.us-west-2.amazonaws.com/16b872ad-9f54-4e7a-b19e-5957bfa5a20b/OPERA_L3_DIST-ALERT-S1_T49MEN_20240408T221749Z_20251215T211807Z_S1A_30_v0.1.png,2025-12-15T20:48:25+00:00,1076.343,4.5,49MEN,1,23,4,none,False,transformer_v1_32,high,32,20,2024-04-08,76,2.5,4,best,none,False
demak_flood_2024__2024-03-15__49MDN__transformer_v1_32-20mc,https://hyp3-tibet-jpl-test-contentbucket-hratibh1y9pa.s3.us-west-2.amazonaws.com/faf29ea2-fa95-4fb3-aa08-e3607de95a59/OPERA_L3_DIST-ALERT-S1_T49MDN_20240307T105852Z_20251215T213002Z_S1A_30_v0.1.zip,s3://hyp3-tibet-jpl-test-contentbucket-hratibh1y9pafaf29ea2-fa95-4fb3-aa08-e3607de95a59/OPERA_L3_DIST-ALERT-S1_T49MDN_20240307T105852Z_20251215T213002Z_S1A_30_v0.1,https://hyp3-tibet-jpl-test-contentbucket-hratibh1y9pa.s3.us-west-2.amazonaws.com/faf29ea2-fa95-4fb3-aa08-e3607de95a59/OPERA_L3_DIST-ALERT-S1_T49MDN_20240307T105852Z_20251215T213002Z_S1A_30_v0.1.png,2025-12-15T20:48:25+00:00,1799.921,4.5,49MDN,1,23,4,none,False,transformer_v1_32,high,32,20,2024-03-07,127,2.5,4,best,none,False
park_fire_2024__2024-07-24__10TEK__transformer_v1_32-20mc,https://hyp3-tibet-jpl-test-contentbucket-hratibh1y9pa.s3.us-west-2.amazonaws.com/22c6e4ce-9229-4126-8dfa-d041322cb542/OPERA_L3_DIST-ALERT-S1_T10TEK_20240914T141548Z_20251215T212844Z_S1A_30_v0.1.zip,s3://hyp3-tibet-jpl-test-contentbucket-hratibh1y9pa22c6e4ce-9229-4126-8dfa-d041322cb542/OPERA_L3_DIST-ALERT-S1_T10TEK_20240914T141548Z_20251215T212844Z_S1A_30_v0.1,https://hyp3-tibet-jpl-test-contentbucket-hratibh1y9pa.s3.us-west-2.amazonaws.com/22c6e4ce-9229-4126-8dfa-d041322cb542/OPERA_L3_DIST-ALERT-S1_T10TEK_20240914T141548Z_20251215T212844Z_S1A_30_v0.1.png,2025-12-15T20:48:25+00:00,1726.891,4.5,10TEK,1,23,4,none,False,transformer_v1_32,high,32,20,2024-09-14,115,2.5,4,best,none,False
bioko_fire_2024__2024-02-07__32NMJ__transformer_v1_32-20mc,https://hyp3-tibet-jpl-test-contentbucket-hratibh1y9pa.s3.us-west-2.amazonaws.com/90d008cb-01af-4452-a973-ba6d3d08605b/OPERA_L3_DIST-ALERT-S1_T32NMJ_20240212T051440Z_20251215T210804Z_S1A_30_v0.1.zip,s3://hyp3-tibet-jpl-test-contentbucket-hratibh1y9pa90d008cb-01af-4452-a973-ba6d3d08605b/OPERA_L3_DIST-ALERT-S1_T32NMJ_20240212T051440Z_20251215T210804Z_S1A_30_v0.1,https://hyp3-tibet-jpl-test-contentbucket-hratibh1y9pa.s3.us-west-2.amazonaws.com/90d008cb-01af-4452-a973-ba6d3d08605b/OPERA_L3_DIST-ALERT-S1_T32NMJ_20240212T051440Z_20251215T210804Z_S1A_30_v0.1.png,2025-12-15T20:48:25+00:00,469.939,4.5,32NMJ,1,23,4,none,False,transformer_v1_32,high,32,20,2024-02-12,124,2.5,4,best,none,False
attica_fire_2024__2024-08-11__34SGH__transformer_v1_32-20mc,https://hyp3-tibet-jpl-test-contentbucket-hratibh1y9pa.s3.us-west-2.amazonaws.com/c62a5dd8-0248-4ba7-911d-8830e2f9ac61/OPERA_L3_DIST-ALERT-S1_T34SGH_20241008T042355Z_20251215T211759Z_S1A_30_v0.1.zip,s3://hyp3-tibet-jpl-test-contentbucket-hratibh1y9pac62a5dd8-0248-4ba7-911d-8830e2f9ac61/OPERA_L3_DIST-ALERT-S1_T34SGH_20241008T042355Z_20251215T211759Z_S1A_30_v0.1,https://hyp3-tibet-jpl-test-contentbucket-hratibh1y9pa.s3.us-west-2.amazonaws.com/c62a5dd8-0248-4ba7-911d-8830e2f9ac61/OPERA_L3_DIST-ALERT-S1_T34SGH_20241008T042355Z_20251215T211759Z_S1A_30_v0.1.png,2025-12-15T20:48:25+00:00,1071.848,4.5,34SGH,1,23,4,none,False,transformer_v1_32,high,32,20,2024-10-08,109,2.5,4,best,none,False
park_fire_2024__2024-07-24__10TEK__transformer_v1_32-20mc,https://hyp3-tibet-jpl-test-contentbucket-hratibh1y9pa.s3.us-west-2.amazonaws.com/cb252fd5-4915-4eb4-afdc-cf9513592638/OPERA_L3_DIST-ALERT-S1_T10TEK_20240909T020843Z_20251215T212617Z_S1A_30_v0.1.zip,s3://hyp3-tibet-jpl-test-contentbucket-hratibh1y9pacb252fd5-4915-4eb4-afdc-cf9513592638/OPERA_L3_DIST-ALERT-S1_T10TEK_20240909T020843Z_20251215T212617Z_S1A_30_v0.1,https://hyp3-tibet-jpl-test-contentbucket-hratibh1y9pa.s3.us-west-2.amazonaws.com/cb252fd5-4915-4eb4-afdc-cf9513592638/OPERA_L3_DIST-ALERT-S1_T10TEK_20240909T020843Z_20251215T212617Z_S1A_30_v0.1.png,2025-12-15T20:48:25+00:00,1574.05,4.5,10TEK,1,23,4,none,False,transformer_v1_32,high,32,20,2024-09-09,35,2.5,4,best,none,False
papau_new_guinea_landslide_2024__2024-05-24__54MYV__transformer_v1_32-20mc,https://hyp3-tibet-jpl-test-contentbucket-hratibh1y9pa.s3.us-west-2.amazonaws.com/b283edeb-6559-41e6-828f-7719fa82f435/OPERA_L3_DIST-ALERT-S1_T54MYV_20240628T201348Z_20251215T210807Z_S1A_30_v0.1.zip,s3://hyp3-tibet-jpl-test-contentbucket-hratibh1y9pab283edeb-6559-41e6-828f-7719fa82f435/OPERA_L3_DIST-ALERT-S1_T54MYV_20240628T201348Z_20251215T210807Z_S1A_30_v0.1,https://hyp3-tibet-jpl-test-contentbucket-hratibh1y9pa.s3.us-west-2.amazonaws.com/b283edeb-6559-41e6-828f-7719fa82f435/OPERA_L3_DIST-ALERT-S1_T54MYV_20240628T201348Z_20251215T210807Z_S1A_30_v0.1.png,2025-12-15T20:48:25+00:00,472.084,4.5,54MYV,1,23,4,none,False,transformer_v1_32,high,32,20,2024-06-28,31,2.5,4,best,none,False
tuscany_flood_2023__2023-11-02__32TPP__transformer_v1_32-20mc,https://hyp3-tibet-jpl-test-contentbucket-hratibh1y9pa.s3.us-west-2.amazonaws.com/0a469248-b08a-47b8-a427-02c03cf2fbfe/OPERA_L3_DIST-ALERT-S1_T32TPP_20231217T052811Z_20251215T212615Z_S1A_30_v0.1.zip,s3://hyp3-tibet-jpl-test-contentbucket-hratibh1y9pa0a469248-b08a-47b8-a427-02c03cf2fbfe/OPERA_L3_DIST-ALERT-S1_T32TPP_20231217T052811Z_20251215T212615Z_S1A_30_v0.1,https://hyp3-tibet-jpl-test-contentbucket-hratibh1y9pa.s3.us-west-2.amazonaws.com/0a469248-b08a-47b8-a427-02c03cf2fbfe/OPERA_L3_DIST-ALERT-S1_T32TPP_20231217T052811Z_20251215T212615Z_S1A_30_v0.1.png,2025-12-15T20:48:25+00:00,1579.743,4.5,32TPP,1,23,4,none,False,transformer_v1_32,high,32,20,2023-12-17,168,2.5,4,best,none,False
papau_new_guinea_landslide_2024__2024-05-24__54MYV__transformer_v1_32-20mc,https://hyp3-tibet-jpl-test-contentbucket-hratibh1y9pa.s3.us-west-2.amazonaws.com/d690ffcc-ca34-45fb-92d3-45dd84e643a5/OPERA_L3_DIST-ALERT-S1_T54MYV_20240722T201347Z_20251215T210754Z_S1A_30_v0.1.zip,s3://hyp3-tibet-jpl-test-contentbucket-hratibh1y9pad690ffcc-ca34-45fb-92d3-45dd84e643a5/OPERA_L3_DIST-ALERT-S1_T54MYV_20240722T201347Z_20251215T210754Z_S1A_30_v0.1,https://hyp3-tibet-jpl-test-contentbucket-hratibh1y9pa.s3.us-west-2.amazonaws.com/d690ffcc-ca34-45fb-92d3-45dd84e643a5/OPERA_L3_DIST-ALERT-S1_T54MYV_20240722T201347Z_20251215T210754Z_S1A_30_v0.1.png,2025-12-15T20:48:25+00:00,460.071,4.5,54MYV,1,23,4,none,False,transformer_v1_32,high,32,20,2024-07-22,31,2.5,4,best,none,False
bioko_fire_2024__2024-02-07__32NMJ__transformer_v1_32-20mc,https://hyp3-tibet-jpl-test-contentbucket-hratibh1y9pa.s3.us-west-2.amazonaws.com/4a3d9c08-41bc-4408-bdb6-7207966398d9/OPERA_L3_DIST-ALERT-S1_T32NMJ_20240124T174457Z_20251215T211256Z_S1A_30_v0.1.zip,s3://hyp3-tibet-jpl-test-contentbucket-hratibh1y9pa4a3d9c08-41bc-4408-bdb6-7207966398d9/OPERA_L3_DIST-ALERT-S1_T32NMJ_20240124T174457Z_20251215T211256Z_S1A_30_v0.1,https://hyp3-tibet-jpl-test-contentbucket-hratibh1y9pa.s3.us-west-2.amazonaws.com/4a3d9c08-41bc-4408-bdb6-7207966398d9/OPERA_L3_DIST-ALERT-S1_T32NMJ_20240124T174457Z_20251215T211256Z_S1A_30_v0.1.png,2025-12-15T20:48:25+00:00,765.307,4.5,32NMJ,1,23,4,none,False,transformer_v1_32,high,32,20,2024-01-24,30,2.5,4,best,none,False
bioko_fire_2024__2024-02-07__32NMJ__transformer_v1_32-20mc,https://hyp3-tibet-jpl-test-contentbucket-hratibh1y9pa.s3.us-west-2.amazonaws.com/9d60dfd9-1001-4fe9-84f5-3c23ae65c65b/OPERA_L3_DIST-ALERT-S1_T32NMJ_20240131T173650Z_20251215T210534Z_S1A_30_v0.1.zip,s3://hyp3-tibet-jpl-test-contentbucket-hratibh1y9pa9d60dfd9-1001-4fe9-84f5-3c23ae65c65b/OPERA_L3_DIST-ALERT-S1_T32NMJ_20240131T173650Z_20251215T210534Z_S1A_30_v0.1,https://hyp3-tibet-jpl-test-contentbucket-hratibh1y9pa.s3.us-west-2.amazonaws.com/9d60dfd9-1001-4fe9-84f5-3c23ae65c65b/OPERA_L3_DIST-ALERT-S1_T32NMJ_20240131T173650Z_20251215T210534Z_S1A_30_v0.1.png,2025-12-15T20:48:25+00:00,320.319,4.5,32NMJ,1,23,4,none,False,transformer_v1_32,high,32,20,2024-01-31,132,2.5,4,best,none,False
tuscany_flood_2023__2023-11-02__32TPP__transformer_v1_32-20mc,https://hyp3-tibet-jpl-test-contentbucket-hratibh1y9pa.s3.us-west-2.amazonaws.com/21a222c5-7e83-4a4a-b076-fd43ffa61ff5/OPERA_L3_DIST-ALERT-S1_T32TPP_20231206T171452Z_20251215T212619Z_S1A_30_v0.1.zip,s3://hyp3-tibet-jpl-test-contentbucket-hratibh1y9pa21a222c5-7e83-4a4a-b076-fd43ffa61ff5/OPERA_L3_DIST-ALERT-S1_T32TPP_20231206T171452Z_20251215T212619Z_S1A_30_v0.1,https://hyp3-tibet-jpl-test-contentbucket-hratibh1y9pa.s3.us-west-2.amazonaws.com/21a222c5-7e83-4a4a-b076-fd43ffa61ff5/OPERA_L3_DIST-ALERT-S1_T32TPP_20231206T171452Z_20251215T212619Z_S1A_30_v0.1.png,2025-12-15T20:48:25+00:00,1606.07,4.5,32TPP,1,23,4,none,False,transformer_v1_32,high,32,20,2023-12-06,15,2.5,4,best,none,False
papau_new_guinea_landslide_2024__2024-05-24__54MYV__transformer_v1_32-20mc,https://hyp3-tibet-jpl-test-contentbucket-hratibh1y9pa.s3.us-west-2.amazonaws.com/15e80a4d-1473-4bfb-9cef-9ba82435fae0/OPERA_L3_DIST-ALERT-S1_T54MYV_20240615T084742Z_20251215T212117Z_S1A_30_v0.1.zip,s3://hyp3-tibet-jpl-test-contentbucket-hratibh1y9pa15e80a4d-1473-4bfb-9cef-9ba82435fae0/OPERA_L3_DIST-ALERT-S1_T54MYV_20240615T084742Z_20251215T212117Z_S1A_30_v0.1,https://hyp3-tibet-jpl-test-contentbucket-hratibh1y9pa.s3.us-west-2.amazonaws.com/15e80a4d-1473-4bfb-9cef-9ba82435fae0/OPERA_L3_DIST-ALERT-S1_T54MYV_20240615T084742Z_20251215T212117Z_S1A_30_v0.1.png,2025-12-15T20:48:25+00:00,1275.561,4.5,54MYV,1,23,4,none,False,transformer_v1_32,high,32,20,2024-06-15,9,2.5,4,best,none,False
demak_flood_2024__2024-03-15__49MDN__transformer_v1_32-20mc,https://hyp3-tibet-jpl-test-contentbucket-hratibh1y9pa.s3.us-west-2.amazonaws.com/71e607d5-1286-4870-84a6-b41865703f7b/OPERA_L3_DIST-ALERT-S1_T49MDN_20240408T221749Z_20251215T213235Z_S1A_30_v0.1.zip,s3://hyp3-tibet-jpl-test-contentbucket-hratibh1y9pa71e607d5-1286-4870-84a6-b41865703f7b/OPERA_L3_DIST-ALERT-S1_T49MDN_20240408T221749Z_20251215T213235Z_S1A_30_v0.1,https://hyp3-tibet-jpl-test-contentbucket-hratibh1y9pa.s3.us-west-2.amazonaws.com/71e607d5-1286-4870-84a6-b41865703f7b/OPERA_L3_DIST-ALERT-S1_T49MDN_20240408T221749Z_20251215T213235Z_S1A_30_v0.1.png,2025-12-15T20:48:25+00:00,1988.89,4.5,49MDN,1,23,4,none,False,transformer_v1_32,high,32,20,2024-04-08,76,2.5,4,best,none,False
attica_fire_2024__2024-08-11__34SGH__transformer_v1_32-20mc,https://hyp3-tibet-jpl-test-contentbucket-hratibh1y9pa.s3.us-west-2.amazonaws.com/738c8e30-a557-4a2c-ac21-7a38543d5251/OPERA_L3_DIST-ALERT-S1_T34SGH_20240925T162359Z_20251215T212144Z_S1A_30_v0.1.zip,s3://hyp3-tibet-jpl-test-contentbucket-hratibh1y9pa738c8e30-a557-4a2c-ac21-7a38543d5251/OPERA_L3_DIST-ALERT-S1_T34SGH_20240925T162359Z_20251215T212144Z_S1A_30_v0.1,https://hyp3-tibet-jpl-test-contentbucket-hratibh1y9pa.s3.us-west-2.amazonaws.com/738c8e30-a557-4a2c-ac21-7a38543d5251/OPERA_L3_DIST-ALERT-S1_T34SGH_20240925T162359Z_20251215T212144Z_S1A_30_v0.1.png,2025-12-15T20:48:25+00:00,1330.105,4.5,34SGH,1,23,4,none,False,transformer_v1_32,high,32,20,2024-09-25,102,2.5,4,best,none,False
hokkaido_landslides_2018__2018-09-06__54TWN__transformer_v1_32-20mc,https://hyp3-tibet-jpl-test-contentbucket-hratibh1y9pa.s3.us-west-2.amazonaws.com/49c023d2-8700-405c-a665-750450931639/OPERA_L3_DIST-ALERT-S1_T54TWN_20180906T083504Z_20251215T210328Z_S1B_30_v0.1.zip,s3://hyp3-tibet-jpl-test-contentbucket-hratibh1y9pa49c023d2-8700-405c-a665-750450931639/OPERA_L3_DIST-ALERT-S1_T54TWN_20180906T083504Z_20251215T210328Z_S1B_30_v0.1,https://hyp3-tibet-jpl-test-contentbucket-hratibh1y9pa.s3.us-west-2.amazonaws.com/49c023d2-8700-405c-a665-750450931639/OPERA_L3_DIST-ALERT-S1_T54TWN_20180906T083504Z_20251215T210328Z_S1B_30_v0.1.png,2025-12-15T20:48:25+00:00,233.447,4.5,54TWN,1,23,4,none,False,transformer_v1_32,high,32,20,2018-09-06,141,2.5,4,best,none,False
papau_new_guinea_landslide_2024__2024-05-24__54MYV__transformer_v1_32-20mc,https://hyp3-tibet-jpl-test-contentbucket-hratibh1y9pa.s3.us-west-2.amazonaws.com/2fce9272-f1f8-4624-a47c-b55b06acb67b/OPERA_L3_DIST-ALERT-S1_T54MYV_20240429T201350Z_20251215T210716Z_S1A_30_v0.1.zip,s3://hyp3-tibet-jpl-test-contentbucket-hratibh1y9pa2fce9272-f1f8-4624-a47c-b55b06acb67b/OPERA_L3_DIST-ALERT-S1_T54MYV_20240429T201350Z_20251215T210716Z_S1A_30_v0.1,https://hyp3-tibet-jpl-test-contentbucket-hratibh1y9pa.s3.us-west-2.amazonaws.com/2fce9272-f1f8-4624-a47c-b55b06acb67b/OPERA_L3_DIST-ALERT-S1_T54MYV_20240429T201350Z_20251215T210716Z_S1A_30_v0.1.png,2025-12-15T20:48:25+00:00,490.229,4.5,54MYV,1,23,4,none,False,transformer_v1_32,high,32,20,2024-04-29,31,2.5,4,best,none,False
papau_new_guinea_landslide_2024__2024-05-24__54MYV__transformer_v1_32-20mc,https://hyp3-tibet-jpl-test-contentbucket-hratibh1y9pa.s3.us-west-2.amazonaws.com/891f456a-85e5-4592-bfa3-64ed1c3c461a/OPERA_L3_DIST-ALERT-S1_T54MYV_20240709T084741Z_20251215T212120Z_S1A_30_v0.1.zip,s3://hyp3-tibet-jpl-test-contentbucket-hratibh1y9pa891f456a-85e5-4592-bfa3-64ed1c3c461a/OPERA_L3_DIST-ALERT-S1_T54MYV_20240709T084741Z_20251215T212120Z_S1A_30_v0.1,https://hyp3-tibet-jpl-test-contentbucket-hratibh1y9pa.s3.us-west-2.amazonaws.com/891f456a-85e5-4592-bfa3-64ed1c3c461a/OPERA_L3_DIST-ALERT-S1_T54MYV_20240709T084741Z_20251215T212120Z_S1A_30_v0.1.png,2025-12-15T20:48:25+00:00,1341.667,4.5,54MYV,1,23,4,none,False,transformer_v1_32,high,32,20,2024-07-09,9,2.5,4,best,none,False
chilcotin_river_landslide_and_flood_2024__2024-07-30__10UEC__transformer_v1_32-20mc,https://hyp3-tibet-jpl-test-contentbucket-hratibh1y9pa.s3.us-west-2.amazonaws.com/eb8c064d-7572-4d21-b839-5c3ea88817f7/OPERA_L3_DIST-ALERT-S1_T10UEC_20240916T020344Z_20251215T211224Z_S1A_30_v0.1.zip,s3://hyp3-tibet-jpl-test-contentbucket-hratibh1y9paeb8c064d-7572-4d21-b839-5c3ea88817f7/OPERA_L3_DIST-ALERT-S1_T10UEC_20240916T020344Z_20251215T211224Z_S1A_30_v0.1,https://hyp3-tibet-jpl-test-contentbucket-hratibh1y9pa.s3.us-west-2.amazonaws.com/eb8c064d-7572-4d21-b839-5c3ea88817f7/OPERA_L3_DIST-ALERT-S1_T10UEC_20240916T020344Z_20251215T211224Z_S1A_30_v0.1.png,2025-12-15T20:48:25+00:00,803.416,4.5,10UEC,1,23,4,none,False,transformer_v1_32,high,32,20,2024-09-16,137,2.5,4,best,none,False
demak_flood_2024__2024-03-15__49MDN__transformer_v1_32-20mc,https://hyp3-tibet-jpl-test-contentbucket-hratibh1y9pa.s3.us-west-2.amazonaws.com/b66874f7-5af0-4a8d-9886-78704af39e34/OPERA_L3_DIST-ALERT-S1_T49MDN_20240224T105852Z_20251215T212018Z_S1A_30_v0.1.zip,s3://hyp3-tibet-jpl-test-contentbucket-hratibh1y9pab66874f7-5af0-4a8d-9886-78704af39e34/OPERA_L3_DIST-ALERT-S1_T49MDN_20240224T105852Z_20251215T212018Z_S1A_30_v0.1,https://hyp3-tibet-jpl-test-contentbucket-hratibh1y9pa.s3.us-west-2.amazonaws.com/b66874f7-5af0-4a8d-9886-78704af39e34/OPERA_L3_DIST-ALERT-S1_T49MDN_20240224T105852Z_20251215T212018Z_S1A_30_v0.1.png,2025-12-15T20:48:25+00:00,1278.059,4.5,49MDN,1,23,4,none,False,transformer_v1_32,high,32,20,2024-02-24,127,2.5,4,best,none,False
attica_fire_2024__2024-08-11__34SGH__transformer_v1_32-20mc,https://hyp3-tibet-jpl-test-contentbucket-hratibh1y9pa.s3.us-west-2.amazonaws.com/8ab17f3d-e4bb-4cb0-819d-a205761521c0/OPERA_L3_DIST-ALERT-S1_T34SGH_20240727T162358Z_20251215T212006Z_S1A_30_v0.1.zip,s3://hyp3-tibet-jpl-test-contentbucket-hratibh1y9pa8ab17f3d-e4bb-4cb0-819d-a205761521c0/OPERA_L3_DIST-ALERT-S1_T34SGH_20240727T162358Z_20251215T212006Z_S1A_30_v0.1,https://hyp3-tibet-jpl-test-contentbucket-hratibh1y9pa.s3.us-west-2.amazonaws.com/8ab17f3d-e4bb-4cb0-819d-a205761521c0/OPERA_L3_DIST-ALERT-S1_T34SGH_20240727T162358Z_20251215T212006Z_S1A_30_v0.1.png,2025-12-15T20:48:25+00:00,1265.885,4.5,34SGH,1,23,4,none,False,transformer_v1_32,high,32,20,2024-07-27,102,2.5,4,best,none,False
park_fire_2024__2024-07-24__10TFK__transformer_v1_32-20mc,https://hyp3-tibet-jpl-test-contentbucket-hratibh1y9pa.s3.us-west-2.amazonaws.com/0b66558d-eb5d-4a98-8f63-e6c446469c0b/OPERA_L3_DIST-ALERT-S1_T10TFK_20240921T140735Z_20251215T211924Z_S1A_30_v0.1.zip,s3://hyp3-tibet-jpl-test-contentbucket-hratibh1y9pa0b66558d-eb5d-4a98-8f63-e6c446469c0b/OPERA_L3_DIST-ALERT-S1_T10TFK_20240921T140735Z_20251215T211924Z_S1A_30_v0.1,https://hyp3-tibet-jpl-test-contentbucket-hratibh1y9pa.s3.us-west-2.amazonaws.com/0b66558d-eb5d-4a98-8f63-e6c446469c0b/OPERA_L3_DIST-ALERT-S1_T10TFK_20240921T140735Z_20251215T211924Z_S1A_30_v0.1.png,2025-12-15T20:48:25+00:00,1266.793,4.5,10TFK,1,23,4,none,False,transformer_v1_32,high,32,20,2024-09-21,42,2.5,4,best,none,False
demak_flood_2024__2024-03-15__49MEN__transformer_v1_32-20mc,https://hyp3-tibet-jpl-test-contentbucket-hratibh1y9pa.s3.us-west-2.amazonaws.com/df588c29-3e9f-4d7d-a479-609384c2c277/OPERA_L3_DIST-ALERT-S1_T49MEN_20240420T221749Z_20251215T211221Z_S1A_30_v0.1.zip,s3://hyp3-tibet-jpl-test-contentbucket-hratibh1y9padf588c29-3e9f-4d7d-a479-609384c2c277/OPERA_L3_DIST-ALERT-S1_T49MEN_20240420T221749Z_20251215T211221Z_S1A_30_v0.1,https://hyp3-tibet-jpl-test-contentbucket-hratibh1y9pa.s3.us-west-2.amazonaws.com/df588c29-3e9f-4d7d-a479-609384c2c277/OPERA_L3_DIST-ALERT-S1_T49MEN_20240420T221749Z_20251215T211221Z_S1A_30_v0.1.png,2025-12-15T20:48:25+00:00,829.956,4.5,49MEN,1,23,4,none,False,transformer_v1_32,high,32,20,2024-04-20,76,2.5,4,best,none,False
attica_fire_2024__2024-08-11__34SGH__transformer_v1_32-20mc,https://hyp3-tibet-jpl-test-contentbucket-hratibh1y9pa.s3.us-west-2.amazonaws.com/122b0b06-a954-4760-a146-aeb43c8d8638/OPERA_L3_DIST-ALERT-S1_T34SGH_20241007T162400Z_20251215T212154Z_S1A_30_v0.1.zip,s3://hyp3-tibet-jpl-test-contentbucket-hratibh1y9pa122b0b06-a954-4760-a146-aeb43c8d8638/OPERA_L3_DIST-ALERT-S1_T34SGH_20241007T162400Z_20251215T212154Z_S1A_30_v0.1,https://hyp3-tibet-jpl-test-contentbucket-hratibh1y9pa.s3.us-west-2.amazonaws.com/122b0b06-a954-4760-a146-aeb43c8d8638/OPERA_L3_DIST-ALERT-S1_T34SGH_20241007T162400Z_20251215T212154Z_S1A_30_v0.1.png,2025-12-15T20:48:25+00:00,1409.04,4.5,34SGH,1,23,4,none,False,transformer_v1_32,high,32,20,2024-10-07,102,2.5,4,best,none,False
attica_fire_2024__2024-08-11__34SGH__transformer_v1_32-20mc,https://hyp3-tibet-jpl-test-contentbucket-hratibh1y9pa.s3.us-west-2.amazonaws.com/dba1d604-7359-4f7b-9666-be45659678c1/OPERA_L3_DIST-ALERT-S1_T34SGH_20241001T043202Z_20251215T212345Z_S1A_30_v0.1.zip,s3://hyp3-tibet-jpl-test-contentbucket-hratibh1y9padba1d604-7359-4f7b-9666-be45659678c1/OPERA_L3_DIST-ALERT-S1_T34SGH_20241001T043202Z_20251215T212345Z_S1A_30_v0.1,https://hyp3-tibet-jpl-test-contentbucket-hratibh1y9pa.s3.us-west-2.amazonaws.com/dba1d604-7359-4f7b-9666-be45659678c1/OPERA_L3_DIST-ALERT-S1_T34SGH_20241001T043202Z_20251215T212345Z_S1A_30_v0.1.png,2025-12-15T20:48:25+00:00,1517.791,4.5,34SGH,1,23,4,none,False,transformer_v1_32,high,32,20,2024-10-01,7,2.5,4,best,none,False
demak_flood_2024__2024-03-15__49MEN__transformer_v1_32-20mc,https://hyp3-tibet-jpl-test-contentbucket-hratibh1y9pa.s3.us-west-2.amazonaws.com/32629a5c-7e32-40e8-9928-5fd92a68da19/OPERA_L3_DIST-ALERT-S1_T49MEN_20240326T105048Z_20251215T210513Z_S1A_30_v0.1.zip,s3://hyp3-tibet-jpl-test-contentbucket-hratibh1y9pa32629a5c-7e32-40e8-9928-5fd92a68da19/OPERA_L3_DIST-ALERT-S1_T49MEN_20240326T105048Z_20251215T210513Z_S1A_30_v0.1,https://hyp3-tibet-jpl-test-contentbucket-hratibh1y9pa.s3.us-west-2.amazonaws.com/32629a5c-7e32-40e8-9928-5fd92a68da19/OPERA_L3_DIST-ALERT-S1_T49MEN_20240326T105048Z_20251215T210513Z_S1A_30_v0.1.png,2025-12-15T20:48:25+00:00,397.401,4.5,49MEN,1,23,4,none,False,transformer_v1_32,high,32,20,2024-03-26,54,2.5,4,best,none,False
papau_new_guinea_landslide_2024__2024-05-24__54MYV__transformer_v1_32-20mc,https://hyp3-tibet-jpl-test-contentbucket-hratibh1y9pa.s3.us-west-2.amazonaws.com/d7efd42b-513e-479a-ab11-fd52dade5f50/OPERA_L3_DIST-ALERT-S1_T54MYV_20240604T201349Z_20251215T210544Z_S1A_30_v0.1.zip,s3://hyp3-tibet-jpl-test-contentbucket-hratibh1y9pad7efd42b-513e-479a-ab11-fd52dade5f50/OPERA_L3_DIST-ALERT-S1_T54MYV_20240604T201349Z_20251215T210544Z_S1A_30_v0.1,https://hyp3-tibet-jpl-test-contentbucket-hratibh1y9pa.s3.us-west-2.amazonaws.com/d7efd42b-513e-479a-ab11-fd52dade5f50/OPERA_L3_DIST-ALERT-S1_T54MYV_20240604T201349Z_20251215T210544Z_S1A_30_v0.1.png,2025-12-15T20:48:25+00:00,430.205,4.5,54MYV,1,23,4,none,False,transformer_v1_32,high,32,20,2024-06-04,31,2.5,4,best,none,False
attica_fire_2024__2024-08-11__34SGH__transformer_v1_32-20mc,https://hyp3-tibet-jpl-test-contentbucket-hratibh1y9pa.s3.us-west-2.amazonaws.com/a1d4c321-4238-4c7d-a3a4-06b1b644eee3/OPERA_L3_DIST-ALERT-S1_T34SGH_20240803T161551Z_20251215T211520Z_S1A_30_v0.1.zip,s3://hyp3-tibet-jpl-test-contentbucket-hratibh1y9paa1d4c321-4238-4c7d-a3a4-06b1b644eee3/OPERA_L3_DIST-ALERT-S1_T34SGH_20240803T161551Z_20251215T211520Z_S1A_30_v0.1,https://hyp3-tibet-jpl-test-contentbucket-hratibh1y9pa.s3.us-west-2.amazonaws.com/a1d4c321-4238-4c7d-a3a4-06b1b644eee3/OPERA_L3_DIST-ALERT-S1_T34SGH_20240803T161551Z_20251215T211520Z_S1A_30_v0.1.png,2025-12-15T20:48:25+00:00,1013.174,4.5,34SGH,1,23,4,none,False,transformer_v1_32,high,32,20,2024-08-03,29,2.5,4,best,none,False
chilcotin_river_landslide_and_flood_2024__2024-07-30__10UEC__transformer_v1_32-20mc,https://hyp3-tibet-jpl-test-contentbucket-hratibh1y9pa.s3.us-west-2.amazonaws.com/0b775aed-92ca-4547-857f-ddb7c8652da5/OPERA_L3_DIST-ALERT-S1_T10UEC_20240709T142048Z_20251215T212045Z_S1A_30_v0.1.zip,s3://hyp3-tibet-jpl-test-contentbucket-hratibh1y9pa0b775aed-92ca-4547-857f-ddb7c8652da5/OPERA_L3_DIST-ALERT-S1_T10UEC_20240709T142048Z_20251215T212045Z_S1A_30_v0.1,https://hyp3-tibet-jpl-test-contentbucket-hratibh1y9pa.s3.us-west-2.amazonaws.com/0b775aed-92ca-4547-857f-ddb7c8652da5/OPERA_L3_DIST-ALERT-S1_T10UEC_20240709T142048Z_20251215T212045Z_S1A_30_v0.1.png,2025-12-15T20:48:25+00:00,1372.398,4.5,10UEC,1,23,4,none,False,transformer_v1_32,high,32,20,2024-07-09,13,2.5,4,best,none,False
bioko_fire_2024__2024-02-07__32NMJ__transformer_v1_32-20mc,https://hyp3-tibet-jpl-test-contentbucket-hratibh1y9pa.s3.us-west-2.amazonaws.com/d5e0e1e3-ca86-4902-878d-92842979734a/OPERA_L3_DIST-ALERT-S1_T32NMJ_20240307T173650Z_20251215T210352Z_S1A_30_v0.1.zip,s3://hyp3-tibet-jpl-test-contentbucket-hratibh1y9pad5e0e1e3-ca86-4902-878d-92842979734a/OPERA_L3_DIST-ALERT-S1_T32NMJ_20240307T173650Z_20251215T210352Z_S1A_30_v0.1,https://hyp3-tibet-jpl-test-contentbucket-hratibh1y9pa.s3.us-west-2.amazonaws.com/d5e0e1e3-ca86-4902-878d-92842979734a/OPERA_L3_DIST-ALERT-S1_T32NMJ_20240307T173650Z_20251215T210352Z_S1A_30_v0.1.png,2025-12-15T20:48:25+00:00,349.921,4.5,32NMJ,1,23,4,none,False,transformer_v1_32,high,32,20,2024-03-07,132,2.5,4,best,none,False
bioko_fire_2024__2024-02-07__32NMJ__transformer_v1_32-20mc,https://hyp3-tibet-jpl-test-contentbucket-hratibh1y9pa.s3.us-west-2.amazonaws.com/c747d719-225b-44a7-ac2b-7c37b2eb1d40/OPERA_L3_DIST-ALERT-S1_T32NMJ_20240224T173650Z_20251215T210532Z_S1A_30_v0.1.zip,s3://hyp3-tibet-jpl-test-contentbucket-hratibh1y9pac747d719-225b-44a7-ac2b-7c37b2eb1d40/OPERA_L3_DIST-ALERT-S1_T32NMJ_20240224T173650Z_20251215T210532Z_S1A_30_v0.1,https://hyp3-tibet-jpl-test-contentbucket-hratibh1y9pa.s3.us-west-2.amazonaws.com/c747d719-225b-44a7-ac2b-7c37b2eb1d40/OPERA_L3_DIST-ALERT-S1_T32NMJ_20240224T173650Z_20251215T210532Z_S1A_30_v0.1.png,2025-12-15T20:48:25+00:00,452.147,4.5,32NMJ,1,23,4,none,False,transformer_v1_32,high,32,20,2024-02-24,132,2.5,4,best,none,False
attica_fire_2024__2024-08-11__34SGH__transformer_v1_32-20mc,https://hyp3-tibet-jpl-test-contentbucket-hratibh1y9pa.s3.us-west-2.amazonaws.com/dfc1177a-1de1-4293-90a6-784315f3d32a/OPERA_L3_DIST-ALERT-S1_T34SGH_20240820T162359Z_20251215T213000Z_S1A_30_v0.1.zip,s3://hyp3-tibet-jpl-test-contentbucket-hratibh1y9padfc1177a-1de1-4293-90a6-784315f3d32a/OPERA_L3_DIST-ALERT-S1_T34SGH_20240820T162359Z_20251215T213000Z_S1A_30_v0.1,https://hyp3-tibet-jpl-test-contentbucket-hratibh1y9pa.s3.us-west-2.amazonaws.com/dfc1177a-1de1-4293-90a6-784315f3d32a/OPERA_L3_DIST-ALERT-S1_T34SGH_20240820T162359Z_20251215T213000Z_S1A_30_v0.1.png,2025-12-15T20:48:25+00:00,1933.128,4.5,34SGH,1,23,4,none,False,transformer_v1_32,high,32,20,2024-08-20,102,2.5,4,best,none,False
demak_flood_2024__2024-03-15__49MDN__transformer_v1_32-20mc,https://hyp3-tibet-jpl-test-contentbucket-hratibh1y9pa.s3.us-west-2.amazonaws.com/0d2b1e8e-7934-4ceb-a2c4-795ec78fbf59/OPERA_L3_DIST-ALERT-S1_T49MDN_20240327T221748Z_20251215T212324Z_S1A_30_v0.1.zip,s3://hyp3-tibet-jpl-test-contentbucket-hratibh1y9pa0d2b1e8e-7934-4ceb-a2c4-795ec78fbf59/OPERA_L3_DIST-ALERT-S1_T49MDN_20240327T221748Z_20251215T212324Z_S1A_30_v0.1,https://hyp3-tibet-jpl-test-contentbucket-hratibh1y9pa.s3.us-west-2.amazonaws.com/0d2b1e8e-7934-4ceb-a2c4-795ec78fbf59/OPERA_L3_DIST-ALERT-S1_T49MDN_20240327T221748Z_20251215T212324Z_S1A_30_v0.1.png,2025-12-15T20:48:25+00:00,1539.2,4.5,49MDN,1,23,4,none,False,transformer_v1_32,high,32,20,2024-03-27,76,2.5,4,best,none,False
attica_fire_2024__2024-08-11__34SGH__transformer_v1_32-20mc,https://hyp3-tibet-jpl-test-contentbucket-hratibh1y9pa.s3.us-west-2.amazonaws.com/f3d53303-a1a1-4125-bf3a-02d5fc9a7853/OPERA_L3_DIST-ALERT-S1_T34SGH_20240907T043201Z_20251215T212824Z_S1A_30_v0.1.zip,s3://hyp3-tibet-jpl-test-contentbucket-hratibh1y9paf3d53303-a1a1-4125-bf3a-02d5fc9a7853/OPERA_L3_DIST-ALERT-S1_T34SGH_20240907T043201Z_20251215T212824Z_S1A_30_v0.1,https://hyp3-tibet-jpl-test-contentbucket-hratibh1y9pa.s3.us-west-2.amazonaws.com/f3d53303-a1a1-4125-bf3a-02d5fc9a7853/OPERA_L3_DIST-ALERT-S1_T34SGH_20240907T043201Z_20251215T212824Z_S1A_30_v0.1.png,2025-12-15T20:48:25+00:00,1830.552,4.5,34SGH,1,23,4,none,False,transformer_v1_32,high,32,20,2024-09-07,7,2.5,4,best,none,False
demak_flood_2024__2024-03-15__49MEN__transformer_v1_32-20mc,https://hyp3-tibet-jpl-test-contentbucket-hratibh1y9pa.s3.us-west-2.amazonaws.com/77aa3ada-dcec-4b45-9559-dfd4d40d9aed/OPERA_L3_DIST-ALERT-S1_T49MEN_20240314T105048Z_20251215T210336Z_S1A_30_v0.1.zip,s3://hyp3-tibet-jpl-test-contentbucket-hratibh1y9pa77aa3ada-dcec-4b45-9559-dfd4d40d9aed/OPERA_L3_DIST-ALERT-S1_T49MEN_20240314T105048Z_20251215T210336Z_S1A_30_v0.1,https://hyp3-tibet-jpl-test-contentbucket-hratibh1y9pa.s3.us-west-2.amazonaws.com/77aa3ada-dcec-4b45-9559-dfd4d40d9aed/OPERA_L3_DIST-ALERT-S1_T49MEN_20240314T105048Z_20251215T210336Z_S1A_30_v0.1.png,2025-12-15T20:48:25+00:00,337.888,4.5,49MEN,1,23,4,none,False,transformer_v1_32,high,32,20,2024-03-14,54,2.5,4,best,none,False
tuscany_flood_2023__2023-11-02__32TPP__transformer_v1_32-20mc,https://hyp3-tibet-jpl-test-contentbucket-hratibh1y9pa.s3.us-west-2.amazonaws.com/e17ac446-e795-4b83-8df0-70b82030c674/OPERA_L3_DIST-ALERT-S1_T32TPP_20231025T052002Z_20251215T212251Z_S1A_30_v0.1.zip,s3://hyp3-tibet-jpl-test-contentbucket-hratibh1y9pae17ac446-e795-4b83-8df0-70b82030c674/OPERA_L3_DIST-ALERT-S1_T32TPP_20231025T052002Z_20251215T212251Z_S1A_30_v0.1,https://hyp3-tibet-jpl-test-contentbucket-hratibh1y9pa.s3.us-west-2.amazonaws.com/e17ac446-e795-4b83-8df0-70b82030c674/OPERA_L3_DIST-ALERT-S1_T32TPP_20231025T052002Z_20251215T212251Z_S1A_30_v0.1.png,2025-12-15T20:48:25+00:00,1503.485,4.5,32TPP,1,23,4,none,False,transformer_v1_32,high,32,20,2023-10-25,95,2.5,4,best,none,False
chilcotin_river_landslide_and_flood_2024__2024-07-30__10UEC__transformer_v1_32-20mc,https://hyp3-tibet-jpl-test-contentbucket-hratibh1y9pa.s3.us-west-2.amazonaws.com/0401f349-6775-4494-a97b-9f756aa3a0a9/OPERA_L3_DIST-ALERT-S1_T10UEC_20240904T020343Z_20251215T210901Z_S1A_30_v0.1.zip,s3://hyp3-tibet-jpl-test-contentbucket-hratibh1y9pa0401f349-6775-4494-a97b-9f756aa3a0a9/OPERA_L3_DIST-ALERT-S1_T10UEC_20240904T020343Z_20251215T210901Z_S1A_30_v0.1,https://hyp3-tibet-jpl-test-contentbucket-hratibh1y9pa.s3.us-west-2.amazonaws.com/0401f349-6775-4494-a97b-9f756aa3a0a9/OPERA_L3_DIST-ALERT-S1_T10UEC_20240904T020343Z_20251215T210901Z_S1A_30_v0.1.png,2025-12-15T20:48:25+00:00,671.359,4.5,10UEC,1,23,4,none,False,transformer_v1_32,high,32,20,2024-09-04,137,2.5,4,best,none,False
papau_new_guinea_landslide_2024__2024-05-24__54MYV__transformer_v1_32-20mc,https://hyp3-tibet-jpl-test-contentbucket-hratibh1y9pa.s3.us-west-2.amazonaws.com/8130ff66-db68-4325-9f17-a8743db668c4/OPERA_L3_DIST-ALERT-S1_T54MYV_20240523T201349Z_20251215T210449Z_S1A_30_v0.1.zip,s3://hyp3-tibet-jpl-test-contentbucket-hratibh1y9pa8130ff66-db68-4325-9f17-a8743db668c4/OPERA_L3_DIST-ALERT-S1_T54MYV_20240523T201349Z_20251215T210449Z_S1A_30_v0.1,https://hyp3-tibet-jpl-test-contentbucket-hratibh1y9pa.s3.us-west-2.amazonaws.com/8130ff66-db68-4325-9f17-a8743db668c4/OPERA_L3_DIST-ALERT-S1_T54MYV_20240523T201349Z_20251215T210449Z_S1A_30_v0.1.png,2025-12-15T20:48:25+00:00,409.368,4.5,54MYV,1,23,4,none,False,transformer_v1_32,high,32,20,2024-05-23,31,2.5,4,best,none,False
demak_flood_2024__2024-03-15__49MEN__transformer_v1_32-20mc,https://hyp3-tibet-jpl-test-contentbucket-hratibh1y9pa.s3.us-west-2.amazonaws.com/fcef4a25-1e8f-434b-a385-cfb873cee7cf/OPERA_L3_DIST-ALERT-S1_T49MEN_20240501T105049Z_20251215T210411Z_S1A_30_v0.1.zip,s3://hyp3-tibet-jpl-test-contentbucket-hratibh1y9pafcef4a25-1e8f-434b-a385-cfb873cee7cf/OPERA_L3_DIST-ALERT-S1_T49MEN_20240501T105049Z_20251215T210411Z_S1A_30_v0.1,https://hyp3-tibet-jpl-test-contentbucket-hratibh1y9pa.s3.us-west-2.amazonaws.com/fcef4a25-1e8f-434b-a385-cfb873cee7cf/OPERA_L3_DIST-ALERT-S1_T49MEN_20240501T105049Z_20251215T210411Z_S1A_30_v0.1.png,2025-12-15T20:48:25+00:00,406.387,4.5,49MEN,1,23,4,none,False,transformer_v1_32,high,32,20,2024-05-01,54,2.5,4,best,none,False
bioko_fire_2024__2024-02-07__32NMJ__transformer_v1_32-20mc,https://hyp3-tibet-jpl-test-contentbucket-hratibh1y9pa.s3.us-west-2.amazonaws.com/52b87af8-5463-4799-ad48-4ac9c165b197/OPERA_L3_DIST-ALERT-S1_T32NMJ_20240302T050633Z_20251215T210644Z_S1A_30_v0.1.zip,s3://hyp3-tibet-jpl-test-contentbucket-hratibh1y9pa52b87af8-5463-4799-ad48-4ac9c165b197/OPERA_L3_DIST-ALERT-S1_T32NMJ_20240302T050633Z_20251215T210644Z_S1A_30_v0.1,https://hyp3-tibet-jpl-test-contentbucket-hratibh1y9pa.s3.us-west-2.amazonaws.com/52b87af8-5463-4799-ad48-4ac9c165b197/OPERA_L3_DIST-ALERT-S1_T32NMJ_20240302T050633Z_20251215T210644Z_S1A_30_v0.1.png,2025-12-15T20:48:25+00:00,562.021,4.5,32NMJ,1,23,4,none,False,transformer_v1_32,high,32,20,2024-03-02,51,2.5,4,best,none,False
demak_flood_2024__2024-03-15__49MEN__transformer_v1_32-20mc,https://hyp3-tibet-jpl-test-contentbucket-hratibh1y9pa.s3.us-west-2.amazonaws.com/c917aa88-0f6c-4c26-a9c8-cdf82fddfd6b/OPERA_L3_DIST-ALERT-S1_T49MEN_20240215T220942Z_20251215T211550Z_S1A_30_v0.1.zip,s3://hyp3-tibet-jpl-test-contentbucket-hratibh1y9pac917aa88-0f6c-4c26-a9c8-cdf82fddfd6b/OPERA_L3_DIST-ALERT-S1_T49MEN_20240215T220942Z_20251215T211550Z_S1A_30_v0.1,https://hyp3-tibet-jpl-test-contentbucket-hratibh1y9pa.s3.us-west-2.amazonaws.com/c917aa88-0f6c-4c26-a9c8-cdf82fddfd6b/OPERA_L3_DIST-ALERT-S1_T49MEN_20240215T220942Z_20251215T211550Z_S1A_30_v0.1.png,2025-12-15T20:48:25+00:00,1114.283,4.5,49MEN,1,23,4,none,False,transformer_v1_32,high,32,20,2024-02-15,3,2.5,4,best,none,False
papau_new_guinea_landslide_2024__2024-05-24__54MYV__transformer_v1_32-20mc,https://hyp3-tibet-jpl-test-contentbucket-hratibh1y9pa.s3.us-west-2.amazonaws.com/b12e0934-ecb8-4996-9661-648741eae990/OPERA_L3_DIST-ALERT-S1_T54MYV_20240603T084743Z_20251215T212901Z_S1A_30_v0.1.zip,s3://hyp3-tibet-jpl-test-contentbucket-hratibh1y9pab12e0934-ecb8-4996-9661-648741eae990/OPERA_L3_DIST-ALERT-S1_T54MYV_20240603T084743Z_20251215T212901Z_S1A_30_v0.1,https://hyp3-tibet-jpl-test-contentbucket-hratibh1y9pa.s3.us-west-2.amazonaws.com/b12e0934-ecb8-4996-9661-648741eae990/OPERA_L3_DIST-ALERT-S1_T54MYV_20240603T084743Z_20251215T212901Z_S1A_30_v0.1.png,2025-12-15T20:48:25+00:00,1915.04,4.5,54MYV,1,23,4,none,False,transformer_v1_32,high,32,20,2024-06-03,9,2.5,4,best,none,False
bioko_fire_2024__2024-02-07__32NMJ__transformer_v1_32-20mc,https://hyp3-tibet-jpl-test-contentbucket-hratibh1y9pa.s3.us-west-2.amazonaws.com/0296e47b-55d7-46c3-b8c7-aa44c91790c1/OPERA_L3_DIST-ALERT-S1_T32NMJ_20240312T174456Z_20251215T211138Z_S1A_30_v0.1.zip,s3://hyp3-tibet-jpl-test-contentbucket-hratibh1y9pa0296e47b-55d7-46c3-b8c7-aa44c91790c1/OPERA_L3_DIST-ALERT-S1_T32NMJ_20240312T174456Z_20251215T211138Z_S1A_30_v0.1,https://hyp3-tibet-jpl-test-contentbucket-hratibh1y9pa.s3.us-west-2.amazonaws.com/0296e47b-55d7-46c3-b8c7-aa44c91790c1/OPERA_L3_DIST-ALERT-S1_T32NMJ_20240312T174456Z_20251215T211138Z_S1A_30_v0.1.png,2025-12-15T20:48:25+00:00,856.576,4.5,32NMJ,1,23,4,none,False,transformer_v1_32,high,32,20,2024-03-12,30,2.5,4,best,none,False
park_fire_2024__2024-07-24__10TEK__transformer_v1_32-20mc,https://hyp3-tibet-jpl-test-contentbucket-hratibh1y9pa.s3.us-west-2.amazonaws.com/ce528ac6-2f70-4bf0-bbf3-b8e6ba058a05/OPERA_L3_DIST-ALERT-S1_T10TEK_20240916T020035Z_20251215T210953Z_S1A_30_v0.1.zip,s3://hyp3-tibet-jpl-test-contentbucket-hratibh1y9pace528ac6-2f70-4bf0-bbf3-b8e6ba058a05/OPERA_L3_DIST-ALERT-S1_T10TEK_20240916T020035Z_20251215T210953Z_S1A_30_v0.1,https://hyp3-tibet-jpl-test-contentbucket-hratibh1y9pa.s3.us-west-2.amazonaws.com/ce528ac6-2f70-4bf0-bbf3-b8e6ba058a05/OPERA_L3_DIST-ALERT-S1_T10TEK_20240916T020035Z_20251215T210953Z_S1A_30_v0.1.png,2025-12-15T20:48:25+00:00,756.566,4.5,10TEK,1,23,4,none,False,transformer_v1_32,high,32,20,2024-09-16,137,2.5,4,best,none,False
bioko_fire_2024__2024-02-07__32NMJ__transformer_v1_32-20mc,https://hyp3-tibet-jpl-test-contentbucket-hratibh1y9pa.s3.us-west-2.amazonaws.com/2cd3a83b-6e8a-45bc-9050-d90e8a91d278/OPERA_L3_DIST-ALERT-S1_T32NMJ_20240119T051441Z_20251215T210442Z_S1A_30_v0.1.zip,s3://hyp3-tibet-jpl-test-contentbucket-hratibh1y9pa2cd3a83b-6e8a-45bc-9050-d90e8a91d278/OPERA_L3_DIST-ALERT-S1_T32NMJ_20240119T051441Z_20251215T210442Z_S1A_30_v0.1,https://hyp3-tibet-jpl-test-contentbucket-hratibh1y9pa.s3.us-west-2.amazonaws.com/2cd3a83b-6e8a-45bc-9050-d90e8a91d278/OPERA_L3_DIST-ALERT-S1_T32NMJ_20240119T051441Z_20251215T210442Z_S1A_30_v0.1.png,2025-12-15T20:48:25+00:00,442.255,4.5,32NMJ,1,23,4,none,False,transformer_v1_32,high,32,20,2024-01-19,124,2.5,4,best,none,False
tuscany_flood_2023__2023-11-02__32TPP__transformer_v1_32-20mc,https://hyp3-tibet-jpl-test-contentbucket-hratibh1y9pa.s3.us-west-2.amazonaws.com/55de5d57-8a44-4fd5-8000-699cddc230a8/OPERA_L3_DIST-ALERT-S1_T32TPP_20231013T052002Z_20251215T211843Z_S1A_30_v0.1.zip,s3://hyp3-tibet-jpl-test-contentbucket-hratibh1y9pa55de5d57-8a44-4fd5-8000-699cddc230a8/OPERA_L3_DIST-ALERT-S1_T32TPP_20231013T052002Z_20251215T211843Z_S1A_30_v0.1,https://hyp3-tibet-jpl-test-contentbucket-hratibh1y9pa.s3.us-west-2.amazonaws.com/55de5d57-8a44-4fd5-8000-699cddc230a8/OPERA_L3_DIST-ALERT-S1_T32TPP_20231013T052002Z_20251215T211843Z_S1A_30_v0.1.png,2025-12-15T20:48:25+00:00,1288.751,4.5,32TPP,1,23,4,none,False,transformer_v1_32,high,32,20,2023-10-13,95,2.5,4,best,none,False
chilcotin_river_landslide_and_flood_2024__2024-07-30__10UEC__transformer_v1_32-20mc,https://hyp3-tibet-jpl-test-contentbucket-hratibh1y9pa.s3.us-west-2.amazonaws.com/595dbef3-ac25-493b-9b96-3ef277b277ff/OPERA_L3_DIST-ALERT-S1_T10UEC_20240823T020343Z_20251215T210828Z_S1A_30_v0.1.zip,s3://hyp3-tibet-jpl-test-contentbucket-hratibh1y9pa595dbef3-ac25-493b-9b96-3ef277b277ff/OPERA_L3_DIST-ALERT-S1_T10UEC_20240823T020343Z_20251215T210828Z_S1A_30_v0.1,https://hyp3-tibet-jpl-test-contentbucket-hratibh1y9pa.s3.us-west-2.amazonaws.com/595dbef3-ac25-493b-9b96-3ef277b277ff/OPERA_L3_DIST-ALERT-S1_T10UEC_20240823T020343Z_20251215T210828Z_S1A_30_v0.1.png,2025-12-15T20:48:25+00:00,670.708,4.5,10UEC,1,23,4,none,False,transformer_v1_32,high,32,20,2024-08-23,137,2.5,4,best,none,False
papau_new_guinea_landslide_2024__2024-05-24__54MYV__transformer_v1_32-20mc,https://hyp3-tibet-jpl-test-contentbucket-hratibh1y9pa.s3.us-west-2.amazonaws.com/ab381f75-ef16-4101-b85f-450991afebe6/OPERA_L3_DIST-ALERT-S1_T54MYV_20240424T200540Z_20251215T212219Z_S1A_30_v0.1.zip,s3://hyp3-tibet-jpl-test-contentbucket-hratibh1y9paab381f75-ef16-4101-b85f-450991afebe6/OPERA_L3_DIST-ALERT-S1_T54MYV_20240424T200540Z_20251215T212219Z_S1A_30_v0.1,https://hyp3-tibet-jpl-test-contentbucket-hratibh1y9pa.s3.us-west-2.amazonaws.com/ab381f75-ef16-4101-b85f-450991afebe6/OPERA_L3_DIST-ALERT-S1_T54MYV_20240424T200540Z_20251215T212219Z_S1A_30_v0.1.png,2025-12-15T20:48:25+00:00,1507.412,4.5,54MYV,1,23,4,none,False,transformer_v1_32,high,32,20,2024-04-24,133,2.5,4,best,none,False
demak_flood_2024__2024-03-15__49MEN__transformer_v1_32-20mc,https://hyp3-tibet-jpl-test-contentbucket-hratibh1y9pa.s3.us-west-2.amazonaws.com/c65997ec-a203-46c4-9c38-d2c0fa53ed73/OPERA_L3_DIST-ALERT-S1_T49MEN_20240219T105048Z_20251215T210321Z_S1A_30_v0.1.zip,s3://hyp3-tibet-jpl-test-contentbucket-hratibh1y9pac65997ec-a203-46c4-9c38-d2c0fa53ed73/OPERA_L3_DIST-ALERT-S1_T49MEN_20240219T105048Z_20251215T210321Z_S1A_30_v0.1,https://hyp3-tibet-jpl-test-contentbucket-hratibh1y9pa.s3.us-west-2.amazonaws.com/c65997ec-a203-46c4-9c38-d2c0fa53ed73/OPERA_L3_DIST-ALERT-S1_T49MEN_20240219T105048Z_20251215T210321Z_S1A_30_v0.1.png,2025-12-15T20:48:25+00:00,392.436,4.5,49MEN,1,23,4,none,False,transformer_v1_32,high,32,20,2024-02-19,54,2.5,4,best,none,False
demak_flood_2024__2024-03-15__49MEN__transformer_v1_32-20mc,https://hyp3-tibet-jpl-test-contentbucket-hratibh1y9pa.s3.us-west-2.amazonaws.com/81ea129b-bdca-4a02-ae59-0a6fc023041f/OPERA_L3_DIST-ALERT-S1_T49MEN_20240303T221748Z_20251215T211233Z_S1A_30_v0.1.zip,s3://hyp3-tibet-jpl-test-contentbucket-hratibh1y9pa81ea129b-bdca-4a02-ae59-0a6fc023041f/OPERA_L3_DIST-ALERT-S1_T49MEN_20240303T221748Z_20251215T211233Z_S1A_30_v0.1,https://hyp3-tibet-jpl-test-contentbucket-hratibh1y9pa.s3.us-west-2.amazonaws.com/81ea129b-bdca-4a02-ae59-0a6fc023041f/OPERA_L3_DIST-ALERT-S1_T49MEN_20240303T221748Z_20251215T211233Z_S1A_30_v0.1.png,2025-12-15T20:48:25+00:00,949.707,4.5,49MEN,1,23,4,none,False,transformer_v1_32,high,32,20,2024-03-03,76,2.5,4,best,none,False
tuscany_flood_2023__2023-11-02__32TPP__transformer_v1_32-20mc,https://hyp3-tibet-jpl-test-contentbucket-hratibh1y9pa.s3.us-west-2.amazonaws.com/b18ef02a-17c0-4422-b89a-f266744e0d83/OPERA_L3_DIST-ALERT-S1_T32TPP_20231030T052813Z_20251215T212406Z_S1A_30_v0.1.zip,s3://hyp3-tibet-jpl-test-contentbucket-hratibh1y9pab18ef02a-17c0-4422-b89a-f266744e0d83/OPERA_L3_DIST-ALERT-S1_T32TPP_20231030T052813Z_20251215T212406Z_S1A_30_v0.1,https://hyp3-tibet-jpl-test-contentbucket-hratibh1y9pa.s3.us-west-2.amazonaws.com/b18ef02a-17c0-4422-b89a-f266744e0d83/OPERA_L3_DIST-ALERT-S1_T32TPP_20231030T052813Z_20251215T212406Z_S1A_30_v0.1.png,2025-12-15T20:48:25+00:00,1658.247,4.5,32TPP,1,23,4,none,False,transformer_v1_32,high,32,20,2023-10-30,168,2.5,4,best,none,False
hokkaido_landslides_2018__2018-09-06__54TWN__transformer_v1_32-20mc,https://hyp3-tibet-jpl-test-contentbucket-hratibh1y9pa.s3.us-west-2.amazonaws.com/b605138d-5b93-4ac4-97e7-bee7f9018414/OPERA_L3_DIST-ALERT-S1_T54TWN_20180808T082649Z_20251215T211138Z_S1B_30_v0.1.zip,s3://hyp3-tibet-jpl-test-contentbucket-hratibh1y9pab605138d-5b93-4ac4-97e7-bee7f9018414/OPERA_L3_DIST-ALERT-S1_T54TWN_20180808T082649Z_20251215T211138Z_S1B_30_v0.1,https://hyp3-tibet-jpl-test-contentbucket-hratibh1y9pa.s3.us-west-2.amazonaws.com/b605138d-5b93-4ac4-97e7-bee7f9018414/OPERA_L3_DIST-ALERT-S1_T54TWN_20180808T082649Z_20251215T211138Z_S1B_30_v0.1.png,2025-12-15T20:48:25+00:00,897.164,4.5,54TWN,1,23,4,none,False,transformer_v1_32,high,32,20,2018-08-08,68,2.5,4,best,none,False
bioko_fire_2024__2024-02-07__32NMJ__transformer_v1_32-20mc,https://hyp3-tibet-jpl-test-contentbucket-hratibh1y9pa.s3.us-west-2.amazonaws.com/cf6dedfb-c81d-49ed-9587-0d120dffac0b/OPERA_L3_DIST-ALERT-S1_T32NMJ_20240126T050634Z_20251215T210437Z_S1A_30_v0.1.zip,s3://hyp3-tibet-jpl-test-contentbucket-hratibh1y9pacf6dedfb-c81d-49ed-9587-0d120dffac0b/OPERA_L3_DIST-ALERT-S1_T32NMJ_20240126T050634Z_20251215T210437Z_S1A_30_v0.1,https://hyp3-tibet-jpl-test-contentbucket-hratibh1y9pa.s3.us-west-2.amazonaws.com/cf6dedfb-c81d-49ed-9587-0d120dffac0b/OPERA_L3_DIST-ALERT-S1_T32NMJ_20240126T050634Z_20251215T210437Z_S1A_30_v0.1.png,2025-12-15T20:48:25+00:00,467.324,4.5,32NMJ,1,23,4,none,False,transformer_v1_32,high,32,20,2024-01-26,51,2.5,4,best,none,False
demak_flood_2024__2024-03-15__49MDN__transformer_v1_32-20mc,https://hyp3-tibet-jpl-test-contentbucket-hratibh1y9pa.s3.us-west-2.amazonaws.com/d6f67617-49c7-45fd-bd6f-5170457f2eb7/OPERA_L3_DIST-ALERT-S1_T49MDN_20240417T110702Z_20251215T210514Z_S1A_30_v0.1.zip,s3://hyp3-tibet-jpl-test-contentbucket-hratibh1y9pad6f67617-49c7-45fd-bd6f-5170457f2eb7/OPERA_L3_DIST-ALERT-S1_T49MDN_20240417T110702Z_20251215T210514Z_S1A_30_v0.1,https://hyp3-tibet-jpl-test-contentbucket-hratibh1y9pa.s3.us-west-2.amazonaws.com/d6f67617-49c7-45fd-bd6f-5170457f2eb7/OPERA_L3_DIST-ALERT-S1_T49MDN_20240417T110702Z_20251215T210514Z_S1A_30_v0.1.png,2025-12-15T20:48:25+00:00,509.507,4.5,49MDN,1,23,4,none,False,transformer_v1_32,high,32,20,2024-04-17,25,2.5,4,best,none,False
bangladesh_coastal_flood_2024__2024-07-08__45QYE__transformer_v1_32-20mc,https://hyp3-tibet-jpl-test-contentbucket-hratibh1y9pa.s3.us-west-2.amazonaws.com/8aab5d26-ec4b-4e67-9fc9-a2061da3e886/OPERA_L3_DIST-ALERT-S1_T45QYE_20240728T120429Z_20251215T212140Z_S1A_30_v0.1.zip,s3://hyp3-tibet-jpl-test-contentbucket-hratibh1y9pa8aab5d26-ec4b-4e67-9fc9-a2061da3e886/OPERA_L3_DIST-ALERT-S1_T45QYE_20240728T120429Z_20251215T212140Z_S1A_30_v0.1,https://hyp3-tibet-jpl-test-contentbucket-hratibh1y9pa.s3.us-west-2.amazonaws.com/8aab5d26-ec4b-4e67-9fc9-a2061da3e886/OPERA_L3_DIST-ALERT-S1_T45QYE_20240728T120429Z_20251215T212140Z_S1A_30_v0.1.png,2025-12-15T20:48:24+00:00,651.543,4.5,45QYE,1,23,4,none,False,transformer_v1_32,high,32,20,2024-07-28,114,2.5,4,best,none,False
park_fire_2024__2024-07-24__10TEK__transformer_v1_32-20mc,https://hyp3-tibet-jpl-test-contentbucket-hratibh1y9pa.s3.us-west-2.amazonaws.com/507a9d2d-cdae-4851-ad1a-3240519af82a/OPERA_L3_DIST-ALERT-S1_T10TEK_20240816T140737Z_20251215T212421Z_S1A_30_v0.1.zip,s3://hyp3-tibet-jpl-test-contentbucket-hratibh1y9pa507a9d2d-cdae-4851-ad1a-3240519af82a/OPERA_L3_DIST-ALERT-S1_T10TEK_20240816T140737Z_20251215T212421Z_S1A_30_v0.1,https://hyp3-tibet-jpl-test-contentbucket-hratibh1y9pa.s3.us-west-2.amazonaws.com/507a9d2d-cdae-4851-ad1a-3240519af82a/OPERA_L3_DIST-ALERT-S1_T10TEK_20240816T140737Z_20251215T212421Z_S1A_30_v0.1.png,2025-12-15T20:48:24+00:00,842.195,4.5,10TEK,1,23,4,none,False,transformer_v1_32,high,32,20,2024-08-16,42,2.5,4,best,none,False
chiapas_fire_2024__2024-03-24__15QUU__transformer_v1_32-20mc,https://hyp3-tibet-jpl-test-contentbucket-hratibh1y9pa.s3.us-west-2.amazonaws.com/4a3f91ca-816c-4d31-9c4a-7ca3c3559f7d/OPERA_L3_DIST-ALERT-S1_T15QUU_20240322T121038Z_20251215T212332Z_S1A_30_v0.1.zip,s3://hyp3-tibet-jpl-test-contentbucket-hratibh1y9pa4a3f91ca-816c-4d31-9c4a-7ca3c3559f7d/OPERA_L3_DIST-ALERT-S1_T15QUU_20240322T121038Z_20251215T212332Z_S1A_30_v0.1,https://hyp3-tibet-jpl-test-contentbucket-hratibh1y9pa.s3.us-west-2.amazonaws.com/4a3f91ca-816c-4d31-9c4a-7ca3c3559f7d/OPERA_L3_DIST-ALERT-S1_T15QUU_20240322T121038Z_20251215T212332Z_S1A_30_v0.1.png,2025-12-15T20:48:24+00:00,798.823,4.5,15QUU,1,23,4,none,False,transformer_v1_32,high,32,20,2024-03-22,172,2.5,4,best,none,False
chiapas_fire_2024__2024-03-24__15QUU__transformer_v1_32-20mc,https://hyp3-tibet-jpl-test-contentbucket-hratibh1y9pa.s3.us-west-2.amazonaws.com/83debbea-8e80-43ee-900b-b923061e3c5c/OPERA_L3_DIST-ALERT-S1_T15QUU_20240403T121038Z_20251215T213130Z_S1A_30_v0.1.zip,s3://hyp3-tibet-jpl-test-contentbucket-hratibh1y9pa83debbea-8e80-43ee-900b-b923061e3c5c/OPERA_L3_DIST-ALERT-S1_T15QUU_20240403T121038Z_20251215T213130Z_S1A_30_v0.1,https://hyp3-tibet-jpl-test-contentbucket-hratibh1y9pa.s3.us-west-2.amazonaws.com/83debbea-8e80-43ee-900b-b923061e3c5c/OPERA_L3_DIST-ALERT-S1_T15QUU_20240403T121038Z_20251215T213130Z_S1A_30_v0.1.png,2025-12-15T20:48:24+00:00,1280.629,4.5,15QUU,1,23,4,none,False,transformer_v1_32,high,32,20,2024-04-03,172,2.5,4,best,none,False
bangladesh_coastal_flood_2024__2024-07-08__45QYF__transformer_v1_32-20mc,https://hyp3-tibet-jpl-test-contentbucket-hratibh1y9pa.s3.us-west-2.amazonaws.com/cb1a8f5c-2446-4103-aea6-85aadde55c7b/OPERA_L3_DIST-ALERT-S1_T45QYF_20240829T000442Z_20251215T212057Z_S1A_30_v0.1.zip,s3://hyp3-tibet-jpl-test-contentbucket-hratibh1y9pacb1a8f5c-2446-4103-aea6-85aadde55c7b/OPERA_L3_DIST-ALERT-S1_T45QYF_20240829T000442Z_20251215T212057Z_S1A_30_v0.1,https://hyp3-tibet-jpl-test-contentbucket-hratibh1y9pa.s3.us-west-2.amazonaws.com/cb1a8f5c-2446-4103-aea6-85aadde55c7b/OPERA_L3_DIST-ALERT-S1_T45QYF_20240829T000442Z_20251215T212057Z_S1A_30_v0.1.png,2025-12-15T20:48:24+00:00,636.655,4.5,45QYF,1,23,4,none,False,transformer_v1_32,high,32,20,2024-08-29,48,2.5,4,best,none,False
park_fire_2024__2024-07-24__10TEK__transformer_v1_32-20mc,https://hyp3-tibet-jpl-test-contentbucket-hratibh1y9pa.s3.us-west-2.amazonaws.com/0aa96173-ed33-4294-92c6-0beefc8b8d9c/OPERA_L3_DIST-ALERT-S1_T10TEK_20240718T020034Z_20251215T212059Z_S1A_30_v0.1.zip,s3://hyp3-tibet-jpl-test-contentbucket-hratibh1y9pa0aa96173-ed33-4294-92c6-0beefc8b8d9c/OPERA_L3_DIST-ALERT-S1_T10TEK_20240718T020034Z_20251215T212059Z_S1A_30_v0.1,https://hyp3-tibet-jpl-test-contentbucket-hratibh1y9pa.s3.us-west-2.amazonaws.com/0aa96173-ed33-4294-92c6-0beefc8b8d9c/OPERA_L3_DIST-ALERT-S1_T10TEK_20240718T020034Z_20251215T212059Z_S1A_30_v0.1.png,2025-12-15T20:48:24+00:00,642.5,4.5,10TEK,1,23,4,none,False,transformer_v1_32,high,32,20,2024-07-18,137,2.5,4,best,none,False
chiapas_fire_2024__2024-03-24__15QUU__transformer_v1_32-20mc,https://hyp3-tibet-jpl-test-contentbucket-hratibh1y9pa.s3.us-west-2.amazonaws.com/2ad97fcc-2ae1-4bb9-ab6a-c43c7194ead7/OPERA_L3_DIST-ALERT-S1_T15QUU_20240415T121038Z_20251215T213008Z_S1A_30_v0.1.zip,s3://hyp3-tibet-jpl-test-contentbucket-hratibh1y9pa2ad97fcc-2ae1-4bb9-ab6a-c43c7194ead7/OPERA_L3_DIST-ALERT-S1_T15QUU_20240415T121038Z_20251215T213008Z_S1A_30_v0.1,https://hyp3-tibet-jpl-test-contentbucket-hratibh1y9pa.s3.us-west-2.amazonaws.com/2ad97fcc-2ae1-4bb9-ab6a-c43c7194ead7/OPERA_L3_DIST-ALERT-S1_T15QUU_20240415T121038Z_20251215T213008Z_S1A_30_v0.1.png,2025-12-15T20:48:24+00:00,1200.316,4.5,15QUU,1,23,4,none,False,transformer_v1_32,high,32,20,2024-04-15,172,2.5,4,best,none,False
bangladesh_coastal_flood_2024__2024-07-08__45QYF__transformer_v1_32-20mc,https://hyp3-tibet-jpl-test-contentbucket-hratibh1y9pa.s3.us-west-2.amazonaws.com/7e88bf69-01c4-47b5-a56f-921b31fc4bb5/OPERA_L3_DIST-ALERT-S1_T45QYF_20240618T000444Z_20251215T211839Z_S1A_30_v0.1.zip,s3://hyp3-tibet-jpl-test-contentbucket-hratibh1y9pa7e88bf69-01c4-47b5-a56f-921b31fc4bb5/OPERA_L3_DIST-ALERT-S1_T45QYF_20240618T000444Z_20251215T211839Z_S1A_30_v0.1,https://hyp3-tibet-jpl-test-contentbucket-hratibh1y9pa.s3.us-west-2.amazonaws.com/7e88bf69-01c4-47b5-a56f-921b31fc4bb5/OPERA_L3_DIST-ALERT-S1_T45QYF_20240618T000444Z_20251215T211839Z_S1A_30_v0.1.png,2025-12-15T20:48:24+00:00,500.987,4.5,45QYF,1,23,4,none,False,transformer_v1_32,high,32,20,2024-06-18,48,2.5,4,best,none,False
bangladesh_coastal_flood_2024__2024-07-08__45QYE__transformer_v1_32-20mc,https://hyp3-tibet-jpl-test-contentbucket-hratibh1y9pa.s3.us-west-2.amazonaws.com/f7bbd144-5537-4c0e-b727-d2421e1174e2/OPERA_L3_DIST-ALERT-S1_T45QYE_20240624T235648Z_20251215T213923Z_S1A_30_v0.1.zip,s3://hyp3-tibet-jpl-test-contentbucket-hratibh1y9paf7bbd144-5537-4c0e-b727-d2421e1174e2/OPERA_L3_DIST-ALERT-S1_T45QYE_20240624T235648Z_20251215T213923Z_S1A_30_v0.1,https://hyp3-tibet-jpl-test-contentbucket-hratibh1y9pa.s3.us-west-2.amazonaws.com/f7bbd144-5537-4c0e-b727-d2421e1174e2/OPERA_L3_DIST-ALERT-S1_T45QYE_20240624T235648Z_20251215T213923Z_S1A_30_v0.1.png,2025-12-15T20:48:24+00:00,1753.468,4.5,45QYE,1,23,4,none,False,transformer_v1_32,high,32,20,2024-06-24,150,2.5,4,best,none,False
park_fire_2024__2024-07-24__10TEK__transformer_v1_32-20mc,https://hyp3-tibet-jpl-test-contentbucket-hratibh1y9pa.s3.us-west-2.amazonaws.com/1425974d-03f9-4254-9021-fea9d6dd2e5e/OPERA_L3_DIST-ALERT-S1_T10TEK_20240711T140737Z_20251215T212021Z_S1A_30_v0.1.zip,s3://hyp3-tibet-jpl-test-contentbucket-hratibh1y9pa1425974d-03f9-4254-9021-fea9d6dd2e5e/OPERA_L3_DIST-ALERT-S1_T10TEK_20240711T140737Z_20251215T212021Z_S1A_30_v0.1,https://hyp3-tibet-jpl-test-contentbucket-hratibh1y9pa.s3.us-west-2.amazonaws.com/1425974d-03f9-4254-9021-fea9d6dd2e5e/OPERA_L3_DIST-ALERT-S1_T10TEK_20240711T140737Z_20251215T212021Z_S1A_30_v0.1.png,2025-12-15T20:48:24+00:00,607.556,4.5,10TEK,1,23,4,none,False,transformer_v1_32,high,32,20,2024-07-11,42,2.5,4,best,none,False
park_fire_2024__2024-07-24__10TEK__transformer_v1_32-20mc,https://hyp3-tibet-jpl-test-contentbucket-hratibh1y9pa.s3.us-west-2.amazonaws.com/827bda4d-6ef5-48ea-b814-dc43eeba30a3/OPERA_L3_DIST-ALERT-S1_T10TEK_20240821T141547Z_20251215T213121Z_S1A_30_v0.1.zip,s3://hyp3-tibet-jpl-test-contentbucket-hratibh1y9pa827bda4d-6ef5-48ea-b814-dc43eeba30a3/OPERA_L3_DIST-ALERT-S1_T10TEK_20240821T141547Z_20251215T213121Z_S1A_30_v0.1,https://hyp3-tibet-jpl-test-contentbucket-hratibh1y9pa.s3.us-west-2.amazonaws.com/827bda4d-6ef5-48ea-b814-dc43eeba30a3/OPERA_L3_DIST-ALERT-S1_T10TEK_20240821T141547Z_20251215T213121Z_S1A_30_v0.1.png,2025-12-15T20:48:24+00:00,1276.093,4.5,10TEK,1,23,4,none,False,transformer_v1_32,high,32,20,2024-08-21,115,2.5,4,best,none,False
bangladesh_coastal_flood_2024__2024-07-08__45QYF__transformer_v1_32-20mc,https://hyp3-tibet-jpl-test-contentbucket-hratibh1y9pa.s3.us-west-2.amazonaws.com/dfdbe6b4-09bb-487a-9a9d-42a4b58c8b96/OPERA_L3_DIST-ALERT-S1_T45QYF_20240615T121253Z_20251215T212736Z_S1A_30_v0.1.zip,s3://hyp3-tibet-jpl-test-contentbucket-hratibh1y9padfdbe6b4-09bb-487a-9a9d-42a4b58c8b96/OPERA_L3_DIST-ALERT-S1_T45QYF_20240615T121253Z_20251215T212736Z_S1A_30_v0.1,https://hyp3-tibet-jpl-test-contentbucket-hratibh1y9pa.s3.us-west-2.amazonaws.com/dfdbe6b4-09bb-487a-9a9d-42a4b58c8b96/OPERA_L3_DIST-ALERT-S1_T45QYF_20240615T121253Z_20251215T212736Z_S1A_30_v0.1.png,2025-12-15T20:48:24+00:00,1085.663,4.5,45QYF,1,23,4,none,False,transformer_v1_32,high,32,20,2024-06-15,12,2.5,4,best,none,False
bangladesh_coastal_flood_2024__2024-07-08__45QYE__transformer_v1_32-20mc,https://hyp3-tibet-jpl-test-contentbucket-hratibh1y9pa.s3.us-west-2.amazonaws.com/afe75f54-34bf-4322-9200-d3e365499073/OPERA_L3_DIST-ALERT-S1_T45QYE_20240627T121238Z_20251215T213205Z_S1A_30_v0.1.zip,s3://hyp3-tibet-jpl-test-contentbucket-hratibh1y9paafe75f54-34bf-4322-9200-d3e365499073/OPERA_L3_DIST-ALERT-S1_T45QYE_20240627T121238Z_20251215T213205Z_S1A_30_v0.1,https://hyp3-tibet-jpl-test-contentbucket-hratibh1y9pa.s3.us-west-2.amazonaws.com/afe75f54-34bf-4322-9200-d3e365499073/OPERA_L3_DIST-ALERT-S1_T45QYE_20240627T121238Z_20251215T213205Z_S1A_30_v0.1.png,2025-12-15T20:48:24+00:00,1349.303,4.5,45QYE,1,23,4,none,False,transformer_v1_32,high,32,20,2024-06-27,12,2.5,4,best,none,False
bangladesh_coastal_flood_2024__2024-07-08__45QZE__transformer_v1_32-20mc,https://hyp3-tibet-jpl-test-contentbucket-hratibh1y9pa.s3.us-west-2.amazonaws.com/76afb851-1d12-4ada-aacf-25e7b18840e9/OPERA_L3_DIST-ALERT-S1_T45QZE_20240627T121239Z_20251215T211533Z_S1A_30_v0.1.zip,s3://hyp3-tibet-jpl-test-contentbucket-hratibh1y9pa76afb851-1d12-4ada-aacf-25e7b18840e9/OPERA_L3_DIST-ALERT-S1_T45QZE_20240627T121239Z_20251215T211533Z_S1A_30_v0.1,https://hyp3-tibet-jpl-test-contentbucket-hratibh1y9pa.s3.us-west-2.amazonaws.com/76afb851-1d12-4ada-aacf-25e7b18840e9/OPERA_L3_DIST-ALERT-S1_T45QZE_20240627T121239Z_20251215T211533Z_S1A_30_v0.1.png,2025-12-15T20:48:24+00:00,351.872,4.5,45QZE,1,23,4,none,False,transformer_v1_32,high,32,20,2024-06-27,12,2.5,4,best,none,False
bangladesh_coastal_flood_2024__2024-07-08__45QYE__transformer_v1_32-20mc,https://hyp3-tibet-jpl-test-contentbucket-hratibh1y9pa.s3.us-west-2.amazonaws.com/8b1aefc4-a0cd-4049-a3d7-8cefed3fe865/OPERA_L3_DIST-ALERT-S1_T45QYE_20240811T235647Z_20251215T213231Z_S1A_30_v0.1.zip,s3://hyp3-tibet-jpl-test-contentbucket-hratibh1y9pa8b1aefc4-a0cd-4049-a3d7-8cefed3fe865/OPERA_L3_DIST-ALERT-S1_T45QYE_20240811T235647Z_20251215T213231Z_S1A_30_v0.1,https://hyp3-tibet-jpl-test-contentbucket-hratibh1y9pa.s3.us-west-2.amazonaws.com/8b1aefc4-a0cd-4049-a3d7-8cefed3fe865/OPERA_L3_DIST-ALERT-S1_T45QYE_20240811T235647Z_20251215T213231Z_S1A_30_v0.1.png,2025-12-15T20:48:24+00:00,1377.928,4.5,45QYE,1,23,4,none,False,transformer_v1_32,high,32,20,2024-08-11,150,2.5,4,best,none,False
bangladesh_coastal_flood_2024__2024-07-08__45QZF__transformer_v1_32-20mc,https://hyp3-tibet-jpl-test-contentbucket-hratibh1y9pa.s3.us-west-2.amazonaws.com/c9e2df47-030f-4c02-b51d-611cce98e9df/OPERA_L3_DIST-ALERT-S1_T45QZF_20240704T120439Z_20251215T213842Z_S1A_30_v0.1.zip,s3://hyp3-tibet-jpl-test-contentbucket-hratibh1y9pac9e2df47-030f-4c02-b51d-611cce98e9df/OPERA_L3_DIST-ALERT-S1_T45QZF_20240704T120439Z_20251215T213842Z_S1A_30_v0.1,https://hyp3-tibet-jpl-test-contentbucket-hratibh1y9pa.s3.us-west-2.amazonaws.com/c9e2df47-030f-4c02-b51d-611cce98e9df/OPERA_L3_DIST-ALERT-S1_T45QZF_20240704T120439Z_20251215T213842Z_S1A_30_v0.1.png,2025-12-15T20:48:24+00:00,1753.909,4.5,45QZF,1,23,4,none,False,transformer_v1_32,high,32,20,2024-07-04,114,2.5,4,best,none,False
chiapas_fire_2024__2024-03-24__15QUU__transformer_v1_32-20mc,https://hyp3-tibet-jpl-test-contentbucket-hratibh1y9pa.s3.us-west-2.amazonaws.com/46b1a56f-9b18-48a8-91ca-50e34bdd74ad/OPERA_L3_DIST-ALERT-S1_T15QUU_20240521T121038Z_20251215T212509Z_S1A_30_v0.1.zip,s3://hyp3-tibet-jpl-test-contentbucket-hratibh1y9pa46b1a56f-9b18-48a8-91ca-50e34bdd74ad/OPERA_L3_DIST-ALERT-S1_T15QUU_20240521T121038Z_20251215T212509Z_S1A_30_v0.1,https://hyp3-tibet-jpl-test-contentbucket-hratibh1y9pa.s3.us-west-2.amazonaws.com/46b1a56f-9b18-48a8-91ca-50e34bdd74ad/OPERA_L3_DIST-ALERT-S1_T15QUU_20240521T121038Z_20251215T212509Z_S1A_30_v0.1.png,2025-12-15T20:48:24+00:00,934.645,4.5,15QUU,1,23,4,none,False,transformer_v1_32,high,32,20,2024-05-21,172,2.5,4,best,none,False
bangladesh_coastal_flood_2024__2024-07-08__45QZE__transformer_v1_32-20mc,https://hyp3-tibet-jpl-test-contentbucket-hratibh1y9pa.s3.us-west-2.amazonaws.com/6d561b3b-a3b9-4dc5-80e0-c2bd9dbca215/OPERA_L3_DIST-ALERT-S1_T45QZE_20240830T234836Z_20251215T211757Z_S1A_30_v0.1.zip,s3://hyp3-tibet-jpl-test-contentbucket-hratibh1y9pa6d561b3b-a3b9-4dc5-80e0-c2bd9dbca215/OPERA_L3_DIST-ALERT-S1_T45QZE_20240830T234836Z_20251215T211757Z_S1A_30_v0.1,https://hyp3-tibet-jpl-test-contentbucket-hratibh1y9pa.s3.us-west-2.amazonaws.com/6d561b3b-a3b9-4dc5-80e0-c2bd9dbca215/OPERA_L3_DIST-ALERT-S1_T45QZE_20240830T234836Z_20251215T211757Z_S1A_30_v0.1.png,2025-12-15T20:48:24+00:00,530.812,4.5,45QZE,1,23,4,none,False,transformer_v1_32,high,32,20,2024-08-30,77,2.5,4,best,none,False
bangladesh_coastal_flood_2024__2024-07-08__45QYF__transformer_v1_32-20mc,https://hyp3-tibet-jpl-test-contentbucket-hratibh1y9pa.s3.us-west-2.amazonaws.com/3e164fa9-9a94-49a1-a069-172c3da35865/OPERA_L3_DIST-ALERT-S1_T45QYF_20240712T000442Z_20251215T211815Z_S1A_30_v0.1.zip,s3://hyp3-tibet-jpl-test-contentbucket-hratibh1y9pa3e164fa9-9a94-49a1-a069-172c3da35865/OPERA_L3_DIST-ALERT-S1_T45QYF_20240712T000442Z_20251215T211815Z_S1A_30_v0.1,https://hyp3-tibet-jpl-test-contentbucket-hratibh1y9pa.s3.us-west-2.amazonaws.com/3e164fa9-9a94-49a1-a069-172c3da35865/OPERA_L3_DIST-ALERT-S1_T45QYF_20240712T000442Z_20251215T211815Z_S1A_30_v0.1.png,2025-12-15T20:48:24+00:00,547.101,4.5,45QYF,1,23,4,none,False,transformer_v1_32,high,32,20,2024-07-12,48,2.5,4,best,none,False
bangladesh_coastal_flood_2024__2024-07-08__45QYE__transformer_v1_32-20mc,https://hyp3-tibet-jpl-test-contentbucket-hratibh1y9pa.s3.us-west-2.amazonaws.com/707650a8-9d29-4128-862b-16f04a589a26/OPERA_L3_DIST-ALERT-S1_T45QYE_20240904T235647Z_20251215T213355Z_S1A_30_v0.1.zip,s3://hyp3-tibet-jpl-test-contentbucket-hratibh1y9pa707650a8-9d29-4128-862b-16f04a589a26/OPERA_L3_DIST-ALERT-S1_T45QYE_20240904T235647Z_20251215T213355Z_S1A_30_v0.1,https://hyp3-tibet-jpl-test-contentbucket-hratibh1y9pa.s3.us-west-2.amazonaws.com/707650a8-9d29-4128-862b-16f04a589a26/OPERA_L3_DIST-ALERT-S1_T45QYE_20240904T235647Z_20251215T213355Z_S1A_30_v0.1.png,2025-12-15T20:48:24+00:00,1493.874,4.5,45QYE,1,23,4,none,False,transformer_v1_32,high,32,20,2024-09-04,150,2.5,4,best,none,False
bangladesh_coastal_flood_2024__2024-07-08__45QYE__transformer_v1_32-20mc,https://hyp3-tibet-jpl-test-contentbucket-hratibh1y9pa.s3.us-west-2.amazonaws.com/2ad45365-2999-4a36-b46d-906fd9f20f06/OPERA_L3_DIST-ALERT-S1_T45QYE_20240615T121239Z_20251215T214041Z_S1A_30_v0.1.zip,s3://hyp3-tibet-jpl-test-contentbucket-hratibh1y9pa2ad45365-2999-4a36-b46d-906fd9f20f06/OPERA_L3_DIST-ALERT-S1_T45QYE_20240615T121239Z_20251215T214041Z_S1A_30_v0.1,https://hyp3-tibet-jpl-test-contentbucket-hratibh1y9pa.s3.us-west-2.amazonaws.com/2ad45365-2999-4a36-b46d-906fd9f20f06/OPERA_L3_DIST-ALERT-S1_T45QYE_20240615T121239Z_20251215T214041Z_S1A_30_v0.1.png,2025-12-15T20:48:24+00:00,1897.49,4.5,45QYE,1,23,4,none,False,transformer_v1_32,high,32,20,2024-06-15,12,2.5,4,best,none,False
chiapas_fire_2024__2024-03-24__15QUU__transformer_v1_32-20mc,https://hyp3-tibet-jpl-test-contentbucket-hratibh1y9pa.s3.us-west-2.amazonaws.com/50e61c38-5f47-43fc-aae5-2d1d89e6f235/OPERA_L3_DIST-ALERT-S1_T15QUU_20240227T121037Z_20251215T212840Z_S1A_30_v0.1.zip,s3://hyp3-tibet-jpl-test-contentbucket-hratibh1y9pa50e61c38-5f47-43fc-aae5-2d1d89e6f235/OPERA_L3_DIST-ALERT-S1_T15QUU_20240227T121037Z_20251215T212840Z_S1A_30_v0.1,https://hyp3-tibet-jpl-test-contentbucket-hratibh1y9pa.s3.us-west-2.amazonaws.com/50e61c38-5f47-43fc-aae5-2d1d89e6f235/OPERA_L3_DIST-ALERT-S1_T15QUU_20240227T121037Z_20251215T212840Z_S1A_30_v0.1.png,2025-12-15T20:48:24+00:00,1180.876,4.5,15QUU,1,23,4,none,False,transformer_v1_32,high,32,20,2024-02-27,172,2.5,4,best,none,False
bangladesh_coastal_flood_2024__2024-07-08__45QZF__transformer_v1_32-20mc,https://hyp3-tibet-jpl-test-contentbucket-hratibh1y9pa.s3.us-west-2.amazonaws.com/12cd24bd-e4e6-433b-8e99-e179d870fccb/OPERA_L3_DIST-ALERT-S1_T45QZF_20240809T120438Z_20251215T213635Z_S1A_30_v0.1.zip,s3://hyp3-tibet-jpl-test-contentbucket-hratibh1y9pa12cd24bd-e4e6-433b-8e99-e179d870fccb/OPERA_L3_DIST-ALERT-S1_T45QZF_20240809T120438Z_20251215T213635Z_S1A_30_v0.1,https://hyp3-tibet-jpl-test-contentbucket-hratibh1y9pa.s3.us-west-2.amazonaws.com/12cd24bd-e4e6-433b-8e99-e179d870fccb/OPERA_L3_DIST-ALERT-S1_T45QZF_20240809T120438Z_20251215T213635Z_S1A_30_v0.1.png,2025-12-15T20:48:24+00:00,1659.713,4.5,45QZF,1,23,4,none,False,transformer_v1_32,high,32,20,2024-08-09,114,2.5,4,best,none,False
yajiang_fire_2024__2024-03-15__47RQP__transformer_v1_32-20mc,https://hyp3-tibet-jpl-test-contentbucket-hratibh1y9pa.s3.us-west-2.amazonaws.com/c149330d-fbb0-4319-96bd-b587de930260/OPERA_L3_DIST-ALERT-S1_T47RQP_20240324T111718Z_20251215T213635Z_S1A_30_v0.1.zip,s3://hyp3-tibet-jpl-test-contentbucket-hratibh1y9pac149330d-fbb0-4319-96bd-b587de930260/OPERA_L3_DIST-ALERT-S1_T47RQP_20240324T111718Z_20251215T213635Z_S1A_30_v0.1,https://hyp3-tibet-jpl-test-contentbucket-hratibh1y9pa.s3.us-west-2.amazonaws.com/c149330d-fbb0-4319-96bd-b587de930260/OPERA_L3_DIST-ALERT-S1_T47RQP_20240324T111718Z_20251215T213635Z_S1A_30_v0.1.png,2025-12-15T20:48:24+00:00,1662.653,4.5,47RQP,1,23,4,none,False,transformer_v1_32,high,32,20,2024-03-24,26,2.5,4,best,none,False
bangladesh_coastal_flood_2024__2024-07-08__45QZF__transformer_v1_32-20mc,https://hyp3-tibet-jpl-test-contentbucket-hratibh1y9pa.s3.us-west-2.amazonaws.com/7466f9ed-d332-49af-929d-8ea8b6a6b93c/OPERA_L3_DIST-ALERT-S1_T45QZF_20240624T235630Z_20251215T213355Z_S1A_30_v0.1.zip,s3://hyp3-tibet-jpl-test-contentbucket-hratibh1y9pa7466f9ed-d332-49af-929d-8ea8b6a6b93c/OPERA_L3_DIST-ALERT-S1_T45QZF_20240624T235630Z_20251215T213355Z_S1A_30_v0.1,https://hyp3-tibet-jpl-test-contentbucket-hratibh1y9pa.s3.us-west-2.amazonaws.com/7466f9ed-d332-49af-929d-8ea8b6a6b93c/OPERA_L3_DIST-ALERT-S1_T45QZF_20240624T235630Z_20251215T213355Z_S1A_30_v0.1.png,2025-12-15T20:48:24+00:00,1497.847,4.5,45QZF,1,23,4,none,False,transformer_v1_32,high,32,20,2024-06-24,150,2.5,4,best,none,False
bangladesh_coastal_flood_2024__2024-07-08__45QYF__transformer_v1_32-20mc,https://hyp3-tibet-jpl-test-contentbucket-hratibh1y9pa.s3.us-west-2.amazonaws.com/b3cf340b-9ed6-4962-aff3-3bd460cb0b19/OPERA_L3_DIST-ALERT-S1_T45QYF_20240805T000442Z_20251215T211655Z_S1A_30_v0.1.zip,s3://hyp3-tibet-jpl-test-contentbucket-hratibh1y9pab3cf340b-9ed6-4962-aff3-3bd460cb0b19/OPERA_L3_DIST-ALERT-S1_T45QYF_20240805T000442Z_20251215T211655Z_S1A_30_v0.1,https://hyp3-tibet-jpl-test-contentbucket-hratibh1y9pa.s3.us-west-2.amazonaws.com/b3cf340b-9ed6-4962-aff3-3bd460cb0b19/OPERA_L3_DIST-ALERT-S1_T45QYF_20240805T000442Z_20251215T211655Z_S1A_30_v0.1.png,2025-12-15T20:48:24+00:00,499.14,4.5,45QYF,1,23,4,none,False,transformer_v1_32,high,32,20,2024-08-05,48,2.5,4,best,none,False
porto_alegre_flood_2024__2024-05-28__22JDN__transformer_v1_32-20mc,https://hyp3-tibet-jpl-test-contentbucket-hratibh1y9pa.s3.us-west-2.amazonaws.com/9360228c-bfb7-4667-9bac-281bf3de074e/OPERA_L3_DIST-ALERT-S1_T22JDN_20240511T084927Z_20251215T212750Z_S1A_30_v0.1.zip,s3://hyp3-tibet-jpl-test-contentbucket-hratibh1y9pa9360228c-bfb7-4667-9bac-281bf3de074e/OPERA_L3_DIST-ALERT-S1_T22JDN_20240511T084927Z_20251215T212750Z_S1A_30_v0.1,https://hyp3-tibet-jpl-test-contentbucket-hratibh1y9pa.s3.us-west-2.amazonaws.com/9360228c-bfb7-4667-9bac-281bf3de074e/OPERA_L3_DIST-ALERT-S1_T22JDN_20240511T084927Z_20251215T212750Z_S1A_30_v0.1.png,2025-12-15T20:48:24+00:00,1175.203,4.5,22JDN,1,23,4,none,False,transformer_v1_32,high,32,20,2024-05-11,24,2.5,4,best,none,False
bangladesh_coastal_flood_2024__2024-07-08__45QZE__transformer_v1_32-20mc,https://hyp3-tibet-jpl-test-contentbucket-hratibh1y9pa.s3.us-west-2.amazonaws.com/1db998c8-ec5a-498d-b457-166a7829c6ca/OPERA_L3_DIST-ALERT-S1_T45QZE_20240709T121239Z_20251215T211348Z_S1A_30_v0.1.zip,s3://hyp3-tibet-jpl-test-contentbucket-hratibh1y9pa1db998c8-ec5a-498d-b457-166a7829c6ca/OPERA_L3_DIST-ALERT-S1_T45QZE_20240709T121239Z_20251215T211348Z_S1A_30_v0.1,https://hyp3-tibet-jpl-test-contentbucket-hratibh1y9pa.s3.us-west-2.amazonaws.com/1db998c8-ec5a-498d-b457-166a7829c6ca/OPERA_L3_DIST-ALERT-S1_T45QZE_20240709T121239Z_20251215T211348Z_S1A_30_v0.1.png,2025-12-15T20:48:24+00:00,314.487,4.5,45QZE,1,23,4,none,False,transformer_v1_32,high,32,20,2024-07-09,12,2.5,4,best,none,False
yajiang_fire_2024__2024-03-15__47RPP__transformer_v1_32-20mc,https://hyp3-tibet-jpl-test-contentbucket-hratibh1y9pa.s3.us-west-2.amazonaws.com/dcd80dfd-6281-48c6-ab43-97dd9cb63d86/OPERA_L3_DIST-ALERT-S1_T47RPP_20240410T112530Z_20251215T212237Z_S1A_30_v0.1.zip,s3://hyp3-tibet-jpl-test-contentbucket-hratibh1y9padcd80dfd-6281-48c6-ab43-97dd9cb63d86/OPERA_L3_DIST-ALERT-S1_T47RPP_20240410T112530Z_20251215T212237Z_S1A_30_v0.1,https://hyp3-tibet-jpl-test-contentbucket-hratibh1y9pa.s3.us-west-2.amazonaws.com/dcd80dfd-6281-48c6-ab43-97dd9cb63d86/OPERA_L3_DIST-ALERT-S1_T47RPP_20240410T112530Z_20251215T212237Z_S1A_30_v0.1.png,2025-12-15T20:48:24+00:00,854.736,4.5,47RPP,1,23,4,none,False,transformer_v1_32,high,32,20,2024-04-10,99,2.5,4,best,none,False
yajiang_fire_2024__2024-03-15__47RQP__transformer_v1_32-20mc,https://hyp3-tibet-jpl-test-contentbucket-hratibh1y9pa.s3.us-west-2.amazonaws.com/9d78a60c-7149-4140-8577-3141d1e8e3f3/OPERA_L3_DIST-ALERT-S1_T47RQP_20240331T110910Z_20251215T212333Z_S1A_30_v0.1.zip,s3://hyp3-tibet-jpl-test-contentbucket-hratibh1y9pa9d78a60c-7149-4140-8577-3141d1e8e3f3/OPERA_L3_DIST-ALERT-S1_T47RQP_20240331T110910Z_20251215T212333Z_S1A_30_v0.1,https://hyp3-tibet-jpl-test-contentbucket-hratibh1y9pa.s3.us-west-2.amazonaws.com/9d78a60c-7149-4140-8577-3141d1e8e3f3/OPERA_L3_DIST-ALERT-S1_T47RQP_20240331T110910Z_20251215T212333Z_S1A_30_v0.1.png,2025-12-15T20:48:24+00:00,899.101,4.5,47RQP,1,23,4,none,False,transformer_v1_32,high,32,20,2024-03-31,128,2.5,4,best,none,False
park_fire_2024__2024-07-24__10TFK__transformer_v1_32-20mc,https://hyp3-tibet-jpl-test-contentbucket-hratibh1y9pa.s3.us-west-2.amazonaws.com/b30646c4-3d81-4dd9-9e7d-74f13c278a85/OPERA_L3_DIST-ALERT-S1_T10TFK_20240809T141544Z_20251215T212103Z_S1A_30_v0.1.zip,s3://hyp3-tibet-jpl-test-contentbucket-hratibh1y9pab30646c4-3d81-4dd9-9e7d-74f13c278a85/OPERA_L3_DIST-ALERT-S1_T10TFK_20240809T141544Z_20251215T212103Z_S1A_30_v0.1,https://hyp3-tibet-jpl-test-contentbucket-hratibh1y9pa.s3.us-west-2.amazonaws.com/b30646c4-3d81-4dd9-9e7d-74f13c278a85/OPERA_L3_DIST-ALERT-S1_T10TFK_20240809T141544Z_20251215T212103Z_S1A_30_v0.1.png,2025-12-15T20:48:24+00:00,752.613,4.5,10TFK,1,23,4,none,False,transformer_v1_32,high,32,20,2024-08-09,115,2.5,4,best,none,False
bangladesh_coastal_flood_2024__2024-07-08__45QYF__transformer_v1_32-20mc,https://hyp3-tibet-jpl-test-contentbucket-hratibh1y9pa.s3.us-west-2.amazonaws.com/9deb6b97-905a-432b-8e9d-be1adebf6661/OPERA_L3_DIST-ALERT-S1_T45QYF_20240904T235633Z_20251215T212905Z_S1A_30_v0.1.zip,s3://hyp3-tibet-jpl-test-contentbucket-hratibh1y9pa9deb6b97-905a-432b-8e9d-be1adebf6661/OPERA_L3_DIST-ALERT-S1_T45QYF_20240904T235633Z_20251215T212905Z_S1A_30_v0.1,https://hyp3-tibet-jpl-test-contentbucket-hratibh1y9pa.s3.us-west-2.amazonaws.com/9deb6b97-905a-432b-8e9d-be1adebf6661/OPERA_L3_DIST-ALERT-S1_T45QYF_20240904T235633Z_20251215T212905Z_S1A_30_v0.1.png,2025-12-15T20:48:24+00:00,1241.142,4.5,45QYF,1,23,4,none,False,transformer_v1_32,high,32,20,2024-09-04,150,2.5,4,best,none,False
yajiang_fire_2024__2024-03-15__47RPP__transformer_v1_32-20mc,https://hyp3-tibet-jpl-test-contentbucket-hratibh1y9pa.s3.us-west-2.amazonaws.com/3e0eab1b-9b75-466b-8af0-eb1a2fcf0034/OPERA_L3_DIST-ALERT-S1_T47RPP_20240324T232136Z_20251215T212220Z_S1A_30_v0.1.zip,s3://hyp3-tibet-jpl-test-contentbucket-hratibh1y9pa3e0eab1b-9b75-466b-8af0-eb1a2fcf0034/OPERA_L3_DIST-ALERT-S1_T47RPP_20240324T232136Z_20251215T212220Z_S1A_30_v0.1,https://hyp3-tibet-jpl-test-contentbucket-hratibh1y9pa.s3.us-west-2.amazonaws.com/3e0eab1b-9b75-466b-8af0-eb1a2fcf0034/OPERA_L3_DIST-ALERT-S1_T47RPP_20240324T232136Z_20251215T212220Z_S1A_30_v0.1.png,2025-12-15T20:48:24+00:00,832.197,4.5,47RPP,1,23,4,none,False,transformer_v1_32,high,32,20,2024-03-24,33,2.5,4,best,none,False
park_fire_2024__2024-07-24__10TEK__transformer_v1_32-20mc,https://hyp3-tibet-jpl-test-contentbucket-hratibh1y9pa.s3.us-west-2.amazonaws.com/471e6e29-b414-41d4-ab44-2fdc7f7d4cbe/OPERA_L3_DIST-ALERT-S1_T10TEK_20240704T141547Z_20251215T212842Z_S1A_30_v0.1.zip,s3://hyp3-tibet-jpl-test-contentbucket-hratibh1y9pa471e6e29-b414-41d4-ab44-2fdc7f7d4cbe/OPERA_L3_DIST-ALERT-S1_T10TEK_20240704T141547Z_20251215T212842Z_S1A_30_v0.1,https://hyp3-tibet-jpl-test-contentbucket-hratibh1y9pa.s3.us-west-2.amazonaws.com/471e6e29-b414-41d4-ab44-2fdc7f7d4cbe/OPERA_L3_DIST-ALERT-S1_T10TEK_20240704T141547Z_20251215T212842Z_S1A_30_v0.1.png,2025-12-15T20:48:24+00:00,1220.399,4.5,10TEK,1,23,4,none,False,transformer_v1_32,high,32,20,2024-07-04,115,2.5,4,best,none,False
park_fire_2024__2024-07-24__10TEK__transformer_v1_32-20mc,https://hyp3-tibet-jpl-test-contentbucket-hratibh1y9pa.s3.us-west-2.amazonaws.com/62dfaba8-e1fa-4c6b-9a5d-a752f911c96a/OPERA_L3_DIST-ALERT-S1_T10TEK_20240804T140737Z_20251215T211903Z_S1A_30_v0.1.zip,s3://hyp3-tibet-jpl-test-contentbucket-hratibh1y9pa62dfaba8-e1fa-4c6b-9a5d-a752f911c96a/OPERA_L3_DIST-ALERT-S1_T10TEK_20240804T140737Z_20251215T211903Z_S1A_30_v0.1,https://hyp3-tibet-jpl-test-contentbucket-hratibh1y9pa.s3.us-west-2.amazonaws.com/62dfaba8-e1fa-4c6b-9a5d-a752f911c96a/OPERA_L3_DIST-ALERT-S1_T10TEK_20240804T140737Z_20251215T211903Z_S1A_30_v0.1.png,2025-12-15T20:48:24+00:00,636.796,4.5,10TEK,1,23,4,none,False,transformer_v1_32,high,32,20,2024-08-04,42,2.5,4,best,none,False
bangladesh_coastal_flood_2024__2024-07-08__45QZF__transformer_v1_32-20mc,https://hyp3-tibet-jpl-test-contentbucket-hratibh1y9pa.s3.us-west-2.amazonaws.com/3cd84460-a47a-4ec8-bc34-a25ba6abbff7/OPERA_L3_DIST-ALERT-S1_T45QZF_20240821T120438Z_20251215T213454Z_S1A_30_v0.1.zip,s3://hyp3-tibet-jpl-test-contentbucket-hratibh1y9pa3cd84460-a47a-4ec8-bc34-a25ba6abbff7/OPERA_L3_DIST-ALERT-S1_T45QZF_20240821T120438Z_20251215T213454Z_S1A_30_v0.1,https://hyp3-tibet-jpl-test-contentbucket-hratibh1y9pa.s3.us-west-2.amazonaws.com/3cd84460-a47a-4ec8-bc34-a25ba6abbff7/OPERA_L3_DIST-ALERT-S1_T45QZF_20240821T120438Z_20251215T213454Z_S1A_30_v0.1.png,2025-12-15T20:48:24+00:00,1592.758,4.5,45QZF,1,23,4,none,False,transformer_v1_32,high,32,20,2024-08-21,114,2.5,4,best,none,False
yajiang_fire_2024__2024-03-15__47RQP__transformer_v1_32-20mc,https://hyp3-tibet-jpl-test-contentbucket-hratibh1y9pa.s3.us-west-2.amazonaws.com/c601f12f-efba-4ff1-be36-2c4268f7b370/OPERA_L3_DIST-ALERT-S1_T47RQP_20240217T111717Z_20251215T213837Z_S1A_30_v0.1.zip,s3://hyp3-tibet-jpl-test-contentbucket-hratibh1y9pac601f12f-efba-4ff1-be36-2c4268f7b370/OPERA_L3_DIST-ALERT-S1_T47RQP_20240217T111717Z_20251215T213837Z_S1A_30_v0.1,https://hyp3-tibet-jpl-test-contentbucket-hratibh1y9pa.s3.us-west-2.amazonaws.com/c601f12f-efba-4ff1-be36-2c4268f7b370/OPERA_L3_DIST-ALERT-S1_T47RQP_20240217T111717Z_20251215T213837Z_S1A_30_v0.1.png,2025-12-15T20:48:24+00:00,1826.446,4.5,47RQP,1,23,4,none,False,transformer_v1_32,high,32,20,2024-02-17,26,2.5,4,best,none,False
chiapas_fire_2024__2024-03-24__15QUU__transformer_v1_32-20mc,https://hyp3-tibet-jpl-test-contentbucket-hratibh1y9pa.s3.us-west-2.amazonaws.com/401727cc-992b-4a91-afd3-fd91fac98ae5/OPERA_L3_DIST-ALERT-S1_T15QUU_20240330T003143Z_20251215T212319Z_S1A_30_v0.1.zip,s3://hyp3-tibet-jpl-test-contentbucket-hratibh1y9pa401727cc-992b-4a91-afd3-fd91fac98ae5/OPERA_L3_DIST-ALERT-S1_T15QUU_20240330T003143Z_20251215T212319Z_S1A_30_v0.1,https://hyp3-tibet-jpl-test-contentbucket-hratibh1y9pa.s3.us-west-2.amazonaws.com/401727cc-992b-4a91-afd3-fd91fac98ae5/OPERA_L3_DIST-ALERT-S1_T15QUU_20240330T003143Z_20251215T212319Z_S1A_30_v0.1.png,2025-12-15T20:48:24+00:00,897.282,4.5,15QUU,1,23,4,none,False,transformer_v1_32,high,32,20,2024-03-30,107,2.5,4,best,none,False
yajiang_fire_2024__2024-03-15__47RPP__transformer_v1_32-20mc,https://hyp3-tibet-jpl-test-contentbucket-hratibh1y9pa.s3.us-west-2.amazonaws.com/a4455047-aac6-4da9-afb3-cbbd68b41946/OPERA_L3_DIST-ALERT-S1_T47RPP_20240312T232136Z_20251215T212302Z_S1A_30_v0.1.zip,s3://hyp3-tibet-jpl-test-contentbucket-hratibh1y9paa4455047-aac6-4da9-afb3-cbbd68b41946/OPERA_L3_DIST-ALERT-S1_T47RPP_20240312T232136Z_20251215T212302Z_S1A_30_v0.1,https://hyp3-tibet-jpl-test-contentbucket-hratibh1y9pa.s3.us-west-2.amazonaws.com/a4455047-aac6-4da9-afb3-cbbd68b41946/OPERA_L3_DIST-ALERT-S1_T47RPP_20240312T232136Z_20251215T212302Z_S1A_30_v0.1.png,2025-12-15T20:48:24+00:00,874.599,4.5,47RPP,1,23,4,none,False,transformer_v1_32,high,32,20,2024-03-12,33,2.5,4,best,none,False
park_fire_2024__2024-07-24__10TFK__transformer_v1_32-20mc,https://hyp3-tibet-jpl-test-contentbucket-hratibh1y9pa.s3.us-west-2.amazonaws.com/0bf15f21-c947-4eb2-8b25-c29141164e04/OPERA_L3_DIST-ALERT-S1_T10TFK_20240804T020840Z_20251215T212258Z_S1A_30_v0.1.zip,s3://hyp3-tibet-jpl-test-contentbucket-hratibh1y9pa0bf15f21-c947-4eb2-8b25-c29141164e04/OPERA_L3_DIST-ALERT-S1_T10TFK_20240804T020840Z_20251215T212258Z_S1A_30_v0.1,https://hyp3-tibet-jpl-test-contentbucket-hratibh1y9pa.s3.us-west-2.amazonaws.com/0bf15f21-c947-4eb2-8b25-c29141164e04/OPERA_L3_DIST-ALERT-S1_T10TFK_20240804T020840Z_20251215T212258Z_S1A_30_v0.1.png,2025-12-15T20:48:24+00:00,906.445,4.5,10TFK,1,23,4,none,False,transformer_v1_32,high,32,20,2024-08-04,35,2.5,4,best,none,False
yajiang_fire_2024__2024-03-15__47RPP__transformer_v1_32-20mc,https://hyp3-tibet-jpl-test-contentbucket-hratibh1y9pa.s3.us-west-2.amazonaws.com/c024a406-5668-49c9-8ad3-962fe2b9bfb4/OPERA_L3_DIST-ALERT-S1_T47RPP_20240307T231325Z_20251215T212924Z_S1A_30_v0.1.zip,s3://hyp3-tibet-jpl-test-contentbucket-hratibh1y9pac024a406-5668-49c9-8ad3-962fe2b9bfb4/OPERA_L3_DIST-ALERT-S1_T47RPP_20240307T231325Z_20251215T212924Z_S1A_30_v0.1,https://hyp3-tibet-jpl-test-contentbucket-hratibh1y9pa.s3.us-west-2.amazonaws.com/c024a406-5668-49c9-8ad3-962fe2b9bfb4/OPERA_L3_DIST-ALERT-S1_T47RPP_20240307T231325Z_20251215T212924Z_S1A_30_v0.1.png,2025-12-15T20:48:24+00:00,1293.807,4.5,47RPP,1,23,4,none,False,transformer_v1_32,high,32,20,2024-03-07,135,2.5,4,best,none,False
park_fire_2024__2024-07-24__10TFK__transformer_v1_32-20mc,https://hyp3-tibet-jpl-test-contentbucket-hratibh1y9pa.s3.us-west-2.amazonaws.com/307fb6d3-468d-4e73-be42-f2cf1f376f41/OPERA_L3_DIST-ALERT-S1_T10TFK_20240821T141544Z_20251215T212719Z_S1A_30_v0.1.zip,s3://hyp3-tibet-jpl-test-contentbucket-hratibh1y9pa307fb6d3-468d-4e73-be42-f2cf1f376f41/OPERA_L3_DIST-ALERT-S1_T10TFK_20240821T141544Z_20251215T212719Z_S1A_30_v0.1,https://hyp3-tibet-jpl-test-contentbucket-hratibh1y9pa.s3.us-west-2.amazonaws.com/307fb6d3-468d-4e73-be42-f2cf1f376f41/OPERA_L3_DIST-ALERT-S1_T10TFK_20240821T141544Z_20251215T212719Z_S1A_30_v0.1.png,2025-12-15T20:48:24+00:00,1173.777,4.5,10TFK,1,23,4,none,False,transformer_v1_32,high,32,20,2024-08-21,115,2.5,4,best,none,False
bangladesh_coastal_flood_2024__2024-07-08__45QZF__transformer_v1_32-20mc,https://hyp3-tibet-jpl-test-contentbucket-hratibh1y9pa.s3.us-west-2.amazonaws.com/e84c63d7-9673-4794-b4f8-968ca635b2e5/OPERA_L3_DIST-ALERT-S1_T45QZF_20240610T120440Z_20251215T213312Z_S1A_30_v0.1.zip,s3://hyp3-tibet-jpl-test-contentbucket-hratibh1y9pae84c63d7-9673-4794-b4f8-968ca635b2e5/OPERA_L3_DIST-ALERT-S1_T45QZF_20240610T120440Z_20251215T213312Z_S1A_30_v0.1,https://hyp3-tibet-jpl-test-contentbucket-hratibh1y9pa.s3.us-west-2.amazonaws.com/e84c63d7-9673-4794-b4f8-968ca635b2e5/OPERA_L3_DIST-ALERT-S1_T45QZF_20240610T120440Z_20251215T213312Z_S1A_30_v0.1.png,2025-12-15T20:48:24+00:00,1525.107,4.5,45QZF,1,23,4,none,False,transformer_v1_32,high,32,20,2024-06-10,114,2.5,4,best,none,False
bangladesh_coastal_flood_2024__2024-07-08__45QYF__transformer_v1_32-20mc,https://hyp3-tibet-jpl-test-contentbucket-hratibh1y9pa.s3.us-west-2.amazonaws.com/5673e485-b425-4308-9bb2-0869f31f56c7/OPERA_L3_DIST-ALERT-S1_T45QYF_20240902T120443Z_20251215T212831Z_S1A_30_v0.1.zip,s3://hyp3-tibet-jpl-test-contentbucket-hratibh1y9pa5673e485-b425-4308-9bb2-0869f31f56c7/OPERA_L3_DIST-ALERT-S1_T45QYF_20240902T120443Z_20251215T212831Z_S1A_30_v0.1,https://hyp3-tibet-jpl-test-contentbucket-hratibh1y9pa.s3.us-west-2.amazonaws.com/5673e485-b425-4308-9bb2-0869f31f56c7/OPERA_L3_DIST-ALERT-S1_T45QYF_20240902T120443Z_20251215T212831Z_S1A_30_v0.1.png,2025-12-15T20:48:24+00:00,1246.986,4.5,45QYF,1,23,4,none,False,transformer_v1_32,high,32,20,2024-09-02,114,2.5,4,best,none,False
yajiang_fire_2024__2024-03-15__47RPP__transformer_v1_32-20mc,https://hyp3-tibet-jpl-test-contentbucket-hratibh1y9pa.s3.us-west-2.amazonaws.com/989aa3ff-0cc0-40dc-ab05-db4d9e31c8b2/OPERA_L3_DIST-ALERT-S1_T47RPP_20240217T232136Z_20251215T212207Z_S1A_30_v0.1.zip,s3://hyp3-tibet-jpl-test-contentbucket-hratibh1y9pa989aa3ff-0cc0-40dc-ab05-db4d9e31c8b2/OPERA_L3_DIST-ALERT-S1_T47RPP_20240217T232136Z_20251215T212207Z_S1A_30_v0.1,https://hyp3-tibet-jpl-test-contentbucket-hratibh1y9pa.s3.us-west-2.amazonaws.com/989aa3ff-0cc0-40dc-ab05-db4d9e31c8b2/OPERA_L3_DIST-ALERT-S1_T47RPP_20240217T232136Z_20251215T212207Z_S1A_30_v0.1.png,2025-12-15T20:48:24+00:00,854.798,4.5,47RPP,1,23,4,none,False,transformer_v1_32,high,32,20,2024-02-17,33,2.5,4,best,none,False
bangladesh_coastal_flood_2024__2024-07-08__45QZE__transformer_v1_32-20mc,https://hyp3-tibet-jpl-test-contentbucket-hratibh1y9pa.s3.us-west-2.amazonaws.com/8c7db018-a43e-4f65-9a08-efe1a5c432e0/OPERA_L3_DIST-ALERT-S1_T45QZE_20240821T120429Z_20251215T212658Z_S1A_30_v0.1.zip,s3://hyp3-tibet-jpl-test-contentbucket-hratibh1y9pa8c7db018-a43e-4f65-9a08-efe1a5c432e0/OPERA_L3_DIST-ALERT-S1_T45QZE_20240821T120429Z_20251215T212658Z_S1A_30_v0.1,https://hyp3-tibet-jpl-test-contentbucket-hratibh1y9pa.s3.us-west-2.amazonaws.com/8c7db018-a43e-4f65-9a08-efe1a5c432e0/OPERA_L3_DIST-ALERT-S1_T45QZE_20240821T120429Z_20251215T212658Z_S1A_30_v0.1.png,2025-12-15T20:48:24+00:00,1148.955,4.5,45QZE,1,23,4,none,False,transformer_v1_32,high,32,20,2024-08-21,114,2.5,4,best,none,False
bangladesh_coastal_flood_2024__2024-07-08__45QZF__transformer_v1_32-20mc,https://hyp3-tibet-jpl-test-contentbucket-hratibh1y9pa.s3.us-west-2.amazonaws.com/4c25a00b-70fe-4e80-a663-4b5c85753cb7/OPERA_L3_DIST-ALERT-S1_T45QZF_20240622T120439Z_20251215T213258Z_S1A_30_v0.1.zip,s3://hyp3-tibet-jpl-test-contentbucket-hratibh1y9pa4c25a00b-70fe-4e80-a663-4b5c85753cb7/OPERA_L3_DIST-ALERT-S1_T45QZF_20240622T120439Z_20251215T213258Z_S1A_30_v0.1,https://hyp3-tibet-jpl-test-contentbucket-hratibh1y9pa.s3.us-west-2.amazonaws.com/4c25a00b-70fe-4e80-a663-4b5c85753cb7/OPERA_L3_DIST-ALERT-S1_T45QZF_20240622T120439Z_20251215T213258Z_S1A_30_v0.1.png,2025-12-15T20:48:24+00:00,1514.529,4.5,45QZF,1,23,4,none,False,transformer_v1_32,high,32,20,2024-06-22,114,2.5,4,best,none,False
chiapas_fire_2024__2024-03-24__15QUU__transformer_v1_32-20mc,https://hyp3-tibet-jpl-test-contentbucket-hratibh1y9pa.s3.us-west-2.amazonaws.com/8b1253ca-517b-4ce9-b017-14d264ff00f0/OPERA_L3_DIST-ALERT-S1_T15QUU_20240325T002334Z_20251215T212326Z_S1A_30_v0.1.zip,s3://hyp3-tibet-jpl-test-contentbucket-hratibh1y9pa8b1253ca-517b-4ce9-b017-14d264ff00f0/OPERA_L3_DIST-ALERT-S1_T15QUU_20240325T002334Z_20251215T212326Z_S1A_30_v0.1,https://hyp3-tibet-jpl-test-contentbucket-hratibh1y9pa.s3.us-west-2.amazonaws.com/8b1253ca-517b-4ce9-b017-14d264ff00f0/OPERA_L3_DIST-ALERT-S1_T15QUU_20240325T002334Z_20251215T212326Z_S1A_30_v0.1.png,2025-12-15T20:48:24+00:00,936.961,4.5,15QUU,1,23,4,none,False,transformer_v1_32,high,32,20,2024-03-25,34,2.5,4,best,none,False
yajiang_fire_2024__2024-03-15__47RQP__transformer_v1_32-20mc,https://hyp3-tibet-jpl-test-contentbucket-hratibh1y9pa.s3.us-west-2.amazonaws.com/a766a5b9-5e19-4b46-9092-47c741f08ed1/OPERA_L3_DIST-ALERT-S1_T47RQP_20240319T110909Z_20251215T212159Z_S1A_30_v0.1.zip,s3://hyp3-tibet-jpl-test-contentbucket-hratibh1y9paa766a5b9-5e19-4b46-9092-47c741f08ed1/OPERA_L3_DIST-ALERT-S1_T47RQP_20240319T110909Z_20251215T212159Z_S1A_30_v0.1,https://hyp3-tibet-jpl-test-contentbucket-hratibh1y9pa.s3.us-west-2.amazonaws.com/a766a5b9-5e19-4b46-9092-47c741f08ed1/OPERA_L3_DIST-ALERT-S1_T47RQP_20240319T110909Z_20251215T212159Z_S1A_30_v0.1.png,2025-12-15T20:48:24+00:00,848.324,4.5,47RQP,1,23,4,none,False,transformer_v1_32,high,32,20,2024-03-19,128,2.5,4,best,none,False
bangladesh_coastal_flood_2024__2024-07-08__45QYF__transformer_v1_32-20mc,https://hyp3-tibet-jpl-test-contentbucket-hratibh1y9pa.s3.us-west-2.amazonaws.com/f61f8da0-606c-4526-826b-d49635f20d23/OPERA_L3_DIST-ALERT-S1_T45QYF_20240728T120442Z_20251215T212210Z_S1A_30_v0.1.zip,s3://hyp3-tibet-jpl-test-contentbucket-hratibh1y9paf61f8da0-606c-4526-826b-d49635f20d23/OPERA_L3_DIST-ALERT-S1_T45QYF_20240728T120442Z_20251215T212210Z_S1A_30_v0.1,https://hyp3-tibet-jpl-test-contentbucket-hratibh1y9pa.s3.us-west-2.amazonaws.com/f61f8da0-606c-4526-826b-d49635f20d23/OPERA_L3_DIST-ALERT-S1_T45QYF_20240728T120442Z_20251215T212210Z_S1A_30_v0.1.png,2025-12-15T20:48:24+00:00,864.066,4.5,45QYF,1,23,4,none,False,transformer_v1_32,high,32,20,2024-07-28,114,2.5,4,best,none,False
park_fire_2024__2024-07-24__10TFK__transformer_v1_32-20mc,https://hyp3-tibet-jpl-test-contentbucket-hratibh1y9pa.s3.us-west-2.amazonaws.com/a86fb9d8-b50a-47b6-8972-24d9e855b3a7/OPERA_L3_DIST-ALERT-S1_T10TFK_20240716T141544Z_20251215T211928Z_S1A_30_v0.1.zip,s3://hyp3-tibet-jpl-test-contentbucket-hratibh1y9paa86fb9d8-b50a-47b6-8972-24d9e855b3a7/OPERA_L3_DIST-ALERT-S1_T10TFK_20240716T141544Z_20251215T211928Z_S1A_30_v0.1,https://hyp3-tibet-jpl-test-contentbucket-hratibh1y9pa.s3.us-west-2.amazonaws.com/a86fb9d8-b50a-47b6-8972-24d9e855b3a7/OPERA_L3_DIST-ALERT-S1_T10TFK_20240716T141544Z_20251215T211928Z_S1A_30_v0.1.png,2025-12-15T20:48:24+00:00,698.676,4.5,10TFK,1,23,4,none,False,transformer_v1_32,high,32,20,2024-07-16,115,2.5,4,best,none,False
park_fire_2024__2024-07-24__10TFK__transformer_v1_32-20mc,https://hyp3-tibet-jpl-test-contentbucket-hratibh1y9pa.s3.us-west-2.amazonaws.com/a721fcfe-adbe-45bc-9429-bca3bf588290/OPERA_L3_DIST-ALERT-S1_T10TFK_20240804T140734Z_20251215T212957Z_S1A_30_v0.1.zip,s3://hyp3-tibet-jpl-test-contentbucket-hratibh1y9paa721fcfe-adbe-45bc-9429-bca3bf588290/OPERA_L3_DIST-ALERT-S1_T10TFK_20240804T140734Z_20251215T212957Z_S1A_30_v0.1,https://hyp3-tibet-jpl-test-contentbucket-hratibh1y9pa.s3.us-west-2.amazonaws.com/a721fcfe-adbe-45bc-9429-bca3bf588290/OPERA_L3_DIST-ALERT-S1_T10TFK_20240804T140734Z_20251215T212957Z_S1A_30_v0.1.png,2025-12-15T20:48:24+00:00,1333.066,4.5,10TFK,1,23,4,none,False,transformer_v1_32,high,32,20,2024-08-04,42,2.5,4,best,none,False
yajiang_fire_2024__2024-03-15__47RQP__transformer_v1_32-20mc,https://hyp3-tibet-jpl-test-contentbucket-hratibh1y9pa.s3.us-west-2.amazonaws.com/abb863b1-6227-4d8e-bcd8-b287ae4ab751/OPERA_L3_DIST-ALERT-S1_T47RQP_20240319T231323Z_20251215T213414Z_S1A_30_v0.1.zip,s3://hyp3-tibet-jpl-test-contentbucket-hratibh1y9paabb863b1-6227-4d8e-bcd8-b287ae4ab751/OPERA_L3_DIST-ALERT-S1_T47RQP_20240319T231323Z_20251215T213414Z_S1A_30_v0.1,https://hyp3-tibet-jpl-test-contentbucket-hratibh1y9pa.s3.us-west-2.amazonaws.com/abb863b1-6227-4d8e-bcd8-b287ae4ab751/OPERA_L3_DIST-ALERT-S1_T47RQP_20240319T231323Z_20251215T213414Z_S1A_30_v0.1.png,2025-12-15T20:48:24+00:00,1620.848,4.5,47RQP,1,23,4,none,False,transformer_v1_32,high,32,20,2024-03-19,135,2.5,4,best,none,False
yajiang_fire_2024__2024-03-15__47RQP__transformer_v1_32-20mc,https://hyp3-tibet-jpl-test-contentbucket-hratibh1y9pa.s3.us-west-2.amazonaws.com/7da967eb-d2d1-49d4-bc90-df50ab5901b0/OPERA_L3_DIST-ALERT-S1_T47RQP_20240506T231325Z_20251215T213715Z_S1A_30_v0.1.zip,s3://hyp3-tibet-jpl-test-contentbucket-hratibh1y9pa7da967eb-d2d1-49d4-bc90-df50ab5901b0/OPERA_L3_DIST-ALERT-S1_T47RQP_20240506T231325Z_20251215T213715Z_S1A_30_v0.1,https://hyp3-tibet-jpl-test-contentbucket-hratibh1y9pa.s3.us-west-2.amazonaws.com/7da967eb-d2d1-49d4-bc90-df50ab5901b0/OPERA_L3_DIST-ALERT-S1_T47RQP_20240506T231325Z_20251215T213715Z_S1A_30_v0.1.png,2025-12-15T20:48:24+00:00,1773.223,4.5,47RQP,1,23,4,none,False,transformer_v1_32,high,32,20,2024-05-06,135,2.5,4,best,none,False
bangladesh_coastal_flood_2024__2024-07-08__45QYE__transformer_v1_32-20mc,https://hyp3-tibet-jpl-test-contentbucket-hratibh1y9pa.s3.us-west-2.amazonaws.com/e8dfbb9b-0905-4dd7-b8c8-d3d4cab61977/OPERA_L3_DIST-ALERT-S1_T45QYE_20240809T120429Z_20251215T212055Z_S1A_30_v0.1.zip,s3://hyp3-tibet-jpl-test-contentbucket-hratibh1y9pae8dfbb9b-0905-4dd7-b8c8-d3d4cab61977/OPERA_L3_DIST-ALERT-S1_T45QYE_20240809T120429Z_20251215T212055Z_S1A_30_v0.1,https://hyp3-tibet-jpl-test-contentbucket-hratibh1y9pa.s3.us-west-2.amazonaws.com/e8dfbb9b-0905-4dd7-b8c8-d3d4cab61977/OPERA_L3_DIST-ALERT-S1_T45QYE_20240809T120429Z_20251215T212055Z_S1A_30_v0.1.png,2025-12-15T20:48:24+00:00,822.261,4.5,45QYE,1,23,4,none,False,transformer_v1_32,high,32,20,2024-08-09,114,2.5,4,best,none,False
chiapas_fire_2024__2024-03-24__15QUU__transformer_v1_32-20mc,https://hyp3-tibet-jpl-test-contentbucket-hratibh1y9pa.s3.us-west-2.amazonaws.com/ab98b61f-01ae-4cb6-bf73-fb3dac232a35/OPERA_L3_DIST-ALERT-S1_T15QUU_20240505T003144Z_20251215T212318Z_S1A_30_v0.1.zip,s3://hyp3-tibet-jpl-test-contentbucket-hratibh1y9paab98b61f-01ae-4cb6-bf73-fb3dac232a35/OPERA_L3_DIST-ALERT-S1_T15QUU_20240505T003144Z_20251215T212318Z_S1A_30_v0.1,https://hyp3-tibet-jpl-test-contentbucket-hratibh1y9pa.s3.us-west-2.amazonaws.com/ab98b61f-01ae-4cb6-bf73-fb3dac232a35/OPERA_L3_DIST-ALERT-S1_T15QUU_20240505T003144Z_20251215T212318Z_S1A_30_v0.1.png,2025-12-15T20:48:24+00:00,969.387,4.5,15QUU,1,23,4,none,False,transformer_v1_32,high,32,20,2024-05-05,107,2.5,4,best,none,False
yajiang_fire_2024__2024-03-15__47RPP__transformer_v1_32-20mc,https://hyp3-tibet-jpl-test-contentbucket-hratibh1y9pa.s3.us-west-2.amazonaws.com/d08883f5-dae7-4c10-ba54-ff51ed42fb75/OPERA_L3_DIST-ALERT-S1_T47RPP_20240229T232136Z_20251215T212636Z_S1A_30_v0.1.zip,s3://hyp3-tibet-jpl-test-contentbucket-hratibh1y9pad08883f5-dae7-4c10-ba54-ff51ed42fb75/OPERA_L3_DIST-ALERT-S1_T47RPP_20240229T232136Z_20251215T212636Z_S1A_30_v0.1,https://hyp3-tibet-jpl-test-contentbucket-hratibh1y9pa.s3.us-west-2.amazonaws.com/d08883f5-dae7-4c10-ba54-ff51ed42fb75/OPERA_L3_DIST-ALERT-S1_T47RPP_20240229T232136Z_20251215T212636Z_S1A_30_v0.1.png,2025-12-15T20:48:24+00:00,1166.922,4.5,47RPP,1,23,4,none,False,transformer_v1_32,high,32,20,2024-02-29,33,2.5,4,best,none,False
chiapas_fire_2024__2024-03-24__15QUU__transformer_v1_32-20mc,https://hyp3-tibet-jpl-test-contentbucket-hratibh1y9pa.s3.us-west-2.amazonaws.com/1112b317-66a7-4301-a028-ef7d49abfa3a/OPERA_L3_DIST-ALERT-S1_T15QUU_20240310T121037Z_20251215T212341Z_S1A_30_v0.1.zip,s3://hyp3-tibet-jpl-test-contentbucket-hratibh1y9pa1112b317-66a7-4301-a028-ef7d49abfa3a/OPERA_L3_DIST-ALERT-S1_T15QUU_20240310T121037Z_20251215T212341Z_S1A_30_v0.1,https://hyp3-tibet-jpl-test-contentbucket-hratibh1y9pa.s3.us-west-2.amazonaws.com/1112b317-66a7-4301-a028-ef7d49abfa3a/OPERA_L3_DIST-ALERT-S1_T15QUU_20240310T121037Z_20251215T212341Z_S1A_30_v0.1.png,2025-12-15T20:48:24+00:00,987.179,4.5,15QUU,1,23,4,none,False,transformer_v1_32,high,32,20,2024-03-10,172,2.5,4,best,none,False
park_fire_2024__2024-07-24__10TEK__transformer_v1_32-20mc,https://hyp3-tibet-jpl-test-contentbucket-hratibh1y9pa.s3.us-west-2.amazonaws.com/5581f2b1-9fb3-4666-a572-f6b345accadc/OPERA_L3_DIST-ALERT-S1_T10TEK_20240828T140737Z_20251215T211853Z_S1A_30_v0.1.zip,s3://hyp3-tibet-jpl-test-contentbucket-hratibh1y9pa5581f2b1-9fb3-4666-a572-f6b345accadc/OPERA_L3_DIST-ALERT-S1_T10TEK_20240828T140737Z_20251215T211853Z_S1A_30_v0.1,https://hyp3-tibet-jpl-test-contentbucket-hratibh1y9pa.s3.us-west-2.amazonaws.com/5581f2b1-9fb3-4666-a572-f6b345accadc/OPERA_L3_DIST-ALERT-S1_T10TEK_20240828T140737Z_20251215T211853Z_S1A_30_v0.1.png,2025-12-15T20:48:24+00:00,698.728,4.5,10TEK,1,23,4,none,False,transformer_v1_32,high,32,20,2024-08-28,42,2.5,4,best,none,False
yajiang_fire_2024__2024-03-15__47RPP__transformer_v1_32-20mc,https://hyp3-tibet-jpl-test-contentbucket-hratibh1y9pa.s3.us-west-2.amazonaws.com/678ca381-081f-4a9b-a527-24e5c765fcd1/OPERA_L3_DIST-ALERT-S1_T47RPP_20240217T111719Z_20251215T213953Z_S1A_30_v0.1.zip,s3://hyp3-tibet-jpl-test-contentbucket-hratibh1y9pa678ca381-081f-4a9b-a527-24e5c765fcd1/OPERA_L3_DIST-ALERT-S1_T47RPP_20240217T111719Z_20251215T213953Z_S1A_30_v0.1,https://hyp3-tibet-jpl-test-contentbucket-hratibh1y9pa.s3.us-west-2.amazonaws.com/678ca381-081f-4a9b-a527-24e5c765fcd1/OPERA_L3_DIST-ALERT-S1_T47RPP_20240217T111719Z_20251215T213953Z_S1A_30_v0.1.png,2025-12-15T20:48:24+00:00,1960.737,4.5,47RPP,1,23,4,none,False,transformer_v1_32,high,32,20,2024-02-17,26,2.5,4,best,none,False
park_fire_2024__2024-07-24__10TEK__transformer_v1_32-20mc,https://hyp3-tibet-jpl-test-contentbucket-hratibh1y9pa.s3.us-west-2.amazonaws.com/a2a5b7a1-25cd-4343-951d-ce9aeb7510cd/OPERA_L3_DIST-ALERT-S1_T10TEK_20240816T020842Z_20251215T212837Z_S1A_30_v0.1.zip,s3://hyp3-tibet-jpl-test-contentbucket-hratibh1y9paa2a5b7a1-25cd-4343-951d-ce9aeb7510cd/OPERA_L3_DIST-ALERT-S1_T10TEK_20240816T020842Z_20251215T212837Z_S1A_30_v0.1,https://hyp3-tibet-jpl-test-contentbucket-hratibh1y9pa.s3.us-west-2.amazonaws.com/a2a5b7a1-25cd-4343-951d-ce9aeb7510cd/OPERA_L3_DIST-ALERT-S1_T10TEK_20240816T020842Z_20251215T212837Z_S1A_30_v0.1.png,2025-12-15T20:48:24+00:00,1289.737,4.5,10TEK,1,23,4,none,False,transformer_v1_32,high,32,20,2024-08-16,35,2.5,4,best,none,False
chiapas_fire_2024__2024-03-24__15QUU__transformer_v1_32-20mc,https://hyp3-tibet-jpl-test-contentbucket-hratibh1y9pa.s3.us-west-2.amazonaws.com/a1b5b9c8-20db-437c-a6fb-9331211b8385/OPERA_L3_DIST-ALERT-S1_T15QUU_20240517T003144Z_20251215T212408Z_S1A_30_v0.1.zip,s3://hyp3-tibet-jpl-test-contentbucket-hratibh1y9paa1b5b9c8-20db-437c-a6fb-9331211b8385/OPERA_L3_DIST-ALERT-S1_T15QUU_20240517T003144Z_20251215T212408Z_S1A_30_v0.1,https://hyp3-tibet-jpl-test-contentbucket-hratibh1y9pa.s3.us-west-2.amazonaws.com/a1b5b9c8-20db-437c-a6fb-9331211b8385/OPERA_L3_DIST-ALERT-S1_T15QUU_20240517T003144Z_20251215T212408Z_S1A_30_v0.1.png,2025-12-15T20:48:24+00:00,1023.454,4.5,15QUU,1,23,4,none,False,transformer_v1_32,high,32,20,2024-05-17,107,2.5,4,best,none,False
park_fire_2024__2024-07-24__10TFK__transformer_v1_32-20mc,https://hyp3-tibet-jpl-test-contentbucket-hratibh1y9pa.s3.us-west-2.amazonaws.com/555a8eed-5309-4941-95ed-aec69362e5a1/OPERA_L3_DIST-ALERT-S1_T10TFK_20240728T141544Z_20251215T211907Z_S1A_30_v0.1.zip,s3://hyp3-tibet-jpl-test-contentbucket-hratibh1y9pa555a8eed-5309-4941-95ed-aec69362e5a1/OPERA_L3_DIST-ALERT-S1_T10TFK_20240728T141544Z_20251215T211907Z_S1A_30_v0.1,https://hyp3-tibet-jpl-test-contentbucket-hratibh1y9pa.s3.us-west-2.amazonaws.com/555a8eed-5309-4941-95ed-aec69362e5a1/OPERA_L3_DIST-ALERT-S1_T10TFK_20240728T141544Z_20251215T211907Z_S1A_30_v0.1.png,2025-12-15T20:48:24+00:00,716.306,4.5,10TFK,1,23,4,none,False,transformer_v1_32,high,32,20,2024-07-28,115,2.5,4,best,none,False
bangladesh_coastal_flood_2024__2024-07-08__45QZF__transformer_v1_32-20mc,https://hyp3-tibet-jpl-test-contentbucket-hratibh1y9pa.s3.us-west-2.amazonaws.com/22f607ae-af52-4358-84ea-36bd066d2fb5/OPERA_L3_DIST-ALERT-S1_T45QZF_20240612T235631Z_20251215T213139Z_S1A_30_v0.1.zip,s3://hyp3-tibet-jpl-test-contentbucket-hratibh1y9pa22f607ae-af52-4358-84ea-36bd066d2fb5/OPERA_L3_DIST-ALERT-S1_T45QZF_20240612T235631Z_20251215T213139Z_S1A_30_v0.1,https://hyp3-tibet-jpl-test-contentbucket-hratibh1y9pa.s3.us-west-2.amazonaws.com/22f607ae-af52-4358-84ea-36bd066d2fb5/OPERA_L3_DIST-ALERT-S1_T45QZF_20240612T235631Z_20251215T213139Z_S1A_30_v0.1.png,2025-12-15T20:48:24+00:00,1472.911,4.5,45QZF,1,23,4,none,False,transformer_v1_32,high,32,20,2024-06-12,150,2.5,4,best,none,False
bangladesh_coastal_flood_2024__2024-07-08__45QYE__transformer_v1_32-20mc,https://hyp3-tibet-jpl-test-contentbucket-hratibh1y9pa.s3.us-west-2.amazonaws.com/4ad1d057-3278-4a5c-b7b6-a2b00c2fb135/OPERA_L3_DIST-ALERT-S1_T45QYE_20240709T121238Z_20251215T213112Z_S1A_30_v0.1.zip,s3://hyp3-tibet-jpl-test-contentbucket-hratibh1y9pa4ad1d057-3278-4a5c-b7b6-a2b00c2fb135/OPERA_L3_DIST-ALERT-S1_T45QYE_20240709T121238Z_20251215T213112Z_S1A_30_v0.1,https://hyp3-tibet-jpl-test-contentbucket-hratibh1y9pa.s3.us-west-2.amazonaws.com/4ad1d057-3278-4a5c-b7b6-a2b00c2fb135/OPERA_L3_DIST-ALERT-S1_T45QYE_20240709T121238Z_20251215T213112Z_S1A_30_v0.1.png,2025-12-15T20:48:24+00:00,1444.616,4.5,45QYE,1,23,4,none,False,transformer_v1_32,high,32,20,2024-07-09,12,2.5,4,best,none,False
bangladesh_coastal_flood_2024__2024-07-08__45QZE__transformer_v1_32-20mc,https://hyp3-tibet-jpl-test-contentbucket-hratibh1y9pa.s3.us-west-2.amazonaws.com/421cc52e-50c3-4a9d-94db-030bd880abc3/OPERA_L3_DIST-ALERT-S1_T45QZE_20240814T121238Z_20251215T211200Z_S1A_30_v0.1.zip,s3://hyp3-tibet-jpl-test-contentbucket-hratibh1y9pa421cc52e-50c3-4a9d-94db-030bd880abc3/OPERA_L3_DIST-ALERT-S1_T45QZE_20240814T121238Z_20251215T211200Z_S1A_30_v0.1,https://hyp3-tibet-jpl-test-contentbucket-hratibh1y9pa.s3.us-west-2.amazonaws.com/421cc52e-50c3-4a9d-94db-030bd880abc3/OPERA_L3_DIST-ALERT-S1_T45QZE_20240814T121238Z_20251215T211200Z_S1A_30_v0.1.png,2025-12-15T20:48:24+00:00,314.403,4.5,45QZE,1,23,4,none,False,transformer_v1_32,high,32,20,2024-08-14,12,2.5,4,best,none,False
yajiang_fire_2024__2024-03-15__47RPP__transformer_v1_32-20mc,https://hyp3-tibet-jpl-test-contentbucket-hratibh1y9pa.s3.us-west-2.amazonaws.com/72496929-f564-4f9d-bf83-c6b9f4868ac5/OPERA_L3_DIST-ALERT-S1_T47RPP_20240329T112531Z_20251215T212337Z_S1A_30_v0.1.zip,s3://hyp3-tibet-jpl-test-contentbucket-hratibh1y9pa72496929-f564-4f9d-bf83-c6b9f4868ac5/OPERA_L3_DIST-ALERT-S1_T47RPP_20240329T112531Z_20251215T212337Z_S1A_30_v0.1,https://hyp3-tibet-jpl-test-contentbucket-hratibh1y9pa.s3.us-west-2.amazonaws.com/72496929-f564-4f9d-bf83-c6b9f4868ac5/OPERA_L3_DIST-ALERT-S1_T47RPP_20240329T112531Z_20251215T212337Z_S1A_30_v0.1.png,2025-12-15T20:48:24+00:00,1024.684,4.5,47RPP,1,23,4,none,False,transformer_v1_32,high,32,20,2024-03-29,99,2.5,4,best,none,False
chiapas_fire_2024__2024-03-24__15QUU__transformer_v1_32-20mc,https://hyp3-tibet-jpl-test-contentbucket-hratibh1y9pa.s3.us-west-2.amazonaws.com/e190d447-1445-46c8-9e0a-aac9894e5f5a/OPERA_L3_DIST-ALERT-S1_T15QUU_20240306T003142Z_20251215T212324Z_S1A_30_v0.1.zip,s3://hyp3-tibet-jpl-test-contentbucket-hratibh1y9pae190d447-1445-46c8-9e0a-aac9894e5f5a/OPERA_L3_DIST-ALERT-S1_T15QUU_20240306T003142Z_20251215T212324Z_S1A_30_v0.1,https://hyp3-tibet-jpl-test-contentbucket-hratibh1y9pa.s3.us-west-2.amazonaws.com/e190d447-1445-46c8-9e0a-aac9894e5f5a/OPERA_L3_DIST-ALERT-S1_T15QUU_20240306T003142Z_20251215T212324Z_S1A_30_v0.1.png,2025-12-15T20:48:24+00:00,1014.762,4.5,15QUU,1,23,4,none,False,transformer_v1_32,high,32,20,2024-03-06,107,2.5,4,best,none,False
bangladesh_coastal_flood_2024__2024-07-08__45QZF__transformer_v1_32-20mc,https://hyp3-tibet-jpl-test-contentbucket-hratibh1y9pa.s3.us-west-2.amazonaws.com/f2cc29e7-a5fc-4018-9dd3-0d9f4cffe6c9/OPERA_L3_DIST-ALERT-S1_T45QZF_20240823T235629Z_20251215T213950Z_S1A_30_v0.1.zip,s3://hyp3-tibet-jpl-test-contentbucket-hratibh1y9paf2cc29e7-a5fc-4018-9dd3-0d9f4cffe6c9/OPERA_L3_DIST-ALERT-S1_T45QZF_20240823T235629Z_20251215T213950Z_S1A_30_v0.1,https://hyp3-tibet-jpl-test-contentbucket-hratibh1y9pa.s3.us-west-2.amazonaws.com/f2cc29e7-a5fc-4018-9dd3-0d9f4cffe6c9/OPERA_L3_DIST-ALERT-S1_T45QZF_20240823T235629Z_20251215T213950Z_S1A_30_v0.1.png,2025-12-15T20:48:24+00:00,1999.923,4.5,45QZF,1,23,4,none,False,transformer_v1_32,high,32,20,2024-08-23,150,2.5,4,best,none,False
bangladesh_coastal_flood_2024__2024-07-08__45QZF__transformer_v1_32-20mc,https://hyp3-tibet-jpl-test-contentbucket-hratibh1y9pa.s3.us-west-2.amazonaws.com/ea52fef5-bcf9-4834-afe4-8786bbce148f/OPERA_L3_DIST-ALERT-S1_T45QZF_20240904T235630Z_20251215T213231Z_S1A_30_v0.1.zip,s3://hyp3-tibet-jpl-test-contentbucket-hratibh1y9paea52fef5-bcf9-4834-afe4-8786bbce148f/OPERA_L3_DIST-ALERT-S1_T45QZF_20240904T235630Z_20251215T213231Z_S1A_30_v0.1,https://hyp3-tibet-jpl-test-contentbucket-hratibh1y9pa.s3.us-west-2.amazonaws.com/ea52fef5-bcf9-4834-afe4-8786bbce148f/OPERA_L3_DIST-ALERT-S1_T45QZF_20240904T235630Z_20251215T213231Z_S1A_30_v0.1.png,2025-12-15T20:48:24+00:00,1559.766,4.5,45QZF,1,23,4,none,False,transformer_v1_32,high,32,20,2024-09-04,150,2.5,4,best,none,False
chiapas_fire_2024__2024-03-24__15QUU__transformer_v1_32-20mc,https://hyp3-tibet-jpl-test-contentbucket-hratibh1y9pa.s3.us-west-2.amazonaws.com/7fd895c5-52bf-4769-8321-334905b69498/OPERA_L3_DIST-ALERT-S1_T15QUU_20240318T003142Z_20251215T212836Z_S1A_30_v0.1.zip,s3://hyp3-tibet-jpl-test-contentbucket-hratibh1y9pa7fd895c5-52bf-4769-8321-334905b69498/OPERA_L3_DIST-ALERT-S1_T15QUU_20240318T003142Z_20251215T212836Z_S1A_30_v0.1,https://hyp3-tibet-jpl-test-contentbucket-hratibh1y9pa.s3.us-west-2.amazonaws.com/7fd895c5-52bf-4769-8321-334905b69498/OPERA_L3_DIST-ALERT-S1_T15QUU_20240318T003142Z_20251215T212836Z_S1A_30_v0.1.png,2025-12-15T20:48:24+00:00,1328.928,4.5,15QUU,1,23,4,none,False,transformer_v1_32,high,32,20,2024-03-18,107,2.5,4,best,none,False
park_fire_2024__2024-07-24__10TEK__transformer_v1_32-20mc,https://hyp3-tibet-jpl-test-contentbucket-hratibh1y9pa.s3.us-west-2.amazonaws.com/b5d0325a-8d03-471c-b82a-8ce04cc609ed/OPERA_L3_DIST-ALERT-S1_T10TEK_20240723T140737Z_20251215T211844Z_S1A_30_v0.1.zip,s3://hyp3-tibet-jpl-test-contentbucket-hratibh1y9pab5d0325a-8d03-471c-b82a-8ce04cc609ed/OPERA_L3_DIST-ALERT-S1_T10TEK_20240723T140737Z_20251215T211844Z_S1A_30_v0.1,https://hyp3-tibet-jpl-test-contentbucket-hratibh1y9pa.s3.us-west-2.amazonaws.com/b5d0325a-8d03-471c-b82a-8ce04cc609ed/OPERA_L3_DIST-ALERT-S1_T10TEK_20240723T140737Z_20251215T211844Z_S1A_30_v0.1.png,2025-12-15T20:48:24+00:00,725.887,4.5,10TEK,1,23,4,none,False,transformer_v1_32,high,32,20,2024-07-23,42,2.5,4,best,none,False
bangladesh_coastal_flood_2024__2024-07-08__45QZE__transformer_v1_32-20mc,https://hyp3-tibet-jpl-test-contentbucket-hratibh1y9pa.s3.us-west-2.amazonaws.com/beb3a749-a09e-4a9c-83c5-92130e090446/OPERA_L3_DIST-ALERT-S1_T45QZE_20240704T120430Z_20251215T212734Z_S1A_30_v0.1.zip,s3://hyp3-tibet-jpl-test-contentbucket-hratibh1y9pabeb3a749-a09e-4a9c-83c5-92130e090446/OPERA_L3_DIST-ALERT-S1_T45QZE_20240704T120430Z_20251215T212734Z_S1A_30_v0.1,https://hyp3-tibet-jpl-test-contentbucket-hratibh1y9pa.s3.us-west-2.amazonaws.com/beb3a749-a09e-4a9c-83c5-92130e090446/OPERA_L3_DIST-ALERT-S1_T45QZE_20240704T120430Z_20251215T212734Z_S1A_30_v0.1.png,2025-12-15T20:48:24+00:00,1261.196,4.5,45QZE,1,23,4,none,False,transformer_v1_32,high,32,20,2024-07-04,114,2.5,4,best,none,False
yajiang_fire_2024__2024-03-15__47RQP__transformer_v1_32-20mc,https://hyp3-tibet-jpl-test-contentbucket-hratibh1y9pa.s3.us-west-2.amazonaws.com/82c6707d-97d0-4e50-97af-c4b5611963f6/OPERA_L3_DIST-ALERT-S1_T47RQP_20240331T231324Z_20251215T213720Z_S1A_30_v0.1.zip,s3://hyp3-tibet-jpl-test-contentbucket-hratibh1y9pa82c6707d-97d0-4e50-97af-c4b5611963f6/OPERA_L3_DIST-ALERT-S1_T47RQP_20240331T231324Z_20251215T213720Z_S1A_30_v0.1,https://hyp3-tibet-jpl-test-contentbucket-hratibh1y9pa.s3.us-west-2.amazonaws.com/82c6707d-97d0-4e50-97af-c4b5611963f6/OPERA_L3_DIST-ALERT-S1_T47RQP_20240331T231324Z_20251215T213720Z_S1A_30_v0.1.png,2025-12-15T20:48:24+00:00,1854.924,4.5,47RQP,1,23,4,none,False,transformer_v1_32,high,32,20,2024-03-31,135,2.5,4,best,none,False
bangladesh_coastal_flood_2024__2024-07-08__45QYF__transformer_v1_32-20mc,https://hyp3-tibet-jpl-test-contentbucket-hratibh1y9pa.s3.us-west-2.amazonaws.com/91a68453-eae0-4235-b7f5-8a86d2aa2999/OPERA_L3_DIST-ALERT-S1_T45QYF_20240627T121253Z_20251215T212412Z_S1A_30_v0.1.zip,s3://hyp3-tibet-jpl-test-contentbucket-hratibh1y9pa91a68453-eae0-4235-b7f5-8a86d2aa2999/OPERA_L3_DIST-ALERT-S1_T45QYF_20240627T121253Z_20251215T212412Z_S1A_30_v0.1,https://hyp3-tibet-jpl-test-contentbucket-hratibh1y9pa.s3.us-west-2.amazonaws.com/91a68453-eae0-4235-b7f5-8a86d2aa2999/OPERA_L3_DIST-ALERT-S1_T45QYF_20240627T121253Z_20251215T212412Z_S1A_30_v0.1.png,2025-12-15T20:48:24+00:00,1059.712,4.5,45QYF,1,23,4,none,False,transformer_v1_32,high,32,20,2024-06-27,12,2.5,4,best,none,False
park_fire_2024__2024-07-24__10TFK__transformer_v1_32-20mc,https://hyp3-tibet-jpl-test-contentbucket-hratibh1y9pa.s3.us-west-2.amazonaws.com/80de3121-3416-4bab-8f11-9d2f15872c9d/OPERA_L3_DIST-ALERT-S1_T10TFK_20240816T140734Z_20251215T212707Z_S1A_30_v0.1.zip,s3://hyp3-tibet-jpl-test-contentbucket-hratibh1y9pa80de3121-3416-4bab-8f11-9d2f15872c9d/OPERA_L3_DIST-ALERT-S1_T10TFK_20240816T140734Z_20251215T212707Z_S1A_30_v0.1,https://hyp3-tibet-jpl-test-contentbucket-hratibh1y9pa.s3.us-west-2.amazonaws.com/80de3121-3416-4bab-8f11-9d2f15872c9d/OPERA_L3_DIST-ALERT-S1_T10TFK_20240816T140734Z_20251215T212707Z_S1A_30_v0.1.png,2025-12-15T20:48:24+00:00,1268.543,4.5,10TFK,1,23,4,none,False,transformer_v1_32,high,32,20,2024-08-16,42,2.5,4,best,none,False
bangladesh_coastal_flood_2024__2024-07-08__45QZE__transformer_v1_32-20mc,https://hyp3-tibet-jpl-test-contentbucket-hratibh1y9pa.s3.us-west-2.amazonaws.com/697cdacb-5fc4-4905-83db-1c65e977b710/OPERA_L3_DIST-ALERT-S1_T45QZE_20240728T120429Z_20251215T213051Z_S1A_30_v0.1.zip,s3://hyp3-tibet-jpl-test-contentbucket-hratibh1y9pa697cdacb-5fc4-4905-83db-1c65e977b710/OPERA_L3_DIST-ALERT-S1_T45QZE_20240728T120429Z_20251215T213051Z_S1A_30_v0.1,https://hyp3-tibet-jpl-test-contentbucket-hratibh1y9pa.s3.us-west-2.amazonaws.com/697cdacb-5fc4-4905-83db-1c65e977b710/OPERA_L3_DIST-ALERT-S1_T45QZE_20240728T120429Z_20251215T213051Z_S1A_30_v0.1.png,2025-12-15T20:48:24+00:00,1503.329,4.5,45QZE,1,23,4,none,False,transformer_v1_32,high,32,20,2024-07-28,114,2.5,4,best,none,False
bangladesh_coastal_flood_2024__2024-07-08__45QZE__transformer_v1_32-20mc,https://hyp3-tibet-jpl-test-contentbucket-hratibh1y9pa.s3.us-west-2.amazonaws.com/91561cfd-5699-4779-a946-b520c9f2db6f/OPERA_L3_DIST-ALERT-S1_T45QZE_20240622T120430Z_20251215T212606Z_S1A_30_v0.1.zip,s3://hyp3-tibet-jpl-test-contentbucket-hratibh1y9pa91561cfd-5699-4779-a946-b520c9f2db6f/OPERA_L3_DIST-ALERT-S1_T45QZE_20240622T120430Z_20251215T212606Z_S1A_30_v0.1,https://hyp3-tibet-jpl-test-contentbucket-hratibh1y9pa.s3.us-west-2.amazonaws.com/91561cfd-5699-4779-a946-b520c9f2db6f/OPERA_L3_DIST-ALERT-S1_T45QZE_20240622T120430Z_20251215T212606Z_S1A_30_v0.1.png,2025-12-15T20:48:24+00:00,1210.48,4.5,45QZE,1,23,4,none,False,transformer_v1_32,high,32,20,2024-06-22,114,2.5,4,best,none,False
park_fire_2024__2024-07-24__10TEK__transformer_v1_32-20mc,https://hyp3-tibet-jpl-test-contentbucket-hratibh1y9pa.s3.us-west-2.amazonaws.com/715837a7-fc2c-4bf0-854a-62f7316697ee/OPERA_L3_DIST-ALERT-S1_T10TEK_20240804T020842Z_20251215T213001Z_S1A_30_v0.1.zip,s3://hyp3-tibet-jpl-test-contentbucket-hratibh1y9pa715837a7-fc2c-4bf0-854a-62f7316697ee/OPERA_L3_DIST-ALERT-S1_T10TEK_20240804T020842Z_20251215T213001Z_S1A_30_v0.1,https://hyp3-tibet-jpl-test-contentbucket-hratibh1y9pa.s3.us-west-2.amazonaws.com/715837a7-fc2c-4bf0-854a-62f7316697ee/OPERA_L3_DIST-ALERT-S1_T10TEK_20240804T020842Z_20251215T213001Z_S1A_30_v0.1.png,2025-12-15T20:48:24+00:00,1374.95,4.5,10TEK,1,23,4,none,False,transformer_v1_32,high,32,20,2024-08-04,35,2.5,4,best,none,False
bangladesh_coastal_flood_2024__2024-07-08__45QZF__transformer_v1_32-20mc,https://hyp3-tibet-jpl-test-contentbucket-hratibh1y9pa.s3.us-west-2.amazonaws.com/3c1abcf0-fb8a-4bf9-ad25-b764fbdd1e93/OPERA_L3_DIST-ALERT-S1_T45QZF_20240902T120438Z_20251215T213435Z_S1A_30_v0.1.zip,s3://hyp3-tibet-jpl-test-contentbucket-hratibh1y9pa3c1abcf0-fb8a-4bf9-ad25-b764fbdd1e93/OPERA_L3_DIST-ALERT-S1_T45QZF_20240902T120438Z_20251215T213435Z_S1A_30_v0.1,https://hyp3-tibet-jpl-test-contentbucket-hratibh1y9pa.s3.us-west-2.amazonaws.com/3c1abcf0-fb8a-4bf9-ad25-b764fbdd1e93/OPERA_L3_DIST-ALERT-S1_T45QZF_20240902T120438Z_20251215T213435Z_S1A_30_v0.1.png,2025-12-15T20:48:24+00:00,1722.641,4.5,45QZF,1,23,4,none,False,transformer_v1_32,high,32,20,2024-09-02,114,2.5,4,best,none,False
yajiang_fire_2024__2024-03-15__47RPP__transformer_v1_32-20mc,https://hyp3-tibet-jpl-test-contentbucket-hratibh1y9pa.s3.us-west-2.amazonaws.com/07dbb3c9-589a-4b0d-8351-302fec781b62/OPERA_L3_DIST-ALERT-S1_T47RPP_20240506T231327Z_20251215T212715Z_S1A_30_v0.1.zip,s3://hyp3-tibet-jpl-test-contentbucket-hratibh1y9pa07dbb3c9-589a-4b0d-8351-302fec781b62/OPERA_L3_DIST-ALERT-S1_T47RPP_20240506T231327Z_20251215T212715Z_S1A_30_v0.1,https://hyp3-tibet-jpl-test-contentbucket-hratibh1y9pa.s3.us-west-2.amazonaws.com/07dbb3c9-589a-4b0d-8351-302fec781b62/OPERA_L3_DIST-ALERT-S1_T47RPP_20240506T231327Z_20251215T212715Z_S1A_30_v0.1.png,2025-12-15T20:48:24+00:00,1280.412,4.5,47RPP,1,23,4,none,False,transformer_v1_32,high,32,20,2024-05-06,135,2.5,4,best,none,False
bangladesh_coastal_flood_2024__2024-07-08__45QYF__transformer_v1_32-20mc,https://hyp3-tibet-jpl-test-contentbucket-hratibh1y9pa.s3.us-west-2.amazonaws.com/f82e7783-c1a3-47f8-879a-68392cab836d/OPERA_L3_DIST-ALERT-S1_T45QYF_20240724T000442Z_20251215T211319Z_S1A_30_v0.1.zip,s3://hyp3-tibet-jpl-test-contentbucket-hratibh1y9paf82e7783-c1a3-47f8-879a-68392cab836d/OPERA_L3_DIST-ALERT-S1_T45QYF_20240724T000442Z_20251215T211319Z_S1A_30_v0.1,https://hyp3-tibet-jpl-test-contentbucket-hratibh1y9pa.s3.us-west-2.amazonaws.com/f82e7783-c1a3-47f8-879a-68392cab836d/OPERA_L3_DIST-ALERT-S1_T45QYF_20240724T000442Z_20251215T211319Z_S1A_30_v0.1.png,2025-12-15T20:48:24+00:00,462.679,4.5,45QYF,1,23,4,none,False,transformer_v1_32,high,32,20,2024-07-24,48,2.5,4,best,none,False
yajiang_fire_2024__2024-03-15__47RPP__transformer_v1_32-20mc,https://hyp3-tibet-jpl-test-contentbucket-hratibh1y9pa.s3.us-west-2.amazonaws.com/790dcd06-673e-4343-b6b8-2777bad1bfbd/OPERA_L3_DIST-ALERT-S1_T47RPP_20240424T231326Z_20251215T213207Z_S1A_30_v0.1.zip,s3://hyp3-tibet-jpl-test-contentbucket-hratibh1y9pa790dcd06-673e-4343-b6b8-2777bad1bfbd/OPERA_L3_DIST-ALERT-S1_T47RPP_20240424T231326Z_20251215T213207Z_S1A_30_v0.1,https://hyp3-tibet-jpl-test-contentbucket-hratibh1y9pa.s3.us-west-2.amazonaws.com/790dcd06-673e-4343-b6b8-2777bad1bfbd/OPERA_L3_DIST-ALERT-S1_T47RPP_20240424T231326Z_20251215T213207Z_S1A_30_v0.1.png,2025-12-15T20:48:24+00:00,1607.754,4.5,47RPP,1,23,4,none,False,transformer_v1_32,high,32,20,2024-04-24,135,2.5,4,best,none,False
porto_alegre_flood_2024__2024-05-28__22JDM__transformer_v1_32-20mc,https://hyp3-tibet-jpl-test-contentbucket-hratibh1y9pa.s3.us-west-2.amazonaws.com/d9320b7a-6180-42df-88fa-faae447597d3/OPERA_L3_DIST-ALERT-S1_T22JDM_20240604T084940Z_20251215T212113Z_S1A_30_v0.1.zip,s3://hyp3-tibet-jpl-test-contentbucket-hratibh1y9pad9320b7a-6180-42df-88fa-faae447597d3/OPERA_L3_DIST-ALERT-S1_T22JDM_20240604T084940Z_20251215T212113Z_S1A_30_v0.1,https://hyp3-tibet-jpl-test-contentbucket-hratibh1y9pa.s3.us-west-2.amazonaws.com/d9320b7a-6180-42df-88fa-faae447597d3/OPERA_L3_DIST-ALERT-S1_T22JDM_20240604T084940Z_20251215T212113Z_S1A_30_v0.1.png,2025-12-15T20:48:24+00:00,946.862,4.5,22JDM,1,23,4,none,False,transformer_v1_32,high,32,20,2024-06-04,24,2.5,4,best,none,False
yajiang_fire_2024__2024-03-15__47RPP__transformer_v1_32-20mc,https://hyp3-tibet-jpl-test-contentbucket-hratibh1y9pa.s3.us-west-2.amazonaws.com/294aabfe-a456-4d59-92db-076a57b698c3/OPERA_L3_DIST-ALERT-S1_T47RPP_20240504T112531Z_20251215T211937Z_S1A_30_v0.1.zip,s3://hyp3-tibet-jpl-test-contentbucket-hratibh1y9pa294aabfe-a456-4d59-92db-076a57b698c3/OPERA_L3_DIST-ALERT-S1_T47RPP_20240504T112531Z_20251215T211937Z_S1A_30_v0.1,https://hyp3-tibet-jpl-test-contentbucket-hratibh1y9pa.s3.us-west-2.amazonaws.com/294aabfe-a456-4d59-92db-076a57b698c3/OPERA_L3_DIST-ALERT-S1_T47RPP_20240504T112531Z_20251215T211937Z_S1A_30_v0.1.png,2025-12-15T20:48:24+00:00,855.5,4.5,47RPP,1,23,4,none,False,transformer_v1_32,high,32,20,2024-05-04,99,2.5,4,best,none,False
bangladesh_coastal_flood_2024__2024-07-08__45QYE__transformer_v1_32-20mc,https://hyp3-tibet-jpl-test-contentbucket-hratibh1y9pa.s3.us-west-2.amazonaws.com/1b40fbe1-0df5-4922-94f4-bc1d1f1d97ed/OPERA_L3_DIST-ALERT-S1_T45QYE_20240612T235648Z_20251215T213049Z_S1A_30_v0.1.zip,s3://hyp3-tibet-jpl-test-contentbucket-hratibh1y9pa1b40fbe1-0df5-4922-94f4-bc1d1f1d97ed/OPERA_L3_DIST-ALERT-S1_T45QYE_20240612T235648Z_20251215T213049Z_S1A_30_v0.1,https://hyp3-tibet-jpl-test-contentbucket-hratibh1y9pa.s3.us-west-2.amazonaws.com/1b40fbe1-0df5-4922-94f4-bc1d1f1d97ed/OPERA_L3_DIST-ALERT-S1_T45QYE_20240612T235648Z_20251215T213049Z_S1A_30_v0.1.png,2025-12-15T20:48:24+00:00,1525.091,4.5,45QYE,1,23,4,none,False,transformer_v1_32,high,32,20,2024-06-12,150,2.5,4,best,none,False
bangladesh_coastal_flood_2024__2024-07-08__45QYF__transformer_v1_32-20mc,https://hyp3-tibet-jpl-test-contentbucket-hratibh1y9pa.s3.us-west-2.amazonaws.com/86532bd7-9218-48d5-aa36-32f15db26ab9/OPERA_L3_DIST-ALERT-S1_T45QYF_20240809T120443Z_20251215T212112Z_S1A_30_v0.1.zip,s3://hyp3-tibet-jpl-test-contentbucket-hratibh1y9pa86532bd7-9218-48d5-aa36-32f15db26ab9/OPERA_L3_DIST-ALERT-S1_T45QYF_20240809T120443Z_20251215T212112Z_S1A_30_v0.1,https://hyp3-tibet-jpl-test-contentbucket-hratibh1y9pa.s3.us-west-2.amazonaws.com/86532bd7-9218-48d5-aa36-32f15db26ab9/OPERA_L3_DIST-ALERT-S1_T45QYF_20240809T120443Z_20251215T212112Z_S1A_30_v0.1.png,2025-12-15T20:48:24+00:00,957.683,4.5,45QYF,1,23,4,none,False,transformer_v1_32,high,32,20,2024-08-09,114,2.5,4,best,none,False
bangladesh_coastal_flood_2024__2024-07-08__45QYF__transformer_v1_32-20mc,https://hyp3-tibet-jpl-test-contentbucket-hratibh1y9pa.s3.us-west-2.amazonaws.com/7479bcef-217f-4db4-8cfd-ca82f2679b1f/OPERA_L3_DIST-ALERT-S1_T45QYF_20240704T120443Z_20251215T212338Z_S1A_30_v0.1.zip,s3://hyp3-tibet-jpl-test-contentbucket-hratibh1y9pa7479bcef-217f-4db4-8cfd-ca82f2679b1f/OPERA_L3_DIST-ALERT-S1_T45QYF_20240704T120443Z_20251215T212338Z_S1A_30_v0.1,https://hyp3-tibet-jpl-test-contentbucket-hratibh1y9pa.s3.us-west-2.amazonaws.com/7479bcef-217f-4db4-8cfd-ca82f2679b1f/OPERA_L3_DIST-ALERT-S1_T45QYF_20240704T120443Z_20251215T212338Z_S1A_30_v0.1.png,2025-12-15T20:48:24+00:00,1134.016,4.5,45QYF,1,23,4,none,False,transformer_v1_32,high,32,20,2024-07-04,114,2.5,4,best,none,False
yajiang_fire_2024__2024-03-15__47RPP__transformer_v1_32-20mc,https://hyp3-tibet-jpl-test-contentbucket-hratibh1y9pa.s3.us-west-2.amazonaws.com/b155ec18-b0d6-48ad-adab-d5484120c613/OPERA_L3_DIST-ALERT-S1_T47RPP_20240331T231326Z_20251215T212857Z_S1A_30_v0.1.zip,s3://hyp3-tibet-jpl-test-contentbucket-hratibh1y9pab155ec18-b0d6-48ad-adab-d5484120c613/OPERA_L3_DIST-ALERT-S1_T47RPP_20240331T231326Z_20251215T212857Z_S1A_30_v0.1,https://hyp3-tibet-jpl-test-contentbucket-hratibh1y9pa.s3.us-west-2.amazonaws.com/b155ec18-b0d6-48ad-adab-d5484120c613/OPERA_L3_DIST-ALERT-S1_T47RPP_20240331T231326Z_20251215T212857Z_S1A_30_v0.1.png,2025-12-15T20:48:24+00:00,1447.05,4.5,47RPP,1,23,4,none,False,transformer_v1_32,high,32,20,2024-03-31,135,2.5,4,best,none,False
bangladesh_coastal_flood_2024__2024-07-08__45QYF__transformer_v1_32-20mc,https://hyp3-tibet-jpl-test-contentbucket-hratibh1y9pa.s3.us-west-2.amazonaws.com/bef92f90-d9f0-430f-9604-72f0f8036e2e/OPERA_L3_DIST-ALERT-S1_T45QYF_20240721T121252Z_20251215T212623Z_S1A_30_v0.1.zip,s3://hyp3-tibet-jpl-test-contentbucket-hratibh1y9pabef92f90-d9f0-430f-9604-72f0f8036e2e/OPERA_L3_DIST-ALERT-S1_T45QYF_20240721T121252Z_20251215T212623Z_S1A_30_v0.1,https://hyp3-tibet-jpl-test-contentbucket-hratibh1y9pa.s3.us-west-2.amazonaws.com/bef92f90-d9f0-430f-9604-72f0f8036e2e/OPERA_L3_DIST-ALERT-S1_T45QYF_20240721T121252Z_20251215T212623Z_S1A_30_v0.1.png,2025-12-15T20:48:24+00:00,1298.982,4.5,45QYF,1,23,4,none,False,transformer_v1_32,high,32,20,2024-07-21,12,2.5,4,best,none,False
park_fire_2024__2024-07-24__10TEK__transformer_v1_32-20mc,https://hyp3-tibet-jpl-test-contentbucket-hratibh1y9pa.s3.us-west-2.amazonaws.com/2ad83e29-24c1-498d-abc4-b511d1f5d670/OPERA_L3_DIST-ALERT-S1_T10TEK_20240811T020034Z_20251215T211805Z_S1A_30_v0.1.zip,s3://hyp3-tibet-jpl-test-contentbucket-hratibh1y9pa2ad83e29-24c1-498d-abc4-b511d1f5d670/OPERA_L3_DIST-ALERT-S1_T10TEK_20240811T020034Z_20251215T211805Z_S1A_30_v0.1,https://hyp3-tibet-jpl-test-contentbucket-hratibh1y9pa.s3.us-west-2.amazonaws.com/2ad83e29-24c1-498d-abc4-b511d1f5d670/OPERA_L3_DIST-ALERT-S1_T10TEK_20240811T020034Z_20251215T211805Z_S1A_30_v0.1.png,2025-12-15T20:48:24+00:00,797.745,4.5,10TEK,1,23,4,none,False,transformer_v1_32,high,32,20,2024-08-11,137,2.5,4,best,none,False
bangladesh_coastal_flood_2024__2024-07-08__45QZE__transformer_v1_32-20mc,https://hyp3-tibet-jpl-test-contentbucket-hratibh1y9pa.s3.us-west-2.amazonaws.com/a6690515-329b-4f36-8ec8-49e16eaf77df/OPERA_L3_DIST-ALERT-S1_T45QZE_20240904T235643Z_20251215T212749Z_S1A_30_v0.1.zip,s3://hyp3-tibet-jpl-test-contentbucket-hratibh1y9paa6690515-329b-4f36-8ec8-49e16eaf77df/OPERA_L3_DIST-ALERT-S1_T45QZE_20240904T235643Z_20251215T212749Z_S1A_30_v0.1,https://hyp3-tibet-jpl-test-contentbucket-hratibh1y9pa.s3.us-west-2.amazonaws.com/a6690515-329b-4f36-8ec8-49e16eaf77df/OPERA_L3_DIST-ALERT-S1_T45QZE_20240904T235643Z_20251215T212749Z_S1A_30_v0.1.png,2025-12-15T20:48:24+00:00,1375.757,4.5,45QZE,1,23,4,none,False,transformer_v1_32,high,32,20,2024-09-04,150,2.5,4,best,none,False
bangladesh_coastal_flood_2024__2024-07-08__45QYE__transformer_v1_32-20mc,https://hyp3-tibet-jpl-test-contentbucket-hratibh1y9pa.s3.us-west-2.amazonaws.com/1621fbe4-e9cf-4afe-ad8a-04d4f16a6dce/OPERA_L3_DIST-ALERT-S1_T45QYE_20240704T120430Z_20251215T211832Z_S1A_30_v0.1.zip,s3://hyp3-tibet-jpl-test-contentbucket-hratibh1y9pa1621fbe4-e9cf-4afe-ad8a-04d4f16a6dce/OPERA_L3_DIST-ALERT-S1_T45QYE_20240704T120430Z_20251215T211832Z_S1A_30_v0.1,https://hyp3-tibet-jpl-test-contentbucket-hratibh1y9pa.s3.us-west-2.amazonaws.com/1621fbe4-e9cf-4afe-ad8a-04d4f16a6dce/OPERA_L3_DIST-ALERT-S1_T45QYE_20240704T120430Z_20251215T211832Z_S1A_30_v0.1.png,2025-12-15T20:48:24+00:00,824.384,4.5,45QYE,1,23,4,none,False,transformer_v1_32,high,32,20,2024-07-04,114,2.5,4,best,none,False
bangladesh_coastal_flood_2024__2024-07-08__45QZE__transformer_v1_32-20mc,https://hyp3-tibet-jpl-test-contentbucket-hratibh1y9pa.s3.us-west-2.amazonaws.com/8eb118a3-23d2-4948-915c-f104904f5f89/OPERA_L3_DIST-ALERT-S1_T45QZE_20240610T120431Z_20251215T212436Z_S1A_30_v0.1.zip,s3://hyp3-tibet-jpl-test-contentbucket-hratibh1y9pa8eb118a3-23d2-4948-915c-f104904f5f89/OPERA_L3_DIST-ALERT-S1_T45QZE_20240610T120431Z_20251215T212436Z_S1A_30_v0.1,https://hyp3-tibet-jpl-test-contentbucket-hratibh1y9pa.s3.us-west-2.amazonaws.com/8eb118a3-23d2-4948-915c-f104904f5f89/OPERA_L3_DIST-ALERT-S1_T45QZE_20240610T120431Z_20251215T212436Z_S1A_30_v0.1.png,2025-12-15T20:48:24+00:00,1185.838,4.5,45QZE,1,23,4,none,False,transformer_v1_32,high,32,20,2024-06-10,114,2.5,4,best,none,False
bangladesh_coastal_flood_2024__2024-07-08__45QZF__transformer_v1_32-20mc,https://hyp3-tibet-jpl-test-contentbucket-hratibh1y9pa.s3.us-west-2.amazonaws.com/b83d5735-0e5b-4f15-ba00-4b8d24d84d03/OPERA_L3_DIST-ALERT-S1_T45QZF_20240830T234822Z_20251215T211718Z_S1A_30_v0.1.zip,s3://hyp3-tibet-jpl-test-contentbucket-hratibh1y9pab83d5735-0e5b-4f15-ba00-4b8d24d84d03/OPERA_L3_DIST-ALERT-S1_T45QZF_20240830T234822Z_20251215T211718Z_S1A_30_v0.1,https://hyp3-tibet-jpl-test-contentbucket-hratibh1y9pa.s3.us-west-2.amazonaws.com/b83d5735-0e5b-4f15-ba00-4b8d24d84d03/OPERA_L3_DIST-ALERT-S1_T45QZF_20240830T234822Z_20251215T211718Z_S1A_30_v0.1.png,2025-12-15T20:48:24+00:00,744.543,4.5,45QZF,1,23,4,none,False,transformer_v1_32,high,32,20,2024-08-30,77,2.5,4,best,none,False
park_fire_2024__2024-07-24__10TEK__transformer_v1_32-20mc,https://hyp3-tibet-jpl-test-contentbucket-hratibh1y9pa.s3.us-west-2.amazonaws.com/bb57bc96-b434-4127-928b-edebbb1eec7c/OPERA_L3_DIST-ALERT-S1_T10TEK_20240629T140738Z_20251215T211439Z_S1A_30_v0.1.zip,s3://hyp3-tibet-jpl-test-contentbucket-hratibh1y9pabb57bc96-b434-4127-928b-edebbb1eec7c/OPERA_L3_DIST-ALERT-S1_T10TEK_20240629T140738Z_20251215T211439Z_S1A_30_v0.1,https://hyp3-tibet-jpl-test-contentbucket-hratibh1y9pa.s3.us-west-2.amazonaws.com/bb57bc96-b434-4127-928b-edebbb1eec7c/OPERA_L3_DIST-ALERT-S1_T10TEK_20240629T140738Z_20251215T211439Z_S1A_30_v0.1.png,2025-12-15T20:48:24+00:00,582.974,4.5,10TEK,1,23,4,none,False,transformer_v1_32,high,32,20,2024-06-29,42,2.5,4,best,none,False
bangladesh_coastal_flood_2024__2024-07-08__45QYF__transformer_v1_32-20mc,https://hyp3-tibet-jpl-test-contentbucket-hratibh1y9pa.s3.us-west-2.amazonaws.com/c68bb9ca-e677-45d3-bb68-e27db3f13136/OPERA_L3_DIST-ALERT-S1_T45QYF_20240814T121251Z_20251215T212322Z_S1A_30_v0.1.zip,s3://hyp3-tibet-jpl-test-contentbucket-hratibh1y9pac68bb9ca-e677-45d3-bb68-e27db3f13136/OPERA_L3_DIST-ALERT-S1_T45QYF_20240814T121251Z_20251215T212322Z_S1A_30_v0.1,https://hyp3-tibet-jpl-test-contentbucket-hratibh1y9pa.s3.us-west-2.amazonaws.com/c68bb9ca-e677-45d3-bb68-e27db3f13136/OPERA_L3_DIST-ALERT-S1_T45QYF_20240814T121251Z_20251215T212322Z_S1A_30_v0.1.png,2025-12-15T20:48:24+00:00,1111.693,4.5,45QYF,1,23,4,none,False,transformer_v1_32,high,32,20,2024-08-14,12,2.5,4,best,none,False
bangladesh_coastal_flood_2024__2024-07-08__45QZE__transformer_v1_32-20mc,https://hyp3-tibet-jpl-test-contentbucket-hratibh1y9pa.s3.us-west-2.amazonaws.com/a72552a7-3b18-4a60-ba4a-b495964d2d82/OPERA_L3_DIST-ALERT-S1_T45QZE_20240716T120429Z_20251215T213124Z_S1A_30_v0.1.zip,s3://hyp3-tibet-jpl-test-contentbucket-hratibh1y9paa72552a7-3b18-4a60-ba4a-b495964d2d82/OPERA_L3_DIST-ALERT-S1_T45QZE_20240716T120429Z_20251215T213124Z_S1A_30_v0.1,https://hyp3-tibet-jpl-test-contentbucket-hratibh1y9pa.s3.us-west-2.amazonaws.com/a72552a7-3b18-4a60-ba4a-b495964d2d82/OPERA_L3_DIST-ALERT-S1_T45QZE_20240716T120429Z_20251215T213124Z_S1A_30_v0.1.png,2025-12-15T20:48:24+00:00,1625.74,4.5,45QZE,1,23,4,none,False,transformer_v1_32,high,32,20,2024-07-16,114,2.5,4,best,none,False
park_fire_2024__2024-07-24__10TFK__transformer_v1_32-20mc,https://hyp3-tibet-jpl-test-contentbucket-hratibh1y9pa.s3.us-west-2.amazonaws.com/cffde72e-ae97-4b17-afd1-70e9140705e9/OPERA_L3_DIST-ALERT-S1_T10TFK_20240718T020029Z_20251215T212813Z_S1A_30_v0.1.zip,s3://hyp3-tibet-jpl-test-contentbucket-hratibh1y9pacffde72e-ae97-4b17-afd1-70e9140705e9/OPERA_L3_DIST-ALERT-S1_T10TFK_20240718T020029Z_20251215T212813Z_S1A_30_v0.1,https://hyp3-tibet-jpl-test-contentbucket-hratibh1y9pa.s3.us-west-2.amazonaws.com/cffde72e-ae97-4b17-afd1-70e9140705e9/OPERA_L3_DIST-ALERT-S1_T10TFK_20240718T020029Z_20251215T212813Z_S1A_30_v0.1.png,2025-12-15T20:48:24+00:00,1435.367,4.5,10TFK,1,23,4,none,False,transformer_v1_32,high,32,20,2024-07-18,137,2.5,4,best,none,False
bangladesh_coastal_flood_2024__2024-07-08__45QYE__transformer_v1_32-20mc,https://hyp3-tibet-jpl-test-contentbucket-hratibh1y9pa.s3.us-west-2.amazonaws.com/b45af380-94b4-4ec4-a993-ef5b905b1b34/OPERA_L3_DIST-ALERT-S1_T45QYE_20240716T120429Z_20251215T211652Z_S1A_30_v0.1.zip,s3://hyp3-tibet-jpl-test-contentbucket-hratibh1y9pab45af380-94b4-4ec4-a993-ef5b905b1b34/OPERA_L3_DIST-ALERT-S1_T45QYE_20240716T120429Z_20251215T211652Z_S1A_30_v0.1,https://hyp3-tibet-jpl-test-contentbucket-hratibh1y9pa.s3.us-west-2.amazonaws.com/b45af380-94b4-4ec4-a993-ef5b905b1b34/OPERA_L3_DIST-ALERT-S1_T45QYE_20240716T120429Z_20251215T211652Z_S1A_30_v0.1.png,2025-12-15T20:48:24+00:00,755.185,4.5,45QYE,1,23,4,none,False,transformer_v1_32,high,32,20,2024-07-16,114,2.5,4,best,none,False
yajiang_fire_2024__2024-03-15__47RPP__transformer_v1_32-20mc,https://hyp3-tibet-jpl-test-contentbucket-hratibh1y9pa.s3.us-west-2.amazonaws.com/9c270d39-3b66-453b-a05f-4e5e2564c7a4/OPERA_L3_DIST-ALERT-S1_T47RPP_20240319T231325Z_20251215T213415Z_S1A_30_v0.1.zip,s3://hyp3-tibet-jpl-test-contentbucket-hratibh1y9pa9c270d39-3b66-453b-a05f-4e5e2564c7a4/OPERA_L3_DIST-ALERT-S1_T47RPP_20240319T231325Z_20251215T213415Z_S1A_30_v0.1,https://hyp3-tibet-jpl-test-contentbucket-hratibh1y9pa.s3.us-west-2.amazonaws.com/9c270d39-3b66-453b-a05f-4e5e2564c7a4/OPERA_L3_DIST-ALERT-S1_T47RPP_20240319T231325Z_20251215T213415Z_S1A_30_v0.1.png,2025-12-15T20:48:24+00:00,1808.765,4.5,47RPP,1,23,4,none,False,transformer_v1_32,high,32,20,2024-03-19,135,2.5,4,best,none,False
porto_alegre_flood_2024__2024-05-28__22JDM__transformer_v1_32-20mc,https://hyp3-tibet-jpl-test-contentbucket-hratibh1y9pa.s3.us-west-2.amazonaws.com/586036dc-ed54-4be8-a8c3-b3d63965368d/OPERA_L3_DIST-ALERT-S1_T22JDM_20240530T084133Z_20251215T211522Z_S1A_30_v0.1.zip,s3://hyp3-tibet-jpl-test-contentbucket-hratibh1y9pa586036dc-ed54-4be8-a8c3-b3d63965368d/OPERA_L3_DIST-ALERT-S1_T22JDM_20240530T084133Z_20251215T211522Z_S1A_30_v0.1,https://hyp3-tibet-jpl-test-contentbucket-hratibh1y9pa.s3.us-west-2.amazonaws.com/586036dc-ed54-4be8-a8c3-b3d63965368d/OPERA_L3_DIST-ALERT-S1_T22JDM_20240530T084133Z_20251215T211522Z_S1A_30_v0.1.png,2025-12-15T20:48:24+00:00,662.32,4.5,22JDM,1,23,4,none,False,transformer_v1_32,high,32,20,2024-05-30,126,2.5,4,best,none,False
bangladesh_coastal_flood_2024__2024-07-08__45QYE__transformer_v1_32-20mc,https://hyp3-tibet-jpl-test-contentbucket-hratibh1y9pa.s3.us-west-2.amazonaws.com/154b9b93-34ef-4456-9f84-09ca9c866cd5/OPERA_L3_DIST-ALERT-S1_T45QYE_20240902T120429Z_20251215T211803Z_S1A_30_v0.1.zip,s3://hyp3-tibet-jpl-test-contentbucket-hratibh1y9pa154b9b93-34ef-4456-9f84-09ca9c866cd5/OPERA_L3_DIST-ALERT-S1_T45QYE_20240902T120429Z_20251215T211803Z_S1A_30_v0.1,https://hyp3-tibet-jpl-test-contentbucket-hratibh1y9pa.s3.us-west-2.amazonaws.com/154b9b93-34ef-4456-9f84-09ca9c866cd5/OPERA_L3_DIST-ALERT-S1_T45QYE_20240902T120429Z_20251215T211803Z_S1A_30_v0.1.png,2025-12-15T20:48:24+00:00,829.951,4.5,45QYE,1,23,4,none,False,transformer_v1_32,high,32,20,2024-09-02,114,2.5,4,best,none,False
yajiang_fire_2024__2024-03-15__47RQP__transformer_v1_32-20mc,https://hyp3-tibet-jpl-test-contentbucket-hratibh1y9pa.s3.us-west-2.amazonaws.com/dcc2aed5-eb67-4988-adcb-73898a7edba0/OPERA_L3_DIST-ALERT-S1_T47RQP_20240506T110911Z_20251215T211620Z_S1A_30_v0.1.zip,s3://hyp3-tibet-jpl-test-contentbucket-hratibh1y9padcc2aed5-eb67-4988-adcb-73898a7edba0/OPERA_L3_DIST-ALERT-S1_T47RQP_20240506T110911Z_20251215T211620Z_S1A_30_v0.1,https://hyp3-tibet-jpl-test-contentbucket-hratibh1y9pa.s3.us-west-2.amazonaws.com/dcc2aed5-eb67-4988-adcb-73898a7edba0/OPERA_L3_DIST-ALERT-S1_T47RQP_20240506T110911Z_20251215T211620Z_S1A_30_v0.1.png,2025-12-15T20:48:24+00:00,718.874,4.5,47RQP,1,23,4,none,False,transformer_v1_32,high,32,20,2024-05-06,128,2.5,4,best,none,False
bangladesh_coastal_flood_2024__2024-07-08__45QZE__transformer_v1_32-20mc,https://hyp3-tibet-jpl-test-contentbucket-hratibh1y9pa.s3.us-west-2.amazonaws.com/dc4b13ca-5d44-4bb7-9720-526abb9bd4d9/OPERA_L3_DIST-ALERT-S1_T45QZE_20240612T235645Z_20251215T212619Z_S1A_30_v0.1.zip,s3://hyp3-tibet-jpl-test-contentbucket-hratibh1y9padc4b13ca-5d44-4bb7-9720-526abb9bd4d9/OPERA_L3_DIST-ALERT-S1_T45QZE_20240612T235645Z_20251215T212619Z_S1A_30_v0.1,https://hyp3-tibet-jpl-test-contentbucket-hratibh1y9pa.s3.us-west-2.amazonaws.com/dc4b13ca-5d44-4bb7-9720-526abb9bd4d9/OPERA_L3_DIST-ALERT-S1_T45QZE_20240612T235645Z_20251215T212619Z_S1A_30_v0.1.png,2025-12-15T20:48:24+00:00,1323.439,4.5,45QZE,1,23,4,none,False,transformer_v1_32,high,32,20,2024-06-12,150,2.5,4,best,none,False
yajiang_fire_2024__2024-03-15__47RPP__transformer_v1_32-20mc,https://hyp3-tibet-jpl-test-contentbucket-hratibh1y9pa.s3.us-west-2.amazonaws.com/ac905e71-79ae-49d5-8ed6-c9f566867588/OPERA_L3_DIST-ALERT-S1_T47RPP_20240511T232137Z_20251215T211943Z_S1A_30_v0.1.zip,s3://hyp3-tibet-jpl-test-contentbucket-hratibh1y9paac905e71-79ae-49d5-8ed6-c9f566867588/OPERA_L3_DIST-ALERT-S1_T47RPP_20240511T232137Z_20251215T211943Z_S1A_30_v0.1,https://hyp3-tibet-jpl-test-contentbucket-hratibh1y9pa.s3.us-west-2.amazonaws.com/ac905e71-79ae-49d5-8ed6-c9f566867588/OPERA_L3_DIST-ALERT-S1_T47RPP_20240511T232137Z_20251215T211943Z_S1A_30_v0.1.png,2025-12-15T20:48:24+00:00,928.05,4.5,47RPP,1,23,4,none,False,transformer_v1_32,high,32,20,2024-05-11,33,2.5,4,best,none,False
bangladesh_coastal_flood_2024__2024-07-08__45QZE__transformer_v1_32-20mc,https://hyp3-tibet-jpl-test-contentbucket-hratibh1y9pa.s3.us-west-2.amazonaws.com/7fed7a63-c467-424a-a7d0-a2cc7d7dafe1/OPERA_L3_DIST-ALERT-S1_T45QZE_20240806T234836Z_20251215T211324Z_S1A_30_v0.1.zip,s3://hyp3-tibet-jpl-test-contentbucket-hratibh1y9pa7fed7a63-c467-424a-a7d0-a2cc7d7dafe1/OPERA_L3_DIST-ALERT-S1_T45QZE_20240806T234836Z_20251215T211324Z_S1A_30_v0.1,https://hyp3-tibet-jpl-test-contentbucket-hratibh1y9pa.s3.us-west-2.amazonaws.com/7fed7a63-c467-424a-a7d0-a2cc7d7dafe1/OPERA_L3_DIST-ALERT-S1_T45QZE_20240806T234836Z_20251215T211324Z_S1A_30_v0.1.png,2025-12-15T20:48:24+00:00,547.804,4.5,45QZE,1,23,4,none,False,transformer_v1_32,high,32,20,2024-08-06,77,2.5,4,best,none,False
bangladesh_coastal_flood_2024__2024-07-08__45QYE__transformer_v1_32-20mc,https://hyp3-tibet-jpl-test-contentbucket-hratibh1y9pa.s3.us-west-2.amazonaws.com/00129139-8412-4d8d-b4a5-c09e6596cbf1/OPERA_L3_DIST-ALERT-S1_T45QYE_20240826T121237Z_20251215T213210Z_S1A_30_v0.1.zip,s3://hyp3-tibet-jpl-test-contentbucket-hratibh1y9pa00129139-8412-4d8d-b4a5-c09e6596cbf1/OPERA_L3_DIST-ALERT-S1_T45QYE_20240826T121237Z_20251215T213210Z_S1A_30_v0.1,https://hyp3-tibet-jpl-test-contentbucket-hratibh1y9pa.s3.us-west-2.amazonaws.com/00129139-8412-4d8d-b4a5-c09e6596cbf1/OPERA_L3_DIST-ALERT-S1_T45QYE_20240826T121237Z_20251215T213210Z_S1A_30_v0.1.png,2025-12-15T20:48:24+00:00,1706.823,4.5,45QYE,1,23,4,none,False,transformer_v1_32,high,32,20,2024-08-26,12,2.5,4,best,none,False
chiapas_fire_2024__2024-03-24__15QUU__transformer_v1_32-20mc,https://hyp3-tibet-jpl-test-contentbucket-hratibh1y9pa.s3.us-west-2.amazonaws.com/468864cb-2b24-4b31-b7bd-a813d3d50252/OPERA_L3_DIST-ALERT-S1_T15QUU_20240423T003143Z_20251215T211815Z_S1A_30_v0.1.zip,s3://hyp3-tibet-jpl-test-contentbucket-hratibh1y9pa468864cb-2b24-4b31-b7bd-a813d3d50252/OPERA_L3_DIST-ALERT-S1_T15QUU_20240423T003143Z_20251215T211815Z_S1A_30_v0.1,https://hyp3-tibet-jpl-test-contentbucket-hratibh1y9pa.s3.us-west-2.amazonaws.com/468864cb-2b24-4b31-b7bd-a813d3d50252/OPERA_L3_DIST-ALERT-S1_T15QUU_20240423T003143Z_20251215T211815Z_S1A_30_v0.1.png,2025-12-15T20:48:24+00:00,872.589,4.5,15QUU,1,23,4,none,False,transformer_v1_32,high,32,20,2024-04-23,107,2.5,4,best,none,False
park_fire_2024__2024-07-24__10TFK__transformer_v1_32-20mc,https://hyp3-tibet-jpl-test-contentbucket-hratibh1y9pa.s3.us-west-2.amazonaws.com/e8e95696-0725-473a-9739-9408eb97be09/OPERA_L3_DIST-ALERT-S1_T10TFK_20240811T020029Z_20251215T212803Z_S1A_30_v0.1.zip,s3://hyp3-tibet-jpl-test-contentbucket-hratibh1y9pae8e95696-0725-473a-9739-9408eb97be09/OPERA_L3_DIST-ALERT-S1_T10TFK_20240811T020029Z_20251215T212803Z_S1A_30_v0.1,https://hyp3-tibet-jpl-test-contentbucket-hratibh1y9pa.s3.us-west-2.amazonaws.com/e8e95696-0725-473a-9739-9408eb97be09/OPERA_L3_DIST-ALERT-S1_T10TFK_20240811T020029Z_20251215T212803Z_S1A_30_v0.1.png,2025-12-15T20:48:24+00:00,1465.754,4.5,10TFK,1,23,4,none,False,transformer_v1_32,high,32,20,2024-08-11,137,2.5,4,best,none,False
bangladesh_coastal_flood_2024__2024-07-08__45QZF__transformer_v1_32-20mc,https://hyp3-tibet-jpl-test-contentbucket-hratibh1y9pa.s3.us-west-2.amazonaws.com/4692fe17-2df2-4af9-a026-a06451342846/OPERA_L3_DIST-ALERT-S1_T45QZF_20240619T234824Z_20251215T211519Z_S1A_30_v0.1.zip,s3://hyp3-tibet-jpl-test-contentbucket-hratibh1y9pa4692fe17-2df2-4af9-a026-a06451342846/OPERA_L3_DIST-ALERT-S1_T45QZF_20240619T234824Z_20251215T211519Z_S1A_30_v0.1,https://hyp3-tibet-jpl-test-contentbucket-hratibh1y9pa.s3.us-west-2.amazonaws.com/4692fe17-2df2-4af9-a026-a06451342846/OPERA_L3_DIST-ALERT-S1_T45QZF_20240619T234824Z_20251215T211519Z_S1A_30_v0.1.png,2025-12-15T20:48:24+00:00,694.696,4.5,45QZF,1,23,4,none,False,transformer_v1_32,high,32,20,2024-06-19,77,2.5,4,best,none,False
park_fire_2024__2024-07-24__10TEK__transformer_v1_32-20mc,https://hyp3-tibet-jpl-test-contentbucket-hratibh1y9pa.s3.us-west-2.amazonaws.com/bf7f67b3-9ac8-4238-ad40-14fbbb2fad31/OPERA_L3_DIST-ALERT-S1_T10TEK_20240730T020034Z_20251215T211502Z_S1A_30_v0.1.zip,s3://hyp3-tibet-jpl-test-contentbucket-hratibh1y9pabf7f67b3-9ac8-4238-ad40-14fbbb2fad31/OPERA_L3_DIST-ALERT-S1_T10TEK_20240730T020034Z_20251215T211502Z_S1A_30_v0.1,https://hyp3-tibet-jpl-test-contentbucket-hratibh1y9pa.s3.us-west-2.amazonaws.com/bf7f67b3-9ac8-4238-ad40-14fbbb2fad31/OPERA_L3_DIST-ALERT-S1_T10TEK_20240730T020034Z_20251215T211502Z_S1A_30_v0.1.png,2025-12-15T20:48:24+00:00,710.359,4.5,10TEK,1,23,4,none,False,transformer_v1_32,high,32,20,2024-07-30,137,2.5,4,best,none,False
bangladesh_coastal_flood_2024__2024-07-08__45QYF__transformer_v1_32-20mc,https://hyp3-tibet-jpl-test-contentbucket-hratibh1y9pa.s3.us-west-2.amazonaws.com/84b4ef8a-15fb-42ff-953a-5bb320c91834/OPERA_L3_DIST-ALERT-S1_T45QYF_20240817T000442Z_20251215T211346Z_S1A_30_v0.1.zip,s3://hyp3-tibet-jpl-test-contentbucket-hratibh1y9pa84b4ef8a-15fb-42ff-953a-5bb320c91834/OPERA_L3_DIST-ALERT-S1_T45QYF_20240817T000442Z_20251215T211346Z_S1A_30_v0.1,https://hyp3-tibet-jpl-test-contentbucket-hratibh1y9pa.s3.us-west-2.amazonaws.com/84b4ef8a-15fb-42ff-953a-5bb320c91834/OPERA_L3_DIST-ALERT-S1_T45QYF_20240817T000442Z_20251215T211346Z_S1A_30_v0.1.png,2025-12-15T20:48:24+00:00,627.568,4.5,45QYF,1,23,4,none,False,transformer_v1_32,high,32,20,2024-08-17,48,2.5,4,best,none,False
park_fire_2024__2024-07-24__10TEK__transformer_v1_32-20mc,https://hyp3-tibet-jpl-test-contentbucket-hratibh1y9pa.s3.us-west-2.amazonaws.com/89fde07e-e8b8-461a-b4f1-4447792fa226/OPERA_L3_DIST-ALERT-S1_T10TEK_20240716T141547Z_20251215T212416Z_S1A_30_v0.1.zip,s3://hyp3-tibet-jpl-test-contentbucket-hratibh1y9pa89fde07e-e8b8-461a-b4f1-4447792fa226/OPERA_L3_DIST-ALERT-S1_T10TEK_20240716T141547Z_20251215T212416Z_S1A_30_v0.1,https://hyp3-tibet-jpl-test-contentbucket-hratibh1y9pa.s3.us-west-2.amazonaws.com/89fde07e-e8b8-461a-b4f1-4447792fa226/OPERA_L3_DIST-ALERT-S1_T10TEK_20240716T141547Z_20251215T212416Z_S1A_30_v0.1.png,2025-12-15T20:48:24+00:00,1268.9,4.5,10TEK,1,23,4,none,False,transformer_v1_32,high,32,20,2024-07-16,115,2.5,4,best,none,False
bangladesh_coastal_flood_2024__2024-07-08__45QYE__transformer_v1_32-20mc,https://hyp3-tibet-jpl-test-contentbucket-hratibh1y9pa.s3.us-west-2.amazonaws.com/d365f6ec-6f84-4a52-ac00-8d8691d22230/OPERA_L3_DIST-ALERT-S1_T45QYE_20240823T235647Z_20251215T212554Z_S1A_30_v0.1.zip,s3://hyp3-tibet-jpl-test-contentbucket-hratibh1y9pad365f6ec-6f84-4a52-ac00-8d8691d22230/OPERA_L3_DIST-ALERT-S1_T45QYE_20240823T235647Z_20251215T212554Z_S1A_30_v0.1,https://hyp3-tibet-jpl-test-contentbucket-hratibh1y9pa.s3.us-west-2.amazonaws.com/d365f6ec-6f84-4a52-ac00-8d8691d22230/OPERA_L3_DIST-ALERT-S1_T45QYE_20240823T235647Z_20251215T212554Z_S1A_30_v0.1.png,2025-12-15T20:48:24+00:00,1366.864,4.5,45QYE,1,23,4,none,False,transformer_v1_32,high,32,20,2024-08-23,150,2.5,4,best,none,False
park_fire_2024__2024-07-24__10TFK__transformer_v1_32-20mc,https://hyp3-tibet-jpl-test-contentbucket-hratibh1y9pa.s3.us-west-2.amazonaws.com/1dfe2cd5-4d50-4321-90db-2bef078a492e/OPERA_L3_DIST-ALERT-S1_T10TFK_20240629T020841Z_20251215T211550Z_S1A_30_v0.1.zip,s3://hyp3-tibet-jpl-test-contentbucket-hratibh1y9pa1dfe2cd5-4d50-4321-90db-2bef078a492e/OPERA_L3_DIST-ALERT-S1_T10TFK_20240629T020841Z_20251215T211550Z_S1A_30_v0.1,https://hyp3-tibet-jpl-test-contentbucket-hratibh1y9pa.s3.us-west-2.amazonaws.com/1dfe2cd5-4d50-4321-90db-2bef078a492e/OPERA_L3_DIST-ALERT-S1_T10TFK_20240629T020841Z_20251215T211550Z_S1A_30_v0.1.png,2025-12-15T20:48:24+00:00,757.917,4.5,10TFK,1,23,4,none,False,transformer_v1_32,high,32,20,2024-06-29,35,2.5,4,best,none,False
yajiang_fire_2024__2024-03-15__47RQP__transformer_v1_32-20mc,https://hyp3-tibet-jpl-test-contentbucket-hratibh1y9pa.s3.us-west-2.amazonaws.com/1328471e-aa63-4736-a300-d64f05bfbd24/OPERA_L3_DIST-ALERT-S1_T47RQP_20240424T110910Z_20251215T211636Z_S1A_30_v0.1.zip,s3://hyp3-tibet-jpl-test-contentbucket-hratibh1y9pa1328471e-aa63-4736-a300-d64f05bfbd24/OPERA_L3_DIST-ALERT-S1_T47RQP_20240424T110910Z_20251215T211636Z_S1A_30_v0.1,https://hyp3-tibet-jpl-test-contentbucket-hratibh1y9pa.s3.us-west-2.amazonaws.com/1328471e-aa63-4736-a300-d64f05bfbd24/OPERA_L3_DIST-ALERT-S1_T47RQP_20240424T110910Z_20251215T211636Z_S1A_30_v0.1.png,2025-12-15T20:48:24+00:00,803.951,4.5,47RQP,1,23,4,none,False,transformer_v1_32,high,32,20,2024-04-24,128,2.5,4,best,none,False
bangladesh_coastal_flood_2024__2024-07-08__45QYF__transformer_v1_32-20mc,https://hyp3-tibet-jpl-test-contentbucket-hratibh1y9pa.s3.us-west-2.amazonaws.com/801e4275-4039-4985-9fee-09695028476f/OPERA_L3_DIST-ALERT-S1_T45QYF_20240624T235634Z_20251215T212559Z_S1A_30_v0.1.zip,s3://hyp3-tibet-jpl-test-contentbucket-hratibh1y9pa801e4275-4039-4985-9fee-09695028476f/OPERA_L3_DIST-ALERT-S1_T45QYF_20240624T235634Z_20251215T212559Z_S1A_30_v0.1,https://hyp3-tibet-jpl-test-contentbucket-hratibh1y9pa.s3.us-west-2.amazonaws.com/801e4275-4039-4985-9fee-09695028476f/OPERA_L3_DIST-ALERT-S1_T45QYF_20240624T235634Z_20251215T212559Z_S1A_30_v0.1.png,2025-12-15T20:48:24+00:00,1375.528,4.5,45QYF,1,23,4,none,False,transformer_v1_32,high,32,20,2024-06-24,150,2.5,4,best,none,False
yajiang_fire_2024__2024-03-15__47RQP__transformer_v1_32-20mc,https://hyp3-tibet-jpl-test-contentbucket-hratibh1y9pa.s3.us-west-2.amazonaws.com/b76b6524-2d39-47b7-af16-5ff6f3514ab8/OPERA_L3_DIST-ALERT-S1_T47RQP_20240312T111717Z_20251215T212904Z_S1A_30_v0.1.zip,s3://hyp3-tibet-jpl-test-contentbucket-hratibh1y9pab76b6524-2d39-47b7-af16-5ff6f3514ab8/OPERA_L3_DIST-ALERT-S1_T47RQP_20240312T111717Z_20251215T212904Z_S1A_30_v0.1,https://hyp3-tibet-jpl-test-contentbucket-hratibh1y9pa.s3.us-west-2.amazonaws.com/b76b6524-2d39-47b7-af16-5ff6f3514ab8/OPERA_L3_DIST-ALERT-S1_T47RQP_20240312T111717Z_20251215T212904Z_S1A_30_v0.1.png,2025-12-15T20:48:24+00:00,1562.036,4.5,47RQP,1,23,4,none,False,transformer_v1_32,high,32,20,2024-03-12,26,2.5,4,best,none,False
yajiang_fire_2024__2024-03-15__47RPP__transformer_v1_32-20mc,https://hyp3-tibet-jpl-test-contentbucket-hratibh1y9pa.s3.us-west-2.amazonaws.com/0276d79d-c1c3-40eb-8cc4-17a357a9e431/OPERA_L3_DIST-ALERT-S1_T47RPP_20240417T232137Z_20251215T212002Z_S1A_30_v0.1.zip,s3://hyp3-tibet-jpl-test-contentbucket-hratibh1y9pa0276d79d-c1c3-40eb-8cc4-17a357a9e431/OPERA_L3_DIST-ALERT-S1_T47RPP_20240417T232137Z_20251215T212002Z_S1A_30_v0.1,https://hyp3-tibet-jpl-test-contentbucket-hratibh1y9pa.s3.us-west-2.amazonaws.com/0276d79d-c1c3-40eb-8cc4-17a357a9e431/OPERA_L3_DIST-ALERT-S1_T47RPP_20240417T232137Z_20251215T212002Z_S1A_30_v0.1.png,2025-12-15T20:48:24+00:00,1025.911,4.5,47RPP,1,23,4,none,False,transformer_v1_32,high,32,20,2024-04-17,33,2.5,4,best,none,False
park_fire_2024__2024-07-24__10TFK__transformer_v1_32-20mc,https://hyp3-tibet-jpl-test-contentbucket-hratibh1y9pa.s3.us-west-2.amazonaws.com/4ac9d52d-d639-42ec-a255-a14cdbf868eb/OPERA_L3_DIST-ALERT-S1_T10TFK_20240629T140735Z_20251215T212538Z_S1A_30_v0.1.zip,s3://hyp3-tibet-jpl-test-contentbucket-hratibh1y9pa4ac9d52d-d639-42ec-a255-a14cdbf868eb/OPERA_L3_DIST-ALERT-S1_T10TFK_20240629T140735Z_20251215T212538Z_S1A_30_v0.1,https://hyp3-tibet-jpl-test-contentbucket-hratibh1y9pa.s3.us-west-2.amazonaws.com/4ac9d52d-d639-42ec-a255-a14cdbf868eb/OPERA_L3_DIST-ALERT-S1_T10TFK_20240629T140735Z_20251215T212538Z_S1A_30_v0.1.png,2025-12-15T20:48:24+00:00,1363.371,4.5,10TFK,1,23,4,none,False,transformer_v1_32,high,32,20,2024-06-29,42,2.5,4,best,none,False
yajiang_fire_2024__2024-03-15__47RPP__transformer_v1_32-20mc,https://hyp3-tibet-jpl-test-contentbucket-hratibh1y9pa.s3.us-west-2.amazonaws.com/1c9ba142-9d15-489d-a51c-9904b64ef045/OPERA_L3_DIST-ALERT-S1_T47RPP_20240224T231325Z_20251215T212542Z_S1A_30_v0.1.zip,s3://hyp3-tibet-jpl-test-contentbucket-hratibh1y9pa1c9ba142-9d15-489d-a51c-9904b64ef045/OPERA_L3_DIST-ALERT-S1_T47RPP_20240224T231325Z_20251215T212542Z_S1A_30_v0.1,https://hyp3-tibet-jpl-test-contentbucket-hratibh1y9pa.s3.us-west-2.amazonaws.com/1c9ba142-9d15-489d-a51c-9904b64ef045/OPERA_L3_DIST-ALERT-S1_T47RPP_20240224T231325Z_20251215T212542Z_S1A_30_v0.1.png,2025-12-15T20:48:24+00:00,1358.54,4.5,47RPP,1,23,4,none,False,transformer_v1_32,high,32,20,2024-02-24,135,2.5,4,best,none,False
bangladesh_coastal_flood_2024__2024-07-08__45QYE__transformer_v1_32-20mc,https://hyp3-tibet-jpl-test-contentbucket-hratibh1y9pa.s3.us-west-2.amazonaws.com/f507f035-53d7-48b6-96f2-699279998f63/OPERA_L3_DIST-ALERT-S1_T45QYE_20240622T120430Z_20251215T211558Z_S1A_30_v0.1.zip,s3://hyp3-tibet-jpl-test-contentbucket-hratibh1y9paf507f035-53d7-48b6-96f2-699279998f63/OPERA_L3_DIST-ALERT-S1_T45QYE_20240622T120430Z_20251215T211558Z_S1A_30_v0.1,https://hyp3-tibet-jpl-test-contentbucket-hratibh1y9pa.s3.us-west-2.amazonaws.com/f507f035-53d7-48b6-96f2-699279998f63/OPERA_L3_DIST-ALERT-S1_T45QYE_20240622T120430Z_20251215T211558Z_S1A_30_v0.1.png,2025-12-15T20:48:24+00:00,809.032,4.5,45QYE,1,23,4,none,False,transformer_v1_32,high,32,20,2024-06-22,114,2.5,4,best,none,False
bangladesh_coastal_flood_2024__2024-07-08__45QZE__transformer_v1_32-20mc,https://hyp3-tibet-jpl-test-contentbucket-hratibh1y9pa.s3.us-west-2.amazonaws.com/667d1c61-671e-4b04-a7f3-823d562f0970/OPERA_L3_DIST-ALERT-S1_T45QZE_20240615T121240Z_20251215T210825Z_S1A_30_v0.1.zip,s3://hyp3-tibet-jpl-test-contentbucket-hratibh1y9pa667d1c61-671e-4b04-a7f3-823d562f0970/OPERA_L3_DIST-ALERT-S1_T45QZE_20240615T121240Z_20251215T210825Z_S1A_30_v0.1,https://hyp3-tibet-jpl-test-contentbucket-hratibh1y9pa.s3.us-west-2.amazonaws.com/667d1c61-671e-4b04-a7f3-823d562f0970/OPERA_L3_DIST-ALERT-S1_T45QZE_20240615T121240Z_20251215T210825Z_S1A_30_v0.1.png,2025-12-15T20:48:24+00:00,346.672,4.5,45QZE,1,23,4,none,False,transformer_v1_32,high,32,20,2024-06-15,12,2.5,4,best,none,False
bangladesh_coastal_flood_2024__2024-07-08__45QZE__transformer_v1_32-20mc,https://hyp3-tibet-jpl-test-contentbucket-hratibh1y9pa.s3.us-west-2.amazonaws.com/a4765cd2-c5d1-4d91-a133-21244e44c323/OPERA_L3_DIST-ALERT-S1_T45QZE_20240619T234837Z_20251215T211425Z_S1A_30_v0.1.zip,s3://hyp3-tibet-jpl-test-contentbucket-hratibh1y9paa4765cd2-c5d1-4d91-a133-21244e44c323/OPERA_L3_DIST-ALERT-S1_T45QZE_20240619T234837Z_20251215T211425Z_S1A_30_v0.1,https://hyp3-tibet-jpl-test-contentbucket-hratibh1y9pa.s3.us-west-2.amazonaws.com/a4765cd2-c5d1-4d91-a133-21244e44c323/OPERA_L3_DIST-ALERT-S1_T45QZE_20240619T234837Z_20251215T211425Z_S1A_30_v0.1.png,2025-12-15T20:48:24+00:00,716.692,4.5,45QZE,1,23,4,none,False,transformer_v1_32,high,32,20,2024-06-19,77,2.5,4,best,none,False
park_fire_2024__2024-07-24__10TEK__transformer_v1_32-20mc,https://hyp3-tibet-jpl-test-contentbucket-hratibh1y9pa.s3.us-west-2.amazonaws.com/fad13c6a-b079-4efc-9d75-e02b77f4829b/OPERA_L3_DIST-ALERT-S1_T10TEK_20240723T020842Z_20251215T212757Z_S1A_30_v0.1.zip,s3://hyp3-tibet-jpl-test-contentbucket-hratibh1y9pafad13c6a-b079-4efc-9d75-e02b77f4829b/OPERA_L3_DIST-ALERT-S1_T10TEK_20240723T020842Z_20251215T212757Z_S1A_30_v0.1,https://hyp3-tibet-jpl-test-contentbucket-hratibh1y9pa.s3.us-west-2.amazonaws.com/fad13c6a-b079-4efc-9d75-e02b77f4829b/OPERA_L3_DIST-ALERT-S1_T10TEK_20240723T020842Z_20251215T212757Z_S1A_30_v0.1.png,2025-12-15T20:48:24+00:00,1537.26,4.5,10TEK,1,23,4,none,False,transformer_v1_32,high,32,20,2024-07-23,35,2.5,4,best,none,False
yajiang_fire_2024__2024-03-15__47RPP__transformer_v1_32-20mc,https://hyp3-tibet-jpl-test-contentbucket-hratibh1y9pa.s3.us-west-2.amazonaws.com/966fecec-a749-4133-bca4-8075f45d2248/OPERA_L3_DIST-ALERT-S1_T47RPP_20240422T112531Z_20251215T211556Z_S1A_30_v0.1.zip,s3://hyp3-tibet-jpl-test-contentbucket-hratibh1y9pa966fecec-a749-4133-bca4-8075f45d2248/OPERA_L3_DIST-ALERT-S1_T47RPP_20240422T112531Z_20251215T211556Z_S1A_30_v0.1,https://hyp3-tibet-jpl-test-contentbucket-hratibh1y9pa.s3.us-west-2.amazonaws.com/966fecec-a749-4133-bca4-8075f45d2248/OPERA_L3_DIST-ALERT-S1_T47RPP_20240422T112531Z_20251215T211556Z_S1A_30_v0.1.png,2025-12-15T20:48:24+00:00,843.723,4.5,47RPP,1,23,4,none,False,transformer_v1_32,high,32,20,2024-04-22,99,2.5,4,best,none,False
yajiang_fire_2024__2024-03-15__47RPP__transformer_v1_32-20mc,https://hyp3-tibet-jpl-test-contentbucket-hratibh1y9pa.s3.us-west-2.amazonaws.com/faba9e02-58b2-48c2-acd3-f074274723bd/OPERA_L3_DIST-ALERT-S1_T47RPP_20240305T112530Z_20251215T211802Z_S1A_30_v0.1.zip,s3://hyp3-tibet-jpl-test-contentbucket-hratibh1y9pafaba9e02-58b2-48c2-acd3-f074274723bd/OPERA_L3_DIST-ALERT-S1_T47RPP_20240305T112530Z_20251215T211802Z_S1A_30_v0.1,https://hyp3-tibet-jpl-test-contentbucket-hratibh1y9pa.s3.us-west-2.amazonaws.com/faba9e02-58b2-48c2-acd3-f074274723bd/OPERA_L3_DIST-ALERT-S1_T47RPP_20240305T112530Z_20251215T211802Z_S1A_30_v0.1.png,2025-12-15T20:48:24+00:00,964.71,4.5,47RPP,1,23,4,none,False,transformer_v1_32,high,32,20,2024-03-05,99,2.5,4,best,none,False
bangladesh_coastal_flood_2024__2024-07-08__45QYE__transformer_v1_32-20mc,https://hyp3-tibet-jpl-test-contentbucket-hratibh1y9pa.s3.us-west-2.amazonaws.com/3cde0824-96d6-4af2-9d11-9f188dadd191/OPERA_L3_DIST-ALERT-S1_T45QYE_20240821T120429Z_20251215T211351Z_S1A_30_v0.1.zip,s3://hyp3-tibet-jpl-test-contentbucket-hratibh1y9pa3cde0824-96d6-4af2-9d11-9f188dadd191/OPERA_L3_DIST-ALERT-S1_T45QYE_20240821T120429Z_20251215T211351Z_S1A_30_v0.1,https://hyp3-tibet-jpl-test-contentbucket-hratibh1y9pa.s3.us-west-2.amazonaws.com/3cde0824-96d6-4af2-9d11-9f188dadd191/OPERA_L3_DIST-ALERT-S1_T45QYE_20240821T120429Z_20251215T211351Z_S1A_30_v0.1.png,2025-12-15T20:48:24+00:00,716.485,4.5,45QYE,1,23,4,none,False,transformer_v1_32,high,32,20,2024-08-21,114,2.5,4,best,none,False
bangladesh_coastal_flood_2024__2024-07-08__45QZE__transformer_v1_32-20mc,https://hyp3-tibet-jpl-test-contentbucket-hratibh1y9pa.s3.us-west-2.amazonaws.com/64d19a3c-afaa-4249-8969-a123343f9510/OPERA_L3_DIST-ALERT-S1_T45QZE_20240902T120429Z_20251215T212352Z_S1A_30_v0.1.zip,s3://hyp3-tibet-jpl-test-contentbucket-hratibh1y9pa64d19a3c-afaa-4249-8969-a123343f9510/OPERA_L3_DIST-ALERT-S1_T45QZE_20240902T120429Z_20251215T212352Z_S1A_30_v0.1,https://hyp3-tibet-jpl-test-contentbucket-hratibh1y9pa.s3.us-west-2.amazonaws.com/64d19a3c-afaa-4249-8969-a123343f9510/OPERA_L3_DIST-ALERT-S1_T45QZE_20240902T120429Z_20251215T212352Z_S1A_30_v0.1.png,2025-12-15T20:48:24+00:00,1324.121,4.5,45QZE,1,23,4,none,False,transformer_v1_32,high,32,20,2024-09-02,114,2.5,4,best,none,False
porto_alegre_flood_2024__2024-05-28__22JDM__transformer_v1_32-20mc,https://hyp3-tibet-jpl-test-contentbucket-hratibh1y9pa.s3.us-west-2.amazonaws.com/5435383e-6cb0-4f30-b040-6b4649a7ebd1/OPERA_L3_DIST-ALERT-S1_T22JDM_20240511T084941Z_20251215T212103Z_S1A_30_v0.1.zip,s3://hyp3-tibet-jpl-test-contentbucket-hratibh1y9pa5435383e-6cb0-4f30-b040-6b4649a7ebd1/OPERA_L3_DIST-ALERT-S1_T22JDM_20240511T084941Z_20251215T212103Z_S1A_30_v0.1,https://hyp3-tibet-jpl-test-contentbucket-hratibh1y9pa.s3.us-west-2.amazonaws.com/5435383e-6cb0-4f30-b040-6b4649a7ebd1/OPERA_L3_DIST-ALERT-S1_T22JDM_20240511T084941Z_20251215T212103Z_S1A_30_v0.1.png,2025-12-15T20:48:24+00:00,1158.637,4.5,22JDM,1,23,4,none,False,transformer_v1_32,high,32,20,2024-05-11,24,2.5,4,best,none,False
bangladesh_coastal_flood_2024__2024-07-08__45QYF__transformer_v1_32-20mc,https://hyp3-tibet-jpl-test-contentbucket-hratibh1y9pa.s3.us-west-2.amazonaws.com/4567514b-efa7-4abe-914a-d51d63251cb3/OPERA_L3_DIST-ALERT-S1_T45QYF_20240811T235633Z_20251215T212636Z_S1A_30_v0.1.zip,s3://hyp3-tibet-jpl-test-contentbucket-hratibh1y9pa4567514b-efa7-4abe-914a-d51d63251cb3/OPERA_L3_DIST-ALERT-S1_T45QYF_20240811T235633Z_20251215T212636Z_S1A_30_v0.1,https://hyp3-tibet-jpl-test-contentbucket-hratibh1y9pa.s3.us-west-2.amazonaws.com/4567514b-efa7-4abe-914a-d51d63251cb3/OPERA_L3_DIST-ALERT-S1_T45QYF_20240811T235633Z_20251215T212636Z_S1A_30_v0.1.png,2025-12-15T20:48:24+00:00,1484.699,4.5,45QYF,1,23,4,none,False,transformer_v1_32,high,32,20,2024-08-11,150,2.5,4,best,none,False
bangladesh_coastal_flood_2024__2024-07-08__45QYE__transformer_v1_32-20mc,https://hyp3-tibet-jpl-test-contentbucket-hratibh1y9pa.s3.us-west-2.amazonaws.com/1c5cb460-b204-4178-a704-9921f1251c58/OPERA_L3_DIST-ALERT-S1_T45QYE_20240814T121237Z_20251215T212308Z_S1A_30_v0.1.zip,s3://hyp3-tibet-jpl-test-contentbucket-hratibh1y9pa1c5cb460-b204-4178-a704-9921f1251c58/OPERA_L3_DIST-ALERT-S1_T45QYE_20240814T121237Z_20251215T212308Z_S1A_30_v0.1,https://hyp3-tibet-jpl-test-contentbucket-hratibh1y9pa.s3.us-west-2.amazonaws.com/1c5cb460-b204-4178-a704-9921f1251c58/OPERA_L3_DIST-ALERT-S1_T45QYE_20240814T121237Z_20251215T212308Z_S1A_30_v0.1.png,2025-12-15T20:48:24+00:00,1304.027,4.5,45QYE,1,23,4,none,False,transformer_v1_32,high,32,20,2024-08-14,12,2.5,4,best,none,False
park_fire_2024__2024-07-24__10TEK__transformer_v1_32-20mc,https://hyp3-tibet-jpl-test-contentbucket-hratibh1y9pa.s3.us-west-2.amazonaws.com/fcf5fe8a-cb84-4217-88c0-8da124e28c89/OPERA_L3_DIST-ALERT-S1_T10TEK_20240828T020842Z_20251215T212206Z_S1A_30_v0.1.zip,s3://hyp3-tibet-jpl-test-contentbucket-hratibh1y9pafcf5fe8a-cb84-4217-88c0-8da124e28c89/OPERA_L3_DIST-ALERT-S1_T10TEK_20240828T020842Z_20251215T212206Z_S1A_30_v0.1,https://hyp3-tibet-jpl-test-contentbucket-hratibh1y9pa.s3.us-west-2.amazonaws.com/fcf5fe8a-cb84-4217-88c0-8da124e28c89/OPERA_L3_DIST-ALERT-S1_T10TEK_20240828T020842Z_20251215T212206Z_S1A_30_v0.1.png,2025-12-15T20:48:24+00:00,1246.27,4.5,10TEK,1,23,4,none,False,transformer_v1_32,high,32,20,2024-08-28,35,2.5,4,best,none,False
chiapas_fire_2024__2024-03-24__15QUU__transformer_v1_32-20mc,https://hyp3-tibet-jpl-test-contentbucket-hratibh1y9pa.s3.us-west-2.amazonaws.com/5aa2ad03-dbb2-4b43-a96e-1f14557c60a2/OPERA_L3_DIST-ALERT-S1_T15QUU_20240411T003142Z_20251215T211844Z_S1A_30_v0.1.zip,s3://hyp3-tibet-jpl-test-contentbucket-hratibh1y9pa5aa2ad03-dbb2-4b43-a96e-1f14557c60a2/OPERA_L3_DIST-ALERT-S1_T15QUU_20240411T003142Z_20251215T211844Z_S1A_30_v0.1,https://hyp3-tibet-jpl-test-contentbucket-hratibh1y9pa.s3.us-west-2.amazonaws.com/5aa2ad03-dbb2-4b43-a96e-1f14557c60a2/OPERA_L3_DIST-ALERT-S1_T15QUU_20240411T003142Z_20251215T211844Z_S1A_30_v0.1.png,2025-12-15T20:48:24+00:00,1043.618,4.5,15QUU,1,23,4,none,False,transformer_v1_32,high,32,20,2024-04-11,107,2.5,4,best,none,False
bangladesh_coastal_flood_2024__2024-07-08__45QYE__transformer_v1_32-20mc,https://hyp3-tibet-jpl-test-contentbucket-hratibh1y9pa.s3.us-west-2.amazonaws.com/3c11f472-07ea-40c2-b496-c4c5fc57d6b1/OPERA_L3_DIST-ALERT-S1_T45QYE_20240721T121237Z_20251215T212601Z_S1A_30_v0.1.zip,s3://hyp3-tibet-jpl-test-contentbucket-hratibh1y9pa3c11f472-07ea-40c2-b496-c4c5fc57d6b1/OPERA_L3_DIST-ALERT-S1_T45QYE_20240721T121237Z_20251215T212601Z_S1A_30_v0.1,https://hyp3-tibet-jpl-test-contentbucket-hratibh1y9pa.s3.us-west-2.amazonaws.com/3c11f472-07ea-40c2-b496-c4c5fc57d6b1/OPERA_L3_DIST-ALERT-S1_T45QYE_20240721T121237Z_20251215T212601Z_S1A_30_v0.1.png,2025-12-15T20:48:24+00:00,1479.102,4.5,45QYE,1,23,4,none,False,transformer_v1_32,high,32,20,2024-07-21,12,2.5,4,best,none,False
chiapas_fire_2024__2024-03-24__15QUU__transformer_v1_32-20mc,https://hyp3-tibet-jpl-test-contentbucket-hratibh1y9pa.s3.us-west-2.amazonaws.com/e80500d1-f324-4126-aa25-e428b6037083/OPERA_L3_DIST-ALERT-S1_T15QUU_20240406T002335Z_20251215T211624Z_S1A_30_v0.1.zip,s3://hyp3-tibet-jpl-test-contentbucket-hratibh1y9pae80500d1-f324-4126-aa25-e428b6037083/OPERA_L3_DIST-ALERT-S1_T15QUU_20240406T002335Z_20251215T211624Z_S1A_30_v0.1,https://hyp3-tibet-jpl-test-contentbucket-hratibh1y9pa.s3.us-west-2.amazonaws.com/e80500d1-f324-4126-aa25-e428b6037083/OPERA_L3_DIST-ALERT-S1_T15QUU_20240406T002335Z_20251215T211624Z_S1A_30_v0.1.png,2025-12-15T20:48:24+00:00,904.075,4.5,15QUU,1,23,4,none,False,transformer_v1_32,high,32,20,2024-04-06,34,2.5,4,best,none,False
park_fire_2024__2024-07-24__10TFK__transformer_v1_32-20mc,https://hyp3-tibet-jpl-test-contentbucket-hratibh1y9pa.s3.us-west-2.amazonaws.com/274fc29a-3a2d-461c-90b6-3d53fb3c6ac5/OPERA_L3_DIST-ALERT-S1_T10TFK_20240711T140735Z_20251215T212328Z_S1A_30_v0.1.zip,s3://hyp3-tibet-jpl-test-contentbucket-hratibh1y9pa274fc29a-3a2d-461c-90b6-3d53fb3c6ac5/OPERA_L3_DIST-ALERT-S1_T10TFK_20240711T140735Z_20251215T212328Z_S1A_30_v0.1,https://hyp3-tibet-jpl-test-contentbucket-hratibh1y9pa.s3.us-west-2.amazonaws.com/274fc29a-3a2d-461c-90b6-3d53fb3c6ac5/OPERA_L3_DIST-ALERT-S1_T10TFK_20240711T140735Z_20251215T212328Z_S1A_30_v0.1.png,2025-12-15T20:48:24+00:00,1331.322,4.5,10TFK,1,23,4,none,False,transformer_v1_32,high,32,20,2024-07-11,42,2.5,4,best,none,False
yajiang_fire_2024__2024-03-15__47RPP__transformer_v1_32-20mc,https://hyp3-tibet-jpl-test-contentbucket-hratibh1y9pa.s3.us-west-2.amazonaws.com/d52b7f0f-63dc-475d-8c27-f7def63af549/OPERA_L3_DIST-ALERT-S1_T47RPP_20240222T112530Z_20251215T211352Z_S1A_30_v0.1.zip,s3://hyp3-tibet-jpl-test-contentbucket-hratibh1y9pad52b7f0f-63dc-475d-8c27-f7def63af549/OPERA_L3_DIST-ALERT-S1_T47RPP_20240222T112530Z_20251215T211352Z_S1A_30_v0.1,https://hyp3-tibet-jpl-test-contentbucket-hratibh1y9pa.s3.us-west-2.amazonaws.com/d52b7f0f-63dc-475d-8c27-f7def63af549/OPERA_L3_DIST-ALERT-S1_T47RPP_20240222T112530Z_20251215T211352Z_S1A_30_v0.1.png,2025-12-15T20:48:24+00:00,749.074,4.5,47RPP,1,23,4,none,False,transformer_v1_32,high,32,20,2024-02-22,99,2.5,4,best,none,False
bangladesh_coastal_flood_2024__2024-07-08__45QZF__transformer_v1_32-20mc,https://hyp3-tibet-jpl-test-contentbucket-hratibh1y9pa.s3.us-west-2.amazonaws.com/5bbdd33e-dfb5-4047-87c3-5182ad429461/OPERA_L3_DIST-ALERT-S1_T45QZF_20240818T234822Z_20251215T211211Z_S1A_30_v0.1.zip,s3://hyp3-tibet-jpl-test-contentbucket-hratibh1y9pa5bbdd33e-dfb5-4047-87c3-5182ad429461/OPERA_L3_DIST-ALERT-S1_T45QZF_20240818T234822Z_20251215T211211Z_S1A_30_v0.1,https://hyp3-tibet-jpl-test-contentbucket-hratibh1y9pa.s3.us-west-2.amazonaws.com/5bbdd33e-dfb5-4047-87c3-5182ad429461/OPERA_L3_DIST-ALERT-S1_T45QZF_20240818T234822Z_20251215T211211Z_S1A_30_v0.1.png,2025-12-15T20:48:24+00:00,650.109,4.5,45QZF,1,23,4,none,False,transformer_v1_32,high,32,20,2024-08-18,77,2.5,4,best,none,False
yajiang_fire_2024__2024-03-15__47RPP__transformer_v1_32-20mc,https://hyp3-tibet-jpl-test-contentbucket-hratibh1y9pa.s3.us-west-2.amazonaws.com/fe738432-7361-4e95-a050-c1b1b812d0f1/OPERA_L3_DIST-ALERT-S1_T47RPP_20240429T111721Z_20251215T212655Z_S1A_30_v0.1.zip,s3://hyp3-tibet-jpl-test-contentbucket-hratibh1y9pafe738432-7361-4e95-a050-c1b1b812d0f1/OPERA_L3_DIST-ALERT-S1_T47RPP_20240429T111721Z_20251215T212655Z_S1A_30_v0.1,https://hyp3-tibet-jpl-test-contentbucket-hratibh1y9pa.s3.us-west-2.amazonaws.com/fe738432-7361-4e95-a050-c1b1b812d0f1/OPERA_L3_DIST-ALERT-S1_T47RPP_20240429T111721Z_20251215T212655Z_S1A_30_v0.1.png,2025-12-15T20:48:24+00:00,1539.395,4.5,47RPP,1,23,4,none,False,transformer_v1_32,high,32,20,2024-04-29,26,2.5,4,best,none,False
bangladesh_coastal_flood_2024__2024-07-08__45QYF__transformer_v1_32-20mc,https://hyp3-tibet-jpl-test-contentbucket-hratibh1y9pa.s3.us-west-2.amazonaws.com/21699222-bbd1-4b66-8488-7cb8025b602c/OPERA_L3_DIST-ALERT-S1_T45QYF_20240821T120443Z_20251215T211536Z_S1A_30_v0.1.zip,s3://hyp3-tibet-jpl-test-contentbucket-hratibh1y9pa21699222-bbd1-4b66-8488-7cb8025b602c/OPERA_L3_DIST-ALERT-S1_T45QYF_20240821T120443Z_20251215T211536Z_S1A_30_v0.1,https://hyp3-tibet-jpl-test-contentbucket-hratibh1y9pa.s3.us-west-2.amazonaws.com/21699222-bbd1-4b66-8488-7cb8025b602c/OPERA_L3_DIST-ALERT-S1_T45QYF_20240821T120443Z_20251215T211536Z_S1A_30_v0.1.png,2025-12-15T20:48:24+00:00,856.523,4.5,45QYF,1,23,4,none,False,transformer_v1_32,high,32,20,2024-08-21,114,2.5,4,best,none,False
park_fire_2024__2024-07-24__10TFK__transformer_v1_32-20mc,https://hyp3-tibet-jpl-test-contentbucket-hratibh1y9pa.s3.us-west-2.amazonaws.com/aa56113d-27b1-4a5e-accd-339f9e7d35dd/OPERA_L3_DIST-ALERT-S1_T10TFK_20240828T140734Z_20251215T212318Z_S1A_30_v0.1.zip,s3://hyp3-tibet-jpl-test-contentbucket-hratibh1y9paaa56113d-27b1-4a5e-accd-339f9e7d35dd/OPERA_L3_DIST-ALERT-S1_T10TFK_20240828T140734Z_20251215T212318Z_S1A_30_v0.1,https://hyp3-tibet-jpl-test-contentbucket-hratibh1y9pa.s3.us-west-2.amazonaws.com/aa56113d-27b1-4a5e-accd-339f9e7d35dd/OPERA_L3_DIST-ALERT-S1_T10TFK_20240828T140734Z_20251215T212318Z_S1A_30_v0.1.png,2025-12-15T20:48:24+00:00,1329.273,4.5,10TFK,1,23,4,none,False,transformer_v1_32,high,32,20,2024-08-28,42,2.5,4,best,none,False
bangladesh_coastal_flood_2024__2024-07-08__45QZE__transformer_v1_32-20mc,https://hyp3-tibet-jpl-test-contentbucket-hratibh1y9pa.s3.us-west-2.amazonaws.com/f711cbf2-cd91-444c-ba82-d9cbdd9ef366/OPERA_L3_DIST-ALERT-S1_T45QZE_20240809T120429Z_20251215T212502Z_S1A_30_v0.1.zip,s3://hyp3-tibet-jpl-test-contentbucket-hratibh1y9paf711cbf2-cd91-444c-ba82-d9cbdd9ef366/OPERA_L3_DIST-ALERT-S1_T45QZE_20240809T120429Z_20251215T212502Z_S1A_30_v0.1,https://hyp3-tibet-jpl-test-contentbucket-hratibh1y9pa.s3.us-west-2.amazonaws.com/f711cbf2-cd91-444c-ba82-d9cbdd9ef366/OPERA_L3_DIST-ALERT-S1_T45QZE_20240809T120429Z_20251215T212502Z_S1A_30_v0.1.png,2025-12-15T20:48:24+00:00,1461.882,4.5,45QZE,1,23,4,none,False,transformer_v1_32,high,32,20,2024-08-09,114,2.5,4,best,none,False
chiapas_fire_2024__2024-03-24__15QUU__transformer_v1_32-20mc,https://hyp3-tibet-jpl-test-contentbucket-hratibh1y9pa.s3.us-west-2.amazonaws.com/b5a15e94-ae0a-4e18-a409-a2af933161db/OPERA_L3_DIST-ALERT-S1_T15QUU_20240430T002335Z_20251215T211517Z_S1A_30_v0.1.zip,s3://hyp3-tibet-jpl-test-contentbucket-hratibh1y9pab5a15e94-ae0a-4e18-a409-a2af933161db/OPERA_L3_DIST-ALERT-S1_T15QUU_20240430T002335Z_20251215T211517Z_S1A_30_v0.1,https://hyp3-tibet-jpl-test-contentbucket-hratibh1y9pa.s3.us-west-2.amazonaws.com/b5a15e94-ae0a-4e18-a409-a2af933161db/OPERA_L3_DIST-ALERT-S1_T15QUU_20240430T002335Z_20251215T211517Z_S1A_30_v0.1.png,2025-12-15T20:48:24+00:00,869.611,4.5,15QUU,1,23,4,none,False,transformer_v1_32,high,32,20,2024-04-30,34,2.5,4,best,none,False
park_fire_2024__2024-07-24__10TEK__transformer_v1_32-20mc,https://hyp3-tibet-jpl-test-contentbucket-hratibh1y9pa.s3.us-west-2.amazonaws.com/7e89b902-b935-46f8-a902-b6bf4d7a5463/OPERA_L3_DIST-ALERT-S1_T10TEK_20240728T141546Z_20251215T212213Z_S1A_30_v0.1.zip,s3://hyp3-tibet-jpl-test-contentbucket-hratibh1y9pa7e89b902-b935-46f8-a902-b6bf4d7a5463/OPERA_L3_DIST-ALERT-S1_T10TEK_20240728T141546Z_20251215T212213Z_S1A_30_v0.1,https://hyp3-tibet-jpl-test-contentbucket-hratibh1y9pa.s3.us-west-2.amazonaws.com/7e89b902-b935-46f8-a902-b6bf4d7a5463/OPERA_L3_DIST-ALERT-S1_T10TEK_20240728T141546Z_20251215T212213Z_S1A_30_v0.1.png,2025-12-15T20:48:24+00:00,1287.188,4.5,10TEK,1,23,4,none,False,transformer_v1_32,high,32,20,2024-07-28,115,2.5,4,best,none,False
bangladesh_coastal_flood_2024__2024-07-08__45QYF__transformer_v1_32-20mc,https://hyp3-tibet-jpl-test-contentbucket-hratibh1y9pa.s3.us-west-2.amazonaws.com/7eb0c5dd-5282-43ca-89bc-9427c1468964/OPERA_L3_DIST-ALERT-S1_T45QYF_20240610T120444Z_20251215T211752Z_S1A_30_v0.1.zip,s3://hyp3-tibet-jpl-test-contentbucket-hratibh1y9pa7eb0c5dd-5282-43ca-89bc-9427c1468964/OPERA_L3_DIST-ALERT-S1_T45QYF_20240610T120444Z_20251215T211752Z_S1A_30_v0.1,https://hyp3-tibet-jpl-test-contentbucket-hratibh1y9pa.s3.us-west-2.amazonaws.com/7eb0c5dd-5282-43ca-89bc-9427c1468964/OPERA_L3_DIST-ALERT-S1_T45QYF_20240610T120444Z_20251215T211752Z_S1A_30_v0.1.png,2025-12-15T20:48:24+00:00,1030.8,4.5,45QYF,1,23,4,none,False,transformer_v1_32,high,32,20,2024-06-10,114,2.5,4,best,none,False
bangladesh_coastal_flood_2024__2024-07-08__45QZE__transformer_v1_32-20mc,https://hyp3-tibet-jpl-test-contentbucket-hratibh1y9pa.s3.us-west-2.amazonaws.com/a18aaa84-fefe-4497-a250-269edbfb038e/OPERA_L3_DIST-ALERT-S1_T45QZE_20240826T121238Z_20251215T210535Z_S1A_30_v0.1.zip,s3://hyp3-tibet-jpl-test-contentbucket-hratibh1y9paa18aaa84-fefe-4497-a250-269edbfb038e/OPERA_L3_DIST-ALERT-S1_T45QZE_20240826T121238Z_20251215T210535Z_S1A_30_v0.1,https://hyp3-tibet-jpl-test-contentbucket-hratibh1y9pa.s3.us-west-2.amazonaws.com/a18aaa84-fefe-4497-a250-269edbfb038e/OPERA_L3_DIST-ALERT-S1_T45QZE_20240826T121238Z_20251215T210535Z_S1A_30_v0.1.png,2025-12-15T20:48:24+00:00,280.999,4.5,45QZE,1,23,4,none,False,transformer_v1_32,high,32,20,2024-08-26,12,2.5,4,best,none,False
bangladesh_coastal_flood_2024__2024-07-08__45QZE__transformer_v1_32-20mc,https://hyp3-tibet-jpl-test-contentbucket-hratibh1y9pa.s3.us-west-2.amazonaws.com/0f211028-307a-48c3-91b8-c38c85896aa6/OPERA_L3_DIST-ALERT-S1_T45QZE_20240721T121238Z_20251215T210627Z_S1A_30_v0.1.zip,s3://hyp3-tibet-jpl-test-contentbucket-hratibh1y9pa0f211028-307a-48c3-91b8-c38c85896aa6/OPERA_L3_DIST-ALERT-S1_T45QZE_20240721T121238Z_20251215T210627Z_S1A_30_v0.1,https://hyp3-tibet-jpl-test-contentbucket-hratibh1y9pa.s3.us-west-2.amazonaws.com/0f211028-307a-48c3-91b8-c38c85896aa6/OPERA_L3_DIST-ALERT-S1_T45QZE_20240721T121238Z_20251215T210627Z_S1A_30_v0.1.png,2025-12-15T20:48:24+00:00,334.959,4.5,45QZE,1,23,4,none,False,transformer_v1_32,high,32,20,2024-07-21,12,2.5,4,best,none,False
porto_alegre_flood_2024__2024-05-28__22JDN__transformer_v1_32-20mc,https://hyp3-tibet-jpl-test-contentbucket-hratibh1y9pa.s3.us-west-2.amazonaws.com/267d661d-3e2c-48d9-9de2-ec7abc79d930/OPERA_L3_DIST-ALERT-S1_T22JDN_20240530T084130Z_20251215T210517Z_S1A_30_v0.1.zip,s3://hyp3-tibet-jpl-test-contentbucket-hratibh1y9pa267d661d-3e2c-48d9-9de2-ec7abc79d930/OPERA_L3_DIST-ALERT-S1_T22JDN_20240530T084130Z_20251215T210517Z_S1A_30_v0.1,https://hyp3-tibet-jpl-test-contentbucket-hratibh1y9pa.s3.us-west-2.amazonaws.com/267d661d-3e2c-48d9-9de2-ec7abc79d930/OPERA_L3_DIST-ALERT-S1_T22JDN_20240530T084130Z_20251215T210517Z_S1A_30_v0.1.png,2025-12-15T20:48:24+00:00,266.791,4.5,22JDN,1,23,4,none,False,transformer_v1_32,high,32,20,2024-05-30,126,2.5,4,best,none,False
yajiang_fire_2024__2024-03-15__47RQP__transformer_v1_32-20mc,https://hyp3-tibet-jpl-test-contentbucket-hratibh1y9pa.s3.us-west-2.amazonaws.com/ebad2d77-4ec6-43fa-bc17-9639bf107028/OPERA_L3_DIST-ALERT-S1_T47RQP_20240224T231323Z_20251215T213626Z_S1A_30_v0.1.zip,s3://hyp3-tibet-jpl-test-contentbucket-hratibh1y9paebad2d77-4ec6-43fa-bc17-9639bf107028/OPERA_L3_DIST-ALERT-S1_T47RQP_20240224T231323Z_20251215T213626Z_S1A_30_v0.1,https://hyp3-tibet-jpl-test-contentbucket-hratibh1y9pa.s3.us-west-2.amazonaws.com/ebad2d77-4ec6-43fa-bc17-9639bf107028/OPERA_L3_DIST-ALERT-S1_T47RQP_20240224T231323Z_20251215T213626Z_S1A_30_v0.1.png,2025-12-15T20:48:24+00:00,2151.604,4.5,47RQP,1,23,4,none,False,transformer_v1_32,high,32,20,2024-02-24,135,2.5,4,best,none,False
bangladesh_coastal_flood_2024__2024-07-08__45QZE__transformer_v1_32-20mc,https://hyp3-tibet-jpl-test-contentbucket-hratibh1y9pa.s3.us-west-2.amazonaws.com/178a8043-8abc-4495-928c-8f9654a704f3/OPERA_L3_DIST-ALERT-S1_T45QZE_20240624T235644Z_20251215T212326Z_S1A_30_v0.1.zip,s3://hyp3-tibet-jpl-test-contentbucket-hratibh1y9pa178a8043-8abc-4495-928c-8f9654a704f3/OPERA_L3_DIST-ALERT-S1_T45QZE_20240624T235644Z_20251215T212326Z_S1A_30_v0.1,https://hyp3-tibet-jpl-test-contentbucket-hratibh1y9pa.s3.us-west-2.amazonaws.com/178a8043-8abc-4495-928c-8f9654a704f3/OPERA_L3_DIST-ALERT-S1_T45QZE_20240624T235644Z_20251215T212326Z_S1A_30_v0.1.png,2025-12-15T20:48:24+00:00,1364.408,4.5,45QZE,1,23,4,none,False,transformer_v1_32,high,32,20,2024-06-24,150,2.5,4,best,none,False
porto_alegre_flood_2024__2024-05-28__22JDN__transformer_v1_32-20mc,https://hyp3-tibet-jpl-test-contentbucket-hratibh1y9pa.s3.us-west-2.amazonaws.com/8faef5c6-72be-4437-8389-1378cec00d1f/OPERA_L3_DIST-ALERT-S1_T22JDN_20240604T084927Z_20251215T211546Z_S1A_30_v0.1.zip,s3://hyp3-tibet-jpl-test-contentbucket-hratibh1y9pa8faef5c6-72be-4437-8389-1378cec00d1f/OPERA_L3_DIST-ALERT-S1_T22JDN_20240604T084927Z_20251215T211546Z_S1A_30_v0.1,https://hyp3-tibet-jpl-test-contentbucket-hratibh1y9pa.s3.us-west-2.amazonaws.com/8faef5c6-72be-4437-8389-1378cec00d1f/OPERA_L3_DIST-ALERT-S1_T22JDN_20240604T084927Z_20251215T211546Z_S1A_30_v0.1.png,2025-12-15T20:48:24+00:00,908.794,4.5,22JDN,1,23,4,none,False,transformer_v1_32,high,32,20,2024-06-04,24,2.5,4,best,none,False
yajiang_fire_2024__2024-03-15__47RPP__transformer_v1_32-20mc,https://hyp3-tibet-jpl-test-contentbucket-hratibh1y9pa.s3.us-west-2.amazonaws.com/ac1b3b94-51da-462d-b6fe-fa7064ca49f9/OPERA_L3_DIST-ALERT-S1_T47RPP_20240405T232137Z_20251215T211431Z_S1A_30_v0.1.zip,s3://hyp3-tibet-jpl-test-contentbucket-hratibh1y9paac1b3b94-51da-462d-b6fe-fa7064ca49f9/OPERA_L3_DIST-ALERT-S1_T47RPP_20240405T232137Z_20251215T211431Z_S1A_30_v0.1,https://hyp3-tibet-jpl-test-contentbucket-hratibh1y9pa.s3.us-west-2.amazonaws.com/ac1b3b94-51da-462d-b6fe-fa7064ca49f9/OPERA_L3_DIST-ALERT-S1_T47RPP_20240405T232137Z_20251215T211431Z_S1A_30_v0.1.png,2025-12-15T20:48:24+00:00,827.199,4.5,47RPP,1,23,4,none,False,transformer_v1_32,high,32,20,2024-04-05,33,2.5,4,best,none,False
bangladesh_coastal_flood_2024__2024-07-08__45QZF__transformer_v1_32-20mc,https://hyp3-tibet-jpl-test-contentbucket-hratibh1y9pa.s3.us-west-2.amazonaws.com/6dea7624-e049-4035-9c11-98c127f20fad/OPERA_L3_DIST-ALERT-S1_T45QZF_20240806T234822Z_20251215T211107Z_S1A_30_v0.1.zip,s3://hyp3-tibet-jpl-test-contentbucket-hratibh1y9pa6dea7624-e049-4035-9c11-98c127f20fad/OPERA_L3_DIST-ALERT-S1_T45QZF_20240806T234822Z_20251215T211107Z_S1A_30_v0.1,https://hyp3-tibet-jpl-test-contentbucket-hratibh1y9pa.s3.us-west-2.amazonaws.com/6dea7624-e049-4035-9c11-98c127f20fad/OPERA_L3_DIST-ALERT-S1_T45QZF_20240806T234822Z_20251215T211107Z_S1A_30_v0.1.png,2025-12-15T20:48:24+00:00,624.165,4.5,45QZF,1,23,4,none,False,transformer_v1_32,high,32,20,2024-08-06,77,2.5,4,best,none,False
yajiang_fire_2024__2024-03-15__47RQP__transformer_v1_32-20mc,https://hyp3-tibet-jpl-test-contentbucket-hratibh1y9pa.s3.us-west-2.amazonaws.com/e274497a-5cad-4e9f-a336-e0f63026ffe2/OPERA_L3_DIST-ALERT-S1_T47RQP_20240429T111719Z_20251215T213527Z_S1A_30_v0.1.zip,s3://hyp3-tibet-jpl-test-contentbucket-hratibh1y9pae274497a-5cad-4e9f-a336-e0f63026ffe2/OPERA_L3_DIST-ALERT-S1_T47RQP_20240429T111719Z_20251215T213527Z_S1A_30_v0.1,https://hyp3-tibet-jpl-test-contentbucket-hratibh1y9pa.s3.us-west-2.amazonaws.com/e274497a-5cad-4e9f-a336-e0f63026ffe2/OPERA_L3_DIST-ALERT-S1_T47RQP_20240429T111719Z_20251215T213527Z_S1A_30_v0.1.png,2025-12-15T20:48:24+00:00,2118.762,4.5,47RQP,1,23,4,none,False,transformer_v1_32,high,32,20,2024-04-29,26,2.5,4,best,none,False
bangladesh_coastal_flood_2024__2024-07-08__45QYE__transformer_v1_32-20mc,https://hyp3-tibet-jpl-test-contentbucket-hratibh1y9pa.s3.us-west-2.amazonaws.com/a732ba13-0872-4fc7-813a-c15766827c7a/OPERA_L3_DIST-ALERT-S1_T45QYE_20240802T121237Z_20251215T212338Z_S1A_30_v0.1.zip,s3://hyp3-tibet-jpl-test-contentbucket-hratibh1y9paa732ba13-0872-4fc7-813a-c15766827c7a/OPERA_L3_DIST-ALERT-S1_T45QYE_20240802T121237Z_20251215T212338Z_S1A_30_v0.1,https://hyp3-tibet-jpl-test-contentbucket-hratibh1y9pa.s3.us-west-2.amazonaws.com/a732ba13-0872-4fc7-813a-c15766827c7a/OPERA_L3_DIST-ALERT-S1_T45QYE_20240802T121237Z_20251215T212338Z_S1A_30_v0.1.png,2025-12-15T20:48:24+00:00,1377.932,4.5,45QYE,1,23,4,none,False,transformer_v1_32,high,32,20,2024-08-02,12,2.5,4,best,none,False
bangladesh_coastal_flood_2024__2024-07-08__45QYE__transformer_v1_32-20mc,https://hyp3-tibet-jpl-test-contentbucket-hratibh1y9pa.s3.us-west-2.amazonaws.com/5632a944-4279-43c8-9be1-d94a9efe7afc/OPERA_L3_DIST-ALERT-S1_T45QYE_20240610T120431Z_20251215T211147Z_S1A_30_v0.1.zip,s3://hyp3-tibet-jpl-test-contentbucket-hratibh1y9pa5632a944-4279-43c8-9be1-d94a9efe7afc/OPERA_L3_DIST-ALERT-S1_T45QYE_20240610T120431Z_20251215T211147Z_S1A_30_v0.1,https://hyp3-tibet-jpl-test-contentbucket-hratibh1y9pa.s3.us-west-2.amazonaws.com/5632a944-4279-43c8-9be1-d94a9efe7afc/OPERA_L3_DIST-ALERT-S1_T45QYE_20240610T120431Z_20251215T211147Z_S1A_30_v0.1.png,2025-12-15T20:48:24+00:00,661.836,4.5,45QYE,1,23,4,none,False,transformer_v1_32,high,32,20,2024-06-10,114,2.5,4,best,none,False
bangladesh_coastal_flood_2024__2024-07-08__45QZE__transformer_v1_32-20mc,https://hyp3-tibet-jpl-test-contentbucket-hratibh1y9pa.s3.us-west-2.amazonaws.com/17657f6c-8e57-4df0-b2ed-56c02074e190/OPERA_L3_DIST-ALERT-S1_T45QZE_20240818T234836Z_20251215T211125Z_S1A_30_v0.1.zip,s3://hyp3-tibet-jpl-test-contentbucket-hratibh1y9pa17657f6c-8e57-4df0-b2ed-56c02074e190/OPERA_L3_DIST-ALERT-S1_T45QZE_20240818T234836Z_20251215T211125Z_S1A_30_v0.1,https://hyp3-tibet-jpl-test-contentbucket-hratibh1y9pa.s3.us-west-2.amazonaws.com/17657f6c-8e57-4df0-b2ed-56c02074e190/OPERA_L3_DIST-ALERT-S1_T45QZE_20240818T234836Z_20251215T211125Z_S1A_30_v0.1.png,2025-12-15T20:48:24+00:00,673.186,4.5,45QZE,1,23,4,none,False,transformer_v1_32,high,32,20,2024-08-18,77,2.5,4,best,none,False
park_fire_2024__2024-07-24__10TFK__transformer_v1_32-20mc,https://hyp3-tibet-jpl-test-contentbucket-hratibh1y9pa.s3.us-west-2.amazonaws.com/e13cfe51-ee3c-47ea-8a8f-64976231d641/OPERA_L3_DIST-ALERT-S1_T10TFK_20240704T141545Z_20251215T211806Z_S1A_30_v0.1.zip,s3://hyp3-tibet-jpl-test-contentbucket-hratibh1y9pae13cfe51-ee3c-47ea-8a8f-64976231d641/OPERA_L3_DIST-ALERT-S1_T10TFK_20240704T141545Z_20251215T211806Z_S1A_30_v0.1,https://hyp3-tibet-jpl-test-contentbucket-hratibh1y9pa.s3.us-west-2.amazonaws.com/e13cfe51-ee3c-47ea-8a8f-64976231d641/OPERA_L3_DIST-ALERT-S1_T10TFK_20240704T141545Z_20251215T211806Z_S1A_30_v0.1.png,2025-12-15T20:48:24+00:00,1085.11,4.5,10TFK,1,23,4,none,False,transformer_v1_32,high,32,20,2024-07-04,115,2.5,4,best,none,False
chiapas_fire_2024__2024-03-24__15QUU__transformer_v1_32-20mc,https://hyp3-tibet-jpl-test-contentbucket-hratibh1y9pa.s3.us-west-2.amazonaws.com/e7939e04-f078-4d78-b6ec-baf7b0750cbd/OPERA_L3_DIST-ALERT-S1_T15QUU_20240427T121039Z_20251215T212249Z_S1A_30_v0.1.zip,s3://hyp3-tibet-jpl-test-contentbucket-hratibh1y9pae7939e04-f078-4d78-b6ec-baf7b0750cbd/OPERA_L3_DIST-ALERT-S1_T15QUU_20240427T121039Z_20251215T212249Z_S1A_30_v0.1,https://hyp3-tibet-jpl-test-contentbucket-hratibh1y9pa.s3.us-west-2.amazonaws.com/e7939e04-f078-4d78-b6ec-baf7b0750cbd/OPERA_L3_DIST-ALERT-S1_T15QUU_20240427T121039Z_20251215T212249Z_S1A_30_v0.1.png,2025-12-15T20:48:24+00:00,1362.871,4.5,15QUU,1,23,4,none,False,transformer_v1_32,high,32,20,2024-04-27,172,2.5,4,best,none,False
chiapas_fire_2024__2024-03-24__15QUU__transformer_v1_32-20mc,https://hyp3-tibet-jpl-test-contentbucket-hratibh1y9pa.s3.us-west-2.amazonaws.com/5f141e70-de5d-4c0e-a29f-0d4433e42643/OPERA_L3_DIST-ALERT-S1_T15QUU_20240509T121039Z_20251215T212041Z_S1A_30_v0.1.zip,s3://hyp3-tibet-jpl-test-contentbucket-hratibh1y9pa5f141e70-de5d-4c0e-a29f-0d4433e42643/OPERA_L3_DIST-ALERT-S1_T15QUU_20240509T121039Z_20251215T212041Z_S1A_30_v0.1,https://hyp3-tibet-jpl-test-contentbucket-hratibh1y9pa.s3.us-west-2.amazonaws.com/5f141e70-de5d-4c0e-a29f-0d4433e42643/OPERA_L3_DIST-ALERT-S1_T15QUU_20240509T121039Z_20251215T212041Z_S1A_30_v0.1.png,2025-12-15T20:48:24+00:00,1240.391,4.5,15QUU,1,23,4,none,False,transformer_v1_32,high,32,20,2024-05-09,172,2.5,4,best,none,False
yajiang_fire_2024__2024-03-15__47RQP__transformer_v1_32-20mc,https://hyp3-tibet-jpl-test-contentbucket-hratibh1y9pa.s3.us-west-2.amazonaws.com/25fc35e0-9c71-409b-b1ca-095b64a7031a/OPERA_L3_DIST-ALERT-S1_T47RQP_20240224T110909Z_20251215T211133Z_S1A_30_v0.1.zip,s3://hyp3-tibet-jpl-test-contentbucket-hratibh1y9pa25fc35e0-9c71-409b-b1ca-095b64a7031a/OPERA_L3_DIST-ALERT-S1_T47RQP_20240224T110909Z_20251215T211133Z_S1A_30_v0.1,https://hyp3-tibet-jpl-test-contentbucket-hratibh1y9pa.s3.us-west-2.amazonaws.com/25fc35e0-9c71-409b-b1ca-095b64a7031a/OPERA_L3_DIST-ALERT-S1_T47RQP_20240224T110909Z_20251215T211133Z_S1A_30_v0.1.png,2025-12-15T20:48:24+00:00,679.842,4.5,47RQP,1,23,4,none,False,transformer_v1_32,high,32,20,2024-02-24,128,2.5,4,best,none,False
park_fire_2024__2024-07-24__10TFK__transformer_v1_32-20mc,https://hyp3-tibet-jpl-test-contentbucket-hratibh1y9pa.s3.us-west-2.amazonaws.com/6f2c2529-4036-43da-a9e7-7dc9b17f31df/OPERA_L3_DIST-ALERT-S1_T10TFK_20240730T020029Z_20251215T212615Z_S1A_30_v0.1.zip,s3://hyp3-tibet-jpl-test-contentbucket-hratibh1y9pa6f2c2529-4036-43da-a9e7-7dc9b17f31df/OPERA_L3_DIST-ALERT-S1_T10TFK_20240730T020029Z_20251215T212615Z_S1A_30_v0.1,https://hyp3-tibet-jpl-test-contentbucket-hratibh1y9pa.s3.us-west-2.amazonaws.com/6f2c2529-4036-43da-a9e7-7dc9b17f31df/OPERA_L3_DIST-ALERT-S1_T10TFK_20240730T020029Z_20251215T212615Z_S1A_30_v0.1.png,2025-12-15T20:48:24+00:00,1573.576,4.5,10TFK,1,23,4,none,False,transformer_v1_32,high,32,20,2024-07-30,137,2.5,4,best,none,False
chiapas_fire_2024__2024-03-24__15QUU__transformer_v1_32-20mc,https://hyp3-tibet-jpl-test-contentbucket-hratibh1y9pa.s3.us-west-2.amazonaws.com/1941ef43-fd6d-486f-85ba-b5f380b79f08/OPERA_L3_DIST-ALERT-S1_T15QUU_20240313T002334Z_20251215T211714Z_S1A_30_v0.1.zip,s3://hyp3-tibet-jpl-test-contentbucket-hratibh1y9pa1941ef43-fd6d-486f-85ba-b5f380b79f08/OPERA_L3_DIST-ALERT-S1_T15QUU_20240313T002334Z_20251215T211714Z_S1A_30_v0.1,https://hyp3-tibet-jpl-test-contentbucket-hratibh1y9pa.s3.us-west-2.amazonaws.com/1941ef43-fd6d-486f-85ba-b5f380b79f08/OPERA_L3_DIST-ALERT-S1_T15QUU_20240313T002334Z_20251215T211714Z_S1A_30_v0.1.png,2025-12-15T20:48:24+00:00,1035.524,4.5,15QUU,1,23,4,none,False,transformer_v1_32,high,32,20,2024-03-13,34,2.5,4,best,none,False
park_fire_2024__2024-07-24__10TFK__transformer_v1_32-20mc,https://hyp3-tibet-jpl-test-contentbucket-hratibh1y9pa.s3.us-west-2.amazonaws.com/a5963b18-d466-417e-8635-16236718e360/OPERA_L3_DIST-ALERT-S1_T10TFK_20240823T020029Z_20251215T212430Z_S1A_30_v0.1.zip,s3://hyp3-tibet-jpl-test-contentbucket-hratibh1y9paa5963b18-d466-417e-8635-16236718e360/OPERA_L3_DIST-ALERT-S1_T10TFK_20240823T020029Z_20251215T212430Z_S1A_30_v0.1,https://hyp3-tibet-jpl-test-contentbucket-hratibh1y9pa.s3.us-west-2.amazonaws.com/a5963b18-d466-417e-8635-16236718e360/OPERA_L3_DIST-ALERT-S1_T10TFK_20240823T020029Z_20251215T212430Z_S1A_30_v0.1.png,2025-12-15T20:48:24+00:00,1468.304,4.5,10TFK,1,23,4,none,False,transformer_v1_32,high,32,20,2024-08-23,137,2.5,4,best,none,False
bangladesh_coastal_flood_2024__2024-07-08__45QYF__transformer_v1_32-20mc,https://hyp3-tibet-jpl-test-contentbucket-hratibh1y9pa.s3.us-west-2.amazonaws.com/88187c1f-de1c-4a5e-9135-81b66529701e/OPERA_L3_DIST-ALERT-S1_T45QYF_20240716T120443Z_20251215T211536Z_S1A_30_v0.1.zip,s3://hyp3-tibet-jpl-test-contentbucket-hratibh1y9pa88187c1f-de1c-4a5e-9135-81b66529701e/OPERA_L3_DIST-ALERT-S1_T45QYF_20240716T120443Z_20251215T211536Z_S1A_30_v0.1,https://hyp3-tibet-jpl-test-contentbucket-hratibh1y9pa.s3.us-west-2.amazonaws.com/88187c1f-de1c-4a5e-9135-81b66529701e/OPERA_L3_DIST-ALERT-S1_T45QYF_20240716T120443Z_20251215T211536Z_S1A_30_v0.1.png,2025-12-15T20:48:24+00:00,963.339,4.5,45QYF,1,23,4,none,False,transformer_v1_32,high,32,20,2024-07-16,114,2.5,4,best,none,False
park_fire_2024__2024-07-24__10TEK__transformer_v1_32-20mc,https://hyp3-tibet-jpl-test-contentbucket-hratibh1y9pa.s3.us-west-2.amazonaws.com/340f3001-e950-4059-80cc-1a66d492dc09/OPERA_L3_DIST-ALERT-S1_T10TEK_20240706T020034Z_20251215T211259Z_S1A_30_v0.1.zip,s3://hyp3-tibet-jpl-test-contentbucket-hratibh1y9pa340f3001-e950-4059-80cc-1a66d492dc09/OPERA_L3_DIST-ALERT-S1_T10TEK_20240706T020034Z_20251215T211259Z_S1A_30_v0.1,https://hyp3-tibet-jpl-test-contentbucket-hratibh1y9pa.s3.us-west-2.amazonaws.com/340f3001-e950-4059-80cc-1a66d492dc09/OPERA_L3_DIST-ALERT-S1_T10TEK_20240706T020034Z_20251215T211259Z_S1A_30_v0.1.png,2025-12-15T20:48:24+00:00,810.402,4.5,10TEK,1,23,4,none,False,transformer_v1_32,high,32,20,2024-07-06,137,2.5,4,best,none,False
bangladesh_coastal_flood_2024__2024-07-08__45QYF__transformer_v1_32-20mc,https://hyp3-tibet-jpl-test-contentbucket-hratibh1y9pa.s3.us-west-2.amazonaws.com/e2db93de-864e-45da-be9a-d284220d9471/OPERA_L3_DIST-ALERT-S1_T45QYF_20240612T235635Z_20251215T212619Z_S1A_30_v0.1.zip,s3://hyp3-tibet-jpl-test-contentbucket-hratibh1y9pae2db93de-864e-45da-be9a-d284220d9471/OPERA_L3_DIST-ALERT-S1_T45QYF_20240612T235635Z_20251215T212619Z_S1A_30_v0.1,https://hyp3-tibet-jpl-test-contentbucket-hratibh1y9pa.s3.us-west-2.amazonaws.com/e2db93de-864e-45da-be9a-d284220d9471/OPERA_L3_DIST-ALERT-S1_T45QYF_20240612T235635Z_20251215T212619Z_S1A_30_v0.1.png,2025-12-15T20:48:24+00:00,1650.264,4.5,45QYF,1,23,4,none,False,transformer_v1_32,high,32,20,2024-06-12,150,2.5,4,best,none,False
bangladesh_coastal_flood_2024__2024-07-08__45QYF__transformer_v1_32-20mc,https://hyp3-tibet-jpl-test-contentbucket-hratibh1y9pa.s3.us-west-2.amazonaws.com/6aabf335-088e-4294-9a6a-1397a61ff15c/OPERA_L3_DIST-ALERT-S1_T45QYF_20240622T120444Z_20251215T211418Z_S1A_30_v0.1.zip,s3://hyp3-tibet-jpl-test-contentbucket-hratibh1y9pa6aabf335-088e-4294-9a6a-1397a61ff15c/OPERA_L3_DIST-ALERT-S1_T45QYF_20240622T120444Z_20251215T211418Z_S1A_30_v0.1,https://hyp3-tibet-jpl-test-contentbucket-hratibh1y9pa.s3.us-west-2.amazonaws.com/6aabf335-088e-4294-9a6a-1397a61ff15c/OPERA_L3_DIST-ALERT-S1_T45QYF_20240622T120444Z_20251215T211418Z_S1A_30_v0.1.png,2025-12-15T20:48:24+00:00,921.551,4.5,45QYF,1,23,4,none,False,transformer_v1_32,high,32,20,2024-06-22,114,2.5,4,best,none,False
bangladesh_coastal_flood_2024__2024-07-08__45QZE__transformer_v1_32-20mc,https://hyp3-tibet-jpl-test-contentbucket-hratibh1y9pa.s3.us-west-2.amazonaws.com/d622cb3b-fe5a-4fe1-a6c5-f219356e1a4e/OPERA_L3_DIST-ALERT-S1_T45QZE_20240823T235643Z_20251215T212857Z_S1A_30_v0.1.zip,s3://hyp3-tibet-jpl-test-contentbucket-hratibh1y9pad622cb3b-fe5a-4fe1-a6c5-f219356e1a4e/OPERA_L3_DIST-ALERT-S1_T45QZE_20240823T235643Z_20251215T212857Z_S1A_30_v0.1,https://hyp3-tibet-jpl-test-contentbucket-hratibh1y9pa.s3.us-west-2.amazonaws.com/d622cb3b-fe5a-4fe1-a6c5-f219356e1a4e/OPERA_L3_DIST-ALERT-S1_T45QZE_20240823T235643Z_20251215T212857Z_S1A_30_v0.1.png,2025-12-15T20:48:24+00:00,1806.086,4.5,45QZE,1,23,4,none,False,transformer_v1_32,high,32,20,2024-08-23,150,2.5,4,best,none,False
park_fire_2024__2024-07-24__10TEK__transformer_v1_32-20mc,https://hyp3-tibet-jpl-test-contentbucket-hratibh1y9pa.s3.us-west-2.amazonaws.com/4704df82-2e07-4196-b1b6-b10155fd12bd/OPERA_L3_DIST-ALERT-S1_T10TEK_20240809T141547Z_20251215T212257Z_S1A_30_v0.1.zip,s3://hyp3-tibet-jpl-test-contentbucket-hratibh1y9pa4704df82-2e07-4196-b1b6-b10155fd12bd/OPERA_L3_DIST-ALERT-S1_T10TEK_20240809T141547Z_20251215T212257Z_S1A_30_v0.1,https://hyp3-tibet-jpl-test-contentbucket-hratibh1y9pa.s3.us-west-2.amazonaws.com/4704df82-2e07-4196-b1b6-b10155fd12bd/OPERA_L3_DIST-ALERT-S1_T10TEK_20240809T141547Z_20251215T212257Z_S1A_30_v0.1.png,2025-12-15T20:48:24+00:00,1442.269,4.5,10TEK,1,23,4,none,False,transformer_v1_32,high,32,20,2024-08-09,115,2.5,4,best,none,False
yajiang_fire_2024__2024-03-15__47RPP__transformer_v1_32-20mc,https://hyp3-tibet-jpl-test-contentbucket-hratibh1y9pa.s3.us-west-2.amazonaws.com/aaddf5b9-1dc4-42c9-9e03-7ebc7d4f89eb/OPERA_L3_DIST-ALERT-S1_T47RPP_20240412T231324Z_20251215T212137Z_S1A_30_v0.1.zip,s3://hyp3-tibet-jpl-test-contentbucket-hratibh1y9paaaddf5b9-1dc4-42c9-9e03-7ebc7d4f89eb/OPERA_L3_DIST-ALERT-S1_T47RPP_20240412T231324Z_20251215T212137Z_S1A_30_v0.1,https://hyp3-tibet-jpl-test-contentbucket-hratibh1y9pa.s3.us-west-2.amazonaws.com/aaddf5b9-1dc4-42c9-9e03-7ebc7d4f89eb/OPERA_L3_DIST-ALERT-S1_T47RPP_20240412T231324Z_20251215T212137Z_S1A_30_v0.1.png,2025-12-15T20:48:24+00:00,1362.457,4.5,47RPP,1,23,4,none,False,transformer_v1_32,high,32,20,2024-04-12,135,2.5,4,best,none,False
park_fire_2024__2024-07-24__10TEK__transformer_v1_32-20mc,https://hyp3-tibet-jpl-test-contentbucket-hratibh1y9pa.s3.us-west-2.amazonaws.com/b6e87be3-2a8b-4469-88bb-c47ec2c1bfe3/OPERA_L3_DIST-ALERT-S1_T10TEK_20240629T020843Z_20251215T212814Z_S1A_30_v0.1.zip,s3://hyp3-tibet-jpl-test-contentbucket-hratibh1y9pab6e87be3-2a8b-4469-88bb-c47ec2c1bfe3/OPERA_L3_DIST-ALERT-S1_T10TEK_20240629T020843Z_20251215T212814Z_S1A_30_v0.1,https://hyp3-tibet-jpl-test-contentbucket-hratibh1y9pa.s3.us-west-2.amazonaws.com/b6e87be3-2a8b-4469-88bb-c47ec2c1bfe3/OPERA_L3_DIST-ALERT-S1_T10TEK_20240629T020843Z_20251215T212814Z_S1A_30_v0.1.png,2025-12-15T20:48:24+00:00,1791.523,4.5,10TEK,1,23,4,none,False,transformer_v1_32,high,32,20,2024-06-29,35,2.5,4,best,none,False
yajiang_fire_2024__2024-03-15__47RQP__transformer_v1_32-20mc,https://hyp3-tibet-jpl-test-contentbucket-hratibh1y9pa.s3.us-west-2.amazonaws.com/c02bcea6-06d5-4816-aed2-5d50031bcb32/OPERA_L3_DIST-ALERT-S1_T47RQP_20240412T231322Z_20251215T213148Z_S1A_30_v0.1.zip,s3://hyp3-tibet-jpl-test-contentbucket-hratibh1y9pac02bcea6-06d5-4816-aed2-5d50031bcb32/OPERA_L3_DIST-ALERT-S1_T47RQP_20240412T231322Z_20251215T213148Z_S1A_30_v0.1,https://hyp3-tibet-jpl-test-contentbucket-hratibh1y9pa.s3.us-west-2.amazonaws.com/c02bcea6-06d5-4816-aed2-5d50031bcb32/OPERA_L3_DIST-ALERT-S1_T47RQP_20240412T231322Z_20251215T213148Z_S1A_30_v0.1.png,2025-12-15T20:48:24+00:00,2017.091,4.5,47RQP,1,23,4,none,False,transformer_v1_32,high,32,20,2024-04-12,135,2.5,4,best,none,False
park_fire_2024__2024-07-24__10TFK__transformer_v1_32-20mc,https://hyp3-tibet-jpl-test-contentbucket-hratibh1y9pa.s3.us-west-2.amazonaws.com/a35d0401-6679-452f-aff5-69e9034b24e7/OPERA_L3_DIST-ALERT-S1_T10TFK_20240816T020840Z_20251215T211333Z_S1A_30_v0.1.zip,s3://hyp3-tibet-jpl-test-contentbucket-hratibh1y9paa35d0401-6679-452f-aff5-69e9034b24e7/OPERA_L3_DIST-ALERT-S1_T10TFK_20240816T020840Z_20251215T211333Z_S1A_30_v0.1,https://hyp3-tibet-jpl-test-contentbucket-hratibh1y9pa.s3.us-west-2.amazonaws.com/a35d0401-6679-452f-aff5-69e9034b24e7/OPERA_L3_DIST-ALERT-S1_T10TFK_20240816T020840Z_20251215T211333Z_S1A_30_v0.1.png,2025-12-15T20:48:24+00:00,903.876,4.5,10TFK,1,23,4,none,False,transformer_v1_32,high,32,20,2024-08-16,35,2.5,4,best,none,False
bangladesh_coastal_flood_2024__2024-07-08__45QZF__transformer_v1_32-20mc,https://hyp3-tibet-jpl-test-contentbucket-hratibh1y9pa.s3.us-west-2.amazonaws.com/820da70d-e400-4cc3-b7dd-23091700783a/OPERA_L3_DIST-ALERT-S1_T45QZF_20240728T120438Z_20251215T212526Z_S1A_30_v0.1.zip,s3://hyp3-tibet-jpl-test-contentbucket-hratibh1y9pa820da70d-e400-4cc3-b7dd-23091700783a/OPERA_L3_DIST-ALERT-S1_T45QZF_20240728T120438Z_20251215T212526Z_S1A_30_v0.1,https://hyp3-tibet-jpl-test-contentbucket-hratibh1y9pa.s3.us-west-2.amazonaws.com/820da70d-e400-4cc3-b7dd-23091700783a/OPERA_L3_DIST-ALERT-S1_T45QZF_20240728T120438Z_20251215T212526Z_S1A_30_v0.1.png,2025-12-15T20:48:24+00:00,1657.332,4.5,45QZF,1,23,4,none,False,transformer_v1_32,high,32,20,2024-07-28,114,2.5,4,best,none,False
park_fire_2024__2024-07-24__10TFK__transformer_v1_32-20mc,https://hyp3-tibet-jpl-test-contentbucket-hratibh1y9pa.s3.us-west-2.amazonaws.com/cbb9da6a-d371-45d1-92d8-bdfaa50b38c6/OPERA_L3_DIST-ALERT-S1_T10TFK_20240723T140734Z_20251215T212208Z_S1A_30_v0.1.zip,s3://hyp3-tibet-jpl-test-contentbucket-hratibh1y9pacbb9da6a-d371-45d1-92d8-bdfaa50b38c6/OPERA_L3_DIST-ALERT-S1_T10TFK_20240723T140734Z_20251215T212208Z_S1A_30_v0.1,https://hyp3-tibet-jpl-test-contentbucket-hratibh1y9pa.s3.us-west-2.amazonaws.com/cbb9da6a-d371-45d1-92d8-bdfaa50b38c6/OPERA_L3_DIST-ALERT-S1_T10TFK_20240723T140734Z_20251215T212208Z_S1A_30_v0.1.png,2025-12-15T20:48:24+00:00,1465.686,4.5,10TFK,1,23,4,none,False,transformer_v1_32,high,32,20,2024-07-23,42,2.5,4,best,none,False
yajiang_fire_2024__2024-03-15__47RQP__transformer_v1_32-20mc,https://hyp3-tibet-jpl-test-contentbucket-hratibh1y9pa.s3.us-west-2.amazonaws.com/e6504edd-724e-4177-a945-f4e045fefbab/OPERA_L3_DIST-ALERT-S1_T47RQP_20240307T231323Z_20251215T213656Z_S1A_30_v0.1.zip,s3://hyp3-tibet-jpl-test-contentbucket-hratibh1y9pae6504edd-724e-4177-a945-f4e045fefbab/OPERA_L3_DIST-ALERT-S1_T47RQP_20240307T231323Z_20251215T213656Z_S1A_30_v0.1,https://hyp3-tibet-jpl-test-contentbucket-hratibh1y9pa.s3.us-west-2.amazonaws.com/e6504edd-724e-4177-a945-f4e045fefbab/OPERA_L3_DIST-ALERT-S1_T47RQP_20240307T231323Z_20251215T213656Z_S1A_30_v0.1.png,2025-12-15T20:48:24+00:00,2346.036,4.5,47RQP,1,23,4,none,False,transformer_v1_32,high,32,20,2024-03-07,135,2.5,4,best,none,False
park_fire_2024__2024-07-24__10TFK__transformer_v1_32-20mc,https://hyp3-tibet-jpl-test-contentbucket-hratibh1y9pa.s3.us-west-2.amazonaws.com/f3b1f227-ff95-46df-9642-7563b59beedd/OPERA_L3_DIST-ALERT-S1_T10TFK_20240828T020840Z_20251215T211309Z_S1A_30_v0.1.zip,s3://hyp3-tibet-jpl-test-contentbucket-hratibh1y9paf3b1f227-ff95-46df-9642-7563b59beedd/OPERA_L3_DIST-ALERT-S1_T10TFK_20240828T020840Z_20251215T211309Z_S1A_30_v0.1,https://hyp3-tibet-jpl-test-contentbucket-hratibh1y9pa.s3.us-west-2.amazonaws.com/f3b1f227-ff95-46df-9642-7563b59beedd/OPERA_L3_DIST-ALERT-S1_T10TFK_20240828T020840Z_20251215T211309Z_S1A_30_v0.1.png,2025-12-15T20:48:24+00:00,918.263,4.5,10TFK,1,23,4,none,False,transformer_v1_32,high,32,20,2024-08-28,35,2.5,4,best,none,False
yajiang_fire_2024__2024-03-15__47RPP__transformer_v1_32-20mc,https://hyp3-tibet-jpl-test-contentbucket-hratibh1y9pa.s3.us-west-2.amazonaws.com/b8292f4b-e2f0-440a-b098-a27002315a31/OPERA_L3_DIST-ALERT-S1_T47RPP_20240324T111719Z_20251215T212656Z_S1A_30_v0.1.zip,s3://hyp3-tibet-jpl-test-contentbucket-hratibh1y9pab8292f4b-e2f0-440a-b098-a27002315a31/OPERA_L3_DIST-ALERT-S1_T47RPP_20240324T111719Z_20251215T212656Z_S1A_30_v0.1,https://hyp3-tibet-jpl-test-contentbucket-hratibh1y9pa.s3.us-west-2.amazonaws.com/b8292f4b-e2f0-440a-b098-a27002315a31/OPERA_L3_DIST-ALERT-S1_T47RPP_20240324T111719Z_20251215T212656Z_S1A_30_v0.1.png,2025-12-15T20:48:24+00:00,1755.401,4.5,47RPP,1,23,4,none,False,transformer_v1_32,high,32,20,2024-03-24,26,2.5,4,best,none,False
yajiang_fire_2024__2024-03-15__47RPP__transformer_v1_32-20mc,https://hyp3-tibet-jpl-test-contentbucket-hratibh1y9pa.s3.us-west-2.amazonaws.com/2a3f5b70-242c-491b-a567-477a1c4e64e8/OPERA_L3_DIST-ALERT-S1_T47RPP_20240312T111719Z_20251215T212342Z_S1A_30_v0.1.zip,s3://hyp3-tibet-jpl-test-contentbucket-hratibh1y9pa2a3f5b70-242c-491b-a567-477a1c4e64e8/OPERA_L3_DIST-ALERT-S1_T47RPP_20240312T111719Z_20251215T212342Z_S1A_30_v0.1,https://hyp3-tibet-jpl-test-contentbucket-hratibh1y9pa.s3.us-west-2.amazonaws.com/2a3f5b70-242c-491b-a567-477a1c4e64e8/OPERA_L3_DIST-ALERT-S1_T47RPP_20240312T111719Z_20251215T212342Z_S1A_30_v0.1.png,2025-12-15T20:48:24+00:00,1551.325,4.5,47RPP,1,23,4,none,False,transformer_v1_32,high,32,20,2024-03-12,26,2.5,4,best,none,False
bangladesh_coastal_flood_2024__2024-07-08__45QYF__transformer_v1_32-20mc,https://hyp3-tibet-jpl-test-contentbucket-hratibh1y9pa.s3.us-west-2.amazonaws.com/3a372f77-a0c0-4a6a-aaf5-48a3add1b427/OPERA_L3_DIST-ALERT-S1_T45QYF_20240802T121252Z_20251215T212107Z_S1A_30_v0.1.zip,s3://hyp3-tibet-jpl-test-contentbucket-hratibh1y9pa3a372f77-a0c0-4a6a-aaf5-48a3add1b427/OPERA_L3_DIST-ALERT-S1_T45QYF_20240802T121252Z_20251215T212107Z_S1A_30_v0.1,https://hyp3-tibet-jpl-test-contentbucket-hratibh1y9pa.s3.us-west-2.amazonaws.com/3a372f77-a0c0-4a6a-aaf5-48a3add1b427/OPERA_L3_DIST-ALERT-S1_T45QYF_20240802T121252Z_20251215T212107Z_S1A_30_v0.1.png,2025-12-15T20:48:24+00:00,1406.282,4.5,45QYF,1,23,4,none,False,transformer_v1_32,high,32,20,2024-08-02,12,2.5,4,best,none,False
bangladesh_coastal_flood_2024__2024-07-08__45QYF__transformer_v1_32-20mc,https://hyp3-tibet-jpl-test-contentbucket-hratibh1y9pa.s3.us-west-2.amazonaws.com/01f2de24-75ad-43fa-8627-1b340eefdf85/OPERA_L3_DIST-ALERT-S1_T45QYF_20240826T121252Z_20251215T211627Z_S1A_30_v0.1.zip,s3://hyp3-tibet-jpl-test-contentbucket-hratibh1y9pa01f2de24-75ad-43fa-8627-1b340eefdf85/OPERA_L3_DIST-ALERT-S1_T45QYF_20240826T121252Z_20251215T211627Z_S1A_30_v0.1,https://hyp3-tibet-jpl-test-contentbucket-hratibh1y9pa.s3.us-west-2.amazonaws.com/01f2de24-75ad-43fa-8627-1b340eefdf85/OPERA_L3_DIST-ALERT-S1_T45QYF_20240826T121252Z_20251215T211627Z_S1A_30_v0.1.png,2025-12-15T20:48:24+00:00,1151.501,4.5,45QYF,1,23,4,none,False,transformer_v1_32,high,32,20,2024-08-26,12,2.5,4,best,none,False
bangladesh_coastal_flood_2024__2024-07-08__45QZE__transformer_v1_32-20mc,https://hyp3-tibet-jpl-test-contentbucket-hratibh1y9pa.s3.us-west-2.amazonaws.com/5b4d04e6-dea1-46fb-a058-693cb8edcf86/OPERA_L3_DIST-ALERT-S1_T45QZE_20240811T235643Z_20251215T212037Z_S1A_30_v0.1.zip,s3://hyp3-tibet-jpl-test-contentbucket-hratibh1y9pa5b4d04e6-dea1-46fb-a058-693cb8edcf86/OPERA_L3_DIST-ALERT-S1_T45QZE_20240811T235643Z_20251215T212037Z_S1A_30_v0.1,https://hyp3-tibet-jpl-test-contentbucket-hratibh1y9pa.s3.us-west-2.amazonaws.com/5b4d04e6-dea1-46fb-a058-693cb8edcf86/OPERA_L3_DIST-ALERT-S1_T45QZE_20240811T235643Z_20251215T212037Z_S1A_30_v0.1.png,2025-12-15T20:48:24+00:00,1402.827,4.5,45QZE,1,23,4,none,False,transformer_v1_32,high,32,20,2024-08-11,150,2.5,4,best,none,False
bangladesh_coastal_flood_2024__2024-07-08__45QZF__transformer_v1_32-20mc,https://hyp3-tibet-jpl-test-contentbucket-hratibh1y9pa.s3.us-west-2.amazonaws.com/ba4eb60c-ef29-43ea-a191-ecaf83d08aab/OPERA_L3_DIST-ALERT-S1_T45QZF_20240811T235629Z_20251215T212006Z_S1A_30_v0.1.zip,s3://hyp3-tibet-jpl-test-contentbucket-hratibh1y9paba4eb60c-ef29-43ea-a191-ecaf83d08aab/OPERA_L3_DIST-ALERT-S1_T45QZF_20240811T235629Z_20251215T212006Z_S1A_30_v0.1,https://hyp3-tibet-jpl-test-contentbucket-hratibh1y9pa.s3.us-west-2.amazonaws.com/ba4eb60c-ef29-43ea-a191-ecaf83d08aab/OPERA_L3_DIST-ALERT-S1_T45QZF_20240811T235629Z_20251215T212006Z_S1A_30_v0.1.png,2025-12-15T20:48:24+00:00,1371.325,4.5,45QZF,1,23,4,none,False,transformer_v1_32,high,32,20,2024-08-11,150,2.5,4,best,none,False
bangladesh_coastal_flood_2024__2024-07-08__45QYF__transformer_v1_32-20mc,https://hyp3-tibet-jpl-test-contentbucket-hratibh1y9pa.s3.us-west-2.amazonaws.com/f90e8481-c492-4691-b3d5-c74b89acd1c1/OPERA_L3_DIST-ALERT-S1_T45QYF_20240709T121252Z_20251215T212159Z_S1A_30_v0.1.zip,s3://hyp3-tibet-jpl-test-contentbucket-hratibh1y9paf90e8481-c492-4691-b3d5-c74b89acd1c1/OPERA_L3_DIST-ALERT-S1_T45QYF_20240709T121252Z_20251215T212159Z_S1A_30_v0.1,https://hyp3-tibet-jpl-test-contentbucket-hratibh1y9pa.s3.us-west-2.amazonaws.com/f90e8481-c492-4691-b3d5-c74b89acd1c1/OPERA_L3_DIST-ALERT-S1_T45QYF_20240709T121252Z_20251215T212159Z_S1A_30_v0.1.png,2025-12-15T20:48:24+00:00,1486.749,4.5,45QYF,1,23,4,none,False,transformer_v1_32,high,32,20,2024-07-09,12,2.5,4,best,none,False
park_fire_2024__2024-07-24__10TEK__transformer_v1_32-20mc,https://hyp3-tibet-jpl-test-contentbucket-hratibh1y9pa.s3.us-west-2.amazonaws.com/0b8014ed-5daa-4ad5-b07c-521b56eaa9ac/OPERA_L3_DIST-ALERT-S1_T10TEK_20240823T020034Z_20251215T211145Z_S1A_30_v0.1.zip,s3://hyp3-tibet-jpl-test-contentbucket-hratibh1y9pa0b8014ed-5daa-4ad5-b07c-521b56eaa9ac/OPERA_L3_DIST-ALERT-S1_T10TEK_20240823T020034Z_20251215T211145Z_S1A_30_v0.1,https://hyp3-tibet-jpl-test-contentbucket-hratibh1y9pa.s3.us-west-2.amazonaws.com/0b8014ed-5daa-4ad5-b07c-521b56eaa9ac/OPERA_L3_DIST-ALERT-S1_T10TEK_20240823T020034Z_20251215T211145Z_S1A_30_v0.1.png,2025-12-15T20:48:24+00:00,873.703,4.5,10TEK,1,23,4,none,False,transformer_v1_32,high,32,20,2024-08-23,137,2.5,4,best,none,False
bangladesh_coastal_flood_2024__2024-07-08__45QYF__transformer_v1_32-20mc,https://hyp3-tibet-jpl-test-contentbucket-hratibh1y9pa.s3.us-west-2.amazonaws.com/8b78e9c5-72ca-4618-a837-edfbe56e7e2a/OPERA_L3_DIST-ALERT-S1_T45QYF_20240823T235633Z_20251215T211718Z_S1A_30_v0.1.zip,s3://hyp3-tibet-jpl-test-contentbucket-hratibh1y9pa8b78e9c5-72ca-4618-a837-edfbe56e7e2a/OPERA_L3_DIST-ALERT-S1_T45QYF_20240823T235633Z_20251215T211718Z_S1A_30_v0.1,https://hyp3-tibet-jpl-test-contentbucket-hratibh1y9pa.s3.us-west-2.amazonaws.com/8b78e9c5-72ca-4618-a837-edfbe56e7e2a/OPERA_L3_DIST-ALERT-S1_T45QYF_20240823T235633Z_20251215T211718Z_S1A_30_v0.1.png,2025-12-15T20:48:24+00:00,1207.769,4.5,45QYF,1,23,4,none,False,transformer_v1_32,high,32,20,2024-08-23,150,2.5,4,best,none,False
yajiang_fire_2024__2024-03-15__47RQP__transformer_v1_32-20mc,https://hyp3-tibet-jpl-test-contentbucket-hratibh1y9pa.s3.us-west-2.amazonaws.com/1a44023e-035e-4d39-b128-8dc48436bcde/OPERA_L3_DIST-ALERT-S1_T47RQP_20240424T231324Z_20251215T213150Z_S1A_30_v0.1.zip,s3://hyp3-tibet-jpl-test-contentbucket-hratibh1y9pa1a44023e-035e-4d39-b128-8dc48436bcde/OPERA_L3_DIST-ALERT-S1_T47RQP_20240424T231324Z_20251215T213150Z_S1A_30_v0.1,https://hyp3-tibet-jpl-test-contentbucket-hratibh1y9pa.s3.us-west-2.amazonaws.com/1a44023e-035e-4d39-b128-8dc48436bcde/OPERA_L3_DIST-ALERT-S1_T47RQP_20240424T231324Z_20251215T213150Z_S1A_30_v0.1.png,2025-12-15T20:48:24+00:00,2077.786,4.5,47RQP,1,23,4,none,False,transformer_v1_32,high,32,20,2024-04-24,135,2.5,4,best,none,False
chiapas_fire_2024__2024-03-24__15QUU__transformer_v1_32-20mc,https://hyp3-tibet-jpl-test-contentbucket-hratibh1y9pa.s3.us-west-2.amazonaws.com/a2d295b2-acc4-4244-9f45-0127a5a42073/OPERA_L3_DIST-ALERT-S1_T15QUU_20240512T002335Z_20251215T211208Z_S1A_30_v0.1.zip,s3://hyp3-tibet-jpl-test-contentbucket-hratibh1y9paa2d295b2-acc4-4244-9f45-0127a5a42073/OPERA_L3_DIST-ALERT-S1_T15QUU_20240512T002335Z_20251215T211208Z_S1A_30_v0.1,https://hyp3-tibet-jpl-test-contentbucket-hratibh1y9pa.s3.us-west-2.amazonaws.com/a2d295b2-acc4-4244-9f45-0127a5a42073/OPERA_L3_DIST-ALERT-S1_T15QUU_20240512T002335Z_20251215T211208Z_S1A_30_v0.1.png,2025-12-15T20:48:24+00:00,892.239,4.5,15QUU,1,23,4,none,False,transformer_v1_32,high,32,20,2024-05-12,34,2.5,4,best,none,False
bangladesh_coastal_flood_2024__2024-07-08__45QZE__transformer_v1_32-20mc,https://hyp3-tibet-jpl-test-contentbucket-hratibh1y9pa.s3.us-west-2.amazonaws.com/e58db5dd-e2ca-4196-a0d1-3a93b877b49f/OPERA_L3_DIST-ALERT-S1_T45QZE_20240802T121238Z_20251215T210207Z_S1A_30_v0.1.zip,s3://hyp3-tibet-jpl-test-contentbucket-hratibh1y9pae58db5dd-e2ca-4196-a0d1-3a93b877b49f/OPERA_L3_DIST-ALERT-S1_T45QZE_20240802T121238Z_20251215T210207Z_S1A_30_v0.1,https://hyp3-tibet-jpl-test-contentbucket-hratibh1y9pa.s3.us-west-2.amazonaws.com/e58db5dd-e2ca-4196-a0d1-3a93b877b49f/OPERA_L3_DIST-ALERT-S1_T45QZE_20240802T121238Z_20251215T210207Z_S1A_30_v0.1.png,2025-12-15T20:48:24+00:00,283.896,4.5,45QZE,1,23,4,none,False,transformer_v1_32,high,32,20,2024-08-02,12,2.5,4,best,none,False
chiapas_fire_2024__2024-03-24__15QUU__transformer_v1_32-20mc,https://hyp3-tibet-jpl-test-contentbucket-hratibh1y9pa.s3.us-west-2.amazonaws.com/8f9c1694-7e3c-4d1d-94ab-a84131679fd3/OPERA_L3_DIST-ALERT-S1_T15QUU_20240418T002335Z_20251215T211442Z_S1A_30_v0.1.zip,s3://hyp3-tibet-jpl-test-contentbucket-hratibh1y9pa8f9c1694-7e3c-4d1d-94ab-a84131679fd3/OPERA_L3_DIST-ALERT-S1_T15QUU_20240418T002335Z_20251215T211442Z_S1A_30_v0.1,https://hyp3-tibet-jpl-test-contentbucket-hratibh1y9pa.s3.us-west-2.amazonaws.com/8f9c1694-7e3c-4d1d-94ab-a84131679fd3/OPERA_L3_DIST-ALERT-S1_T15QUU_20240418T002335Z_20251215T211442Z_S1A_30_v0.1.png,2025-12-15T20:48:24+00:00,1080.261,4.5,15QUU,1,23,4,none,False,transformer_v1_32,high,32,20,2024-04-18,34,2.5,4,best,none,False
park_fire_2024__2024-07-24__10TFK__transformer_v1_32-20mc,https://hyp3-tibet-jpl-test-contentbucket-hratibh1y9pa.s3.us-west-2.amazonaws.com/a93208d6-b9fc-42e9-9a14-6b3f407478fd/OPERA_L3_DIST-ALERT-S1_T10TFK_20240706T020030Z_20251215T213232Z_S1A_30_v0.1.zip,s3://hyp3-tibet-jpl-test-contentbucket-hratibh1y9paa93208d6-b9fc-42e9-9a14-6b3f407478fd/OPERA_L3_DIST-ALERT-S1_T10TFK_20240706T020030Z_20251215T213232Z_S1A_30_v0.1,https://hyp3-tibet-jpl-test-contentbucket-hratibh1y9pa.s3.us-west-2.amazonaws.com/a93208d6-b9fc-42e9-9a14-6b3f407478fd/OPERA_L3_DIST-ALERT-S1_T10TFK_20240706T020030Z_20251215T213232Z_S1A_30_v0.1.png,2025-12-15T20:48:24+00:00,2150.185,4.5,10TFK,1,23,4,none,False,transformer_v1_32,high,32,20,2024-07-06,137,2.5,4,best,none,False
park_fire_2024__2024-07-24__10TFK__transformer_v1_32-20mc,https://hyp3-tibet-jpl-test-contentbucket-hratibh1y9pa.s3.us-west-2.amazonaws.com/b278a08b-1a44-4598-885d-77729fdaeb0b/OPERA_L3_DIST-ALERT-S1_T10TFK_20240723T020840Z_20251215T210949Z_S1A_30_v0.1.zip,s3://hyp3-tibet-jpl-test-contentbucket-hratibh1y9pab278a08b-1a44-4598-885d-77729fdaeb0b/OPERA_L3_DIST-ALERT-S1_T10TFK_20240723T020840Z_20251215T210949Z_S1A_30_v0.1,https://hyp3-tibet-jpl-test-contentbucket-hratibh1y9pa.s3.us-west-2.amazonaws.com/b278a08b-1a44-4598-885d-77729fdaeb0b/OPERA_L3_DIST-ALERT-S1_T10TFK_20240723T020840Z_20251215T210949Z_S1A_30_v0.1.png,2025-12-15T20:48:24+00:00,786.156,4.5,10TFK,1,23,4,none,False,transformer_v1_32,high,32,20,2024-07-23,35,2.5,4,best,none,False
yajiang_fire_2024__2024-03-15__47RPP__transformer_v1_32-20mc,https://hyp3-tibet-jpl-test-contentbucket-hratibh1y9pa.s3.us-west-2.amazonaws.com/6320abff-b65a-4dde-9fb8-2a6edbff4b98/OPERA_L3_DIST-ALERT-S1_T47RPP_20240429T232137Z_20251215T211539Z_S1A_30_v0.1.zip,s3://hyp3-tibet-jpl-test-contentbucket-hratibh1y9pa6320abff-b65a-4dde-9fb8-2a6edbff4b98/OPERA_L3_DIST-ALERT-S1_T47RPP_20240429T232137Z_20251215T211539Z_S1A_30_v0.1,https://hyp3-tibet-jpl-test-contentbucket-hratibh1y9pa.s3.us-west-2.amazonaws.com/6320abff-b65a-4dde-9fb8-2a6edbff4b98/OPERA_L3_DIST-ALERT-S1_T47RPP_20240429T232137Z_20251215T211539Z_S1A_30_v0.1.png,2025-12-15T20:48:24+00:00,1141.263,4.5,47RPP,1,23,4,none,False,transformer_v1_32,high,32,20,2024-04-29,33,2.5,4,best,none,False
yajiang_fire_2024__2024-03-15__47RPP__transformer_v1_32-20mc,https://hyp3-tibet-jpl-test-contentbucket-hratibh1y9pa.s3.us-west-2.amazonaws.com/6464557a-7259-4174-8668-2d0914493b22/OPERA_L3_DIST-ALERT-S1_T47RPP_20240317T112530Z_20251215T211039Z_S1A_30_v0.1.zip,s3://hyp3-tibet-jpl-test-contentbucket-hratibh1y9pa6464557a-7259-4174-8668-2d0914493b22/OPERA_L3_DIST-ALERT-S1_T47RPP_20240317T112530Z_20251215T211039Z_S1A_30_v0.1,https://hyp3-tibet-jpl-test-contentbucket-hratibh1y9pa.s3.us-west-2.amazonaws.com/6464557a-7259-4174-8668-2d0914493b22/OPERA_L3_DIST-ALERT-S1_T47RPP_20240317T112530Z_20251215T211039Z_S1A_30_v0.1.png,2025-12-15T20:48:24+00:00,842.758,4.5,47RPP,1,23,4,none,False,transformer_v1_32,high,32,20,2024-03-17,99,2.5,4,best,none,False
bangladesh_coastal_flood_2024__2024-07-08__45QZF__transformer_v1_32-20mc,https://hyp3-tibet-jpl-test-contentbucket-hratibh1y9pa.s3.us-west-2.amazonaws.com/3f749743-1775-4e89-ab11-751080ba254d/OPERA_L3_DIST-ALERT-S1_T45QZF_20240716T120438Z_20251215T212919Z_S1A_30_v0.1.zip,s3://hyp3-tibet-jpl-test-contentbucket-hratibh1y9pa3f749743-1775-4e89-ab11-751080ba254d/OPERA_L3_DIST-ALERT-S1_T45QZF_20240716T120438Z_20251215T212919Z_S1A_30_v0.1,https://hyp3-tibet-jpl-test-contentbucket-hratibh1y9pa.s3.us-west-2.amazonaws.com/3f749743-1775-4e89-ab11-751080ba254d/OPERA_L3_DIST-ALERT-S1_T45QZF_20240716T120438Z_20251215T212919Z_S1A_30_v0.1.png,2025-12-15T20:48:24+00:00,1961.379,4.5,45QZF,1,23,4,none,False,transformer_v1_32,high,32,20,2024-07-16,114,2.5,4,best,none,False
chiapas_fire_2024__2024-03-24__15QUU__transformer_v1_32-20mc,https://hyp3-tibet-jpl-test-contentbucket-hratibh1y9pa.s3.us-west-2.amazonaws.com/fcc1fd7b-b240-44b9-9c8f-a50165f85535/OPERA_L3_DIST-ALERT-S1_T15QUU_20240301T002334Z_20251215T211136Z_S1A_30_v0.1.zip,s3://hyp3-tibet-jpl-test-contentbucket-hratibh1y9pafcc1fd7b-b240-44b9-9c8f-a50165f85535/OPERA_L3_DIST-ALERT-S1_T15QUU_20240301T002334Z_20251215T211136Z_S1A_30_v0.1,https://hyp3-tibet-jpl-test-contentbucket-hratibh1y9pa.s3.us-west-2.amazonaws.com/fcc1fd7b-b240-44b9-9c8f-a50165f85535/OPERA_L3_DIST-ALERT-S1_T15QUU_20240301T002334Z_20251215T211136Z_S1A_30_v0.1.png,2025-12-15T20:48:24+00:00,897.257,4.5,15QUU,1,23,4,none,False,transformer_v1_32,high,32,20,2024-03-01,34,2.5,4,best,none,False
chiapas_fire_2024__2024-03-24__15QUU__transformer_v1_32-20mc,https://hyp3-tibet-jpl-test-contentbucket-hratibh1y9pa.s3.us-west-2.amazonaws.com/c37b19c7-9324-4715-9fcc-2d1a2319e9b5/OPERA_L3_DIST-ALERT-S1_T15QUU_20240223T003142Z_20251215T211242Z_S1A_30_v0.1.zip,s3://hyp3-tibet-jpl-test-contentbucket-hratibh1y9pac37b19c7-9324-4715-9fcc-2d1a2319e9b5/OPERA_L3_DIST-ALERT-S1_T15QUU_20240223T003142Z_20251215T211242Z_S1A_30_v0.1,https://hyp3-tibet-jpl-test-contentbucket-hratibh1y9pa.s3.us-west-2.amazonaws.com/c37b19c7-9324-4715-9fcc-2d1a2319e9b5/OPERA_L3_DIST-ALERT-S1_T15QUU_20240223T003142Z_20251215T211242Z_S1A_30_v0.1.png,2025-12-15T20:48:24+00:00,999.145,4.5,15QUU,1,23,4,none,False,transformer_v1_32,high,32,20,2024-02-23,107,2.5,4,best,none,False
