,name,zip_url,prod_dir,s3_prod_uri,browse_url,product_request_time,processing_duration,high_confidence_alert_threshold,mgrs_tile_id,post_date_buffer_days,stride_for_norm_param_estimation,n_workers_for_norm_param_estimation,delta_lookback_days_mw,use_date_encoding,model_source,memory_strategy,batch_size_for_norm_param_estimation,model_context_length,post_date,track_number,low_confidence_alert_threshold,n_workers_for_despeckling,device,max_pre_imgs_per_burst_mw,model_compilation
0,Ukraine_War_36UYA,https://hyp3-tibet-jpl-test-contentbucket-hratibh1y9pa.s3.us-west-2.amazonaws.com/a289867f-17a9-4ecc-a5a7-620ee698cecf/OPERA_L3_DIST-ALERT-S1_T36UYA_20230709T033930Z_20260309T202156Z_S1A_30_v0.1.zip,https://hyp3-tibet-jpl-test-contentbucket-hratibh1y9pa.s3.us-west-2.amazonaws.com/a289867f-17a9-4ecc-a5a7-620ee698cecf/OPERA_L3_DIST-ALERT-S1_T36UYA_20230709T033930Z_20260309T202156Z_S1A_30_v0.1,s3://hyp3-tibet-jpl-test-contentbucket-hratibh1y9pa/a289867f-17a9-4ecc-a5a7-620ee698cecf/OPERA_L3_DIST-ALERT-S1_T36UYA_20230709T033930Z_20260309T202156Z_S1A_30_v0.1,https://hyp3-tibet-jpl-test-contentbucket-hratibh1y9pa.s3.us-west-2.amazonaws.com/a289867f-17a9-4ecc-a5a7-620ee698cecf/OPERA_L3_DIST-ALERT-S1_T36UYA_20230709T033930Z_20260309T202156Z_S1A_30_v0.1/OPERA_L3_DIST-ALERT-S1_T36UYA_20230709T033930Z_20260309T202156Z_S1A_30_v0.1_BROWSE.png,2026-03-09T20:07:29+00:00,553.029,4.5,36UYA,1,7,4,none,False,transformer_optimized,high,32,-1,2023-07-09,94,2.5,4,best,none,False
1,Ukraine_War_36UYA,https://hyp3-tibet-jpl-test-contentbucket-hratibh1y9pa.s3.us-west-2.amazonaws.com/1dfd3011-0f2d-4a10-872b-001372b2dbf6/OPERA_L3_DIST-ALERT-S1_T36UYA_20240208T035552Z_20260309T202242Z_S1A_30_v0.1.zip,https://hyp3-tibet-jpl-test-contentbucket-hratibh1y9pa.s3.us-west-2.amazonaws.com/1dfd3011-0f2d-4a10-872b-001372b2dbf6/OPERA_L3_DIST-ALERT-S1_T36UYA_20240208T035552Z_20260309T202242Z_S1A_30_v0.1,s3://hyp3-tibet-jpl-test-contentbucket-hratibh1y9pa/1dfd3011-0f2d-4a10-872b-001372b2dbf6/OPERA_L3_DIST-ALERT-S1_T36UYA_20240208T035552Z_20260309T202242Z_S1A_30_v0.1,https://hyp3-tibet-jpl-test-contentbucket-hratibh1y9pa.s3.us-west-2.amazonaws.com/1dfd3011-0f2d-4a10-872b-001372b2dbf6/OPERA_L3_DIST-ALERT-S1_T36UYA_20240208T035552Z_20260309T202242Z_S1A_30_v0.1/OPERA_L3_DIST-ALERT-S1_T36UYA_20240208T035552Z_20260309T202242Z_S1A_30_v0.1_BROWSE.png,2026-03-09T20:07:29+00:00,591.476,4.5,36UYA,1,7,4,none,False,transformer_optimized,high,32,-1,2024-02-08,65,2.5,4,best,none,False
2,Ukraine_War_36UYA,https://hyp3-tibet-jpl-test-contentbucket-hratibh1y9pa.s3.us-west-2.amazonaws.com/c94267a2-2614-4d86-a6bb-ccd83e7285b7/OPERA_L3_DIST-ALERT-S1_T36UYA_20231121T151330Z_20260309T201406Z_S1A_30_v0.1.zip,https://hyp3-tibet-jpl-test-contentbucket-hratibh1y9pa.s3.us-west-2.amazonaws.com/c94267a2-2614-4d86-a6bb-ccd83e7285b7/OPERA_L3_DIST-ALERT-S1_T36UYA_20231121T151330Z_20260309T201406Z_S1A_30_v0.1,s3://hyp3-tibet-jpl-test-contentbucket-hratibh1y9pa/c94267a2-2614-4d86-a6bb-ccd83e7285b7/OPERA_L3_DIST-ALERT-S1_T36UYA_20231121T151330Z_20260309T201406Z_S1A_30_v0.1,https://hyp3-tibet-jpl-test-contentbucket-hratibh1y9pa.s3.us-west-2.amazonaws.com/c94267a2-2614-4d86-a6bb-ccd83e7285b7/OPERA_L3_DIST-ALERT-S1_T36UYA_20231121T151330Z_20260309T201406Z_S1A_30_v0.1/OPERA_L3_DIST-ALERT-S1_T36UYA_20231121T151330Z_20260309T201406Z_S1A_30_v0.1_BROWSE.png,2026-03-09T20:07:29+00:00,69.561,4.5,36UYA,1,7,4,none,False,transformer_optimized,high,32,-1,2023-11-21,145,2.5,4,best,none,False
3,Ukraine_War_36UYA,https://hyp3-tibet-jpl-test-contentbucket-hratibh1y9pa.s3.us-west-2.amazonaws.com/c9e4b11c-b005-4304-a5da-904ff9fae8e4/OPERA_L3_DIST-ALERT-S1_T36UYA_20231224T033931Z_20260309T202316Z_S1A_30_v0.1.zip,https://hyp3-tibet-jpl-test-contentbucket-hratibh1y9pa.s3.us-west-2.amazonaws.com/c9e4b11c-b005-4304-a5da-904ff9fae8e4/OPERA_L3_DIST-ALERT-S1_T36UYA_20231224T033931Z_20260309T202316Z_S1A_30_v0.1,s3://hyp3-tibet-jpl-test-contentbucket-hratibh1y9pa/c9e4b11c-b005-4304-a5da-904ff9fae8e4/OPERA_L3_DIST-ALERT-S1_T36UYA_20231224T033931Z_20260309T202316Z_S1A_30_v0.1,https://hyp3-tibet-jpl-test-contentbucket-hratibh1y9pa.s3.us-west-2.amazonaws.com/c9e4b11c-b005-4304-a5da-904ff9fae8e4/OPERA_L3_DIST-ALERT-S1_T36UYA_20231224T033931Z_20260309T202316Z_S1A_30_v0.1/OPERA_L3_DIST-ALERT-S1_T36UYA_20231224T033931Z_20260309T202316Z_S1A_30_v0.1_BROWSE.png,2026-03-09T20:07:29+00:00,631.127,4.5,36UYA,1,7,4,none,False,transformer_optimized,high,32,-1,2023-12-24,94,2.5,4,best,none,False
4,Ukraine_War_36UYA,https://hyp3-tibet-jpl-test-contentbucket-hratibh1y9pa.s3.us-west-2.amazonaws.com/0e3d05c7-4ae4-49c9-bdc9-52db7b0863c7/OPERA_L3_DIST-ALERT-S1_T36UYA_20231225T152938Z_20260309T202624Z_S1A_30_v0.1.zip,https://hyp3-tibet-jpl-test-contentbucket-hratibh1y9pa.s3.us-west-2.amazonaws.com/0e3d05c7-4ae4-49c9-bdc9-52db7b0863c7/OPERA_L3_DIST-ALERT-S1_T36UYA_20231225T152938Z_20260309T202624Z_S1A_30_v0.1,s3://hyp3-tibet-jpl-test-contentbucket-hratibh1y9pa/0e3d05c7-4ae4-49c9-bdc9-52db7b0863c7/OPERA_L3_DIST-ALERT-S1_T36UYA_20231225T152938Z_20260309T202624Z_S1A_30_v0.1,https://hyp3-tibet-jpl-test-contentbucket-hratibh1y9pa.s3.us-west-2.amazonaws.com/0e3d05c7-4ae4-49c9-bdc9-52db7b0863c7/OPERA_L3_DIST-ALERT-S1_T36UYA_20231225T152938Z_20260309T202624Z_S1A_30_v0.1/OPERA_L3_DIST-ALERT-S1_T36UYA_20231225T152938Z_20260309T202624Z_S1A_30_v0.1_BROWSE.png,2026-03-09T20:07:29+00:00,813.97,4.5,36UYA,1,7,4,none,False,transformer_optimized,high,32,-1,2023-12-25,116,2.5,4,best,none,False
5,Ukraine_War_36UYA,https://hyp3-tibet-jpl-test-contentbucket-hratibh1y9pa.s3.us-west-2.amazonaws.com/6a9924e3-38f6-4793-9488-2903f06a281c/OPERA_L3_DIST-ALERT-S1_T36UYA_20231126T152130Z_20260309T202854Z_S1A_30_v0.1.zip,https://hyp3-tibet-jpl-test-contentbucket-hratibh1y9pa.s3.us-west-2.amazonaws.com/6a9924e3-38f6-4793-9488-2903f06a281c/OPERA_L3_DIST-ALERT-S1_T36UYA_20231126T152130Z_20260309T202854Z_S1A_30_v0.1,s3://hyp3-tibet-jpl-test-contentbucket-hratibh1y9pa/6a9924e3-38f6-4793-9488-2903f06a281c/OPERA_L3_DIST-ALERT-S1_T36UYA_20231126T152130Z_20260309T202854Z_S1A_30_v0.1,https://hyp3-tibet-jpl-test-contentbucket-hratibh1y9pa.s3.us-west-2.amazonaws.com/6a9924e3-38f6-4793-9488-2903f06a281c/OPERA_L3_DIST-ALERT-S1_T36UYA_20231126T152130Z_20260309T202854Z_S1A_30_v0.1/OPERA_L3_DIST-ALERT-S1_T36UYA_20231126T152130Z_20260309T202854Z_S1A_30_v0.1_BROWSE.png,2026-03-09T20:07:29+00:00,967.839,4.5,36UYA,1,7,4,none,False,transformer_optimized,high,32,-1,2023-11-26,43,2.5,4,best,none,False
6,Ukraine_War_36UYA,https://hyp3-tibet-jpl-test-contentbucket-hratibh1y9pa.s3.us-west-2.amazonaws.com/4fc73305-b348-4639-8b62-ea3dbf2e7021/OPERA_L3_DIST-ALERT-S1_T36UYA_20240113T152128Z_20260309T202705Z_S1A_30_v0.1.zip,https://hyp3-tibet-jpl-test-contentbucket-hratibh1y9pa.s3.us-west-2.amazonaws.com/4fc73305-b348-4639-8b62-ea3dbf2e7021/OPERA_L3_DIST-ALERT-S1_T36UYA_20240113T152128Z_20260309T202705Z_S1A_30_v0.1,s3://hyp3-tibet-jpl-test-contentbucket-hratibh1y9pa/4fc73305-b348-4639-8b62-ea3dbf2e7021/OPERA_L3_DIST-ALERT-S1_T36UYA_20240113T152128Z_20260309T202705Z_S1A_30_v0.1,https://hyp3-tibet-jpl-test-contentbucket-hratibh1y9pa.s3.us-west-2.amazonaws.com/4fc73305-b348-4639-8b62-ea3dbf2e7021/OPERA_L3_DIST-ALERT-S1_T36UYA_20240113T152128Z_20260309T202705Z_S1A_30_v0.1/OPERA_L3_DIST-ALERT-S1_T36UYA_20240113T152128Z_20260309T202705Z_S1A_30_v0.1_BROWSE.png,2026-03-09T20:07:29+00:00,857.859,4.5,36UYA,1,7,4,none,False,transformer_optimized,high,32,-1,2024-01-13,43,2.5,4,best,none,False
7,Ukraine_War_36UYA,https://hyp3-tibet-jpl-test-contentbucket-hratibh1y9pa.s3.us-west-2.amazonaws.com/bc4f2b59-dbfb-4ead-b5cc-8e5142f9a52c/OPERA_L3_DIST-ALERT-S1_T36UYA_20240206T152127Z_20260309T202850Z_S1A_30_v0.1.zip,https://hyp3-tibet-jpl-test-contentbucket-hratibh1y9pa.s3.us-west-2.amazonaws.com/bc4f2b59-dbfb-4ead-b5cc-8e5142f9a52c/OPERA_L3_DIST-ALERT-S1_T36UYA_20240206T152127Z_20260309T202850Z_S1A_30_v0.1,s3://hyp3-tibet-jpl-test-contentbucket-hratibh1y9pa/bc4f2b59-dbfb-4ead-b5cc-8e5142f9a52c/OPERA_L3_DIST-ALERT-S1_T36UYA_20240206T152127Z_20260309T202850Z_S1A_30_v0.1,https://hyp3-tibet-jpl-test-contentbucket-hratibh1y9pa.s3.us-west-2.amazonaws.com/bc4f2b59-dbfb-4ead-b5cc-8e5142f9a52c/OPERA_L3_DIST-ALERT-S1_T36UYA_20240206T152127Z_20260309T202850Z_S1A_30_v0.1/OPERA_L3_DIST-ALERT-S1_T36UYA_20240206T152127Z_20260309T202850Z_S1A_30_v0.1_BROWSE.png,2026-03-09T20:07:29+00:00,962.714,4.5,36UYA,1,7,4,none,False,transformer_optimized,high,32,-1,2024-02-06,43,2.5,4,best,none,False
8,Ukraine_War_36UYA,https://hyp3-tibet-jpl-test-contentbucket-hratibh1y9pa.s3.us-west-2.amazonaws.com/de285aed-9f40-4d40-a6e7-5efa8e46e53f/OPERA_L3_DIST-ALERT-S1_T36UYA_20240222T033929Z_20260309T202354Z_S1A_30_v0.1.zip,https://hyp3-tibet-jpl-test-contentbucket-hratibh1y9pa.s3.us-west-2.amazonaws.com/de285aed-9f40-4d40-a6e7-5efa8e46e53f/OPERA_L3_DIST-ALERT-S1_T36UYA_20240222T033929Z_20260309T202354Z_S1A_30_v0.1,s3://hyp3-tibet-jpl-test-contentbucket-hratibh1y9pa/de285aed-9f40-4d40-a6e7-5efa8e46e53f/OPERA_L3_DIST-ALERT-S1_T36UYA_20240222T033929Z_20260309T202354Z_S1A_30_v0.1,https://hyp3-tibet-jpl-test-contentbucket-hratibh1y9pa.s3.us-west-2.amazonaws.com/de285aed-9f40-4d40-a6e7-5efa8e46e53f/OPERA_L3_DIST-ALERT-S1_T36UYA_20240222T033929Z_20260309T202354Z_S1A_30_v0.1/OPERA_L3_DIST-ALERT-S1_T36UYA_20240222T033929Z_20260309T202354Z_S1A_30_v0.1_BROWSE.png,2026-03-09T20:07:29+00:00,669.442,4.5,36UYA,1,7,4,none,False,transformer_optimized,high,32,-1,2024-02-22,94,2.5,4,best,none,False
9,Ukraine_War_36UYA,https://hyp3-tibet-jpl-test-contentbucket-hratibh1y9pa.s3.us-west-2.amazonaws.com/0a0008e8-1de8-473a-80b3-d67405f8abd1/OPERA_L3_DIST-ALERT-S1_T36UYA_20230915T152131Z_20260309T202507Z_S1A_30_v0.1.zip,https://hyp3-tibet-jpl-test-contentbucket-hratibh1y9pa.s3.us-west-2.amazonaws.com/0a0008e8-1de8-473a-80b3-d67405f8abd1/OPERA_L3_DIST-ALERT-S1_T36UYA_20230915T152131Z_20260309T202507Z_S1A_30_v0.1,s3://hyp3-tibet-jpl-test-contentbucket-hratibh1y9pa/0a0008e8-1de8-473a-80b3-d67405f8abd1/OPERA_L3_DIST-ALERT-S1_T36UYA_20230915T152131Z_20260309T202507Z_S1A_30_v0.1,https://hyp3-tibet-jpl-test-contentbucket-hratibh1y9pa.s3.us-west-2.amazonaws.com/0a0008e8-1de8-473a-80b3-d67405f8abd1/OPERA_L3_DIST-ALERT-S1_T36UYA_20230915T152131Z_20260309T202507Z_S1A_30_v0.1/OPERA_L3_DIST-ALERT-S1_T36UYA_20230915T152131Z_20260309T202507Z_S1A_30_v0.1_BROWSE.png,2026-03-09T20:07:29+00:00,737.57,4.5,36UYA,1,7,4,none,False,transformer_optimized,high,32,-1,2023-09-15,43,2.5,4,best,none,False
10,Ukraine_War_36UYA,https://hyp3-tibet-jpl-test-contentbucket-hratibh1y9pa.s3.us-west-2.amazonaws.com/ec3c0542-5428-4d55-b044-dac437f06e3c/OPERA_L3_DIST-ALERT-S1_T36UYA_20240105T033931Z_20260309T202413Z_S1A_30_v0.1.zip,https://hyp3-tibet-jpl-test-contentbucket-hratibh1y9pa.s3.us-west-2.amazonaws.com/ec3c0542-5428-4d55-b044-dac437f06e3c/OPERA_L3_DIST-ALERT-S1_T36UYA_20240105T033931Z_20260309T202413Z_S1A_30_v0.1,s3://hyp3-tibet-jpl-test-contentbucket-hratibh1y9pa/ec3c0542-5428-4d55-b044-dac437f06e3c/OPERA_L3_DIST-ALERT-S1_T36UYA_20240105T033931Z_20260309T202413Z_S1A_30_v0.1,https://hyp3-tibet-jpl-test-contentbucket-hratibh1y9pa.s3.us-west-2.amazonaws.com/ec3c0542-5428-4d55-b044-dac437f06e3c/OPERA_L3_DIST-ALERT-S1_T36UYA_20240105T033931Z_20260309T202413Z_S1A_30_v0.1/OPERA_L3_DIST-ALERT-S1_T36UYA_20240105T033931Z_20260309T202413Z_S1A_30_v0.1_BROWSE.png,2026-03-09T20:07:29+00:00,688.629,4.5,36UYA,1,7,4,none,False,transformer_optimized,high,32,-1,2024-01-05,94,2.5,4,best,none,False
11,Ukraine_War_36UYA,https://hyp3-tibet-jpl-test-contentbucket-hratibh1y9pa.s3.us-west-2.amazonaws.com/7e15dbbd-c429-4022-8f0f-f75b218e0caa/OPERA_L3_DIST-ALERT-S1_T36UYA_20230907T033933Z_20260309T202438Z_S1A_30_v0.1.zip,https://hyp3-tibet-jpl-test-contentbucket-hratibh1y9pa.s3.us-west-2.amazonaws.com/7e15dbbd-c429-4022-8f0f-f75b218e0caa/OPERA_L3_DIST-ALERT-S1_T36UYA_20230907T033933Z_20260309T202438Z_S1A_30_v0.1,s3://hyp3-tibet-jpl-test-contentbucket-hratibh1y9pa/7e15dbbd-c429-4022-8f0f-f75b218e0caa/OPERA_L3_DIST-ALERT-S1_T36UYA_20230907T033933Z_20260309T202438Z_S1A_30_v0.1,https://hyp3-tibet-jpl-test-contentbucket-hratibh1y9pa.s3.us-west-2.amazonaws.com/7e15dbbd-c429-4022-8f0f-f75b218e0caa/OPERA_L3_DIST-ALERT-S1_T36UYA_20230907T033933Z_20260309T202438Z_S1A_30_v0.1/OPERA_L3_DIST-ALERT-S1_T36UYA_20230907T033933Z_20260309T202438Z_S1A_30_v0.1_BROWSE.png,2026-03-09T20:07:29+00:00,716.278,4.5,36UYA,1,7,4,none,False,transformer_optimized,high,32,-1,2023-09-07,94,2.5,4,best,none,False
12,Ukraine_War_36UYA,https://hyp3-tibet-jpl-test-contentbucket-hratibh1y9pa.s3.us-west-2.amazonaws.com/0be01a63-df9a-41b2-a1fc-b2435acd34c4/OPERA_L3_DIST-ALERT-S1_T36UYA_20231016T151331Z_20260309T201416Z_S1A_30_v0.1.zip,https://hyp3-tibet-jpl-test-contentbucket-hratibh1y9pa.s3.us-west-2.amazonaws.com/0be01a63-df9a-41b2-a1fc-b2435acd34c4/OPERA_L3_DIST-ALERT-S1_T36UYA_20231016T151331Z_20260309T201416Z_S1A_30_v0.1,s3://hyp3-tibet-jpl-test-contentbucket-hratibh1y9pa/0be01a63-df9a-41b2-a1fc-b2435acd34c4/OPERA_L3_DIST-ALERT-S1_T36UYA_20231016T151331Z_20260309T201416Z_S1A_30_v0.1,https://hyp3-tibet-jpl-test-contentbucket-hratibh1y9pa.s3.us-west-2.amazonaws.com/0be01a63-df9a-41b2-a1fc-b2435acd34c4/OPERA_L3_DIST-ALERT-S1_T36UYA_20231016T151331Z_20260309T201416Z_S1A_30_v0.1/OPERA_L3_DIST-ALERT-S1_T36UYA_20231016T151331Z_20260309T201416Z_S1A_30_v0.1_BROWSE.png,2026-03-09T20:07:29+00:00,80.396,4.5,36UYA,1,7,4,none,False,transformer_optimized,high,32,-1,2023-10-16,145,2.5,4,best,none,False
13,Ukraine_War_36UYA,https://hyp3-tibet-jpl-test-contentbucket-hratibh1y9pa.s3.us-west-2.amazonaws.com/14c7ca5e-c005-4603-a472-4e3b99d67e59/OPERA_L3_DIST-ALERT-S1_T36UYA_20231119T152940Z_20260309T202501Z_S1A_30_v0.1.zip,https://hyp3-tibet-jpl-test-contentbucket-hratibh1y9pa.s3.us-west-2.amazonaws.com/14c7ca5e-c005-4603-a472-4e3b99d67e59/OPERA_L3_DIST-ALERT-S1_T36UYA_20231119T152940Z_20260309T202501Z_S1A_30_v0.1,s3://hyp3-tibet-jpl-test-contentbucket-hratibh1y9pa/14c7ca5e-c005-4603-a472-4e3b99d67e59/OPERA_L3_DIST-ALERT-S1_T36UYA_20231119T152940Z_20260309T202501Z_S1A_30_v0.1,https://hyp3-tibet-jpl-test-contentbucket-hratibh1y9pa.s3.us-west-2.amazonaws.com/14c7ca5e-c005-4603-a472-4e3b99d67e59/OPERA_L3_DIST-ALERT-S1_T36UYA_20231119T152940Z_20260309T202501Z_S1A_30_v0.1/OPERA_L3_DIST-ALERT-S1_T36UYA_20231119T152940Z_20260309T202501Z_S1A_30_v0.1_BROWSE.png,2026-03-09T20:07:29+00:00,865.603,4.5,36UYA,1,7,4,none,False,transformer_optimized,high,32,-1,2023-11-19,116,2.5,4,best,none,False
14,Ukraine_War_36UYA,https://hyp3-tibet-jpl-test-contentbucket-hratibh1y9pa.s3.us-west-2.amazonaws.com/d43982da-db52-4f83-9b61-67aac0fcc0c9/OPERA_L3_DIST-ALERT-S1_T36UYA_20230719T035553Z_20260309T202013Z_S1A_30_v0.1.zip,https://hyp3-tibet-jpl-test-contentbucket-hratibh1y9pa.s3.us-west-2.amazonaws.com/d43982da-db52-4f83-9b61-67aac0fcc0c9/OPERA_L3_DIST-ALERT-S1_T36UYA_20230719T035553Z_20260309T202013Z_S1A_30_v0.1,s3://hyp3-tibet-jpl-test-contentbucket-hratibh1y9pa/d43982da-db52-4f83-9b61-67aac0fcc0c9/OPERA_L3_DIST-ALERT-S1_T36UYA_20230719T035553Z_20260309T202013Z_S1A_30_v0.1,https://hyp3-tibet-jpl-test-contentbucket-hratibh1y9pa.s3.us-west-2.amazonaws.com/d43982da-db52-4f83-9b61-67aac0fcc0c9/OPERA_L3_DIST-ALERT-S1_T36UYA_20230719T035553Z_20260309T202013Z_S1A_30_v0.1/OPERA_L3_DIST-ALERT-S1_T36UYA_20230719T035553Z_20260309T202013Z_S1A_30_v0.1_BROWSE.png,2026-03-09T20:07:29+00:00,567.831,4.5,36UYA,1,7,4,none,False,transformer_optimized,high,32,-1,2023-07-19,65,2.5,4,best,none,False
15,Ukraine_War_36UYA,https://hyp3-tibet-jpl-test-contentbucket-hratibh1y9pa.s3.us-west-2.amazonaws.com/ae7aedba-ffba-4ac2-a8d5-1af96bb0869b/OPERA_L3_DIST-ALERT-S1_T36UYA_20231013T033933Z_20260309T202039Z_S1A_30_v0.1.zip,https://hyp3-tibet-jpl-test-contentbucket-hratibh1y9pa.s3.us-west-2.amazonaws.com/ae7aedba-ffba-4ac2-a8d5-1af96bb0869b/OPERA_L3_DIST-ALERT-S1_T36UYA_20231013T033933Z_20260309T202039Z_S1A_30_v0.1,s3://hyp3-tibet-jpl-test-contentbucket-hratibh1y9pa/ae7aedba-ffba-4ac2-a8d5-1af96bb0869b/OPERA_L3_DIST-ALERT-S1_T36UYA_20231013T033933Z_20260309T202039Z_S1A_30_v0.1,https://hyp3-tibet-jpl-test-contentbucket-hratibh1y9pa.s3.us-west-2.amazonaws.com/ae7aedba-ffba-4ac2-a8d5-1af96bb0869b/OPERA_L3_DIST-ALERT-S1_T36UYA_20231013T033933Z_20260309T202039Z_S1A_30_v0.1/OPERA_L3_DIST-ALERT-S1_T36UYA_20231013T033933Z_20260309T202039Z_S1A_30_v0.1_BROWSE.png,2026-03-09T20:07:29+00:00,597.5,4.5,36UYA,1,7,4,none,False,transformer_optimized,high,32,-1,2023-10-13,94,2.5,4,best,none,False
16,Ukraine_War_36UYA,https://hyp3-tibet-jpl-test-contentbucket-hratibh1y9pa.s3.us-west-2.amazonaws.com/0e00e83f-41b8-4a5d-9bf0-229c15468a35/OPERA_L3_DIST-ALERT-S1_T36UYA_20231210T035555Z_20260309T202059Z_S1A_30_v0.1.zip,https://hyp3-tibet-jpl-test-contentbucket-hratibh1y9pa.s3.us-west-2.amazonaws.com/0e00e83f-41b8-4a5d-9bf0-229c15468a35/OPERA_L3_DIST-ALERT-S1_T36UYA_20231210T035555Z_20260309T202059Z_S1A_30_v0.1,s3://hyp3-tibet-jpl-test-contentbucket-hratibh1y9pa/0e00e83f-41b8-4a5d-9bf0-229c15468a35/OPERA_L3_DIST-ALERT-S1_T36UYA_20231210T035555Z_20260309T202059Z_S1A_30_v0.1,https://hyp3-tibet-jpl-test-contentbucket-hratibh1y9pa.s3.us-west-2.amazonaws.com/0e00e83f-41b8-4a5d-9bf0-229c15468a35/OPERA_L3_DIST-ALERT-S1_T36UYA_20231210T035555Z_20260309T202059Z_S1A_30_v0.1/OPERA_L3_DIST-ALERT-S1_T36UYA_20231210T035555Z_20260309T202059Z_S1A_30_v0.1_BROWSE.png,2026-03-09T20:07:29+00:00,613.177,4.5,36UYA,1,7,4,none,False,transformer_optimized,high,32,-1,2023-12-10,65,2.5,4,best,none,False
17,Ukraine_War_36UYA,https://hyp3-tibet-jpl-test-contentbucket-hratibh1y9pa.s3.us-west-2.amazonaws.com/18c42b2e-c2cd-40af-9057-28b9d2c40667/OPERA_L3_DIST-ALERT-S1_T36UYA_20230822T152129Z_20260309T202926Z_S1A_30_v0.1.zip,https://hyp3-tibet-jpl-test-contentbucket-hratibh1y9pa.s3.us-west-2.amazonaws.com/18c42b2e-c2cd-40af-9057-28b9d2c40667/OPERA_L3_DIST-ALERT-S1_T36UYA_20230822T152129Z_20260309T202926Z_S1A_30_v0.1,s3://hyp3-tibet-jpl-test-contentbucket-hratibh1y9pa/18c42b2e-c2cd-40af-9057-28b9d2c40667/OPERA_L3_DIST-ALERT-S1_T36UYA_20230822T152129Z_20260309T202926Z_S1A_30_v0.1,https://hyp3-tibet-jpl-test-contentbucket-hratibh1y9pa.s3.us-west-2.amazonaws.com/18c42b2e-c2cd-40af-9057-28b9d2c40667/OPERA_L3_DIST-ALERT-S1_T36UYA_20230822T152129Z_20260309T202926Z_S1A_30_v0.1/OPERA_L3_DIST-ALERT-S1_T36UYA_20230822T152129Z_20260309T202926Z_S1A_30_v0.1_BROWSE.png,2026-03-09T20:07:29+00:00,1128.929,4.5,36UYA,1,7,4,none,False,transformer_optimized,high,32,-1,2023-08-22,43,2.5,4,best,none,False
18,Ukraine_War_36UYA,https://hyp3-tibet-jpl-test-contentbucket-hratibh1y9pa.s3.us-west-2.amazonaws.com/33325557-884f-4e33-983c-f14cb93bb81a/OPERA_L3_DIST-ALERT-S1_T36UYA_20231116T035556Z_20260309T202043Z_S1A_30_v0.1.zip,https://hyp3-tibet-jpl-test-contentbucket-hratibh1y9pa.s3.us-west-2.amazonaws.com/33325557-884f-4e33-983c-f14cb93bb81a/OPERA_L3_DIST-ALERT-S1_T36UYA_20231116T035556Z_20260309T202043Z_S1A_30_v0.1,s3://hyp3-tibet-jpl-test-contentbucket-hratibh1y9pa/33325557-884f-4e33-983c-f14cb93bb81a/OPERA_L3_DIST-ALERT-S1_T36UYA_20231116T035556Z_20260309T202043Z_S1A_30_v0.1,https://hyp3-tibet-jpl-test-contentbucket-hratibh1y9pa.s3.us-west-2.amazonaws.com/33325557-884f-4e33-983c-f14cb93bb81a/OPERA_L3_DIST-ALERT-S1_T36UYA_20231116T035556Z_20260309T202043Z_S1A_30_v0.1/OPERA_L3_DIST-ALERT-S1_T36UYA_20231116T035556Z_20260309T202043Z_S1A_30_v0.1_BROWSE.png,2026-03-09T20:07:29+00:00,597.2,4.5,36UYA,1,7,4,none,False,transformer_optimized,high,32,-1,2023-11-16,65,2.5,4,best,none,False
19,Ukraine_War_36UYA,https://hyp3-tibet-jpl-test-contentbucket-hratibh1y9pa.s3.us-west-2.amazonaws.com/2d242310-2574-4e10-a5e4-2fd8aebfbfc7/OPERA_L3_DIST-ALERT-S1_T36UYA_20230710T152937Z_20260309T202656Z_S1A_30_v0.1.zip,https://hyp3-tibet-jpl-test-contentbucket-hratibh1y9pa.s3.us-west-2.amazonaws.com/2d242310-2574-4e10-a5e4-2fd8aebfbfc7/OPERA_L3_DIST-ALERT-S1_T36UYA_20230710T152937Z_20260309T202656Z_S1A_30_v0.1,s3://hyp3-tibet-jpl-test-contentbucket-hratibh1y9pa/2d242310-2574-4e10-a5e4-2fd8aebfbfc7/OPERA_L3_DIST-ALERT-S1_T36UYA_20230710T152937Z_20260309T202656Z_S1A_30_v0.1,https://hyp3-tibet-jpl-test-contentbucket-hratibh1y9pa.s3.us-west-2.amazonaws.com/2d242310-2574-4e10-a5e4-2fd8aebfbfc7/OPERA_L3_DIST-ALERT-S1_T36UYA_20230710T152937Z_20260309T202656Z_S1A_30_v0.1/OPERA_L3_DIST-ALERT-S1_T36UYA_20230710T152937Z_20260309T202656Z_S1A_30_v0.1_BROWSE.png,2026-03-09T20:07:29+00:00,976.151,4.5,36UYA,1,7,4,none,False,transformer_optimized,high,32,-1,2023-07-10,116,2.5,4,best,none,False
20,Ukraine_War_36UYA,https://hyp3-tibet-jpl-test-contentbucket-hratibh1y9pa.s3.us-west-2.amazonaws.com/12fb916c-4e87-42a1-820d-d37f3bebc8f4/OPERA_L3_DIST-ALERT-S1_T36UYA_20230814T033931Z_20260309T202324Z_S1A_30_v0.1.zip,https://hyp3-tibet-jpl-test-contentbucket-hratibh1y9pa.s3.us-west-2.amazonaws.com/12fb916c-4e87-42a1-820d-d37f3bebc8f4/OPERA_L3_DIST-ALERT-S1_T36UYA_20230814T033931Z_20260309T202324Z_S1A_30_v0.1,s3://hyp3-tibet-jpl-test-contentbucket-hratibh1y9pa/12fb916c-4e87-42a1-820d-d37f3bebc8f4/OPERA_L3_DIST-ALERT-S1_T36UYA_20230814T033931Z_20260309T202324Z_S1A_30_v0.1,https://hyp3-tibet-jpl-test-contentbucket-hratibh1y9pa.s3.us-west-2.amazonaws.com/12fb916c-4e87-42a1-820d-d37f3bebc8f4/OPERA_L3_DIST-ALERT-S1_T36UYA_20230814T033931Z_20260309T202324Z_S1A_30_v0.1/OPERA_L3_DIST-ALERT-S1_T36UYA_20230814T033931Z_20260309T202324Z_S1A_30_v0.1_BROWSE.png,2026-03-09T20:07:29+00:00,767.379,4.5,36UYA,1,7,4,none,False,transformer_optimized,high,32,-1,2023-08-14,94,2.5,4,best,none,False
21,Ukraine_War_36UYA,https://hyp3-tibet-jpl-test-contentbucket-hratibh1y9pa.s3.us-west-2.amazonaws.com/013b5d6a-9e7a-4ea0-aa70-494ffa10cfa7/OPERA_L3_DIST-ALERT-S1_T36UYA_20230731T035553Z_20260309T202008Z_S1A_30_v0.1.zip,https://hyp3-tibet-jpl-test-contentbucket-hratibh1y9pa.s3.us-west-2.amazonaws.com/013b5d6a-9e7a-4ea0-aa70-494ffa10cfa7/OPERA_L3_DIST-ALERT-S1_T36UYA_20230731T035553Z_20260309T202008Z_S1A_30_v0.1,s3://hyp3-tibet-jpl-test-contentbucket-hratibh1y9pa/013b5d6a-9e7a-4ea0-aa70-494ffa10cfa7/OPERA_L3_DIST-ALERT-S1_T36UYA_20230731T035553Z_20260309T202008Z_S1A_30_v0.1,https://hyp3-tibet-jpl-test-contentbucket-hratibh1y9pa.s3.us-west-2.amazonaws.com/013b5d6a-9e7a-4ea0-aa70-494ffa10cfa7/OPERA_L3_DIST-ALERT-S1_T36UYA_20230731T035553Z_20260309T202008Z_S1A_30_v0.1/OPERA_L3_DIST-ALERT-S1_T36UYA_20230731T035553Z_20260309T202008Z_S1A_30_v0.1_BROWSE.png,2026-03-09T20:07:29+00:00,562.887,4.5,36UYA,1,7,4,none,False,transformer_optimized,high,32,-1,2023-07-31,65,2.5,4,best,none,False
22,Ukraine_War_36UYA,https://hyp3-tibet-jpl-test-contentbucket-hratibh1y9pa.s3.us-west-2.amazonaws.com/5e794a0a-6d51-4246-b476-412b2b6a822c/OPERA_L3_DIST-ALERT-S1_T36UYA_20240223T152937Z_20260309T202516Z_S1A_30_v0.1.zip,https://hyp3-tibet-jpl-test-contentbucket-hratibh1y9pa.s3.us-west-2.amazonaws.com/5e794a0a-6d51-4246-b476-412b2b6a822c/OPERA_L3_DIST-ALERT-S1_T36UYA_20240223T152937Z_20260309T202516Z_S1A_30_v0.1,s3://hyp3-tibet-jpl-test-contentbucket-hratibh1y9pa/5e794a0a-6d51-4246-b476-412b2b6a822c/OPERA_L3_DIST-ALERT-S1_T36UYA_20240223T152937Z_20260309T202516Z_S1A_30_v0.1,https://hyp3-tibet-jpl-test-contentbucket-hratibh1y9pa.s3.us-west-2.amazonaws.com/5e794a0a-6d51-4246-b476-412b2b6a822c/OPERA_L3_DIST-ALERT-S1_T36UYA_20240223T152937Z_20260309T202516Z_S1A_30_v0.1/OPERA_L3_DIST-ALERT-S1_T36UYA_20240223T152937Z_20260309T202516Z_S1A_30_v0.1_BROWSE.png,2026-03-09T20:07:29+00:00,872.134,4.5,36UYA,1,7,4,none,False,transformer_optimized,high,32,-1,2024-02-23,116,2.5,4,best,none,False
23,Ukraine_War_36UYA,https://hyp3-tibet-jpl-test-contentbucket-hratibh1y9pa.s3.us-west-2.amazonaws.com/284a5fee-8799-42a3-b763-44697530c57d/OPERA_L3_DIST-ALERT-S1_T36UYA_20231203T151330Z_20260309T201228Z_S1A_30_v0.1.zip,https://hyp3-tibet-jpl-test-contentbucket-hratibh1y9pa.s3.us-west-2.amazonaws.com/284a5fee-8799-42a3-b763-44697530c57d/OPERA_L3_DIST-ALERT-S1_T36UYA_20231203T151330Z_20260309T201228Z_S1A_30_v0.1,s3://hyp3-tibet-jpl-test-contentbucket-hratibh1y9pa/284a5fee-8799-42a3-b763-44697530c57d/OPERA_L3_DIST-ALERT-S1_T36UYA_20231203T151330Z_20260309T201228Z_S1A_30_v0.1,https://hyp3-tibet-jpl-test-contentbucket-hratibh1y9pa.s3.us-west-2.amazonaws.com/284a5fee-8799-42a3-b763-44697530c57d/OPERA_L3_DIST-ALERT-S1_T36UYA_20231203T151330Z_20260309T201228Z_S1A_30_v0.1/OPERA_L3_DIST-ALERT-S1_T36UYA_20231203T151330Z_20260309T201228Z_S1A_30_v0.1_BROWSE.png,2026-03-09T20:07:29+00:00,97.604,4.5,36UYA,1,7,4,none,False,transformer_optimized,high,32,-1,2023-12-03,145,2.5,4,best,none,False
24,Ukraine_War_36UYA,https://hyp3-tibet-jpl-test-contentbucket-hratibh1y9pa.s3.us-west-2.amazonaws.com/edf1dc71-4c42-495c-ab95-ddc5ba33b31a/OPERA_L3_DIST-ALERT-S1_T36UYA_20240117T033930Z_20260309T202015Z_S1A_30_v0.1.zip,https://hyp3-tibet-jpl-test-contentbucket-hratibh1y9pa.s3.us-west-2.amazonaws.com/edf1dc71-4c42-495c-ab95-ddc5ba33b31a/OPERA_L3_DIST-ALERT-S1_T36UYA_20240117T033930Z_20260309T202015Z_S1A_30_v0.1,s3://hyp3-tibet-jpl-test-contentbucket-hratibh1y9pa/edf1dc71-4c42-495c-ab95-ddc5ba33b31a/OPERA_L3_DIST-ALERT-S1_T36UYA_20240117T033930Z_20260309T202015Z_S1A_30_v0.1,https://hyp3-tibet-jpl-test-contentbucket-hratibh1y9pa.s3.us-west-2.amazonaws.com/edf1dc71-4c42-495c-ab95-ddc5ba33b31a/OPERA_L3_DIST-ALERT-S1_T36UYA_20240117T033930Z_20260309T202015Z_S1A_30_v0.1/OPERA_L3_DIST-ALERT-S1_T36UYA_20240117T033930Z_20260309T202015Z_S1A_30_v0.1_BROWSE.png,2026-03-09T20:07:29+00:00,566.051,4.5,36UYA,1,7,4,none,False,transformer_optimized,high,32,-1,2024-01-17,94,2.5,4,best,none,False
25,Ukraine_War_36UYA,https://hyp3-tibet-jpl-test-contentbucket-hratibh1y9pa.s3.us-west-2.amazonaws.com/837ad5d8-5d76-4a3e-9446-129ac6422b48/OPERA_L3_DIST-ALERT-S1_T36UYA_20231002T152941Z_20260309T202029Z_S1A_30_v0.1.zip,https://hyp3-tibet-jpl-test-contentbucket-hratibh1y9pa.s3.us-west-2.amazonaws.com/837ad5d8-5d76-4a3e-9446-129ac6422b48/OPERA_L3_DIST-ALERT-S1_T36UYA_20231002T152941Z_20260309T202029Z_S1A_30_v0.1,s3://hyp3-tibet-jpl-test-contentbucket-hratibh1y9pa/837ad5d8-5d76-4a3e-9446-129ac6422b48/OPERA_L3_DIST-ALERT-S1_T36UYA_20231002T152941Z_20260309T202029Z_S1A_30_v0.1,https://hyp3-tibet-jpl-test-contentbucket-hratibh1y9pa.s3.us-west-2.amazonaws.com/837ad5d8-5d76-4a3e-9446-129ac6422b48/OPERA_L3_DIST-ALERT-S1_T36UYA_20231002T152941Z_20260309T202029Z_S1A_30_v0.1/OPERA_L3_DIST-ALERT-S1_T36UYA_20231002T152941Z_20260309T202029Z_S1A_30_v0.1_BROWSE.png,2026-03-09T20:07:29+00:00,583.207,4.5,36UYA,1,7,4,none,False,transformer_optimized,high,32,-1,2023-10-02,116,2.5,4,best,none,False
26,Ukraine_War_36UYA,https://hyp3-tibet-jpl-test-contentbucket-hratibh1y9pa.s3.us-west-2.amazonaws.com/e2444260-e5e5-4106-906e-6f631db5d6ef/OPERA_L3_DIST-ALERT-S1_T36UYA_20230917T035556Z_20260309T201918Z_S1A_30_v0.1.zip,https://hyp3-tibet-jpl-test-contentbucket-hratibh1y9pa.s3.us-west-2.amazonaws.com/e2444260-e5e5-4106-906e-6f631db5d6ef/OPERA_L3_DIST-ALERT-S1_T36UYA_20230917T035556Z_20260309T201918Z_S1A_30_v0.1,s3://hyp3-tibet-jpl-test-contentbucket-hratibh1y9pa/e2444260-e5e5-4106-906e-6f631db5d6ef/OPERA_L3_DIST-ALERT-S1_T36UYA_20230917T035556Z_20260309T201918Z_S1A_30_v0.1,https://hyp3-tibet-jpl-test-contentbucket-hratibh1y9pa.s3.us-west-2.amazonaws.com/e2444260-e5e5-4106-906e-6f631db5d6ef/OPERA_L3_DIST-ALERT-S1_T36UYA_20230917T035556Z_20260309T201918Z_S1A_30_v0.1/OPERA_L3_DIST-ALERT-S1_T36UYA_20230917T035556Z_20260309T201918Z_S1A_30_v0.1_BROWSE.png,2026-03-09T20:07:29+00:00,515.819,4.5,36UYA,1,7,4,none,False,transformer_optimized,high,32,-1,2023-09-17,65,2.5,4,best,none,False
27,Ukraine_War_36UYA,https://hyp3-tibet-jpl-test-contentbucket-hratibh1y9pa.s3.us-west-2.amazonaws.com/4e3a8de6-7bf2-4d9d-9fb0-04dcbd1850d8/OPERA_L3_DIST-ALERT-S1_T36UYA_20240108T151328Z_20260309T201213Z_S1A_30_v0.1.zip,https://hyp3-tibet-jpl-test-contentbucket-hratibh1y9pa.s3.us-west-2.amazonaws.com/4e3a8de6-7bf2-4d9d-9fb0-04dcbd1850d8/OPERA_L3_DIST-ALERT-S1_T36UYA_20240108T151328Z_20260309T201213Z_S1A_30_v0.1,s3://hyp3-tibet-jpl-test-contentbucket-hratibh1y9pa/4e3a8de6-7bf2-4d9d-9fb0-04dcbd1850d8/OPERA_L3_DIST-ALERT-S1_T36UYA_20240108T151328Z_20260309T201213Z_S1A_30_v0.1,https://hyp3-tibet-jpl-test-contentbucket-hratibh1y9pa.s3.us-west-2.amazonaws.com/4e3a8de6-7bf2-4d9d-9fb0-04dcbd1850d8/OPERA_L3_DIST-ALERT-S1_T36UYA_20240108T151328Z_20260309T201213Z_S1A_30_v0.1/OPERA_L3_DIST-ALERT-S1_T36UYA_20240108T151328Z_20260309T201213Z_S1A_30_v0.1_BROWSE.png,2026-03-09T20:07:29+00:00,83.342,4.5,36UYA,1,7,4,none,False,transformer_optimized,high,32,-1,2024-01-08,145,2.5,4,best,none,False
28,Ukraine_War_36UYA,https://hyp3-tibet-jpl-test-contentbucket-hratibh1y9pa.s3.us-west-2.amazonaws.com/6d80a4de-999f-440e-a52a-6523618b2573/OPERA_L3_DIST-ALERT-S1_T36UYA_20231208T152130Z_20260309T202503Z_S1A_30_v0.1.zip,https://hyp3-tibet-jpl-test-contentbucket-hratibh1y9pa.s3.us-west-2.amazonaws.com/6d80a4de-999f-440e-a52a-6523618b2573/OPERA_L3_DIST-ALERT-S1_T36UYA_20231208T152130Z_20260309T202503Z_S1A_30_v0.1,s3://hyp3-tibet-jpl-test-contentbucket-hratibh1y9pa/6d80a4de-999f-440e-a52a-6523618b2573/OPERA_L3_DIST-ALERT-S1_T36UYA_20231208T152130Z_20260309T202503Z_S1A_30_v0.1,https://hyp3-tibet-jpl-test-contentbucket-hratibh1y9pa.s3.us-west-2.amazonaws.com/6d80a4de-999f-440e-a52a-6523618b2573/OPERA_L3_DIST-ALERT-S1_T36UYA_20231208T152130Z_20260309T202503Z_S1A_30_v0.1/OPERA_L3_DIST-ALERT-S1_T36UYA_20231208T152130Z_20260309T202503Z_S1A_30_v0.1_BROWSE.png,2026-03-09T20:07:29+00:00,857.461,4.5,36UYA,1,7,4,none,False,transformer_optimized,high,32,-1,2023-12-08,43,2.5,4,best,none,False
29,Ukraine_War_36UYA,https://hyp3-tibet-jpl-test-contentbucket-hratibh1y9pa.s3.us-west-2.amazonaws.com/be599f03-3340-49e2-8bcb-b2ede6ec9b4c/OPERA_L3_DIST-ALERT-S1_T36UYA_20240125T152127Z_20260309T202550Z_S1A_30_v0.1.zip,https://hyp3-tibet-jpl-test-contentbucket-hratibh1y9pa.s3.us-west-2.amazonaws.com/be599f03-3340-49e2-8bcb-b2ede6ec9b4c/OPERA_L3_DIST-ALERT-S1_T36UYA_20240125T152127Z_20260309T202550Z_S1A_30_v0.1,s3://hyp3-tibet-jpl-test-contentbucket-hratibh1y9pa/be599f03-3340-49e2-8bcb-b2ede6ec9b4c/OPERA_L3_DIST-ALERT-S1_T36UYA_20240125T152127Z_20260309T202550Z_S1A_30_v0.1,https://hyp3-tibet-jpl-test-contentbucket-hratibh1y9pa.s3.us-west-2.amazonaws.com/be599f03-3340-49e2-8bcb-b2ede6ec9b4c/OPERA_L3_DIST-ALERT-S1_T36UYA_20240125T152127Z_20260309T202550Z_S1A_30_v0.1/OPERA_L3_DIST-ALERT-S1_T36UYA_20240125T152127Z_20260309T202550Z_S1A_30_v0.1_BROWSE.png,2026-03-09T20:07:29+00:00,914.513,4.5,36UYA,1,7,4,none,False,transformer_optimized,high,32,-1,2024-01-25,43,2.5,4,best,none,False
30,Ukraine_War_36UYA,https://hyp3-tibet-jpl-test-contentbucket-hratibh1y9pa.s3.us-west-2.amazonaws.com/a9328ad5-7ec5-46d8-a2e3-77da2f3ff14f/OPERA_L3_DIST-ALERT-S1_T36UYA_20230826T033932Z_20260309T202020Z_S1A_30_v0.1.zip,https://hyp3-tibet-jpl-test-contentbucket-hratibh1y9pa.s3.us-west-2.amazonaws.com/a9328ad5-7ec5-46d8-a2e3-77da2f3ff14f/OPERA_L3_DIST-ALERT-S1_T36UYA_20230826T033932Z_20260309T202020Z_S1A_30_v0.1,s3://hyp3-tibet-jpl-test-contentbucket-hratibh1y9pa/a9328ad5-7ec5-46d8-a2e3-77da2f3ff14f/OPERA_L3_DIST-ALERT-S1_T36UYA_20230826T033932Z_20260309T202020Z_S1A_30_v0.1,https://hyp3-tibet-jpl-test-contentbucket-hratibh1y9pa.s3.us-west-2.amazonaws.com/a9328ad5-7ec5-46d8-a2e3-77da2f3ff14f/OPERA_L3_DIST-ALERT-S1_T36UYA_20230826T033932Z_20260309T202020Z_S1A_30_v0.1/OPERA_L3_DIST-ALERT-S1_T36UYA_20230826T033932Z_20260309T202020Z_S1A_30_v0.1_BROWSE.png,2026-03-09T20:07:29+00:00,587.607,4.5,36UYA,1,7,4,none,False,transformer_optimized,high,32,-1,2023-08-26,94,2.5,4,best,none,False
31,Ukraine_War_36UYA,https://hyp3-tibet-jpl-test-contentbucket-hratibh1y9pa.s3.us-west-2.amazonaws.com/cb0a05f3-7155-46a5-aa28-c1b1660c6b65/OPERA_L3_DIST-ALERT-S1_T36UYA_20230805T151329Z_20260309T201229Z_S1A_30_v0.1.zip,https://hyp3-tibet-jpl-test-contentbucket-hratibh1y9pa.s3.us-west-2.amazonaws.com/cb0a05f3-7155-46a5-aa28-c1b1660c6b65/OPERA_L3_DIST-ALERT-S1_T36UYA_20230805T151329Z_20260309T201229Z_S1A_30_v0.1,s3://hyp3-tibet-jpl-test-contentbucket-hratibh1y9pa/cb0a05f3-7155-46a5-aa28-c1b1660c6b65/OPERA_L3_DIST-ALERT-S1_T36UYA_20230805T151329Z_20260309T201229Z_S1A_30_v0.1,https://hyp3-tibet-jpl-test-contentbucket-hratibh1y9pa.s3.us-west-2.amazonaws.com/cb0a05f3-7155-46a5-aa28-c1b1660c6b65/OPERA_L3_DIST-ALERT-S1_T36UYA_20230805T151329Z_20260309T201229Z_S1A_30_v0.1/OPERA_L3_DIST-ALERT-S1_T36UYA_20230805T151329Z_20260309T201229Z_S1A_30_v0.1_BROWSE.png,2026-03-09T20:07:29+00:00,98.772,4.5,36UYA,1,7,4,none,False,transformer_optimized,high,32,-1,2023-08-05,145,2.5,4,best,none,False
32,Ukraine_War_36UYA,https://hyp3-tibet-jpl-test-contentbucket-hratibh1y9pa.s3.us-west-2.amazonaws.com/2512e87e-fe0e-48ab-858d-1d8fb006805a/OPERA_L3_DIST-ALERT-S1_T36UYA_20231025T033934Z_20260309T201642Z_S1A_30_v0.1.zip,https://hyp3-tibet-jpl-test-contentbucket-hratibh1y9pa.s3.us-west-2.amazonaws.com/2512e87e-fe0e-48ab-858d-1d8fb006805a/OPERA_L3_DIST-ALERT-S1_T36UYA_20231025T033934Z_20260309T201642Z_S1A_30_v0.1,s3://hyp3-tibet-jpl-test-contentbucket-hratibh1y9pa/2512e87e-fe0e-48ab-858d-1d8fb006805a/OPERA_L3_DIST-ALERT-S1_T36UYA_20231025T033934Z_20260309T201642Z_S1A_30_v0.1,https://hyp3-tibet-jpl-test-contentbucket-hratibh1y9pa.s3.us-west-2.amazonaws.com/2512e87e-fe0e-48ab-858d-1d8fb006805a/OPERA_L3_DIST-ALERT-S1_T36UYA_20231025T033934Z_20260309T201642Z_S1A_30_v0.1/OPERA_L3_DIST-ALERT-S1_T36UYA_20231025T033934Z_20260309T201642Z_S1A_30_v0.1_BROWSE.png,2026-03-09T20:07:29+00:00,351.025,4.5,36UYA,1,7,4,none,False,transformer_optimized,high,32,-1,2023-10-25,94,2.5,4,best,none,False
33,Ukraine_War_36UYA,https://hyp3-tibet-jpl-test-contentbucket-hratibh1y9pa.s3.us-west-2.amazonaws.com/a537e90b-d626-4b64-b1c1-5fc1a52a1c0b/OPERA_L3_DIST-ALERT-S1_T36UYA_20230829T151330Z_20260309T201212Z_S1A_30_v0.1.zip,https://hyp3-tibet-jpl-test-contentbucket-hratibh1y9pa.s3.us-west-2.amazonaws.com/a537e90b-d626-4b64-b1c1-5fc1a52a1c0b/OPERA_L3_DIST-ALERT-S1_T36UYA_20230829T151330Z_20260309T201212Z_S1A_30_v0.1,s3://hyp3-tibet-jpl-test-contentbucket-hratibh1y9pa/a537e90b-d626-4b64-b1c1-5fc1a52a1c0b/OPERA_L3_DIST-ALERT-S1_T36UYA_20230829T151330Z_20260309T201212Z_S1A_30_v0.1,https://hyp3-tibet-jpl-test-contentbucket-hratibh1y9pa.s3.us-west-2.amazonaws.com/a537e90b-d626-4b64-b1c1-5fc1a52a1c0b/OPERA_L3_DIST-ALERT-S1_T36UYA_20230829T151330Z_20260309T201212Z_S1A_30_v0.1/OPERA_L3_DIST-ALERT-S1_T36UYA_20230829T151330Z_20260309T201212Z_S1A_30_v0.1_BROWSE.png,2026-03-09T20:07:29+00:00,75.701,4.5,36UYA,1,7,4,none,False,transformer_optimized,high,32,-1,2023-08-29,145,2.5,4,best,none,False
34,Ukraine_War_36UYA,https://hyp3-tibet-jpl-test-contentbucket-hratibh1y9pa.s3.us-west-2.amazonaws.com/9db164d4-0770-4bf4-9ff0-1bd410ce4f4c/OPERA_L3_DIST-ALERT-S1_T36UYA_20230910T151331Z_20260309T201211Z_S1A_30_v0.1.zip,https://hyp3-tibet-jpl-test-contentbucket-hratibh1y9pa.s3.us-west-2.amazonaws.com/9db164d4-0770-4bf4-9ff0-1bd410ce4f4c/OPERA_L3_DIST-ALERT-S1_T36UYA_20230910T151331Z_20260309T201211Z_S1A_30_v0.1,s3://hyp3-tibet-jpl-test-contentbucket-hratibh1y9pa/9db164d4-0770-4bf4-9ff0-1bd410ce4f4c/OPERA_L3_DIST-ALERT-S1_T36UYA_20230910T151331Z_20260309T201211Z_S1A_30_v0.1,https://hyp3-tibet-jpl-test-contentbucket-hratibh1y9pa.s3.us-west-2.amazonaws.com/9db164d4-0770-4bf4-9ff0-1bd410ce4f4c/OPERA_L3_DIST-ALERT-S1_T36UYA_20230910T151331Z_20260309T201211Z_S1A_30_v0.1/OPERA_L3_DIST-ALERT-S1_T36UYA_20230910T151331Z_20260309T201211Z_S1A_30_v0.1_BROWSE.png,2026-03-09T20:07:29+00:00,83.906,4.5,36UYA,1,7,4,none,False,transformer_optimized,high,32,-1,2023-09-10,145,2.5,4,best,none,False
35,Ukraine_War_36UYA,https://hyp3-tibet-jpl-test-contentbucket-hratibh1y9pa.s3.us-west-2.amazonaws.com/cbfad0eb-3bad-429b-9559-af3f09947467/OPERA_L3_DIST-ALERT-S1_T36UYA_20240118T152937Z_20260309T202658Z_S1A_30_v0.1.zip,https://hyp3-tibet-jpl-test-contentbucket-hratibh1y9pa.s3.us-west-2.amazonaws.com/cbfad0eb-3bad-429b-9559-af3f09947467/OPERA_L3_DIST-ALERT-S1_T36UYA_20240118T152937Z_20260309T202658Z_S1A_30_v0.1,s3://hyp3-tibet-jpl-test-contentbucket-hratibh1y9pa/cbfad0eb-3bad-429b-9559-af3f09947467/OPERA_L3_DIST-ALERT-S1_T36UYA_20240118T152937Z_20260309T202658Z_S1A_30_v0.1,https://hyp3-tibet-jpl-test-contentbucket-hratibh1y9pa.s3.us-west-2.amazonaws.com/cbfad0eb-3bad-429b-9559-af3f09947467/OPERA_L3_DIST-ALERT-S1_T36UYA_20240118T152937Z_20260309T202658Z_S1A_30_v0.1/OPERA_L3_DIST-ALERT-S1_T36UYA_20240118T152937Z_20260309T202658Z_S1A_30_v0.1_BROWSE.png,2026-03-09T20:07:29+00:00,986.093,4.5,36UYA,1,7,4,none,False,transformer_optimized,high,32,-1,2024-01-18,116,2.5,4,best,none,False
36,Ukraine_War_36UYA,https://hyp3-tibet-jpl-test-contentbucket-hratibh1y9pa.s3.us-west-2.amazonaws.com/93c643e3-f8ea-47ef-b18a-67c32d758dd8/OPERA_L3_DIST-ALERT-S1_T36UYA_20231009T152131Z_20260309T202741Z_S1A_30_v0.1.zip,https://hyp3-tibet-jpl-test-contentbucket-hratibh1y9pa.s3.us-west-2.amazonaws.com/93c643e3-f8ea-47ef-b18a-67c32d758dd8/OPERA_L3_DIST-ALERT-S1_T36UYA_20231009T152131Z_20260309T202741Z_S1A_30_v0.1,s3://hyp3-tibet-jpl-test-contentbucket-hratibh1y9pa/93c643e3-f8ea-47ef-b18a-67c32d758dd8/OPERA_L3_DIST-ALERT-S1_T36UYA_20231009T152131Z_20260309T202741Z_S1A_30_v0.1,https://hyp3-tibet-jpl-test-contentbucket-hratibh1y9pa.s3.us-west-2.amazonaws.com/93c643e3-f8ea-47ef-b18a-67c32d758dd8/OPERA_L3_DIST-ALERT-S1_T36UYA_20231009T152131Z_20260309T202741Z_S1A_30_v0.1/OPERA_L3_DIST-ALERT-S1_T36UYA_20231009T152131Z_20260309T202741Z_S1A_30_v0.1_BROWSE.png,2026-03-09T20:07:29+00:00,1027.85,4.5,36UYA,1,7,4,none,False,transformer_optimized,high,32,-1,2023-10-09,43,2.5,4,best,none,False
37,Ukraine_War_36UYA,https://hyp3-tibet-jpl-test-contentbucket-hratibh1y9pa.s3.us-west-2.amazonaws.com/7088f0a0-8cc3-45ec-88f6-cf5f9c4b59a7/OPERA_L3_DIST-ALERT-S1_T36UYA_20240106T152938Z_20260309T202904Z_S1A_30_v0.1.zip,https://hyp3-tibet-jpl-test-contentbucket-hratibh1y9pa.s3.us-west-2.amazonaws.com/7088f0a0-8cc3-45ec-88f6-cf5f9c4b59a7/OPERA_L3_DIST-ALERT-S1_T36UYA_20240106T152938Z_20260309T202904Z_S1A_30_v0.1,s3://hyp3-tibet-jpl-test-contentbucket-hratibh1y9pa/7088f0a0-8cc3-45ec-88f6-cf5f9c4b59a7/OPERA_L3_DIST-ALERT-S1_T36UYA_20240106T152938Z_20260309T202904Z_S1A_30_v0.1,https://hyp3-tibet-jpl-test-contentbucket-hratibh1y9pa.s3.us-west-2.amazonaws.com/7088f0a0-8cc3-45ec-88f6-cf5f9c4b59a7/OPERA_L3_DIST-ALERT-S1_T36UYA_20240106T152938Z_20260309T202904Z_S1A_30_v0.1/OPERA_L3_DIST-ALERT-S1_T36UYA_20240106T152938Z_20260309T202904Z_S1A_30_v0.1_BROWSE.png,2026-03-09T20:07:29+00:00,1110.721,4.5,36UYA,1,7,4,none,False,transformer_optimized,high,32,-1,2024-01-06,116,2.5,4,best,none,False
38,Ukraine_War_36UYA,https://hyp3-tibet-jpl-test-contentbucket-hratibh1y9pa.s3.us-west-2.amazonaws.com/71a419e7-07bb-416d-809c-53a954b8ada7/OPERA_L3_DIST-ALERT-S1_T36UYA_20240115T035553Z_20260309T201830Z_S1A_30_v0.1.zip,https://hyp3-tibet-jpl-test-contentbucket-hratibh1y9pa.s3.us-west-2.amazonaws.com/71a419e7-07bb-416d-809c-53a954b8ada7/OPERA_L3_DIST-ALERT-S1_T36UYA_20240115T035553Z_20260309T201830Z_S1A_30_v0.1,s3://hyp3-tibet-jpl-test-contentbucket-hratibh1y9pa/71a419e7-07bb-416d-809c-53a954b8ada7/OPERA_L3_DIST-ALERT-S1_T36UYA_20240115T035553Z_20260309T201830Z_S1A_30_v0.1,https://hyp3-tibet-jpl-test-contentbucket-hratibh1y9pa.s3.us-west-2.amazonaws.com/71a419e7-07bb-416d-809c-53a954b8ada7/OPERA_L3_DIST-ALERT-S1_T36UYA_20240115T035553Z_20260309T201830Z_S1A_30_v0.1/OPERA_L3_DIST-ALERT-S1_T36UYA_20240115T035553Z_20260309T201830Z_S1A_30_v0.1_BROWSE.png,2026-03-09T20:07:29+00:00,464.247,4.5,36UYA,1,7,4,none,False,transformer_optimized,high,32,-1,2024-01-15,65,2.5,4,best,none,False
39,Ukraine_War_36UYA,https://hyp3-tibet-jpl-test-contentbucket-hratibh1y9pa.s3.us-west-2.amazonaws.com/b0673046-1427-4f5c-aa5a-9aca29c0d103/OPERA_L3_DIST-ALERT-S1_T36UYA_20231109T151330Z_20260309T201212Z_S1A_30_v0.1.zip,https://hyp3-tibet-jpl-test-contentbucket-hratibh1y9pa.s3.us-west-2.amazonaws.com/b0673046-1427-4f5c-aa5a-9aca29c0d103/OPERA_L3_DIST-ALERT-S1_T36UYA_20231109T151330Z_20260309T201212Z_S1A_30_v0.1,s3://hyp3-tibet-jpl-test-contentbucket-hratibh1y9pa/b0673046-1427-4f5c-aa5a-9aca29c0d103/OPERA_L3_DIST-ALERT-S1_T36UYA_20231109T151330Z_20260309T201212Z_S1A_30_v0.1,https://hyp3-tibet-jpl-test-contentbucket-hratibh1y9pa.s3.us-west-2.amazonaws.com/b0673046-1427-4f5c-aa5a-9aca29c0d103/OPERA_L3_DIST-ALERT-S1_T36UYA_20231109T151330Z_20260309T201212Z_S1A_30_v0.1/OPERA_L3_DIST-ALERT-S1_T36UYA_20231109T151330Z_20260309T201212Z_S1A_30_v0.1_BROWSE.png,2026-03-09T20:07:29+00:00,84.766,4.5,36UYA,1,7,4,none,False,transformer_optimized,high,32,-1,2023-11-09,145,2.5,4,best,none,False
40,Ukraine_War_36UYA,https://hyp3-tibet-jpl-test-contentbucket-hratibh1y9pa.s3.us-west-2.amazonaws.com/26914e36-96fc-499d-bc22-af76c6704e63/OPERA_L3_DIST-ALERT-S1_T36UYA_20240220T035552Z_20260309T202109Z_S1A_30_v0.1.zip,https://hyp3-tibet-jpl-test-contentbucket-hratibh1y9pa.s3.us-west-2.amazonaws.com/26914e36-96fc-499d-bc22-af76c6704e63/OPERA_L3_DIST-ALERT-S1_T36UYA_20240220T035552Z_20260309T202109Z_S1A_30_v0.1,s3://hyp3-tibet-jpl-test-contentbucket-hratibh1y9pa/26914e36-96fc-499d-bc22-af76c6704e63/OPERA_L3_DIST-ALERT-S1_T36UYA_20240220T035552Z_20260309T202109Z_S1A_30_v0.1,https://hyp3-tibet-jpl-test-contentbucket-hratibh1y9pa.s3.us-west-2.amazonaws.com/26914e36-96fc-499d-bc22-af76c6704e63/OPERA_L3_DIST-ALERT-S1_T36UYA_20240220T035552Z_20260309T202109Z_S1A_30_v0.1/OPERA_L3_DIST-ALERT-S1_T36UYA_20240220T035552Z_20260309T202109Z_S1A_30_v0.1_BROWSE.png,2026-03-09T20:07:29+00:00,626.481,4.5,36UYA,1,7,4,none,False,transformer_optimized,high,32,-1,2024-02-20,65,2.5,4,best,none,False
41,Ukraine_War_36UYA,https://hyp3-tibet-jpl-test-contentbucket-hratibh1y9pa.s3.us-west-2.amazonaws.com/659f7792-aae6-4fc0-b5e0-674e11970170/OPERA_L3_DIST-ALERT-S1_T36UYA_20231201T152940Z_20260309T202225Z_S1A_30_v0.1.zip,https://hyp3-tibet-jpl-test-contentbucket-hratibh1y9pa.s3.us-west-2.amazonaws.com/659f7792-aae6-4fc0-b5e0-674e11970170/OPERA_L3_DIST-ALERT-S1_T36UYA_20231201T152940Z_20260309T202225Z_S1A_30_v0.1,s3://hyp3-tibet-jpl-test-contentbucket-hratibh1y9pa/659f7792-aae6-4fc0-b5e0-674e11970170/OPERA_L3_DIST-ALERT-S1_T36UYA_20231201T152940Z_20260309T202225Z_S1A_30_v0.1,https://hyp3-tibet-jpl-test-contentbucket-hratibh1y9pa.s3.us-west-2.amazonaws.com/659f7792-aae6-4fc0-b5e0-674e11970170/OPERA_L3_DIST-ALERT-S1_T36UYA_20231201T152940Z_20260309T202225Z_S1A_30_v0.1/OPERA_L3_DIST-ALERT-S1_T36UYA_20231201T152940Z_20260309T202225Z_S1A_30_v0.1_BROWSE.png,2026-03-09T20:07:29+00:00,712.053,4.5,36UYA,1,7,4,none,False,transformer_optimized,high,32,-1,2023-12-01,116,2.5,4,best,none,False
42,Ukraine_War_36UYA,https://hyp3-tibet-jpl-test-contentbucket-hratibh1y9pa.s3.us-west-2.amazonaws.com/27b0969d-b5a9-4409-85fd-0f65ed29520c/OPERA_L3_DIST-ALERT-S1_T36UYA_20231102T152130Z_20260309T202240Z_S1A_30_v0.1.zip,https://hyp3-tibet-jpl-test-contentbucket-hratibh1y9pa.s3.us-west-2.amazonaws.com/27b0969d-b5a9-4409-85fd-0f65ed29520c/OPERA_L3_DIST-ALERT-S1_T36UYA_20231102T152130Z_20260309T202240Z_S1A_30_v0.1,s3://hyp3-tibet-jpl-test-contentbucket-hratibh1y9pa/27b0969d-b5a9-4409-85fd-0f65ed29520c/OPERA_L3_DIST-ALERT-S1_T36UYA_20231102T152130Z_20260309T202240Z_S1A_30_v0.1,https://hyp3-tibet-jpl-test-contentbucket-hratibh1y9pa.s3.us-west-2.amazonaws.com/27b0969d-b5a9-4409-85fd-0f65ed29520c/OPERA_L3_DIST-ALERT-S1_T36UYA_20231102T152130Z_20260309T202240Z_S1A_30_v0.1/OPERA_L3_DIST-ALERT-S1_T36UYA_20231102T152130Z_20260309T202240Z_S1A_30_v0.1_BROWSE.png,2026-03-09T20:07:29+00:00,717.57,4.5,36UYA,1,7,4,none,False,transformer_optimized,high,32,-1,2023-11-02,43,2.5,4,best,none,False
43,Ukraine_War_36UYA,https://hyp3-tibet-jpl-test-contentbucket-hratibh1y9pa.s3.us-west-2.amazonaws.com/7229c837-1d60-4fab-a278-add5a2c9f358/OPERA_L3_DIST-ALERT-S1_T36UYA_20240218T152127Z_20260309T202511Z_S1A_30_v0.1.zip,https://hyp3-tibet-jpl-test-contentbucket-hratibh1y9pa.s3.us-west-2.amazonaws.com/7229c837-1d60-4fab-a278-add5a2c9f358/OPERA_L3_DIST-ALERT-S1_T36UYA_20240218T152127Z_20260309T202511Z_S1A_30_v0.1,s3://hyp3-tibet-jpl-test-contentbucket-hratibh1y9pa/7229c837-1d60-4fab-a278-add5a2c9f358/OPERA_L3_DIST-ALERT-S1_T36UYA_20240218T152127Z_20260309T202511Z_S1A_30_v0.1,https://hyp3-tibet-jpl-test-contentbucket-hratibh1y9pa.s3.us-west-2.amazonaws.com/7229c837-1d60-4fab-a278-add5a2c9f358/OPERA_L3_DIST-ALERT-S1_T36UYA_20240218T152127Z_20260309T202511Z_S1A_30_v0.1/OPERA_L3_DIST-ALERT-S1_T36UYA_20240218T152127Z_20260309T202511Z_S1A_30_v0.1_BROWSE.png,2026-03-09T20:07:29+00:00,868.038,4.5,36UYA,1,7,4,none,False,transformer_optimized,high,32,-1,2024-02-18,43,2.5,4,best,none,False
44,Ukraine_War_36UYA,https://hyp3-tibet-jpl-test-contentbucket-hratibh1y9pa.s3.us-west-2.amazonaws.com/edbb753f-c2ea-48f8-9994-ccf4cae1d3ba/OPERA_L3_DIST-ALERT-S1_T36UYA_20231215T151329Z_20260309T201217Z_S1A_30_v0.1.zip,https://hyp3-tibet-jpl-test-contentbucket-hratibh1y9pa.s3.us-west-2.amazonaws.com/edbb753f-c2ea-48f8-9994-ccf4cae1d3ba/OPERA_L3_DIST-ALERT-S1_T36UYA_20231215T151329Z_20260309T201217Z_S1A_30_v0.1,s3://hyp3-tibet-jpl-test-contentbucket-hratibh1y9pa/edbb753f-c2ea-48f8-9994-ccf4cae1d3ba/OPERA_L3_DIST-ALERT-S1_T36UYA_20231215T151329Z_20260309T201217Z_S1A_30_v0.1,https://hyp3-tibet-jpl-test-contentbucket-hratibh1y9pa.s3.us-west-2.amazonaws.com/edbb753f-c2ea-48f8-9994-ccf4cae1d3ba/OPERA_L3_DIST-ALERT-S1_T36UYA_20231215T151329Z_20260309T201217Z_S1A_30_v0.1/OPERA_L3_DIST-ALERT-S1_T36UYA_20231215T151329Z_20260309T201217Z_S1A_30_v0.1_BROWSE.png,2026-03-09T20:07:29+00:00,83.872,4.5,36UYA,1,7,4,none,False,transformer_optimized,high,32,-1,2023-12-15,145,2.5,4,best,none,False
45,Ukraine_War_36UYA,https://hyp3-tibet-jpl-test-contentbucket-hratibh1y9pa.s3.us-west-2.amazonaws.com/88956bd4-53cb-463b-8583-83fec9b9a9f7/OPERA_L3_DIST-ALERT-S1_T36UYA_20230712T151327Z_20260309T201217Z_S1A_30_v0.1.zip,https://hyp3-tibet-jpl-test-contentbucket-hratibh1y9pa.s3.us-west-2.amazonaws.com/88956bd4-53cb-463b-8583-83fec9b9a9f7/OPERA_L3_DIST-ALERT-S1_T36UYA_20230712T151327Z_20260309T201217Z_S1A_30_v0.1,s3://hyp3-tibet-jpl-test-contentbucket-hratibh1y9pa/88956bd4-53cb-463b-8583-83fec9b9a9f7/OPERA_L3_DIST-ALERT-S1_T36UYA_20230712T151327Z_20260309T201217Z_S1A_30_v0.1,https://hyp3-tibet-jpl-test-contentbucket-hratibh1y9pa.s3.us-west-2.amazonaws.com/88956bd4-53cb-463b-8583-83fec9b9a9f7/OPERA_L3_DIST-ALERT-S1_T36UYA_20230712T151327Z_20260309T201217Z_S1A_30_v0.1/OPERA_L3_DIST-ALERT-S1_T36UYA_20230712T151327Z_20260309T201217Z_S1A_30_v0.1_BROWSE.png,2026-03-09T20:07:29+00:00,84.079,4.5,36UYA,1,7,4,none,False,transformer_optimized,high,32,-1,2023-07-12,145,2.5,4,best,none,False
46,Ukraine_War_36UYA,https://hyp3-tibet-jpl-test-contentbucket-hratibh1y9pa.s3.us-west-2.amazonaws.com/a595c56b-d63e-4baf-8cc0-d6ee6726aabb/OPERA_L3_DIST-ALERT-S1_T36UYA_20231014T152941Z_20260309T202413Z_S1A_30_v0.1.zip,https://hyp3-tibet-jpl-test-contentbucket-hratibh1y9pa.s3.us-west-2.amazonaws.com/a595c56b-d63e-4baf-8cc0-d6ee6726aabb/OPERA_L3_DIST-ALERT-S1_T36UYA_20231014T152941Z_20260309T202413Z_S1A_30_v0.1,s3://hyp3-tibet-jpl-test-contentbucket-hratibh1y9pa/a595c56b-d63e-4baf-8cc0-d6ee6726aabb/OPERA_L3_DIST-ALERT-S1_T36UYA_20231014T152941Z_20260309T202413Z_S1A_30_v0.1,https://hyp3-tibet-jpl-test-contentbucket-hratibh1y9pa.s3.us-west-2.amazonaws.com/a595c56b-d63e-4baf-8cc0-d6ee6726aabb/OPERA_L3_DIST-ALERT-S1_T36UYA_20231014T152941Z_20260309T202413Z_S1A_30_v0.1/OPERA_L3_DIST-ALERT-S1_T36UYA_20231014T152941Z_20260309T202413Z_S1A_30_v0.1_BROWSE.png,2026-03-09T20:07:29+00:00,818.866,4.5,36UYA,1,7,4,none,False,transformer_optimized,high,32,-1,2023-10-14,116,2.5,4,best,none,False
47,Ukraine_War_36UYA,https://hyp3-tibet-jpl-test-contentbucket-hratibh1y9pa.s3.us-west-2.amazonaws.com/cd22ba03-b3eb-4dde-b970-1c18e70cedea/OPERA_L3_DIST-ALERT-S1_T36UYA_20230908T152940Z_20260309T202107Z_S1A_30_v0.1.zip,https://hyp3-tibet-jpl-test-contentbucket-hratibh1y9pa.s3.us-west-2.amazonaws.com/cd22ba03-b3eb-4dde-b970-1c18e70cedea/OPERA_L3_DIST-ALERT-S1_T36UYA_20230908T152940Z_20260309T202107Z_S1A_30_v0.1,s3://hyp3-tibet-jpl-test-contentbucket-hratibh1y9pa/cd22ba03-b3eb-4dde-b970-1c18e70cedea/OPERA_L3_DIST-ALERT-S1_T36UYA_20230908T152940Z_20260309T202107Z_S1A_30_v0.1,https://hyp3-tibet-jpl-test-contentbucket-hratibh1y9pa.s3.us-west-2.amazonaws.com/cd22ba03-b3eb-4dde-b970-1c18e70cedea/OPERA_L3_DIST-ALERT-S1_T36UYA_20230908T152940Z_20260309T202107Z_S1A_30_v0.1/OPERA_L3_DIST-ALERT-S1_T36UYA_20230908T152940Z_20260309T202107Z_S1A_30_v0.1_BROWSE.png,2026-03-09T20:07:29+00:00,499.424,4.5,36UYA,1,7,4,none,False,transformer_optimized,high,32,-1,2023-09-08,116,2.5,4,best,none,False
48,Ukraine_War_36UYA,https://hyp3-tibet-jpl-test-contentbucket-hratibh1y9pa.s3.us-west-2.amazonaws.com/11e81ea6-9221-4d90-8f2c-9cad65c1253c/OPERA_L3_DIST-ALERT-S1_T36UYA_20240130T152937Z_20260309T202250Z_S1A_30_v0.1.zip,https://hyp3-tibet-jpl-test-contentbucket-hratibh1y9pa.s3.us-west-2.amazonaws.com/11e81ea6-9221-4d90-8f2c-9cad65c1253c/OPERA_L3_DIST-ALERT-S1_T36UYA_20240130T152937Z_20260309T202250Z_S1A_30_v0.1,s3://hyp3-tibet-jpl-test-contentbucket-hratibh1y9pa/11e81ea6-9221-4d90-8f2c-9cad65c1253c/OPERA_L3_DIST-ALERT-S1_T36UYA_20240130T152937Z_20260309T202250Z_S1A_30_v0.1,https://hyp3-tibet-jpl-test-contentbucket-hratibh1y9pa.s3.us-west-2.amazonaws.com/11e81ea6-9221-4d90-8f2c-9cad65c1253c/OPERA_L3_DIST-ALERT-S1_T36UYA_20240130T152937Z_20260309T202250Z_S1A_30_v0.1/OPERA_L3_DIST-ALERT-S1_T36UYA_20240130T152937Z_20260309T202250Z_S1A_30_v0.1_BROWSE.png,2026-03-09T20:07:29+00:00,730.237,4.5,36UYA,1,7,4,none,False,transformer_optimized,high,32,-1,2024-01-30,116,2.5,4,best,none,False
49,Ukraine_War_36UYA,https://hyp3-tibet-jpl-test-contentbucket-hratibh1y9pa.s3.us-west-2.amazonaws.com/d4edb188-be22-4e69-9568-291b3bd1cb86/OPERA_L3_DIST-ALERT-S1_T36UYA_20231106T033933Z_20260309T202339Z_S1A_30_v0.1.zip,https://hyp3-tibet-jpl-test-contentbucket-hratibh1y9pa.s3.us-west-2.amazonaws.com/d4edb188-be22-4e69-9568-291b3bd1cb86/OPERA_L3_DIST-ALERT-S1_T36UYA_20231106T033933Z_20260309T202339Z_S1A_30_v0.1,s3://hyp3-tibet-jpl-test-contentbucket-hratibh1y9pa/d4edb188-be22-4e69-9568-291b3bd1cb86/OPERA_L3_DIST-ALERT-S1_T36UYA_20231106T033933Z_20260309T202339Z_S1A_30_v0.1,https://hyp3-tibet-jpl-test-contentbucket-hratibh1y9pa.s3.us-west-2.amazonaws.com/d4edb188-be22-4e69-9568-291b3bd1cb86/OPERA_L3_DIST-ALERT-S1_T36UYA_20231106T033933Z_20260309T202339Z_S1A_30_v0.1/OPERA_L3_DIST-ALERT-S1_T36UYA_20231106T033933Z_20260309T202339Z_S1A_30_v0.1_BROWSE.png,2026-03-09T20:07:29+00:00,782.584,4.5,36UYA,1,7,4,none,False,transformer_optimized,high,32,-1,2023-11-06,94,2.5,4,best,none,False
50,Ukraine_War_36UYA,https://hyp3-tibet-jpl-test-contentbucket-hratibh1y9pa.s3.us-west-2.amazonaws.com/c15e128b-8e52-4e75-bd1c-bec4e21cf684/OPERA_L3_DIST-ALERT-S1_T36UYA_20230812T035554Z_20260309T202052Z_S1A_30_v0.1.zip,https://hyp3-tibet-jpl-test-contentbucket-hratibh1y9pa.s3.us-west-2.amazonaws.com/c15e128b-8e52-4e75-bd1c-bec4e21cf684/OPERA_L3_DIST-ALERT-S1_T36UYA_20230812T035554Z_20260309T202052Z_S1A_30_v0.1,s3://hyp3-tibet-jpl-test-contentbucket-hratibh1y9pa/c15e128b-8e52-4e75-bd1c-bec4e21cf684/OPERA_L3_DIST-ALERT-S1_T36UYA_20230812T035554Z_20260309T202052Z_S1A_30_v0.1,https://hyp3-tibet-jpl-test-contentbucket-hratibh1y9pa.s3.us-west-2.amazonaws.com/c15e128b-8e52-4e75-bd1c-bec4e21cf684/OPERA_L3_DIST-ALERT-S1_T36UYA_20230812T035554Z_20260309T202052Z_S1A_30_v0.1/OPERA_L3_DIST-ALERT-S1_T36UYA_20230812T035554Z_20260309T202052Z_S1A_30_v0.1_BROWSE.png,2026-03-09T20:07:29+00:00,606.886,4.5,36UYA,1,7,4,none,False,transformer_optimized,high,32,-1,2023-08-12,65,2.5,4,best,none,False
51,Ukraine_War_36UYA,https://hyp3-tibet-jpl-test-contentbucket-hratibh1y9pa.s3.us-west-2.amazonaws.com/ad1a1919-808a-48a2-9442-1b534dd07566/OPERA_L3_DIST-ALERT-S1_T36UYA_20231212T033932Z_20260309T201825Z_S1A_30_v0.1.zip,https://hyp3-tibet-jpl-test-contentbucket-hratibh1y9pa.s3.us-west-2.amazonaws.com/ad1a1919-808a-48a2-9442-1b534dd07566/OPERA_L3_DIST-ALERT-S1_T36UYA_20231212T033932Z_20260309T201825Z_S1A_30_v0.1,s3://hyp3-tibet-jpl-test-contentbucket-hratibh1y9pa/ad1a1919-808a-48a2-9442-1b534dd07566/OPERA_L3_DIST-ALERT-S1_T36UYA_20231212T033932Z_20260309T201825Z_S1A_30_v0.1,https://hyp3-tibet-jpl-test-contentbucket-hratibh1y9pa.s3.us-west-2.amazonaws.com/ad1a1919-808a-48a2-9442-1b534dd07566/OPERA_L3_DIST-ALERT-S1_T36UYA_20231212T033932Z_20260309T201825Z_S1A_30_v0.1/OPERA_L3_DIST-ALERT-S1_T36UYA_20231212T033932Z_20260309T201825Z_S1A_30_v0.1_BROWSE.png,2026-03-09T20:07:29+00:00,461.447,4.5,36UYA,1,7,4,none,False,transformer_optimized,high,32,-1,2023-12-12,94,2.5,4,best,none,False
52,Ukraine_War_36UYA,https://hyp3-tibet-jpl-test-contentbucket-hratibh1y9pa.s3.us-west-2.amazonaws.com/8f6a1fca-29fa-45ea-8935-300cd4610095/OPERA_L3_DIST-ALERT-S1_T36UYA_20230810T152128Z_20260309T202545Z_S1A_30_v0.1.zip,https://hyp3-tibet-jpl-test-contentbucket-hratibh1y9pa.s3.us-west-2.amazonaws.com/8f6a1fca-29fa-45ea-8935-300cd4610095/OPERA_L3_DIST-ALERT-S1_T36UYA_20230810T152128Z_20260309T202545Z_S1A_30_v0.1,s3://hyp3-tibet-jpl-test-contentbucket-hratibh1y9pa/8f6a1fca-29fa-45ea-8935-300cd4610095/OPERA_L3_DIST-ALERT-S1_T36UYA_20230810T152128Z_20260309T202545Z_S1A_30_v0.1,https://hyp3-tibet-jpl-test-contentbucket-hratibh1y9pa.s3.us-west-2.amazonaws.com/8f6a1fca-29fa-45ea-8935-300cd4610095/OPERA_L3_DIST-ALERT-S1_T36UYA_20230810T152128Z_20260309T202545Z_S1A_30_v0.1/OPERA_L3_DIST-ALERT-S1_T36UYA_20230810T152128Z_20260309T202545Z_S1A_30_v0.1_BROWSE.png,2026-03-09T20:07:29+00:00,907.174,4.5,36UYA,1,7,4,none,False,transformer_optimized,high,32,-1,2023-08-10,43,2.5,4,best,none,False
53,Ukraine_War_36UYA,https://hyp3-tibet-jpl-test-contentbucket-hratibh1y9pa.s3.us-west-2.amazonaws.com/59142a3c-64f1-4b04-b381-7bf4cba6000a/OPERA_L3_DIST-ALERT-S1_T36UYA_20230717T152128Z_20260309T202545Z_S1A_30_v0.1.zip,https://hyp3-tibet-jpl-test-contentbucket-hratibh1y9pa.s3.us-west-2.amazonaws.com/59142a3c-64f1-4b04-b381-7bf4cba6000a/OPERA_L3_DIST-ALERT-S1_T36UYA_20230717T152128Z_20260309T202545Z_S1A_30_v0.1,s3://hyp3-tibet-jpl-test-contentbucket-hratibh1y9pa/59142a3c-64f1-4b04-b381-7bf4cba6000a/OPERA_L3_DIST-ALERT-S1_T36UYA_20230717T152128Z_20260309T202545Z_S1A_30_v0.1,https://hyp3-tibet-jpl-test-contentbucket-hratibh1y9pa.s3.us-west-2.amazonaws.com/59142a3c-64f1-4b04-b381-7bf4cba6000a/OPERA_L3_DIST-ALERT-S1_T36UYA_20230717T152128Z_20260309T202545Z_S1A_30_v0.1/OPERA_L3_DIST-ALERT-S1_T36UYA_20230717T152128Z_20260309T202545Z_S1A_30_v0.1_BROWSE.png,2026-03-09T20:07:29+00:00,907.866,4.5,36UYA,1,7,4,none,False,transformer_optimized,high,32,-1,2023-07-17,43,2.5,4,best,none,False
54,Ukraine_War_36UYA,https://hyp3-tibet-jpl-test-contentbucket-hratibh1y9pa.s3.us-west-2.amazonaws.com/41ceefb3-7f1e-491f-842e-96bfc6b0930a/OPERA_L3_DIST-ALERT-S1_T36UYA_20240129T033930Z_20260309T202133Z_S1A_30_v0.1.zip,https://hyp3-tibet-jpl-test-contentbucket-hratibh1y9pa.s3.us-west-2.amazonaws.com/41ceefb3-7f1e-491f-842e-96bfc6b0930a/OPERA_L3_DIST-ALERT-S1_T36UYA_20240129T033930Z_20260309T202133Z_S1A_30_v0.1,s3://hyp3-tibet-jpl-test-contentbucket-hratibh1y9pa/41ceefb3-7f1e-491f-842e-96bfc6b0930a/OPERA_L3_DIST-ALERT-S1_T36UYA_20240129T033930Z_20260309T202133Z_S1A_30_v0.1,https://hyp3-tibet-jpl-test-contentbucket-hratibh1y9pa.s3.us-west-2.amazonaws.com/41ceefb3-7f1e-491f-842e-96bfc6b0930a/OPERA_L3_DIST-ALERT-S1_T36UYA_20240129T033930Z_20260309T202133Z_S1A_30_v0.1/OPERA_L3_DIST-ALERT-S1_T36UYA_20240129T033930Z_20260309T202133Z_S1A_30_v0.1_BROWSE.png,2026-03-09T20:07:29+00:00,654.2,4.5,36UYA,1,7,4,none,False,transformer_optimized,high,32,-1,2024-01-29,94,2.5,4,best,none,False
55,Ukraine_War_36UYA,https://hyp3-tibet-jpl-test-contentbucket-hratibh1y9pa.s3.us-west-2.amazonaws.com/50f238c0-ec41-4f2a-802f-5e4157c38558/OPERA_L3_DIST-ALERT-S1_T36UYA_20230803T152939Z_20260309T202654Z_S1A_30_v0.1.zip,https://hyp3-tibet-jpl-test-contentbucket-hratibh1y9pa.s3.us-west-2.amazonaws.com/50f238c0-ec41-4f2a-802f-5e4157c38558/OPERA_L3_DIST-ALERT-S1_T36UYA_20230803T152939Z_20260309T202654Z_S1A_30_v0.1,s3://hyp3-tibet-jpl-test-contentbucket-hratibh1y9pa/50f238c0-ec41-4f2a-802f-5e4157c38558/OPERA_L3_DIST-ALERT-S1_T36UYA_20230803T152939Z_20260309T202654Z_S1A_30_v0.1,https://hyp3-tibet-jpl-test-contentbucket-hratibh1y9pa.s3.us-west-2.amazonaws.com/50f238c0-ec41-4f2a-802f-5e4157c38558/OPERA_L3_DIST-ALERT-S1_T36UYA_20230803T152939Z_20260309T202654Z_S1A_30_v0.1/OPERA_L3_DIST-ALERT-S1_T36UYA_20230803T152939Z_20260309T202654Z_S1A_30_v0.1_BROWSE.png,2026-03-09T20:07:29+00:00,974.133,4.5,36UYA,1,7,4,none,False,transformer_optimized,high,32,-1,2023-08-03,116,2.5,4,best,none,False
56,Ukraine_War_36UYA,https://hyp3-tibet-jpl-test-contentbucket-hratibh1y9pa.s3.us-west-2.amazonaws.com/ccc9536e-7042-4bb3-99ca-1234f43126b8/OPERA_L3_DIST-ALERT-S1_T36UYA_20231023T035556Z_20260309T201926Z_S1A_30_v0.1.zip,https://hyp3-tibet-jpl-test-contentbucket-hratibh1y9pa.s3.us-west-2.amazonaws.com/ccc9536e-7042-4bb3-99ca-1234f43126b8/OPERA_L3_DIST-ALERT-S1_T36UYA_20231023T035556Z_20260309T201926Z_S1A_30_v0.1,s3://hyp3-tibet-jpl-test-contentbucket-hratibh1y9pa/ccc9536e-7042-4bb3-99ca-1234f43126b8/OPERA_L3_DIST-ALERT-S1_T36UYA_20231023T035556Z_20260309T201926Z_S1A_30_v0.1,https://hyp3-tibet-jpl-test-contentbucket-hratibh1y9pa.s3.us-west-2.amazonaws.com/ccc9536e-7042-4bb3-99ca-1234f43126b8/OPERA_L3_DIST-ALERT-S1_T36UYA_20231023T035556Z_20260309T201926Z_S1A_30_v0.1/OPERA_L3_DIST-ALERT-S1_T36UYA_20231023T035556Z_20260309T201926Z_S1A_30_v0.1_BROWSE.png,2026-03-09T20:07:29+00:00,517.372,4.5,36UYA,1,7,4,none,False,transformer_optimized,high,32,-1,2023-10-23,65,2.5,4,best,none,False
57,Ukraine_War_36UYA,https://hyp3-tibet-jpl-test-contentbucket-hratibh1y9pa.s3.us-west-2.amazonaws.com/3e77bbea-3539-4fcc-9b7b-80b508462b60/OPERA_L3_DIST-ALERT-S1_T36UYA_20240127T035552Z_20260309T202215Z_S1A_30_v0.1.zip,https://hyp3-tibet-jpl-test-contentbucket-hratibh1y9pa.s3.us-west-2.amazonaws.com/3e77bbea-3539-4fcc-9b7b-80b508462b60/OPERA_L3_DIST-ALERT-S1_T36UYA_20240127T035552Z_20260309T202215Z_S1A_30_v0.1,s3://hyp3-tibet-jpl-test-contentbucket-hratibh1y9pa/3e77bbea-3539-4fcc-9b7b-80b508462b60/OPERA_L3_DIST-ALERT-S1_T36UYA_20240127T035552Z_20260309T202215Z_S1A_30_v0.1,https://hyp3-tibet-jpl-test-contentbucket-hratibh1y9pa.s3.us-west-2.amazonaws.com/3e77bbea-3539-4fcc-9b7b-80b508462b60/OPERA_L3_DIST-ALERT-S1_T36UYA_20240127T035552Z_20260309T202215Z_S1A_30_v0.1/OPERA_L3_DIST-ALERT-S1_T36UYA_20240127T035552Z_20260309T202215Z_S1A_30_v0.1_BROWSE.png,2026-03-09T20:07:29+00:00,688.786,4.5,36UYA,1,7,4,none,False,transformer_optimized,high,32,-1,2024-01-27,65,2.5,4,best,none,False
58,Ukraine_War_36UYA,https://hyp3-tibet-jpl-test-contentbucket-hratibh1y9pa.s3.us-west-2.amazonaws.com/7fb3dffd-15ab-4d45-9b66-a4250c6ecca5/OPERA_L3_DIST-ALERT-S1_T36UYA_20231011T035556Z_20260309T202149Z_S1A_30_v0.1.zip,https://hyp3-tibet-jpl-test-contentbucket-hratibh1y9pa.s3.us-west-2.amazonaws.com/7fb3dffd-15ab-4d45-9b66-a4250c6ecca5/OPERA_L3_DIST-ALERT-S1_T36UYA_20231011T035556Z_20260309T202149Z_S1A_30_v0.1,s3://hyp3-tibet-jpl-test-contentbucket-hratibh1y9pa/7fb3dffd-15ab-4d45-9b66-a4250c6ecca5/OPERA_L3_DIST-ALERT-S1_T36UYA_20231011T035556Z_20260309T202149Z_S1A_30_v0.1,https://hyp3-tibet-jpl-test-contentbucket-hratibh1y9pa.s3.us-west-2.amazonaws.com/7fb3dffd-15ab-4d45-9b66-a4250c6ecca5/OPERA_L3_DIST-ALERT-S1_T36UYA_20231011T035556Z_20260309T202149Z_S1A_30_v0.1/OPERA_L3_DIST-ALERT-S1_T36UYA_20231011T035556Z_20260309T202149Z_S1A_30_v0.1_BROWSE.png,2026-03-09T20:07:29+00:00,665.479,4.5,36UYA,1,7,4,none,False,transformer_optimized,high,32,-1,2023-10-11,65,2.5,4,best,none,False
59,Ukraine_War_36UYA,https://hyp3-tibet-jpl-test-contentbucket-hratibh1y9pa.s3.us-west-2.amazonaws.com/5b2975da-cbf6-4e1c-8184-1faf4fc7644b/OPERA_L3_DIST-ALERT-S1_T36UYA_20230707T035552Z_20260309T202040Z_S1A_30_v0.1.zip,https://hyp3-tibet-jpl-test-contentbucket-hratibh1y9pa.s3.us-west-2.amazonaws.com/5b2975da-cbf6-4e1c-8184-1faf4fc7644b/OPERA_L3_DIST-ALERT-S1_T36UYA_20230707T035552Z_20260309T202040Z_S1A_30_v0.1,s3://hyp3-tibet-jpl-test-contentbucket-hratibh1y9pa/5b2975da-cbf6-4e1c-8184-1faf4fc7644b/OPERA_L3_DIST-ALERT-S1_T36UYA_20230707T035552Z_20260309T202040Z_S1A_30_v0.1,https://hyp3-tibet-jpl-test-contentbucket-hratibh1y9pa.s3.us-west-2.amazonaws.com/5b2975da-cbf6-4e1c-8184-1faf4fc7644b/OPERA_L3_DIST-ALERT-S1_T36UYA_20230707T035552Z_20260309T202040Z_S1A_30_v0.1/OPERA_L3_DIST-ALERT-S1_T36UYA_20230707T035552Z_20260309T202040Z_S1A_30_v0.1_BROWSE.png,2026-03-09T20:07:29+00:00,594.368,4.5,36UYA,1,7,4,none,False,transformer_optimized,high,32,-1,2023-07-07,65,2.5,4,best,none,False
60,Ukraine_War_36UYA,https://hyp3-tibet-jpl-test-contentbucket-hratibh1y9pa.s3.us-west-2.amazonaws.com/889d5340-a633-49c2-ac11-7190ff4691cb/OPERA_L3_DIST-ALERT-S1_T36UYA_20230802T033931Z_20260309T201713Z_S1A_30_v0.1.zip,https://hyp3-tibet-jpl-test-contentbucket-hratibh1y9pa.s3.us-west-2.amazonaws.com/889d5340-a633-49c2-ac11-7190ff4691cb/OPERA_L3_DIST-ALERT-S1_T36UYA_20230802T033931Z_20260309T201713Z_S1A_30_v0.1,s3://hyp3-tibet-jpl-test-contentbucket-hratibh1y9pa/889d5340-a633-49c2-ac11-7190ff4691cb/OPERA_L3_DIST-ALERT-S1_T36UYA_20230802T033931Z_20260309T201713Z_S1A_30_v0.1,https://hyp3-tibet-jpl-test-contentbucket-hratibh1y9pa.s3.us-west-2.amazonaws.com/889d5340-a633-49c2-ac11-7190ff4691cb/OPERA_L3_DIST-ALERT-S1_T36UYA_20230802T033931Z_20260309T201713Z_S1A_30_v0.1/OPERA_L3_DIST-ALERT-S1_T36UYA_20230802T033931Z_20260309T201713Z_S1A_30_v0.1_BROWSE.png,2026-03-09T20:07:29+00:00,385.523,4.5,36UYA,1,7,4,none,False,transformer_optimized,high,32,-1,2023-08-02,94,2.5,4,best,none,False
61,Ukraine_War_36UYA,https://hyp3-tibet-jpl-test-contentbucket-hratibh1y9pa.s3.us-west-2.amazonaws.com/c25f681f-360f-4ddb-a0a8-47bb2c304ac0/OPERA_L3_DIST-ALERT-S1_T36UYA_20230905T035555Z_20260309T201631Z_S1A_30_v0.1.zip,https://hyp3-tibet-jpl-test-contentbucket-hratibh1y9pa.s3.us-west-2.amazonaws.com/c25f681f-360f-4ddb-a0a8-47bb2c304ac0/OPERA_L3_DIST-ALERT-S1_T36UYA_20230905T035555Z_20260309T201631Z_S1A_30_v0.1,s3://hyp3-tibet-jpl-test-contentbucket-hratibh1y9pa/c25f681f-360f-4ddb-a0a8-47bb2c304ac0/OPERA_L3_DIST-ALERT-S1_T36UYA_20230905T035555Z_20260309T201631Z_S1A_30_v0.1,https://hyp3-tibet-jpl-test-contentbucket-hratibh1y9pa.s3.us-west-2.amazonaws.com/c25f681f-360f-4ddb-a0a8-47bb2c304ac0/OPERA_L3_DIST-ALERT-S1_T36UYA_20230905T035555Z_20260309T201631Z_S1A_30_v0.1/OPERA_L3_DIST-ALERT-S1_T36UYA_20230905T035555Z_20260309T201631Z_S1A_30_v0.1_BROWSE.png,2026-03-09T20:07:29+00:00,336.924,4.5,36UYA,1,7,4,none,False,transformer_optimized,high,32,-1,2023-09-05,65,2.5,4,best,none,False
62,Ukraine_War_36UYA,https://hyp3-tibet-jpl-test-contentbucket-hratibh1y9pa.s3.us-west-2.amazonaws.com/2643eb86-bfbc-4eeb-9d13-14f658e0b112/OPERA_L3_DIST-ALERT-S1_T36UYA_20231128T035555Z_20260309T201728Z_S1A_30_v0.1.zip,https://hyp3-tibet-jpl-test-contentbucket-hratibh1y9pa.s3.us-west-2.amazonaws.com/2643eb86-bfbc-4eeb-9d13-14f658e0b112/OPERA_L3_DIST-ALERT-S1_T36UYA_20231128T035555Z_20260309T201728Z_S1A_30_v0.1,s3://hyp3-tibet-jpl-test-contentbucket-hratibh1y9pa/2643eb86-bfbc-4eeb-9d13-14f658e0b112/OPERA_L3_DIST-ALERT-S1_T36UYA_20231128T035555Z_20260309T201728Z_S1A_30_v0.1,https://hyp3-tibet-jpl-test-contentbucket-hratibh1y9pa.s3.us-west-2.amazonaws.com/2643eb86-bfbc-4eeb-9d13-14f658e0b112/OPERA_L3_DIST-ALERT-S1_T36UYA_20231128T035555Z_20260309T201728Z_S1A_30_v0.1/OPERA_L3_DIST-ALERT-S1_T36UYA_20231128T035555Z_20260309T201728Z_S1A_30_v0.1_BROWSE.png,2026-03-09T20:07:29+00:00,401.389,4.5,36UYA,1,7,4,none,False,transformer_optimized,high,32,-1,2023-11-28,65,2.5,4,best,none,False
63,Ukraine_War_36UYA,https://hyp3-tibet-jpl-test-contentbucket-hratibh1y9pa.s3.us-west-2.amazonaws.com/ea54cf23-febf-429f-981d-33df4e202445/OPERA_L3_DIST-ALERT-S1_T36UYA_20230903T152130Z_20260309T202559Z_S1A_30_v0.1.zip,https://hyp3-tibet-jpl-test-contentbucket-hratibh1y9pa.s3.us-west-2.amazonaws.com/ea54cf23-febf-429f-981d-33df4e202445/OPERA_L3_DIST-ALERT-S1_T36UYA_20230903T152130Z_20260309T202559Z_S1A_30_v0.1,s3://hyp3-tibet-jpl-test-contentbucket-hratibh1y9pa/ea54cf23-febf-429f-981d-33df4e202445/OPERA_L3_DIST-ALERT-S1_T36UYA_20230903T152130Z_20260309T202559Z_S1A_30_v0.1,https://hyp3-tibet-jpl-test-contentbucket-hratibh1y9pa.s3.us-west-2.amazonaws.com/ea54cf23-febf-429f-981d-33df4e202445/OPERA_L3_DIST-ALERT-S1_T36UYA_20230903T152130Z_20260309T202559Z_S1A_30_v0.1/OPERA_L3_DIST-ALERT-S1_T36UYA_20230903T152130Z_20260309T202559Z_S1A_30_v0.1_BROWSE.png,2026-03-09T20:07:29+00:00,915.139,4.5,36UYA,1,7,4,none,False,transformer_optimized,high,32,-1,2023-09-03,43,2.5,4,best,none,False
64,Ukraine_War_36UYA,https://hyp3-tibet-jpl-test-contentbucket-hratibh1y9pa.s3.us-west-2.amazonaws.com/f268b023-f2cb-4ce6-9298-fe3983711fcd/OPERA_L3_DIST-ALERT-S1_T36UYA_20231213T152939Z_20260309T202256Z_S1A_30_v0.1.zip,https://hyp3-tibet-jpl-test-contentbucket-hratibh1y9pa.s3.us-west-2.amazonaws.com/f268b023-f2cb-4ce6-9298-fe3983711fcd/OPERA_L3_DIST-ALERT-S1_T36UYA_20231213T152939Z_20260309T202256Z_S1A_30_v0.1,s3://hyp3-tibet-jpl-test-contentbucket-hratibh1y9pa/f268b023-f2cb-4ce6-9298-fe3983711fcd/OPERA_L3_DIST-ALERT-S1_T36UYA_20231213T152939Z_20260309T202256Z_S1A_30_v0.1,https://hyp3-tibet-jpl-test-contentbucket-hratibh1y9pa.s3.us-west-2.amazonaws.com/f268b023-f2cb-4ce6-9298-fe3983711fcd/OPERA_L3_DIST-ALERT-S1_T36UYA_20231213T152939Z_20260309T202256Z_S1A_30_v0.1/OPERA_L3_DIST-ALERT-S1_T36UYA_20231213T152939Z_20260309T202256Z_S1A_30_v0.1_BROWSE.png,2026-03-09T20:07:29+00:00,727.231,4.5,36UYA,1,7,4,none,False,transformer_optimized,high,32,-1,2023-12-13,116,2.5,4,best,none,False
65,Ukraine_War_36UYA,https://hyp3-tibet-jpl-test-contentbucket-hratibh1y9pa.s3.us-west-2.amazonaws.com/76350717-1c49-446f-9cb9-4180ee42a37d/OPERA_L3_DIST-ALERT-S1_T36UYA_20230827T152940Z_20260309T202157Z_S1A_30_v0.1.zip,https://hyp3-tibet-jpl-test-contentbucket-hratibh1y9pa.s3.us-west-2.amazonaws.com/76350717-1c49-446f-9cb9-4180ee42a37d/OPERA_L3_DIST-ALERT-S1_T36UYA_20230827T152940Z_20260309T202157Z_S1A_30_v0.1,s3://hyp3-tibet-jpl-test-contentbucket-hratibh1y9pa/76350717-1c49-446f-9cb9-4180ee42a37d/OPERA_L3_DIST-ALERT-S1_T36UYA_20230827T152940Z_20260309T202157Z_S1A_30_v0.1,https://hyp3-tibet-jpl-test-contentbucket-hratibh1y9pa.s3.us-west-2.amazonaws.com/76350717-1c49-446f-9cb9-4180ee42a37d/OPERA_L3_DIST-ALERT-S1_T36UYA_20230827T152940Z_20260309T202157Z_S1A_30_v0.1/OPERA_L3_DIST-ALERT-S1_T36UYA_20230827T152940Z_20260309T202157Z_S1A_30_v0.1_BROWSE.png,2026-03-09T20:07:29+00:00,669.74,4.5,36UYA,1,7,4,none,False,transformer_optimized,high,32,-1,2023-08-27,116,2.5,4,best,none,False
66,Ukraine_War_36UYA,https://hyp3-tibet-jpl-test-contentbucket-hratibh1y9pa.s3.us-west-2.amazonaws.com/6e834bb5-2e47-4d4b-a40c-f7fa125ad9d6/OPERA_L3_DIST-ALERT-S1_T36UYA_20230815T152939Z_20260309T202304Z_S1A_30_v0.1.zip,https://hyp3-tibet-jpl-test-contentbucket-hratibh1y9pa.s3.us-west-2.amazonaws.com/6e834bb5-2e47-4d4b-a40c-f7fa125ad9d6/OPERA_L3_DIST-ALERT-S1_T36UYA_20230815T152939Z_20260309T202304Z_S1A_30_v0.1,s3://hyp3-tibet-jpl-test-contentbucket-hratibh1y9pa/6e834bb5-2e47-4d4b-a40c-f7fa125ad9d6/OPERA_L3_DIST-ALERT-S1_T36UYA_20230815T152939Z_20260309T202304Z_S1A_30_v0.1,https://hyp3-tibet-jpl-test-contentbucket-hratibh1y9pa.s3.us-west-2.amazonaws.com/6e834bb5-2e47-4d4b-a40c-f7fa125ad9d6/OPERA_L3_DIST-ALERT-S1_T36UYA_20230815T152939Z_20260309T202304Z_S1A_30_v0.1/OPERA_L3_DIST-ALERT-S1_T36UYA_20230815T152939Z_20260309T202304Z_S1A_30_v0.1_BROWSE.png,2026-03-09T20:07:29+00:00,739.341,4.5,36UYA,1,7,4,none,False,transformer_optimized,high,32,-1,2023-08-15,116,2.5,4,best,none,False
67,Ukraine_War_36UYA,https://hyp3-tibet-jpl-test-contentbucket-hratibh1y9pa.s3.us-west-2.amazonaws.com/2b64cdfa-8a00-4dcc-b515-37cc3f4ff503/OPERA_L3_DIST-ALERT-S1_T36UYA_20230817T151329Z_20260309T201212Z_S1A_30_v0.1.zip,https://hyp3-tibet-jpl-test-contentbucket-hratibh1y9pa.s3.us-west-2.amazonaws.com/2b64cdfa-8a00-4dcc-b515-37cc3f4ff503/OPERA_L3_DIST-ALERT-S1_T36UYA_20230817T151329Z_20260309T201212Z_S1A_30_v0.1,s3://hyp3-tibet-jpl-test-contentbucket-hratibh1y9pa/2b64cdfa-8a00-4dcc-b515-37cc3f4ff503/OPERA_L3_DIST-ALERT-S1_T36UYA_20230817T151329Z_20260309T201212Z_S1A_30_v0.1,https://hyp3-tibet-jpl-test-contentbucket-hratibh1y9pa.s3.us-west-2.amazonaws.com/2b64cdfa-8a00-4dcc-b515-37cc3f4ff503/OPERA_L3_DIST-ALERT-S1_T36UYA_20230817T151329Z_20260309T201212Z_S1A_30_v0.1/OPERA_L3_DIST-ALERT-S1_T36UYA_20230817T151329Z_20260309T201212Z_S1A_30_v0.1_BROWSE.png,2026-03-09T20:07:29+00:00,79.648,4.5,36UYA,1,7,4,none,False,transformer_optimized,high,32,-1,2023-08-17,145,2.5,4,best,none,False
68,Ukraine_War_36UYA,https://hyp3-tibet-jpl-test-contentbucket-hratibh1y9pa.s3.us-west-2.amazonaws.com/b5e974f6-eaa8-4afb-8857-692ae54bb36d/OPERA_L3_DIST-ALERT-S1_T36UYA_20230824T035555Z_20260309T201830Z_S1A_30_v0.1.zip,https://hyp3-tibet-jpl-test-contentbucket-hratibh1y9pa.s3.us-west-2.amazonaws.com/b5e974f6-eaa8-4afb-8857-692ae54bb36d/OPERA_L3_DIST-ALERT-S1_T36UYA_20230824T035555Z_20260309T201830Z_S1A_30_v0.1,s3://hyp3-tibet-jpl-test-contentbucket-hratibh1y9pa/b5e974f6-eaa8-4afb-8857-692ae54bb36d/OPERA_L3_DIST-ALERT-S1_T36UYA_20230824T035555Z_20260309T201830Z_S1A_30_v0.1,https://hyp3-tibet-jpl-test-contentbucket-hratibh1y9pa.s3.us-west-2.amazonaws.com/b5e974f6-eaa8-4afb-8857-692ae54bb36d/OPERA_L3_DIST-ALERT-S1_T36UYA_20230824T035555Z_20260309T201830Z_S1A_30_v0.1/OPERA_L3_DIST-ALERT-S1_T36UYA_20230824T035555Z_20260309T201830Z_S1A_30_v0.1_BROWSE.png,2026-03-09T20:07:29+00:00,465.068,4.5,36UYA,1,7,4,none,False,transformer_optimized,high,32,-1,2023-08-24,65,2.5,4,best,none,False
69,Ukraine_War_36UYA,https://hyp3-tibet-jpl-test-contentbucket-hratibh1y9pa.s3.us-west-2.amazonaws.com/528d4edf-1927-4064-91b9-83a70434ae0b/OPERA_L3_DIST-ALERT-S1_T36UYA_20231227T151328Z_20260309T201228Z_S1A_30_v0.1.zip,https://hyp3-tibet-jpl-test-contentbucket-hratibh1y9pa.s3.us-west-2.amazonaws.com/528d4edf-1927-4064-91b9-83a70434ae0b/OPERA_L3_DIST-ALERT-S1_T36UYA_20231227T151328Z_20260309T201228Z_S1A_30_v0.1,s3://hyp3-tibet-jpl-test-contentbucket-hratibh1y9pa/528d4edf-1927-4064-91b9-83a70434ae0b/OPERA_L3_DIST-ALERT-S1_T36UYA_20231227T151328Z_20260309T201228Z_S1A_30_v0.1,https://hyp3-tibet-jpl-test-contentbucket-hratibh1y9pa.s3.us-west-2.amazonaws.com/528d4edf-1927-4064-91b9-83a70434ae0b/OPERA_L3_DIST-ALERT-S1_T36UYA_20231227T151328Z_20260309T201228Z_S1A_30_v0.1/OPERA_L3_DIST-ALERT-S1_T36UYA_20231227T151328Z_20260309T201228Z_S1A_30_v0.1_BROWSE.png,2026-03-09T20:07:29+00:00,100.49,4.5,36UYA,1,7,4,none,False,transformer_optimized,high,32,-1,2023-12-27,145,2.5,4,best,none,False
70,Ukraine_War_36UYA,https://hyp3-tibet-jpl-test-contentbucket-hratibh1y9pa.s3.us-west-2.amazonaws.com/6787cf2e-3532-4e83-9b56-5f1168503a04/OPERA_L3_DIST-ALERT-S1_T36UYA_20231004T151331Z_20260309T201228Z_S1A_30_v0.1.zip,https://hyp3-tibet-jpl-test-contentbucket-hratibh1y9pa.s3.us-west-2.amazonaws.com/6787cf2e-3532-4e83-9b56-5f1168503a04/OPERA_L3_DIST-ALERT-S1_T36UYA_20231004T151331Z_20260309T201228Z_S1A_30_v0.1,s3://hyp3-tibet-jpl-test-contentbucket-hratibh1y9pa/6787cf2e-3532-4e83-9b56-5f1168503a04/OPERA_L3_DIST-ALERT-S1_T36UYA_20231004T151331Z_20260309T201228Z_S1A_30_v0.1,https://hyp3-tibet-jpl-test-contentbucket-hratibh1y9pa.s3.us-west-2.amazonaws.com/6787cf2e-3532-4e83-9b56-5f1168503a04/OPERA_L3_DIST-ALERT-S1_T36UYA_20231004T151331Z_20260309T201228Z_S1A_30_v0.1/OPERA_L3_DIST-ALERT-S1_T36UYA_20231004T151331Z_20260309T201228Z_S1A_30_v0.1_BROWSE.png,2026-03-09T20:07:29+00:00,100.948,4.5,36UYA,1,7,4,none,False,transformer_optimized,high,32,-1,2023-10-04,145,2.5,4,best,none,False
71,Ukraine_War_36UYA,https://hyp3-tibet-jpl-test-contentbucket-hratibh1y9pa.s3.us-west-2.amazonaws.com/6dd913af-f22d-4816-8288-577eca7db3e2/OPERA_L3_DIST-ALERT-S1_T36UYA_20231028T151331Z_20260309T201210Z_S1A_30_v0.1.zip,https://hyp3-tibet-jpl-test-contentbucket-hratibh1y9pa.s3.us-west-2.amazonaws.com/6dd913af-f22d-4816-8288-577eca7db3e2/OPERA_L3_DIST-ALERT-S1_T36UYA_20231028T151331Z_20260309T201210Z_S1A_30_v0.1,s3://hyp3-tibet-jpl-test-contentbucket-hratibh1y9pa/6dd913af-f22d-4816-8288-577eca7db3e2/OPERA_L3_DIST-ALERT-S1_T36UYA_20231028T151331Z_20260309T201210Z_S1A_30_v0.1,https://hyp3-tibet-jpl-test-contentbucket-hratibh1y9pa.s3.us-west-2.amazonaws.com/6dd913af-f22d-4816-8288-577eca7db3e2/OPERA_L3_DIST-ALERT-S1_T36UYA_20231028T151331Z_20260309T201210Z_S1A_30_v0.1/OPERA_L3_DIST-ALERT-S1_T36UYA_20231028T151331Z_20260309T201210Z_S1A_30_v0.1_BROWSE.png,2026-03-09T20:07:29+00:00,82.162,4.5,36UYA,1,7,4,none,False,transformer_optimized,high,32,-1,2023-10-28,145,2.5,4,best,none,False
72,Ukraine_War_36UYA,https://hyp3-tibet-jpl-test-contentbucket-hratibh1y9pa.s3.us-west-2.amazonaws.com/d5856e92-b22e-4b43-a091-b810e032e133/OPERA_L3_DIST-ALERT-S1_T36UYA_20230929T035556Z_20260309T202116Z_S1A_30_v0.1.zip,https://hyp3-tibet-jpl-test-contentbucket-hratibh1y9pa.s3.us-west-2.amazonaws.com/d5856e92-b22e-4b43-a091-b810e032e133/OPERA_L3_DIST-ALERT-S1_T36UYA_20230929T035556Z_20260309T202116Z_S1A_30_v0.1,s3://hyp3-tibet-jpl-test-contentbucket-hratibh1y9pa/d5856e92-b22e-4b43-a091-b810e032e133/OPERA_L3_DIST-ALERT-S1_T36UYA_20230929T035556Z_20260309T202116Z_S1A_30_v0.1,https://hyp3-tibet-jpl-test-contentbucket-hratibh1y9pa.s3.us-west-2.amazonaws.com/d5856e92-b22e-4b43-a091-b810e032e133/OPERA_L3_DIST-ALERT-S1_T36UYA_20230929T035556Z_20260309T202116Z_S1A_30_v0.1/OPERA_L3_DIST-ALERT-S1_T36UYA_20230929T035556Z_20260309T202116Z_S1A_30_v0.1_BROWSE.png,2026-03-09T20:07:29+00:00,633.845,4.5,36UYA,1,7,4,none,False,transformer_optimized,high,32,-1,2023-09-29,65,2.5,4,best,none,False
73,Ukraine_War_36UYA,https://hyp3-tibet-jpl-test-contentbucket-hratibh1y9pa.s3.us-west-2.amazonaws.com/849c8ea7-d6d8-47a8-bf27-56e092f57fc6/OPERA_L3_DIST-ALERT-S1_T36UYA_20240101T152128Z_20260309T202728Z_S1A_30_v0.1.zip,https://hyp3-tibet-jpl-test-contentbucket-hratibh1y9pa.s3.us-west-2.amazonaws.com/849c8ea7-d6d8-47a8-bf27-56e092f57fc6/OPERA_L3_DIST-ALERT-S1_T36UYA_20240101T152128Z_20260309T202728Z_S1A_30_v0.1,s3://hyp3-tibet-jpl-test-contentbucket-hratibh1y9pa/849c8ea7-d6d8-47a8-bf27-56e092f57fc6/OPERA_L3_DIST-ALERT-S1_T36UYA_20240101T152128Z_20260309T202728Z_S1A_30_v0.1,https://hyp3-tibet-jpl-test-contentbucket-hratibh1y9pa.s3.us-west-2.amazonaws.com/849c8ea7-d6d8-47a8-bf27-56e092f57fc6/OPERA_L3_DIST-ALERT-S1_T36UYA_20240101T152128Z_20260309T202728Z_S1A_30_v0.1/OPERA_L3_DIST-ALERT-S1_T36UYA_20240101T152128Z_20260309T202728Z_S1A_30_v0.1_BROWSE.png,2026-03-09T20:07:29+00:00,1010.559,4.5,36UYA,1,7,4,none,False,transformer_optimized,high,32,-1,2024-01-01,43,2.5,4,best,none,False
74,Ukraine_War_36UYA,https://hyp3-tibet-jpl-test-contentbucket-hratibh1y9pa.s3.us-west-2.amazonaws.com/e4e66f93-80ad-47e8-b1ae-a7fba326d90d/OPERA_L3_DIST-ALERT-S1_T36UYA_20240211T152937Z_20260309T202254Z_S1A_30_v0.1.zip,https://hyp3-tibet-jpl-test-contentbucket-hratibh1y9pa.s3.us-west-2.amazonaws.com/e4e66f93-80ad-47e8-b1ae-a7fba326d90d/OPERA_L3_DIST-ALERT-S1_T36UYA_20240211T152937Z_20260309T202254Z_S1A_30_v0.1,s3://hyp3-tibet-jpl-test-contentbucket-hratibh1y9pa/e4e66f93-80ad-47e8-b1ae-a7fba326d90d/OPERA_L3_DIST-ALERT-S1_T36UYA_20240211T152937Z_20260309T202254Z_S1A_30_v0.1,https://hyp3-tibet-jpl-test-contentbucket-hratibh1y9pa.s3.us-west-2.amazonaws.com/e4e66f93-80ad-47e8-b1ae-a7fba326d90d/OPERA_L3_DIST-ALERT-S1_T36UYA_20240211T152937Z_20260309T202254Z_S1A_30_v0.1/OPERA_L3_DIST-ALERT-S1_T36UYA_20240211T152937Z_20260309T202254Z_S1A_30_v0.1_BROWSE.png,2026-03-09T20:07:29+00:00,730.304,4.5,36UYA,1,7,4,none,False,transformer_optimized,high,32,-1,2024-02-11,116,2.5,4,best,none,False
75,Ukraine_War_36UYA,https://hyp3-tibet-jpl-test-contentbucket-hratibh1y9pa.s3.us-west-2.amazonaws.com/c5b90762-729c-45f4-a1bd-f8eaefceaf66/OPERA_L3_DIST-ALERT-S1_T36UYA_20230919T033933Z_20260309T201811Z_S1A_30_v0.1.zip,https://hyp3-tibet-jpl-test-contentbucket-hratibh1y9pa.s3.us-west-2.amazonaws.com/c5b90762-729c-45f4-a1bd-f8eaefceaf66/OPERA_L3_DIST-ALERT-S1_T36UYA_20230919T033933Z_20260309T201811Z_S1A_30_v0.1,s3://hyp3-tibet-jpl-test-contentbucket-hratibh1y9pa/c5b90762-729c-45f4-a1bd-f8eaefceaf66/OPERA_L3_DIST-ALERT-S1_T36UYA_20230919T033933Z_20260309T201811Z_S1A_30_v0.1,https://hyp3-tibet-jpl-test-contentbucket-hratibh1y9pa.s3.us-west-2.amazonaws.com/c5b90762-729c-45f4-a1bd-f8eaefceaf66/OPERA_L3_DIST-ALERT-S1_T36UYA_20230919T033933Z_20260309T201811Z_S1A_30_v0.1/OPERA_L3_DIST-ALERT-S1_T36UYA_20230919T033933Z_20260309T201811Z_S1A_30_v0.1_BROWSE.png,2026-03-09T20:07:29+00:00,452.512,4.5,36UYA,1,7,4,none,False,transformer_optimized,high,32,-1,2023-09-19,94,2.5,4,best,none,False
76,Ukraine_War_36UYA,https://hyp3-tibet-jpl-test-contentbucket-hratibh1y9pa.s3.us-west-2.amazonaws.com/6276773d-af7c-4906-b9c3-5608e3e7d7c9/OPERA_L3_DIST-ALERT-S1_T36UYA_20231220T152128Z_20260309T203228Z_S1A_30_v0.1.zip,https://hyp3-tibet-jpl-test-contentbucket-hratibh1y9pa.s3.us-west-2.amazonaws.com/6276773d-af7c-4906-b9c3-5608e3e7d7c9/OPERA_L3_DIST-ALERT-S1_T36UYA_20231220T152128Z_20260309T203228Z_S1A_30_v0.1,s3://hyp3-tibet-jpl-test-contentbucket-hratibh1y9pa/6276773d-af7c-4906-b9c3-5608e3e7d7c9/OPERA_L3_DIST-ALERT-S1_T36UYA_20231220T152128Z_20260309T203228Z_S1A_30_v0.1,https://hyp3-tibet-jpl-test-contentbucket-hratibh1y9pa.s3.us-west-2.amazonaws.com/6276773d-af7c-4906-b9c3-5608e3e7d7c9/OPERA_L3_DIST-ALERT-S1_T36UYA_20231220T152128Z_20260309T203228Z_S1A_30_v0.1/OPERA_L3_DIST-ALERT-S1_T36UYA_20231220T152128Z_20260309T203228Z_S1A_30_v0.1_BROWSE.png,2026-03-09T20:07:29+00:00,1310.32,4.5,36UYA,1,7,4,none,False,transformer_optimized,high,32,-1,2023-12-20,43,2.5,4,best,none,False
77,Ukraine_War_36UYA,https://hyp3-tibet-jpl-test-contentbucket-hratibh1y9pa.s3.us-west-2.amazonaws.com/a01f7381-d35e-4932-af42-935de94ddacc/OPERA_L3_DIST-ALERT-S1_T36UYA_20231118T033933Z_20260309T201938Z_S1A_30_v0.1.zip,https://hyp3-tibet-jpl-test-contentbucket-hratibh1y9pa.s3.us-west-2.amazonaws.com/a01f7381-d35e-4932-af42-935de94ddacc/OPERA_L3_DIST-ALERT-S1_T36UYA_20231118T033933Z_20260309T201938Z_S1A_30_v0.1,s3://hyp3-tibet-jpl-test-contentbucket-hratibh1y9pa/a01f7381-d35e-4932-af42-935de94ddacc/OPERA_L3_DIST-ALERT-S1_T36UYA_20231118T033933Z_20260309T201938Z_S1A_30_v0.1,https://hyp3-tibet-jpl-test-contentbucket-hratibh1y9pa.s3.us-west-2.amazonaws.com/a01f7381-d35e-4932-af42-935de94ddacc/OPERA_L3_DIST-ALERT-S1_T36UYA_20231118T033933Z_20260309T201938Z_S1A_30_v0.1/OPERA_L3_DIST-ALERT-S1_T36UYA_20231118T033933Z_20260309T201938Z_S1A_30_v0.1_BROWSE.png,2026-03-09T20:07:29+00:00,539.883,4.5,36UYA,1,7,4,none,False,transformer_optimized,high,32,-1,2023-11-18,94,2.5,4,best,none,False
78,Ukraine_War_36UYA,https://hyp3-tibet-jpl-test-contentbucket-hratibh1y9pa.s3.us-west-2.amazonaws.com/9c3b3522-0955-49c7-91d1-98c91c89699a/OPERA_L3_DIST-ALERT-S1_T36UYA_20231104T035556Z_20260309T202310Z_S1A_30_v0.1.zip,https://hyp3-tibet-jpl-test-contentbucket-hratibh1y9pa.s3.us-west-2.amazonaws.com/9c3b3522-0955-49c7-91d1-98c91c89699a/OPERA_L3_DIST-ALERT-S1_T36UYA_20231104T035556Z_20260309T202310Z_S1A_30_v0.1,s3://hyp3-tibet-jpl-test-contentbucket-hratibh1y9pa/9c3b3522-0955-49c7-91d1-98c91c89699a/OPERA_L3_DIST-ALERT-S1_T36UYA_20231104T035556Z_20260309T202310Z_S1A_30_v0.1,https://hyp3-tibet-jpl-test-contentbucket-hratibh1y9pa.s3.us-west-2.amazonaws.com/9c3b3522-0955-49c7-91d1-98c91c89699a/OPERA_L3_DIST-ALERT-S1_T36UYA_20231104T035556Z_20260309T202310Z_S1A_30_v0.1/OPERA_L3_DIST-ALERT-S1_T36UYA_20231104T035556Z_20260309T202310Z_S1A_30_v0.1_BROWSE.png,2026-03-09T20:07:29+00:00,748.27,4.5,36UYA,1,7,4,none,False,transformer_optimized,high,32,-1,2023-11-04,65,2.5,4,best,none,False
79,Ukraine_War_36UYA,https://hyp3-tibet-jpl-test-contentbucket-hratibh1y9pa.s3.us-west-2.amazonaws.com/801805d6-41ee-43d9-8bea-fbc36d0dd51e/OPERA_L3_DIST-ALERT-S1_T36UYA_20230922T151331Z_20260309T201217Z_S1A_30_v0.1.zip,https://hyp3-tibet-jpl-test-contentbucket-hratibh1y9pa.s3.us-west-2.amazonaws.com/801805d6-41ee-43d9-8bea-fbc36d0dd51e/OPERA_L3_DIST-ALERT-S1_T36UYA_20230922T151331Z_20260309T201217Z_S1A_30_v0.1,s3://hyp3-tibet-jpl-test-contentbucket-hratibh1y9pa/801805d6-41ee-43d9-8bea-fbc36d0dd51e/OPERA_L3_DIST-ALERT-S1_T36UYA_20230922T151331Z_20260309T201217Z_S1A_30_v0.1,https://hyp3-tibet-jpl-test-contentbucket-hratibh1y9pa.s3.us-west-2.amazonaws.com/801805d6-41ee-43d9-8bea-fbc36d0dd51e/OPERA_L3_DIST-ALERT-S1_T36UYA_20230922T151331Z_20260309T201217Z_S1A_30_v0.1/OPERA_L3_DIST-ALERT-S1_T36UYA_20230922T151331Z_20260309T201217Z_S1A_30_v0.1_BROWSE.png,2026-03-09T20:07:29+00:00,84.11,4.5,36UYA,1,7,4,none,False,transformer_optimized,high,32,-1,2023-09-22,145,2.5,4,best,none,False
80,Ukraine_War_36UYA,https://hyp3-tibet-jpl-test-contentbucket-hratibh1y9pa.s3.us-west-2.amazonaws.com/8e50857d-03b1-4e98-ae64-876f9df7df82/OPERA_L3_DIST-ALERT-S1_T36UYA_20231021T152131Z_20260309T202059Z_S1A_30_v0.1.zip,https://hyp3-tibet-jpl-test-contentbucket-hratibh1y9pa.s3.us-west-2.amazonaws.com/8e50857d-03b1-4e98-ae64-876f9df7df82/OPERA_L3_DIST-ALERT-S1_T36UYA_20231021T152131Z_20260309T202059Z_S1A_30_v0.1,s3://hyp3-tibet-jpl-test-contentbucket-hratibh1y9pa/8e50857d-03b1-4e98-ae64-876f9df7df82/OPERA_L3_DIST-ALERT-S1_T36UYA_20231021T152131Z_20260309T202059Z_S1A_30_v0.1,https://hyp3-tibet-jpl-test-contentbucket-hratibh1y9pa.s3.us-west-2.amazonaws.com/8e50857d-03b1-4e98-ae64-876f9df7df82/OPERA_L3_DIST-ALERT-S1_T36UYA_20231021T152131Z_20260309T202059Z_S1A_30_v0.1/OPERA_L3_DIST-ALERT-S1_T36UYA_20231021T152131Z_20260309T202059Z_S1A_30_v0.1_BROWSE.png,2026-03-09T20:07:29+00:00,620.732,4.5,36UYA,1,7,4,none,False,transformer_optimized,high,32,-1,2023-10-21,43,2.5,4,best,none,False
81,Ukraine_War_36UYA,https://hyp3-tibet-jpl-test-contentbucket-hratibh1y9pa.s3.us-west-2.amazonaws.com/c44aaf25-3730-4a3e-b3d3-892de247129f/OPERA_L3_DIST-ALERT-S1_T36UYA_20231222T035554Z_20260309T202047Z_S1A_30_v0.1.zip,https://hyp3-tibet-jpl-test-contentbucket-hratibh1y9pa.s3.us-west-2.amazonaws.com/c44aaf25-3730-4a3e-b3d3-892de247129f/OPERA_L3_DIST-ALERT-S1_T36UYA_20231222T035554Z_20260309T202047Z_S1A_30_v0.1,s3://hyp3-tibet-jpl-test-contentbucket-hratibh1y9pa/c44aaf25-3730-4a3e-b3d3-892de247129f/OPERA_L3_DIST-ALERT-S1_T36UYA_20231222T035554Z_20260309T202047Z_S1A_30_v0.1,https://hyp3-tibet-jpl-test-contentbucket-hratibh1y9pa.s3.us-west-2.amazonaws.com/c44aaf25-3730-4a3e-b3d3-892de247129f/OPERA_L3_DIST-ALERT-S1_T36UYA_20231222T035554Z_20260309T202047Z_S1A_30_v0.1/OPERA_L3_DIST-ALERT-S1_T36UYA_20231222T035554Z_20260309T202047Z_S1A_30_v0.1_BROWSE.png,2026-03-09T20:07:29+00:00,600.652,4.5,36UYA,1,7,4,none,False,transformer_optimized,high,32,-1,2023-12-22,65,2.5,4,best,none,False
82,Ukraine_War_36UYA,https://hyp3-tibet-jpl-test-contentbucket-hratibh1y9pa.s3.us-west-2.amazonaws.com/b86d84d3-5ef9-4126-927c-3b817bb8a9d7/OPERA_L3_DIST-ALERT-S1_T36UYA_20230729T152128Z_20260309T202144Z_S1A_30_v0.1.zip,https://hyp3-tibet-jpl-test-contentbucket-hratibh1y9pa.s3.us-west-2.amazonaws.com/b86d84d3-5ef9-4126-927c-3b817bb8a9d7/OPERA_L3_DIST-ALERT-S1_T36UYA_20230729T152128Z_20260309T202144Z_S1A_30_v0.1,s3://hyp3-tibet-jpl-test-contentbucket-hratibh1y9pa/b86d84d3-5ef9-4126-927c-3b817bb8a9d7/OPERA_L3_DIST-ALERT-S1_T36UYA_20230729T152128Z_20260309T202144Z_S1A_30_v0.1,https://hyp3-tibet-jpl-test-contentbucket-hratibh1y9pa.s3.us-west-2.amazonaws.com/b86d84d3-5ef9-4126-927c-3b817bb8a9d7/OPERA_L3_DIST-ALERT-S1_T36UYA_20230729T152128Z_20260309T202144Z_S1A_30_v0.1/OPERA_L3_DIST-ALERT-S1_T36UYA_20230729T152128Z_20260309T202144Z_S1A_30_v0.1_BROWSE.png,2026-03-09T20:07:29+00:00,669.377,4.5,36UYA,1,7,4,none,False,transformer_optimized,high,32,-1,2023-07-29,43,2.5,4,best,none,False
83,Ukraine_War_36UYA,https://hyp3-tibet-jpl-test-contentbucket-hratibh1y9pa.s3.us-west-2.amazonaws.com/d934e052-f1a2-40c3-848c-673a0fa90ccf/OPERA_L3_DIST-ALERT-S1_T36UYA_20240103T035553Z_20260309T201649Z_S1A_30_v0.1.zip,https://hyp3-tibet-jpl-test-contentbucket-hratibh1y9pa.s3.us-west-2.amazonaws.com/d934e052-f1a2-40c3-848c-673a0fa90ccf/OPERA_L3_DIST-ALERT-S1_T36UYA_20240103T035553Z_20260309T201649Z_S1A_30_v0.1,s3://hyp3-tibet-jpl-test-contentbucket-hratibh1y9pa/d934e052-f1a2-40c3-848c-673a0fa90ccf/OPERA_L3_DIST-ALERT-S1_T36UYA_20240103T035553Z_20260309T201649Z_S1A_30_v0.1,https://hyp3-tibet-jpl-test-contentbucket-hratibh1y9pa.s3.us-west-2.amazonaws.com/d934e052-f1a2-40c3-848c-673a0fa90ccf/OPERA_L3_DIST-ALERT-S1_T36UYA_20240103T035553Z_20260309T201649Z_S1A_30_v0.1/OPERA_L3_DIST-ALERT-S1_T36UYA_20240103T035553Z_20260309T201649Z_S1A_30_v0.1_BROWSE.png,2026-03-09T20:07:29+00:00,357.154,4.5,36UYA,1,7,4,none,False,transformer_optimized,high,32,-1,2024-01-03,65,2.5,4,best,none,False
84,Ukraine_War_36UYA,https://hyp3-tibet-jpl-test-contentbucket-hratibh1y9pa.s3.us-west-2.amazonaws.com/a2862eb3-f752-48ea-8119-0e96d5503a69/OPERA_L3_DIST-ALERT-S1_T36UYA_20230920T152941Z_20260309T202406Z_S1A_30_v0.1.zip,https://hyp3-tibet-jpl-test-contentbucket-hratibh1y9pa.s3.us-west-2.amazonaws.com/a2862eb3-f752-48ea-8119-0e96d5503a69/OPERA_L3_DIST-ALERT-S1_T36UYA_20230920T152941Z_20260309T202406Z_S1A_30_v0.1,s3://hyp3-tibet-jpl-test-contentbucket-hratibh1y9pa/a2862eb3-f752-48ea-8119-0e96d5503a69/OPERA_L3_DIST-ALERT-S1_T36UYA_20230920T152941Z_20260309T202406Z_S1A_30_v0.1,https://hyp3-tibet-jpl-test-contentbucket-hratibh1y9pa.s3.us-west-2.amazonaws.com/a2862eb3-f752-48ea-8119-0e96d5503a69/OPERA_L3_DIST-ALERT-S1_T36UYA_20230920T152941Z_20260309T202406Z_S1A_30_v0.1/OPERA_L3_DIST-ALERT-S1_T36UYA_20230920T152941Z_20260309T202406Z_S1A_30_v0.1_BROWSE.png,2026-03-09T20:07:29+00:00,801.992,4.5,36UYA,1,7,4,none,False,transformer_optimized,high,32,-1,2023-09-20,116,2.5,4,best,none,False
85,Ukraine_War_36UYA,https://hyp3-tibet-jpl-test-contentbucket-hratibh1y9pa.s3.us-west-2.amazonaws.com/25a8b9e5-01dd-4350-a7be-4e0527d48bf6/OPERA_L3_DIST-ALERT-S1_T36UYA_20240120T151328Z_20260309T201211Z_S1A_30_v0.1.zip,https://hyp3-tibet-jpl-test-contentbucket-hratibh1y9pa.s3.us-west-2.amazonaws.com/25a8b9e5-01dd-4350-a7be-4e0527d48bf6/OPERA_L3_DIST-ALERT-S1_T36UYA_20240120T151328Z_20260309T201211Z_S1A_30_v0.1,s3://hyp3-tibet-jpl-test-contentbucket-hratibh1y9pa/25a8b9e5-01dd-4350-a7be-4e0527d48bf6/OPERA_L3_DIST-ALERT-S1_T36UYA_20240120T151328Z_20260309T201211Z_S1A_30_v0.1,https://hyp3-tibet-jpl-test-contentbucket-hratibh1y9pa.s3.us-west-2.amazonaws.com/25a8b9e5-01dd-4350-a7be-4e0527d48bf6/OPERA_L3_DIST-ALERT-S1_T36UYA_20240120T151328Z_20260309T201211Z_S1A_30_v0.1/OPERA_L3_DIST-ALERT-S1_T36UYA_20240120T151328Z_20260309T201211Z_S1A_30_v0.1_BROWSE.png,2026-03-09T20:07:29+00:00,77.796,4.5,36UYA,1,7,4,none,False,transformer_optimized,high,32,-1,2024-01-20,145,2.5,4,best,none,False
86,Ukraine_War_36UYA,https://hyp3-tibet-jpl-test-contentbucket-hratibh1y9pa.s3.us-west-2.amazonaws.com/5c46ba94-818f-4c0e-adea-88cfc2891264/OPERA_L3_DIST-ALERT-S1_T36UYA_20230721T033930Z_20260309T201902Z_S1A_30_v0.1.zip,https://hyp3-tibet-jpl-test-contentbucket-hratibh1y9pa.s3.us-west-2.amazonaws.com/5c46ba94-818f-4c0e-adea-88cfc2891264/OPERA_L3_DIST-ALERT-S1_T36UYA_20230721T033930Z_20260309T201902Z_S1A_30_v0.1,s3://hyp3-tibet-jpl-test-contentbucket-hratibh1y9pa/5c46ba94-818f-4c0e-adea-88cfc2891264/OPERA_L3_DIST-ALERT-S1_T36UYA_20230721T033930Z_20260309T201902Z_S1A_30_v0.1,https://hyp3-tibet-jpl-test-contentbucket-hratibh1y9pa.s3.us-west-2.amazonaws.com/5c46ba94-818f-4c0e-adea-88cfc2891264/OPERA_L3_DIST-ALERT-S1_T36UYA_20230721T033930Z_20260309T201902Z_S1A_30_v0.1/OPERA_L3_DIST-ALERT-S1_T36UYA_20230721T033930Z_20260309T201902Z_S1A_30_v0.1_BROWSE.png,2026-03-09T20:07:29+00:00,497.837,4.5,36UYA,1,7,4,none,False,transformer_optimized,high,32,-1,2023-07-21,94,2.5,4,best,none,False
87,Ukraine_War_36UYA,https://hyp3-tibet-jpl-test-contentbucket-hratibh1y9pa.s3.us-west-2.amazonaws.com/7aa32414-1bef-46b9-97e7-f3c6c65a1f0b/OPERA_L3_DIST-ALERT-S1_T36UYA_20230927T152131Z_20260309T202300Z_S1A_30_v0.1.zip,https://hyp3-tibet-jpl-test-contentbucket-hratibh1y9pa.s3.us-west-2.amazonaws.com/7aa32414-1bef-46b9-97e7-f3c6c65a1f0b/OPERA_L3_DIST-ALERT-S1_T36UYA_20230927T152131Z_20260309T202300Z_S1A_30_v0.1,s3://hyp3-tibet-jpl-test-contentbucket-hratibh1y9pa/7aa32414-1bef-46b9-97e7-f3c6c65a1f0b/OPERA_L3_DIST-ALERT-S1_T36UYA_20230927T152131Z_20260309T202300Z_S1A_30_v0.1,https://hyp3-tibet-jpl-test-contentbucket-hratibh1y9pa.s3.us-west-2.amazonaws.com/7aa32414-1bef-46b9-97e7-f3c6c65a1f0b/OPERA_L3_DIST-ALERT-S1_T36UYA_20230927T152131Z_20260309T202300Z_S1A_30_v0.1/OPERA_L3_DIST-ALERT-S1_T36UYA_20230927T152131Z_20260309T202300Z_S1A_30_v0.1_BROWSE.png,2026-03-09T20:07:29+00:00,741.269,4.5,36UYA,1,7,4,none,False,transformer_optimized,high,32,-1,2023-09-27,43,2.5,4,best,none,False
88,Ukraine_War_36UYA,https://hyp3-tibet-jpl-test-contentbucket-hratibh1y9pa.s3.us-west-2.amazonaws.com/da11b441-fece-4861-af45-862836d3221c/OPERA_L3_DIST-ALERT-S1_T36UYA_20231107T152940Z_20260309T202526Z_S1A_30_v0.1.zip,https://hyp3-tibet-jpl-test-contentbucket-hratibh1y9pa.s3.us-west-2.amazonaws.com/da11b441-fece-4861-af45-862836d3221c/OPERA_L3_DIST-ALERT-S1_T36UYA_20231107T152940Z_20260309T202526Z_S1A_30_v0.1,s3://hyp3-tibet-jpl-test-contentbucket-hratibh1y9pa/da11b441-fece-4861-af45-862836d3221c/OPERA_L3_DIST-ALERT-S1_T36UYA_20231107T152940Z_20260309T202526Z_S1A_30_v0.1,https://hyp3-tibet-jpl-test-contentbucket-hratibh1y9pa.s3.us-west-2.amazonaws.com/da11b441-fece-4861-af45-862836d3221c/OPERA_L3_DIST-ALERT-S1_T36UYA_20231107T152940Z_20260309T202526Z_S1A_30_v0.1/OPERA_L3_DIST-ALERT-S1_T36UYA_20231107T152940Z_20260309T202526Z_S1A_30_v0.1_BROWSE.png,2026-03-09T20:07:29+00:00,885.024,4.5,36UYA,1,7,4,none,False,transformer_optimized,high,32,-1,2023-11-07,116,2.5,4,best,none,False
89,Ukraine_War_36UYA,https://hyp3-tibet-jpl-test-contentbucket-hratibh1y9pa.s3.us-west-2.amazonaws.com/2f99a805-f4a6-45ad-94be-d238336aa7cb/OPERA_L3_DIST-ALERT-S1_T36UYA_20231001T033934Z_20260309T201902Z_S1A_30_v0.1.zip,https://hyp3-tibet-jpl-test-contentbucket-hratibh1y9pa.s3.us-west-2.amazonaws.com/2f99a805-f4a6-45ad-94be-d238336aa7cb/OPERA_L3_DIST-ALERT-S1_T36UYA_20231001T033934Z_20260309T201902Z_S1A_30_v0.1,s3://hyp3-tibet-jpl-test-contentbucket-hratibh1y9pa/2f99a805-f4a6-45ad-94be-d238336aa7cb/OPERA_L3_DIST-ALERT-S1_T36UYA_20231001T033934Z_20260309T201902Z_S1A_30_v0.1,https://hyp3-tibet-jpl-test-contentbucket-hratibh1y9pa.s3.us-west-2.amazonaws.com/2f99a805-f4a6-45ad-94be-d238336aa7cb/OPERA_L3_DIST-ALERT-S1_T36UYA_20231001T033934Z_20260309T201902Z_S1A_30_v0.1/OPERA_L3_DIST-ALERT-S1_T36UYA_20231001T033934Z_20260309T201902Z_S1A_30_v0.1_BROWSE.png,2026-03-09T20:07:29+00:00,503.676,4.5,36UYA,1,7,4,none,False,transformer_optimized,high,32,-1,2023-10-01,94,2.5,4,best,none,False
90,Ukraine_War_36UYA,https://hyp3-tibet-jpl-test-contentbucket-hratibh1y9pa.s3.us-west-2.amazonaws.com/7bc1d7e9-b26b-49ab-8871-cd1cda2ccbe7/OPERA_L3_DIST-ALERT-S1_T36UYA_20231114T152131Z_20260309T202546Z_S1A_30_v0.1.zip,https://hyp3-tibet-jpl-test-contentbucket-hratibh1y9pa.s3.us-west-2.amazonaws.com/7bc1d7e9-b26b-49ab-8871-cd1cda2ccbe7/OPERA_L3_DIST-ALERT-S1_T36UYA_20231114T152131Z_20260309T202546Z_S1A_30_v0.1,s3://hyp3-tibet-jpl-test-contentbucket-hratibh1y9pa/7bc1d7e9-b26b-49ab-8871-cd1cda2ccbe7/OPERA_L3_DIST-ALERT-S1_T36UYA_20231114T152131Z_20260309T202546Z_S1A_30_v0.1,https://hyp3-tibet-jpl-test-contentbucket-hratibh1y9pa.s3.us-west-2.amazonaws.com/7bc1d7e9-b26b-49ab-8871-cd1cda2ccbe7/OPERA_L3_DIST-ALERT-S1_T36UYA_20231114T152131Z_20260309T202546Z_S1A_30_v0.1/OPERA_L3_DIST-ALERT-S1_T36UYA_20231114T152131Z_20260309T202546Z_S1A_30_v0.1_BROWSE.png,2026-03-09T20:07:29+00:00,904.699,4.5,36UYA,1,7,4,none,False,transformer_optimized,high,32,-1,2023-11-14,43,2.5,4,best,none,False
91,Ukraine_War_36UYA,https://hyp3-tibet-jpl-test-contentbucket-hratibh1y9pa.s3.us-west-2.amazonaws.com/4c7d5bdd-5899-4478-b65b-1feb2b723a2f/OPERA_L3_DIST-ALERT-S1_T36UYA_20231130T033932Z_20260309T202422Z_S1A_30_v0.1.zip,https://hyp3-tibet-jpl-test-contentbucket-hratibh1y9pa.s3.us-west-2.amazonaws.com/4c7d5bdd-5899-4478-b65b-1feb2b723a2f/OPERA_L3_DIST-ALERT-S1_T36UYA_20231130T033932Z_20260309T202422Z_S1A_30_v0.1,s3://hyp3-tibet-jpl-test-contentbucket-hratibh1y9pa/4c7d5bdd-5899-4478-b65b-1feb2b723a2f/OPERA_L3_DIST-ALERT-S1_T36UYA_20231130T033932Z_20260309T202422Z_S1A_30_v0.1,https://hyp3-tibet-jpl-test-contentbucket-hratibh1y9pa.s3.us-west-2.amazonaws.com/4c7d5bdd-5899-4478-b65b-1feb2b723a2f/OPERA_L3_DIST-ALERT-S1_T36UYA_20231130T033932Z_20260309T202422Z_S1A_30_v0.1/OPERA_L3_DIST-ALERT-S1_T36UYA_20231130T033932Z_20260309T202422Z_S1A_30_v0.1_BROWSE.png,2026-03-09T20:07:29+00:00,828.013,4.5,36UYA,1,7,4,none,False,transformer_optimized,high,32,-1,2023-11-30,94,2.5,4,best,none,False
92,Ukraine_War_36UYA,https://hyp3-tibet-jpl-test-contentbucket-hratibh1y9pa.s3.us-west-2.amazonaws.com/a58bf705-b370-4061-8457-bfdb334a53c9/OPERA_L3_DIST-ALERT-S1_T36UYA_20230722T152938Z_20260309T202552Z_S1A_30_v0.1.zip,https://hyp3-tibet-jpl-test-contentbucket-hratibh1y9pa.s3.us-west-2.amazonaws.com/a58bf705-b370-4061-8457-bfdb334a53c9/OPERA_L3_DIST-ALERT-S1_T36UYA_20230722T152938Z_20260309T202552Z_S1A_30_v0.1,s3://hyp3-tibet-jpl-test-contentbucket-hratibh1y9pa/a58bf705-b370-4061-8457-bfdb334a53c9/OPERA_L3_DIST-ALERT-S1_T36UYA_20230722T152938Z_20260309T202552Z_S1A_30_v0.1,https://hyp3-tibet-jpl-test-contentbucket-hratibh1y9pa.s3.us-west-2.amazonaws.com/a58bf705-b370-4061-8457-bfdb334a53c9/OPERA_L3_DIST-ALERT-S1_T36UYA_20230722T152938Z_20260309T202552Z_S1A_30_v0.1/OPERA_L3_DIST-ALERT-S1_T36UYA_20230722T152938Z_20260309T202552Z_S1A_30_v0.1_BROWSE.png,2026-03-09T20:07:29+00:00,908.42,4.5,36UYA,1,7,4,none,False,transformer_optimized,high,32,-1,2023-07-22,116,2.5,4,best,none,False
93,Ukraine_War_36UYA,https://hyp3-tibet-jpl-test-contentbucket-hratibh1y9pa.s3.us-west-2.amazonaws.com/474ede36-8ff8-44e3-9799-3a51c0a2ef19/OPERA_L3_DIST-ALERT-S1_T36UYA_20240210T033929Z_20260309T202335Z_S1A_30_v0.1.zip,https://hyp3-tibet-jpl-test-contentbucket-hratibh1y9pa.s3.us-west-2.amazonaws.com/474ede36-8ff8-44e3-9799-3a51c0a2ef19/OPERA_L3_DIST-ALERT-S1_T36UYA_20240210T033929Z_20260309T202335Z_S1A_30_v0.1,s3://hyp3-tibet-jpl-test-contentbucket-hratibh1y9pa/474ede36-8ff8-44e3-9799-3a51c0a2ef19/OPERA_L3_DIST-ALERT-S1_T36UYA_20240210T033929Z_20260309T202335Z_S1A_30_v0.1,https://hyp3-tibet-jpl-test-contentbucket-hratibh1y9pa.s3.us-west-2.amazonaws.com/474ede36-8ff8-44e3-9799-3a51c0a2ef19/OPERA_L3_DIST-ALERT-S1_T36UYA_20240210T033929Z_20260309T202335Z_S1A_30_v0.1/OPERA_L3_DIST-ALERT-S1_T36UYA_20240210T033929Z_20260309T202335Z_S1A_30_v0.1_BROWSE.png,2026-03-09T20:07:29+00:00,778.694,4.5,36UYA,1,7,4,none,False,transformer_optimized,high,32,-1,2024-02-10,94,2.5,4,best,none,False
94,Ukraine_War_36UYA,https://hyp3-tibet-jpl-test-contentbucket-hratibh1y9pa.s3.us-west-2.amazonaws.com/ae8cc8be-6f7b-4fa3-9216-1440dbc46549/OPERA_L3_DIST-ALERT-S1_T36UYA_20221213T152124Z_20260309T202800Z_S1A_30_v0.1.zip,https://hyp3-tibet-jpl-test-contentbucket-hratibh1y9pa.s3.us-west-2.amazonaws.com/ae8cc8be-6f7b-4fa3-9216-1440dbc46549/OPERA_L3_DIST-ALERT-S1_T36UYA_20221213T152124Z_20260309T202800Z_S1A_30_v0.1,s3://hyp3-tibet-jpl-test-contentbucket-hratibh1y9pa/ae8cc8be-6f7b-4fa3-9216-1440dbc46549/OPERA_L3_DIST-ALERT-S1_T36UYA_20221213T152124Z_20260309T202800Z_S1A_30_v0.1,https://hyp3-tibet-jpl-test-contentbucket-hratibh1y9pa.s3.us-west-2.amazonaws.com/ae8cc8be-6f7b-4fa3-9216-1440dbc46549/OPERA_L3_DIST-ALERT-S1_T36UYA_20221213T152124Z_20260309T202800Z_S1A_30_v0.1/OPERA_L3_DIST-ALERT-S1_T36UYA_20221213T152124Z_20260309T202800Z_S1A_30_v0.1_BROWSE.png,2026-03-09T20:07:28+00:00,916.95,4.5,36UYA,1,7,4,none,False,transformer_optimized,high,32,-1,2022-12-13,43,2.5,4,best,none,False
95,Ukraine_War_36UYA,https://hyp3-tibet-jpl-test-contentbucket-hratibh1y9pa.s3.us-west-2.amazonaws.com/ab0779ef-d28a-415e-b774-98628ae25d1b/OPERA_L3_DIST-ALERT-S1_T36UYA_20230227T033924Z_20260309T202342Z_S1A_30_v0.1.zip,https://hyp3-tibet-jpl-test-contentbucket-hratibh1y9pa.s3.us-west-2.amazonaws.com/ab0779ef-d28a-415e-b774-98628ae25d1b/OPERA_L3_DIST-ALERT-S1_T36UYA_20230227T033924Z_20260309T202342Z_S1A_30_v0.1,s3://hyp3-tibet-jpl-test-contentbucket-hratibh1y9pa/ab0779ef-d28a-415e-b774-98628ae25d1b/OPERA_L3_DIST-ALERT-S1_T36UYA_20230227T033924Z_20260309T202342Z_S1A_30_v0.1,https://hyp3-tibet-jpl-test-contentbucket-hratibh1y9pa.s3.us-west-2.amazonaws.com/ab0779ef-d28a-415e-b774-98628ae25d1b/OPERA_L3_DIST-ALERT-S1_T36UYA_20230227T033924Z_20260309T202342Z_S1A_30_v0.1/OPERA_L3_DIST-ALERT-S1_T36UYA_20230227T033924Z_20260309T202342Z_S1A_30_v0.1_BROWSE.png,2026-03-09T20:07:28+00:00,658.643,4.5,36UYA,1,7,4,none,False,transformer_optimized,high,32,-1,2023-02-27,94,2.5,4,best,none,False
96,Ukraine_War_36UYA,https://hyp3-tibet-jpl-test-contentbucket-hratibh1y9pa.s3.us-west-2.amazonaws.com/73d86bd5-6c88-4925-8776-9fc0d98754d8/OPERA_L3_DIST-ALERT-S1_T36UYA_20230216T152931Z_20260309T202727Z_S1A_30_v0.1.zip,https://hyp3-tibet-jpl-test-contentbucket-hratibh1y9pa.s3.us-west-2.amazonaws.com/73d86bd5-6c88-4925-8776-9fc0d98754d8/OPERA_L3_DIST-ALERT-S1_T36UYA_20230216T152931Z_20260309T202727Z_S1A_30_v0.1,s3://hyp3-tibet-jpl-test-contentbucket-hratibh1y9pa/73d86bd5-6c88-4925-8776-9fc0d98754d8/OPERA_L3_DIST-ALERT-S1_T36UYA_20230216T152931Z_20260309T202727Z_S1A_30_v0.1,https://hyp3-tibet-jpl-test-contentbucket-hratibh1y9pa.s3.us-west-2.amazonaws.com/73d86bd5-6c88-4925-8776-9fc0d98754d8/OPERA_L3_DIST-ALERT-S1_T36UYA_20230216T152931Z_20260309T202727Z_S1A_30_v0.1/OPERA_L3_DIST-ALERT-S1_T36UYA_20230216T152931Z_20260309T202727Z_S1A_30_v0.1_BROWSE.png,2026-03-09T20:07:28+00:00,885.162,4.5,36UYA,1,7,4,none,False,transformer_optimized,high,32,-1,2023-02-16,116,2.5,4,best,none,False
97,Ukraine_War_36UYA,https://hyp3-tibet-jpl-test-contentbucket-hratibh1y9pa.s3.us-west-2.amazonaws.com/53dce0d7-4ad2-424d-9b88-99048c88bf8b/OPERA_L3_DIST-ALERT-S1_T36UYA_20220316T033918Z_20260309T202337Z_S1A_30_v0.1.zip,https://hyp3-tibet-jpl-test-contentbucket-hratibh1y9pa.s3.us-west-2.amazonaws.com/53dce0d7-4ad2-424d-9b88-99048c88bf8b/OPERA_L3_DIST-ALERT-S1_T36UYA_20220316T033918Z_20260309T202337Z_S1A_30_v0.1,s3://hyp3-tibet-jpl-test-contentbucket-hratibh1y9pa/53dce0d7-4ad2-424d-9b88-99048c88bf8b/OPERA_L3_DIST-ALERT-S1_T36UYA_20220316T033918Z_20260309T202337Z_S1A_30_v0.1,https://hyp3-tibet-jpl-test-contentbucket-hratibh1y9pa.s3.us-west-2.amazonaws.com/53dce0d7-4ad2-424d-9b88-99048c88bf8b/OPERA_L3_DIST-ALERT-S1_T36UYA_20220316T033918Z_20260309T202337Z_S1A_30_v0.1/OPERA_L3_DIST-ALERT-S1_T36UYA_20220316T033918Z_20260309T202337Z_S1A_30_v0.1_BROWSE.png,2026-03-09T20:07:28+00:00,652.2,4.5,36UYA,1,7,4,none,False,transformer_optimized,high,32,-1,2022-03-16,94,2.5,4,best,none,False
98,Ukraine_War_36UYA,https://hyp3-tibet-jpl-test-contentbucket-hratibh1y9pa.s3.us-west-2.amazonaws.com/a66c7466-e457-4bce-bc5d-5a4905a81acc/OPERA_L3_DIST-ALERT-S1_T36UYA_20221019T152936Z_20260309T202551Z_S1A_30_v0.1.zip,https://hyp3-tibet-jpl-test-contentbucket-hratibh1y9pa.s3.us-west-2.amazonaws.com/a66c7466-e457-4bce-bc5d-5a4905a81acc/OPERA_L3_DIST-ALERT-S1_T36UYA_20221019T152936Z_20260309T202551Z_S1A_30_v0.1,s3://hyp3-tibet-jpl-test-contentbucket-hratibh1y9pa/a66c7466-e457-4bce-bc5d-5a4905a81acc/OPERA_L3_DIST-ALERT-S1_T36UYA_20221019T152936Z_20260309T202551Z_S1A_30_v0.1,https://hyp3-tibet-jpl-test-contentbucket-hratibh1y9pa.s3.us-west-2.amazonaws.com/a66c7466-e457-4bce-bc5d-5a4905a81acc/OPERA_L3_DIST-ALERT-S1_T36UYA_20221019T152936Z_20260309T202551Z_S1A_30_v0.1/OPERA_L3_DIST-ALERT-S1_T36UYA_20221019T152936Z_20260309T202551Z_S1A_30_v0.1_BROWSE.png,2026-03-09T20:07:28+00:00,793.623,4.5,36UYA,1,7,4,none,False,transformer_optimized,high,32,-1,2022-10-19,116,2.5,4,best,none,False
99,Ukraine_War_36UYA,https://hyp3-tibet-jpl-test-contentbucket-hratibh1y9pa.s3.us-west-2.amazonaws.com/b71d6705-2159-4cd3-9d3a-821307c4dc2e/OPERA_L3_DIST-ALERT-S1_T36UYA_20221201T152125Z_20260309T202648Z_S1A_30_v0.1.zip,https://hyp3-tibet-jpl-test-contentbucket-hratibh1y9pa.s3.us-west-2.amazonaws.com/b71d6705-2159-4cd3-9d3a-821307c4dc2e/OPERA_L3_DIST-ALERT-S1_T36UYA_20221201T152125Z_20260309T202648Z_S1A_30_v0.1,s3://hyp3-tibet-jpl-test-contentbucket-hratibh1y9pa/b71d6705-2159-4cd3-9d3a-821307c4dc2e/OPERA_L3_DIST-ALERT-S1_T36UYA_20221201T152125Z_20260309T202648Z_S1A_30_v0.1,https://hyp3-tibet-jpl-test-contentbucket-hratibh1y9pa.s3.us-west-2.amazonaws.com/b71d6705-2159-4cd3-9d3a-821307c4dc2e/OPERA_L3_DIST-ALERT-S1_T36UYA_20221201T152125Z_20260309T202648Z_S1A_30_v0.1/OPERA_L3_DIST-ALERT-S1_T36UYA_20221201T152125Z_20260309T202648Z_S1A_30_v0.1_BROWSE.png,2026-03-09T20:07:28+00:00,842.574,4.5,36UYA,1,7,4,none,False,transformer_optimized,high,32,-1,2022-12-01,43,2.5,4,best,none,False
100,Ukraine_War_36UYA,https://hyp3-tibet-jpl-test-contentbucket-hratibh1y9pa.s3.us-west-2.amazonaws.com/0aa322ba-96dc-4e15-a3c7-7db41216cf93/OPERA_L3_DIST-ALERT-S1_T36UYA_20221220T151324Z_20260309T201356Z_S1A_30_v0.1.zip,https://hyp3-tibet-jpl-test-contentbucket-hratibh1y9pa.s3.us-west-2.amazonaws.com/0aa322ba-96dc-4e15-a3c7-7db41216cf93/OPERA_L3_DIST-ALERT-S1_T36UYA_20221220T151324Z_20260309T201356Z_S1A_30_v0.1,s3://hyp3-tibet-jpl-test-contentbucket-hratibh1y9pa/0aa322ba-96dc-4e15-a3c7-7db41216cf93/OPERA_L3_DIST-ALERT-S1_T36UYA_20221220T151324Z_20260309T201356Z_S1A_30_v0.1,https://hyp3-tibet-jpl-test-contentbucket-hratibh1y9pa.s3.us-west-2.amazonaws.com/0aa322ba-96dc-4e15-a3c7-7db41216cf93/OPERA_L3_DIST-ALERT-S1_T36UYA_20221220T151324Z_20260309T201356Z_S1A_30_v0.1/OPERA_L3_DIST-ALERT-S1_T36UYA_20221220T151324Z_20260309T201356Z_S1A_30_v0.1_BROWSE.png,2026-03-09T20:07:28+00:00,59.498,4.5,36UYA,1,7,4,none,False,transformer_optimized,high,32,-1,2022-12-20,145,2.5,4,best,none,False
101,Ukraine_War_36UYA,https://hyp3-tibet-jpl-test-contentbucket-hratibh1y9pa.s3.us-west-2.amazonaws.com/d82c46ed-99ef-4620-bded-a06484e7bde2/OPERA_L3_DIST-ALERT-S1_T36UYA_20220724T035548Z_20260309T201921Z_S1A_30_v0.1.zip,https://hyp3-tibet-jpl-test-contentbucket-hratibh1y9pa.s3.us-west-2.amazonaws.com/d82c46ed-99ef-4620-bded-a06484e7bde2/OPERA_L3_DIST-ALERT-S1_T36UYA_20220724T035548Z_20260309T201921Z_S1A_30_v0.1,s3://hyp3-tibet-jpl-test-contentbucket-hratibh1y9pa/d82c46ed-99ef-4620-bded-a06484e7bde2/OPERA_L3_DIST-ALERT-S1_T36UYA_20220724T035548Z_20260309T201921Z_S1A_30_v0.1,https://hyp3-tibet-jpl-test-contentbucket-hratibh1y9pa.s3.us-west-2.amazonaws.com/d82c46ed-99ef-4620-bded-a06484e7bde2/OPERA_L3_DIST-ALERT-S1_T36UYA_20220724T035548Z_20260309T201921Z_S1A_30_v0.1/OPERA_L3_DIST-ALERT-S1_T36UYA_20220724T035548Z_20260309T201921Z_S1A_30_v0.1_BROWSE.png,2026-03-09T20:07:28+00:00,387.033,4.5,36UYA,1,7,4,none,False,transformer_optimized,high,32,-1,2022-07-24,65,2.5,4,best,none,False
102,Ukraine_War_36UYA,https://hyp3-tibet-jpl-test-contentbucket-hratibh1y9pa.s3.us-west-2.amazonaws.com/2dd53595-2073-4b94-a633-7f90fab7174b/OPERA_L3_DIST-ALERT-S1_T36UYA_20221028T035551Z_20260309T201818Z_S1A_30_v0.1.zip,https://hyp3-tibet-jpl-test-contentbucket-hratibh1y9pa.s3.us-west-2.amazonaws.com/2dd53595-2073-4b94-a633-7f90fab7174b/OPERA_L3_DIST-ALERT-S1_T36UYA_20221028T035551Z_20260309T201818Z_S1A_30_v0.1,s3://hyp3-tibet-jpl-test-contentbucket-hratibh1y9pa/2dd53595-2073-4b94-a633-7f90fab7174b/OPERA_L3_DIST-ALERT-S1_T36UYA_20221028T035551Z_20260309T201818Z_S1A_30_v0.1,https://hyp3-tibet-jpl-test-contentbucket-hratibh1y9pa.s3.us-west-2.amazonaws.com/2dd53595-2073-4b94-a633-7f90fab7174b/OPERA_L3_DIST-ALERT-S1_T36UYA_20221028T035551Z_20260309T201818Z_S1A_30_v0.1/OPERA_L3_DIST-ALERT-S1_T36UYA_20221028T035551Z_20260309T201818Z_S1A_30_v0.1_BROWSE.png,2026-03-09T20:07:28+00:00,323.781,4.5,36UYA,1,7,4,none,False,transformer_optimized,high,32,-1,2022-10-28,65,2.5,4,best,none,False
103,Ukraine_War_36UYA,https://hyp3-tibet-jpl-test-contentbucket-hratibh1y9pa.s3.us-west-2.amazonaws.com/77508a50-b1da-4658-a017-b9ac678f3622/OPERA_L3_DIST-ALERT-S1_T36UYA_20230123T152933Z_20260309T202155Z_S1A_30_v0.1.zip,https://hyp3-tibet-jpl-test-contentbucket-hratibh1y9pa.s3.us-west-2.amazonaws.com/77508a50-b1da-4658-a017-b9ac678f3622/OPERA_L3_DIST-ALERT-S1_T36UYA_20230123T152933Z_20260309T202155Z_S1A_30_v0.1,s3://hyp3-tibet-jpl-test-contentbucket-hratibh1y9pa/77508a50-b1da-4658-a017-b9ac678f3622/OPERA_L3_DIST-ALERT-S1_T36UYA_20230123T152933Z_20260309T202155Z_S1A_30_v0.1,https://hyp3-tibet-jpl-test-contentbucket-hratibh1y9pa.s3.us-west-2.amazonaws.com/77508a50-b1da-4658-a017-b9ac678f3622/OPERA_L3_DIST-ALERT-S1_T36UYA_20230123T152933Z_20260309T202155Z_S1A_30_v0.1/OPERA_L3_DIST-ALERT-S1_T36UYA_20230123T152933Z_20260309T202155Z_S1A_30_v0.1_BROWSE.png,2026-03-09T20:07:28+00:00,545.941,4.5,36UYA,1,7,4,none,False,transformer_optimized,high,32,-1,2023-01-23,116,2.5,4,best,none,False
104,Ukraine_War_36UYA,https://hyp3-tibet-jpl-test-contentbucket-hratibh1y9pa.s3.us-west-2.amazonaws.com/2e059cab-338c-439a-b8f1-b6025a3826d8/OPERA_L3_DIST-ALERT-S1_T36UYA_20230613T035550Z_20260309T202236Z_S1A_30_v0.1.zip,https://hyp3-tibet-jpl-test-contentbucket-hratibh1y9pa.s3.us-west-2.amazonaws.com/2e059cab-338c-439a-b8f1-b6025a3826d8/OPERA_L3_DIST-ALERT-S1_T36UYA_20230613T035550Z_20260309T202236Z_S1A_30_v0.1,s3://hyp3-tibet-jpl-test-contentbucket-hratibh1y9pa/2e059cab-338c-439a-b8f1-b6025a3826d8/OPERA_L3_DIST-ALERT-S1_T36UYA_20230613T035550Z_20260309T202236Z_S1A_30_v0.1,https://hyp3-tibet-jpl-test-contentbucket-hratibh1y9pa.s3.us-west-2.amazonaws.com/2e059cab-338c-439a-b8f1-b6025a3826d8/OPERA_L3_DIST-ALERT-S1_T36UYA_20230613T035550Z_20260309T202236Z_S1A_30_v0.1/OPERA_L3_DIST-ALERT-S1_T36UYA_20230613T035550Z_20260309T202236Z_S1A_30_v0.1_BROWSE.png,2026-03-09T20:07:28+00:00,584.446,4.5,36UYA,1,7,4,none,False,transformer_optimized,high,32,-1,2023-06-13,65,2.5,4,best,none,False
105,Ukraine_War_36UYA,https://hyp3-tibet-jpl-test-contentbucket-hratibh1y9pa.s3.us-west-2.amazonaws.com/6417da6d-7d09-4f2b-b1a1-c53925f6263b/OPERA_L3_DIST-ALERT-S1_T36UYA_20221007T152936Z_20260309T202704Z_S1A_30_v0.1.zip,https://hyp3-tibet-jpl-test-contentbucket-hratibh1y9pa.s3.us-west-2.amazonaws.com/6417da6d-7d09-4f2b-b1a1-c53925f6263b/OPERA_L3_DIST-ALERT-S1_T36UYA_20221007T152936Z_20260309T202704Z_S1A_30_v0.1,s3://hyp3-tibet-jpl-test-contentbucket-hratibh1y9pa/6417da6d-7d09-4f2b-b1a1-c53925f6263b/OPERA_L3_DIST-ALERT-S1_T36UYA_20221007T152936Z_20260309T202704Z_S1A_30_v0.1,https://hyp3-tibet-jpl-test-contentbucket-hratibh1y9pa.s3.us-west-2.amazonaws.com/6417da6d-7d09-4f2b-b1a1-c53925f6263b/OPERA_L3_DIST-ALERT-S1_T36UYA_20221007T152936Z_20260309T202704Z_S1A_30_v0.1/OPERA_L3_DIST-ALERT-S1_T36UYA_20221007T152936Z_20260309T202704Z_S1A_30_v0.1_BROWSE.png,2026-03-09T20:07:28+00:00,856.263,4.5,36UYA,1,7,4,none,False,transformer_optimized,high,32,-1,2022-10-07,116,2.5,4,best,none,False
106,Ukraine_War_36UYA,https://hyp3-tibet-jpl-test-contentbucket-hratibh1y9pa.s3.us-west-2.amazonaws.com/67a59afc-9bb4-45c4-bca8-4b99c6dcb265/OPERA_L3_DIST-ALERT-S1_T36UYA_20220417T152117Z_20260309T202615Z_S1A_30_v0.1.zip,https://hyp3-tibet-jpl-test-contentbucket-hratibh1y9pa.s3.us-west-2.amazonaws.com/67a59afc-9bb4-45c4-bca8-4b99c6dcb265/OPERA_L3_DIST-ALERT-S1_T36UYA_20220417T152117Z_20260309T202615Z_S1A_30_v0.1,s3://hyp3-tibet-jpl-test-contentbucket-hratibh1y9pa/67a59afc-9bb4-45c4-bca8-4b99c6dcb265/OPERA_L3_DIST-ALERT-S1_T36UYA_20220417T152117Z_20260309T202615Z_S1A_30_v0.1,https://hyp3-tibet-jpl-test-contentbucket-hratibh1y9pa.s3.us-west-2.amazonaws.com/67a59afc-9bb4-45c4-bca8-4b99c6dcb265/OPERA_L3_DIST-ALERT-S1_T36UYA_20220417T152117Z_20260309T202615Z_S1A_30_v0.1/OPERA_L3_DIST-ALERT-S1_T36UYA_20220417T152117Z_20260309T202615Z_S1A_30_v0.1_BROWSE.png,2026-03-09T20:07:28+00:00,812.075,4.5,36UYA,1,7,4,none,False,transformer_optimized,high,32,-1,2022-04-17,43,2.5,4,best,none,False
107,Ukraine_War_36UYA,https://hyp3-tibet-jpl-test-contentbucket-hratibh1y9pa.s3.us-west-2.amazonaws.com/ee7352d9-5027-4b0c-87e8-4fa8d5857494/OPERA_L3_DIST-ALERT-S1_T36UYA_20230312T152932Z_20260309T202703Z_S1A_30_v0.1.zip,https://hyp3-tibet-jpl-test-contentbucket-hratibh1y9pa.s3.us-west-2.amazonaws.com/ee7352d9-5027-4b0c-87e8-4fa8d5857494/OPERA_L3_DIST-ALERT-S1_T36UYA_20230312T152932Z_20260309T202703Z_S1A_30_v0.1,s3://hyp3-tibet-jpl-test-contentbucket-hratibh1y9pa/ee7352d9-5027-4b0c-87e8-4fa8d5857494/OPERA_L3_DIST-ALERT-S1_T36UYA_20230312T152932Z_20260309T202703Z_S1A_30_v0.1,https://hyp3-tibet-jpl-test-contentbucket-hratibh1y9pa.s3.us-west-2.amazonaws.com/ee7352d9-5027-4b0c-87e8-4fa8d5857494/OPERA_L3_DIST-ALERT-S1_T36UYA_20230312T152932Z_20260309T202703Z_S1A_30_v0.1/OPERA_L3_DIST-ALERT-S1_T36UYA_20230312T152932Z_20260309T202703Z_S1A_30_v0.1_BROWSE.png,2026-03-09T20:07:28+00:00,855.182,4.5,36UYA,1,7,4,none,False,transformer_optimized,high,32,-1,2023-03-12,116,2.5,4,best,none,False
108,Ukraine_War_36UYA,https://hyp3-tibet-jpl-test-contentbucket-hratibh1y9pa.s3.us-west-2.amazonaws.com/d0c000c7-4b6d-4a41-b12f-2071e23141ba/OPERA_L3_DIST-ALERT-S1_T36UYA_20220910T035551Z_20260309T202206Z_S1A_30_v0.1.zip,https://hyp3-tibet-jpl-test-contentbucket-hratibh1y9pa.s3.us-west-2.amazonaws.com/d0c000c7-4b6d-4a41-b12f-2071e23141ba/OPERA_L3_DIST-ALERT-S1_T36UYA_20220910T035551Z_20260309T202206Z_S1A_30_v0.1,s3://hyp3-tibet-jpl-test-contentbucket-hratibh1y9pa/d0c000c7-4b6d-4a41-b12f-2071e23141ba/OPERA_L3_DIST-ALERT-S1_T36UYA_20220910T035551Z_20260309T202206Z_S1A_30_v0.1,https://hyp3-tibet-jpl-test-contentbucket-hratibh1y9pa.s3.us-west-2.amazonaws.com/d0c000c7-4b6d-4a41-b12f-2071e23141ba/OPERA_L3_DIST-ALERT-S1_T36UYA_20220910T035551Z_20260309T202206Z_S1A_30_v0.1/OPERA_L3_DIST-ALERT-S1_T36UYA_20220910T035551Z_20260309T202206Z_S1A_30_v0.1_BROWSE.png,2026-03-09T20:07:28+00:00,555.975,4.5,36UYA,1,7,4,none,False,transformer_optimized,high,32,-1,2022-09-10,65,2.5,4,best,none,False
109,Ukraine_War_36UYA,https://hyp3-tibet-jpl-test-contentbucket-hratibh1y9pa.s3.us-west-2.amazonaws.com/ba7684f1-2fda-483f-b1e9-7ba5803e7ba8/OPERA_L3_DIST-ALERT-S1_T36UYA_20230326T151322Z_20260309T201405Z_S1A_30_v0.1.zip,https://hyp3-tibet-jpl-test-contentbucket-hratibh1y9pa.s3.us-west-2.amazonaws.com/ba7684f1-2fda-483f-b1e9-7ba5803e7ba8/OPERA_L3_DIST-ALERT-S1_T36UYA_20230326T151322Z_20260309T201405Z_S1A_30_v0.1,s3://hyp3-tibet-jpl-test-contentbucket-hratibh1y9pa/ba7684f1-2fda-483f-b1e9-7ba5803e7ba8/OPERA_L3_DIST-ALERT-S1_T36UYA_20230326T151322Z_20260309T201405Z_S1A_30_v0.1,https://hyp3-tibet-jpl-test-contentbucket-hratibh1y9pa.s3.us-west-2.amazonaws.com/ba7684f1-2fda-483f-b1e9-7ba5803e7ba8/OPERA_L3_DIST-ALERT-S1_T36UYA_20230326T151322Z_20260309T201405Z_S1A_30_v0.1/OPERA_L3_DIST-ALERT-S1_T36UYA_20230326T151322Z_20260309T201405Z_S1A_30_v0.1_BROWSE.png,2026-03-09T20:07:28+00:00,68.857,4.5,36UYA,1,7,4,none,False,transformer_optimized,high,32,-1,2023-03-26,145,2.5,4,best,none,False
110,Ukraine_War_36UYA,https://hyp3-tibet-jpl-test-contentbucket-hratibh1y9pa.s3.us-west-2.amazonaws.com/eb1a94d5-0cfb-4514-af7a-7797894b80f1/OPERA_L3_DIST-ALERT-S1_T36UYA_20230225T035547Z_20260309T202236Z_S1A_30_v0.1.zip,https://hyp3-tibet-jpl-test-contentbucket-hratibh1y9pa.s3.us-west-2.amazonaws.com/eb1a94d5-0cfb-4514-af7a-7797894b80f1/OPERA_L3_DIST-ALERT-S1_T36UYA_20230225T035547Z_20260309T202236Z_S1A_30_v0.1,s3://hyp3-tibet-jpl-test-contentbucket-hratibh1y9pa/eb1a94d5-0cfb-4514-af7a-7797894b80f1/OPERA_L3_DIST-ALERT-S1_T36UYA_20230225T035547Z_20260309T202236Z_S1A_30_v0.1,https://hyp3-tibet-jpl-test-contentbucket-hratibh1y9pa.s3.us-west-2.amazonaws.com/eb1a94d5-0cfb-4514-af7a-7797894b80f1/OPERA_L3_DIST-ALERT-S1_T36UYA_20230225T035547Z_20260309T202236Z_S1A_30_v0.1/OPERA_L3_DIST-ALERT-S1_T36UYA_20230225T035547Z_20260309T202236Z_S1A_30_v0.1_BROWSE.png,2026-03-09T20:07:28+00:00,584.417,4.5,36UYA,1,7,4,none,False,transformer_optimized,high,32,-1,2023-02-25,65,2.5,4,best,none,False
111,Ukraine_War_36UYA,https://hyp3-tibet-jpl-test-contentbucket-hratibh1y9pa.s3.us-west-2.amazonaws.com/6ab4247a-af95-4bf9-99bd-4c39d2164424/OPERA_L3_DIST-ALERT-S1_T36UYA_20221203T035550Z_20260309T202210Z_S1A_30_v0.1.zip,https://hyp3-tibet-jpl-test-contentbucket-hratibh1y9pa.s3.us-west-2.amazonaws.com/6ab4247a-af95-4bf9-99bd-4c39d2164424/OPERA_L3_DIST-ALERT-S1_T36UYA_20221203T035550Z_20260309T202210Z_S1A_30_v0.1,s3://hyp3-tibet-jpl-test-contentbucket-hratibh1y9pa/6ab4247a-af95-4bf9-99bd-4c39d2164424/OPERA_L3_DIST-ALERT-S1_T36UYA_20221203T035550Z_20260309T202210Z_S1A_30_v0.1,https://hyp3-tibet-jpl-test-contentbucket-hratibh1y9pa.s3.us-west-2.amazonaws.com/6ab4247a-af95-4bf9-99bd-4c39d2164424/OPERA_L3_DIST-ALERT-S1_T36UYA_20221203T035550Z_20260309T202210Z_S1A_30_v0.1/OPERA_L3_DIST-ALERT-S1_T36UYA_20221203T035550Z_20260309T202210Z_S1A_30_v0.1_BROWSE.png,2026-03-09T20:07:28+00:00,558.599,4.5,36UYA,1,7,4,none,False,transformer_optimized,high,32,-1,2022-12-03,65,2.5,4,best,none,False
112,Ukraine_War_36UYA,https://hyp3-tibet-jpl-test-contentbucket-hratibh1y9pa.s3.us-west-2.amazonaws.com/bbee1ba2-ba44-4ae3-881f-22845ad16f48/OPERA_L3_DIST-ALERT-S1_T36UYA_20220623T151321Z_20260309T201358Z_S1A_30_v0.1.zip,https://hyp3-tibet-jpl-test-contentbucket-hratibh1y9pa.s3.us-west-2.amazonaws.com/bbee1ba2-ba44-4ae3-881f-22845ad16f48/OPERA_L3_DIST-ALERT-S1_T36UYA_20220623T151321Z_20260309T201358Z_S1A_30_v0.1,s3://hyp3-tibet-jpl-test-contentbucket-hratibh1y9pa/bbee1ba2-ba44-4ae3-881f-22845ad16f48/OPERA_L3_DIST-ALERT-S1_T36UYA_20220623T151321Z_20260309T201358Z_S1A_30_v0.1,https://hyp3-tibet-jpl-test-contentbucket-hratibh1y9pa.s3.us-west-2.amazonaws.com/bbee1ba2-ba44-4ae3-881f-22845ad16f48/OPERA_L3_DIST-ALERT-S1_T36UYA_20220623T151321Z_20260309T201358Z_S1A_30_v0.1/OPERA_L3_DIST-ALERT-S1_T36UYA_20220623T151321Z_20260309T201358Z_S1A_30_v0.1_BROWSE.png,2026-03-09T20:07:28+00:00,62.929,4.5,36UYA,1,7,4,none,False,transformer_optimized,high,32,-1,2022-06-23,145,2.5,4,best,none,False
113,Ukraine_War_36UYA,https://hyp3-tibet-jpl-test-contentbucket-hratibh1y9pa.s3.us-west-2.amazonaws.com/ca672fe2-5db7-455c-8275-22df230a937e/OPERA_L3_DIST-ALERT-S1_T36UYA_20220702T033924Z_20260309T202230Z_S1A_30_v0.1.zip,https://hyp3-tibet-jpl-test-contentbucket-hratibh1y9pa.s3.us-west-2.amazonaws.com/ca672fe2-5db7-455c-8275-22df230a937e/OPERA_L3_DIST-ALERT-S1_T36UYA_20220702T033924Z_20260309T202230Z_S1A_30_v0.1,s3://hyp3-tibet-jpl-test-contentbucket-hratibh1y9pa/ca672fe2-5db7-455c-8275-22df230a937e/OPERA_L3_DIST-ALERT-S1_T36UYA_20220702T033924Z_20260309T202230Z_S1A_30_v0.1,https://hyp3-tibet-jpl-test-contentbucket-hratibh1y9pa.s3.us-west-2.amazonaws.com/ca672fe2-5db7-455c-8275-22df230a937e/OPERA_L3_DIST-ALERT-S1_T36UYA_20220702T033924Z_20260309T202230Z_S1A_30_v0.1/OPERA_L3_DIST-ALERT-S1_T36UYA_20220702T033924Z_20260309T202230Z_S1A_30_v0.1_BROWSE.png,2026-03-09T20:07:28+00:00,582.083,4.5,36UYA,1,7,4,none,False,transformer_optimized,high,32,-1,2022-07-02,94,2.5,4,best,none,False
114,Ukraine_War_36UYA,https://hyp3-tibet-jpl-test-contentbucket-hratibh1y9pa.s3.us-west-2.amazonaws.com/f6808abe-687d-42f0-a7f0-623fddd8fae8/OPERA_L3_DIST-ALERT-S1_T36UYA_20220810T151324Z_20260309T201354Z_S1A_30_v0.1.zip,https://hyp3-tibet-jpl-test-contentbucket-hratibh1y9pa.s3.us-west-2.amazonaws.com/f6808abe-687d-42f0-a7f0-623fddd8fae8/OPERA_L3_DIST-ALERT-S1_T36UYA_20220810T151324Z_20260309T201354Z_S1A_30_v0.1,s3://hyp3-tibet-jpl-test-contentbucket-hratibh1y9pa/f6808abe-687d-42f0-a7f0-623fddd8fae8/OPERA_L3_DIST-ALERT-S1_T36UYA_20220810T151324Z_20260309T201354Z_S1A_30_v0.1,https://hyp3-tibet-jpl-test-contentbucket-hratibh1y9pa.s3.us-west-2.amazonaws.com/f6808abe-687d-42f0-a7f0-623fddd8fae8/OPERA_L3_DIST-ALERT-S1_T36UYA_20220810T151324Z_20260309T201354Z_S1A_30_v0.1/OPERA_L3_DIST-ALERT-S1_T36UYA_20220810T151324Z_20260309T201354Z_S1A_30_v0.1_BROWSE.png,2026-03-09T20:07:28+00:00,57.436,4.5,36UYA,1,7,4,none,False,transformer_optimized,high,32,-1,2022-08-10,145,2.5,4,best,none,False
115,Ukraine_War_36UYA,https://hyp3-tibet-jpl-test-contentbucket-hratibh1y9pa.s3.us-west-2.amazonaws.com/bdb61530-712e-4a98-8cd7-f24829a8453d/OPERA_L3_DIST-ALERT-S1_T36UYA_20220410T152926Z_20260309T202317Z_S1A_30_v0.1.zip,https://hyp3-tibet-jpl-test-contentbucket-hratibh1y9pa.s3.us-west-2.amazonaws.com/bdb61530-712e-4a98-8cd7-f24829a8453d/OPERA_L3_DIST-ALERT-S1_T36UYA_20220410T152926Z_20260309T202317Z_S1A_30_v0.1,s3://hyp3-tibet-jpl-test-contentbucket-hratibh1y9pa/bdb61530-712e-4a98-8cd7-f24829a8453d/OPERA_L3_DIST-ALERT-S1_T36UYA_20220410T152926Z_20260309T202317Z_S1A_30_v0.1,https://hyp3-tibet-jpl-test-contentbucket-hratibh1y9pa.s3.us-west-2.amazonaws.com/bdb61530-712e-4a98-8cd7-f24829a8453d/OPERA_L3_DIST-ALERT-S1_T36UYA_20220410T152926Z_20260309T202317Z_S1A_30_v0.1/OPERA_L3_DIST-ALERT-S1_T36UYA_20220410T152926Z_20260309T202317Z_S1A_30_v0.1_BROWSE.png,2026-03-09T20:07:28+00:00,636.017,4.5,36UYA,1,7,4,none,False,transformer_optimized,high,32,-1,2022-04-10,116,2.5,4,best,none,False
116,Ukraine_War_36UYA,https://hyp3-tibet-jpl-test-contentbucket-hratibh1y9pa.s3.us-west-2.amazonaws.com/8fb655e8-0aec-4798-800e-22caf332b564/OPERA_L3_DIST-ALERT-S1_T36UYA_20220726T033926Z_20260309T202441Z_S1A_30_v0.1.zip,https://hyp3-tibet-jpl-test-contentbucket-hratibh1y9pa.s3.us-west-2.amazonaws.com/8fb655e8-0aec-4798-800e-22caf332b564/OPERA_L3_DIST-ALERT-S1_T36UYA_20220726T033926Z_20260309T202441Z_S1A_30_v0.1,s3://hyp3-tibet-jpl-test-contentbucket-hratibh1y9pa/8fb655e8-0aec-4798-800e-22caf332b564/OPERA_L3_DIST-ALERT-S1_T36UYA_20220726T033926Z_20260309T202441Z_S1A_30_v0.1,https://hyp3-tibet-jpl-test-contentbucket-hratibh1y9pa.s3.us-west-2.amazonaws.com/8fb655e8-0aec-4798-800e-22caf332b564/OPERA_L3_DIST-ALERT-S1_T36UYA_20220726T033926Z_20260309T202441Z_S1A_30_v0.1/OPERA_L3_DIST-ALERT-S1_T36UYA_20220726T033926Z_20260309T202441Z_S1A_30_v0.1_BROWSE.png,2026-03-09T20:07:28+00:00,723.001,4.5,36UYA,1,7,4,none,False,transformer_optimized,high,32,-1,2022-07-26,94,2.5,4,best,none,False
117,Ukraine_War_36UYA,https://hyp3-tibet-jpl-test-contentbucket-hratibh1y9pa.s3.us-west-2.amazonaws.com/7feb382e-025a-48e4-99ff-00e7e9332551/OPERA_L3_DIST-ALERT-S1_T36UYA_20220630T035547Z_20260309T202338Z_S1A_30_v0.1.zip,https://hyp3-tibet-jpl-test-contentbucket-hratibh1y9pa.s3.us-west-2.amazonaws.com/7feb382e-025a-48e4-99ff-00e7e9332551/OPERA_L3_DIST-ALERT-S1_T36UYA_20220630T035547Z_20260309T202338Z_S1A_30_v0.1,s3://hyp3-tibet-jpl-test-contentbucket-hratibh1y9pa/7feb382e-025a-48e4-99ff-00e7e9332551/OPERA_L3_DIST-ALERT-S1_T36UYA_20220630T035547Z_20260309T202338Z_S1A_30_v0.1,https://hyp3-tibet-jpl-test-contentbucket-hratibh1y9pa.s3.us-west-2.amazonaws.com/7feb382e-025a-48e4-99ff-00e7e9332551/OPERA_L3_DIST-ALERT-S1_T36UYA_20220630T035547Z_20260309T202338Z_S1A_30_v0.1/OPERA_L3_DIST-ALERT-S1_T36UYA_20220630T035547Z_20260309T202338Z_S1A_30_v0.1_BROWSE.png,2026-03-09T20:07:28+00:00,646.945,4.5,36UYA,1,7,4,none,False,transformer_optimized,high,32,-1,2022-06-30,65,2.5,4,best,none,False
118,Ukraine_War_36UYA,https://hyp3-tibet-jpl-test-contentbucket-hratibh1y9pa.s3.us-west-2.amazonaws.com/78ef5ac1-64e0-4066-b962-e918dc1bca6b/OPERA_L3_DIST-ALERT-S1_T36UYA_20220822T151325Z_20260309T201416Z_S1A_30_v0.1.zip,https://hyp3-tibet-jpl-test-contentbucket-hratibh1y9pa.s3.us-west-2.amazonaws.com/78ef5ac1-64e0-4066-b962-e918dc1bca6b/OPERA_L3_DIST-ALERT-S1_T36UYA_20220822T151325Z_20260309T201416Z_S1A_30_v0.1,s3://hyp3-tibet-jpl-test-contentbucket-hratibh1y9pa/78ef5ac1-64e0-4066-b962-e918dc1bca6b/OPERA_L3_DIST-ALERT-S1_T36UYA_20220822T151325Z_20260309T201416Z_S1A_30_v0.1,https://hyp3-tibet-jpl-test-contentbucket-hratibh1y9pa.s3.us-west-2.amazonaws.com/78ef5ac1-64e0-4066-b962-e918dc1bca6b/OPERA_L3_DIST-ALERT-S1_T36UYA_20220822T151325Z_20260309T201416Z_S1A_30_v0.1/OPERA_L3_DIST-ALERT-S1_T36UYA_20220822T151325Z_20260309T201416Z_S1A_30_v0.1_BROWSE.png,2026-03-09T20:07:28+00:00,80.465,4.5,36UYA,1,7,4,none,False,transformer_optimized,high,32,-1,2022-08-22,145,2.5,4,best,none,False
119,Ukraine_War_36UYA,https://hyp3-tibet-jpl-test-contentbucket-hratibh1y9pa.s3.us-west-2.amazonaws.com/8dabc184-52f1-457d-b661-3a3e76994264/OPERA_L3_DIST-ALERT-S1_T36UYA_20220924T033928Z_20260309T202349Z_S1A_30_v0.1.zip,https://hyp3-tibet-jpl-test-contentbucket-hratibh1y9pa.s3.us-west-2.amazonaws.com/8dabc184-52f1-457d-b661-3a3e76994264/OPERA_L3_DIST-ALERT-S1_T36UYA_20220924T033928Z_20260309T202349Z_S1A_30_v0.1,s3://hyp3-tibet-jpl-test-contentbucket-hratibh1y9pa/8dabc184-52f1-457d-b661-3a3e76994264/OPERA_L3_DIST-ALERT-S1_T36UYA_20220924T033928Z_20260309T202349Z_S1A_30_v0.1,https://hyp3-tibet-jpl-test-contentbucket-hratibh1y9pa.s3.us-west-2.amazonaws.com/8dabc184-52f1-457d-b661-3a3e76994264/OPERA_L3_DIST-ALERT-S1_T36UYA_20220924T033928Z_20260309T202349Z_S1A_30_v0.1/OPERA_L3_DIST-ALERT-S1_T36UYA_20220924T033928Z_20260309T202349Z_S1A_30_v0.1_BROWSE.png,2026-03-09T20:07:28+00:00,666.323,4.5,36UYA,1,7,4,none,False,transformer_optimized,high,32,-1,2022-09-24,94,2.5,4,best,none,False
120,Ukraine_War_36UYA,https://hyp3-tibet-jpl-test-contentbucket-hratibh1y9pa.s3.us-west-2.amazonaws.com/01259b3e-0780-48e6-a896-3fe9ef36f680/OPERA_L3_DIST-ALERT-S1_T36UYA_20220412T151317Z_20260309T201346Z_S1A_30_v0.1.zip,https://hyp3-tibet-jpl-test-contentbucket-hratibh1y9pa.s3.us-west-2.amazonaws.com/01259b3e-0780-48e6-a896-3fe9ef36f680/OPERA_L3_DIST-ALERT-S1_T36UYA_20220412T151317Z_20260309T201346Z_S1A_30_v0.1,s3://hyp3-tibet-jpl-test-contentbucket-hratibh1y9pa/01259b3e-0780-48e6-a896-3fe9ef36f680/OPERA_L3_DIST-ALERT-S1_T36UYA_20220412T151317Z_20260309T201346Z_S1A_30_v0.1,https://hyp3-tibet-jpl-test-contentbucket-hratibh1y9pa.s3.us-west-2.amazonaws.com/01259b3e-0780-48e6-a896-3fe9ef36f680/OPERA_L3_DIST-ALERT-S1_T36UYA_20220412T151317Z_20260309T201346Z_S1A_30_v0.1/OPERA_L3_DIST-ALERT-S1_T36UYA_20220412T151317Z_20260309T201346Z_S1A_30_v0.1_BROWSE.png,2026-03-09T20:07:28+00:00,49.196,4.5,36UYA,1,7,4,none,False,transformer_optimized,high,32,-1,2022-04-12,145,2.5,4,best,none,False
121,Ukraine_War_36UYA,https://hyp3-tibet-jpl-test-contentbucket-hratibh1y9pa.s3.us-west-2.amazonaws.com/b5939282-73b6-492c-b5a9-84e18058e590/OPERA_L3_DIST-ALERT-S1_T36UYA_20221206T152935Z_20260309T202540Z_S1A_30_v0.1.zip,https://hyp3-tibet-jpl-test-contentbucket-hratibh1y9pa.s3.us-west-2.amazonaws.com/b5939282-73b6-492c-b5a9-84e18058e590/OPERA_L3_DIST-ALERT-S1_T36UYA_20221206T152935Z_20260309T202540Z_S1A_30_v0.1,s3://hyp3-tibet-jpl-test-contentbucket-hratibh1y9pa/b5939282-73b6-492c-b5a9-84e18058e590/OPERA_L3_DIST-ALERT-S1_T36UYA_20221206T152935Z_20260309T202540Z_S1A_30_v0.1,https://hyp3-tibet-jpl-test-contentbucket-hratibh1y9pa.s3.us-west-2.amazonaws.com/b5939282-73b6-492c-b5a9-84e18058e590/OPERA_L3_DIST-ALERT-S1_T36UYA_20221206T152935Z_20260309T202540Z_S1A_30_v0.1/OPERA_L3_DIST-ALERT-S1_T36UYA_20221206T152935Z_20260309T202540Z_S1A_30_v0.1_BROWSE.png,2026-03-09T20:07:28+00:00,771.51,4.5,36UYA,1,7,4,none,False,transformer_optimized,high,32,-1,2022-12-06,116,2.5,4,best,none,False
122,Ukraine_War_36UYA,https://hyp3-tibet-jpl-test-contentbucket-hratibh1y9pa.s3.us-west-2.amazonaws.com/01dc8ea4-612b-4a18-98de-a7b6a26e600d/OPERA_L3_DIST-ALERT-S1_T36UYA_20230309T035546Z_20260309T202206Z_S1A_30_v0.1.zip,https://hyp3-tibet-jpl-test-contentbucket-hratibh1y9pa.s3.us-west-2.amazonaws.com/01dc8ea4-612b-4a18-98de-a7b6a26e600d/OPERA_L3_DIST-ALERT-S1_T36UYA_20230309T035546Z_20260309T202206Z_S1A_30_v0.1,s3://hyp3-tibet-jpl-test-contentbucket-hratibh1y9pa/01dc8ea4-612b-4a18-98de-a7b6a26e600d/OPERA_L3_DIST-ALERT-S1_T36UYA_20230309T035546Z_20260309T202206Z_S1A_30_v0.1,https://hyp3-tibet-jpl-test-contentbucket-hratibh1y9pa.s3.us-west-2.amazonaws.com/01dc8ea4-612b-4a18-98de-a7b6a26e600d/OPERA_L3_DIST-ALERT-S1_T36UYA_20230309T035546Z_20260309T202206Z_S1A_30_v0.1/OPERA_L3_DIST-ALERT-S1_T36UYA_20230309T035546Z_20260309T202206Z_S1A_30_v0.1_BROWSE.png,2026-03-09T20:07:28+00:00,554.953,4.5,36UYA,1,7,4,none,False,transformer_optimized,high,32,-1,2023-03-09,65,2.5,4,best,none,False
123,Ukraine_War_36UYA,https://hyp3-tibet-jpl-test-contentbucket-hratibh1y9pa.s3.us-west-2.amazonaws.com/ae2049cd-45d2-4b1b-ab17-e641b8be5288/OPERA_L3_DIST-ALERT-S1_T36UYA_20221102T151326Z_20260309T201416Z_S1A_30_v0.1.zip,https://hyp3-tibet-jpl-test-contentbucket-hratibh1y9pa.s3.us-west-2.amazonaws.com/ae2049cd-45d2-4b1b-ab17-e641b8be5288/OPERA_L3_DIST-ALERT-S1_T36UYA_20221102T151326Z_20260309T201416Z_S1A_30_v0.1,s3://hyp3-tibet-jpl-test-contentbucket-hratibh1y9pa/ae2049cd-45d2-4b1b-ab17-e641b8be5288/OPERA_L3_DIST-ALERT-S1_T36UYA_20221102T151326Z_20260309T201416Z_S1A_30_v0.1,https://hyp3-tibet-jpl-test-contentbucket-hratibh1y9pa.s3.us-west-2.amazonaws.com/ae2049cd-45d2-4b1b-ab17-e641b8be5288/OPERA_L3_DIST-ALERT-S1_T36UYA_20221102T151326Z_20260309T201416Z_S1A_30_v0.1/OPERA_L3_DIST-ALERT-S1_T36UYA_20221102T151326Z_20260309T201416Z_S1A_30_v0.1_BROWSE.png,2026-03-09T20:07:28+00:00,80.376,4.5,36UYA,1,7,4,none,False,transformer_optimized,high,32,-1,2022-11-02,145,2.5,4,best,none,False
124,Ukraine_War_36UYA,https://hyp3-tibet-jpl-test-contentbucket-hratibh1y9pa.s3.us-west-2.amazonaws.com/7669bd5a-67db-4c5e-b9e0-8256547cbe3d/OPERA_L3_DIST-ALERT-S1_T36UYA_20230606T151325Z_20260309T201424Z_S1A_30_v0.1.zip,https://hyp3-tibet-jpl-test-contentbucket-hratibh1y9pa.s3.us-west-2.amazonaws.com/7669bd5a-67db-4c5e-b9e0-8256547cbe3d/OPERA_L3_DIST-ALERT-S1_T36UYA_20230606T151325Z_20260309T201424Z_S1A_30_v0.1,s3://hyp3-tibet-jpl-test-contentbucket-hratibh1y9pa/7669bd5a-67db-4c5e-b9e0-8256547cbe3d/OPERA_L3_DIST-ALERT-S1_T36UYA_20230606T151325Z_20260309T201424Z_S1A_30_v0.1,https://hyp3-tibet-jpl-test-contentbucket-hratibh1y9pa.s3.us-west-2.amazonaws.com/7669bd5a-67db-4c5e-b9e0-8256547cbe3d/OPERA_L3_DIST-ALERT-S1_T36UYA_20230606T151325Z_20260309T201424Z_S1A_30_v0.1/OPERA_L3_DIST-ALERT-S1_T36UYA_20230606T151325Z_20260309T201424Z_S1A_30_v0.1_BROWSE.png,2026-03-09T20:07:28+00:00,87.741,4.5,36UYA,1,7,4,none,False,transformer_optimized,high,32,-1,2023-06-06,145,2.5,4,best,none,False
125,Ukraine_War_36UYA,https://hyp3-tibet-jpl-test-contentbucket-hratibh1y9pa.s3.us-west-2.amazonaws.com/c63d8fa2-51dd-48c3-8722-f172531cc3a8/OPERA_L3_DIST-ALERT-S1_T36UYA_20221215T035549Z_20260309T202011Z_S1A_30_v0.1.zip,https://hyp3-tibet-jpl-test-contentbucket-hratibh1y9pa.s3.us-west-2.amazonaws.com/c63d8fa2-51dd-48c3-8722-f172531cc3a8/OPERA_L3_DIST-ALERT-S1_T36UYA_20221215T035549Z_20260309T202011Z_S1A_30_v0.1,s3://hyp3-tibet-jpl-test-contentbucket-hratibh1y9pa/c63d8fa2-51dd-48c3-8722-f172531cc3a8/OPERA_L3_DIST-ALERT-S1_T36UYA_20221215T035549Z_20260309T202011Z_S1A_30_v0.1,https://hyp3-tibet-jpl-test-contentbucket-hratibh1y9pa.s3.us-west-2.amazonaws.com/c63d8fa2-51dd-48c3-8722-f172531cc3a8/OPERA_L3_DIST-ALERT-S1_T36UYA_20221215T035549Z_20260309T202011Z_S1A_30_v0.1/OPERA_L3_DIST-ALERT-S1_T36UYA_20221215T035549Z_20260309T202011Z_S1A_30_v0.1_BROWSE.png,2026-03-09T20:07:28+00:00,435.911,4.5,36UYA,1,7,4,none,False,transformer_optimized,high,32,-1,2022-12-15,65,2.5,4,best,none,False
126,Ukraine_War_36UYA,https://hyp3-tibet-jpl-test-contentbucket-hratibh1y9pa.s3.us-west-2.amazonaws.com/b2688b77-0dd7-4aa1-a817-c62b2ec267e4/OPERA_L3_DIST-ALERT-S1_T36UYA_20220409T033919Z_20260309T202257Z_S1A_30_v0.1.zip,https://hyp3-tibet-jpl-test-contentbucket-hratibh1y9pa.s3.us-west-2.amazonaws.com/b2688b77-0dd7-4aa1-a817-c62b2ec267e4/OPERA_L3_DIST-ALERT-S1_T36UYA_20220409T033919Z_20260309T202257Z_S1A_30_v0.1,s3://hyp3-tibet-jpl-test-contentbucket-hratibh1y9pa/b2688b77-0dd7-4aa1-a817-c62b2ec267e4/OPERA_L3_DIST-ALERT-S1_T36UYA_20220409T033919Z_20260309T202257Z_S1A_30_v0.1,https://hyp3-tibet-jpl-test-contentbucket-hratibh1y9pa.s3.us-west-2.amazonaws.com/b2688b77-0dd7-4aa1-a817-c62b2ec267e4/OPERA_L3_DIST-ALERT-S1_T36UYA_20220409T033919Z_20260309T202257Z_S1A_30_v0.1/OPERA_L3_DIST-ALERT-S1_T36UYA_20220409T033919Z_20260309T202257Z_S1A_30_v0.1_BROWSE.png,2026-03-09T20:07:28+00:00,738.383,4.5,36UYA,1,7,4,none,False,transformer_optimized,high,32,-1,2022-04-09,94,2.5,4,best,none,False
127,Ukraine_War_36UYA,https://hyp3-tibet-jpl-test-contentbucket-hratibh1y9pa.s3.us-west-2.amazonaws.com/60b1ca62-9adf-4a90-b232-2e7c97605ad8/OPERA_L3_DIST-ALERT-S1_T36UYA_20230618T151326Z_20260309T201423Z_S1A_30_v0.1.zip,https://hyp3-tibet-jpl-test-contentbucket-hratibh1y9pa.s3.us-west-2.amazonaws.com/60b1ca62-9adf-4a90-b232-2e7c97605ad8/OPERA_L3_DIST-ALERT-S1_T36UYA_20230618T151326Z_20260309T201423Z_S1A_30_v0.1,s3://hyp3-tibet-jpl-test-contentbucket-hratibh1y9pa/60b1ca62-9adf-4a90-b232-2e7c97605ad8/OPERA_L3_DIST-ALERT-S1_T36UYA_20230618T151326Z_20260309T201423Z_S1A_30_v0.1,https://hyp3-tibet-jpl-test-contentbucket-hratibh1y9pa.s3.us-west-2.amazonaws.com/60b1ca62-9adf-4a90-b232-2e7c97605ad8/OPERA_L3_DIST-ALERT-S1_T36UYA_20230618T151326Z_20260309T201423Z_S1A_30_v0.1/OPERA_L3_DIST-ALERT-S1_T36UYA_20230618T151326Z_20260309T201423Z_S1A_30_v0.1_BROWSE.png,2026-03-09T20:07:28+00:00,86.648,4.5,36UYA,1,7,4,none,False,transformer_optimized,high,32,-1,2023-06-18,145,2.5,4,best,none,False
128,Ukraine_War_36UYA,https://hyp3-tibet-jpl-test-contentbucket-hratibh1y9pa.s3.us-west-2.amazonaws.com/b2e9b4fb-dc59-4414-bd1d-9cac10097140/OPERA_L3_DIST-ALERT-S1_T36UYA_20220908T152126Z_20260309T202800Z_S1A_30_v0.1.zip,https://hyp3-tibet-jpl-test-contentbucket-hratibh1y9pa.s3.us-west-2.amazonaws.com/b2e9b4fb-dc59-4414-bd1d-9cac10097140/OPERA_L3_DIST-ALERT-S1_T36UYA_20220908T152126Z_20260309T202800Z_S1A_30_v0.1,s3://hyp3-tibet-jpl-test-contentbucket-hratibh1y9pa/b2e9b4fb-dc59-4414-bd1d-9cac10097140/OPERA_L3_DIST-ALERT-S1_T36UYA_20220908T152126Z_20260309T202800Z_S1A_30_v0.1,https://hyp3-tibet-jpl-test-contentbucket-hratibh1y9pa.s3.us-west-2.amazonaws.com/b2e9b4fb-dc59-4414-bd1d-9cac10097140/OPERA_L3_DIST-ALERT-S1_T36UYA_20220908T152126Z_20260309T202800Z_S1A_30_v0.1/OPERA_L3_DIST-ALERT-S1_T36UYA_20220908T152126Z_20260309T202800Z_S1A_30_v0.1_BROWSE.png,2026-03-09T20:07:28+00:00,1042.164,4.5,36UYA,1,7,4,none,False,transformer_optimized,high,32,-1,2022-09-08,43,2.5,4,best,none,False
129,Ukraine_War_36UYA,https://hyp3-tibet-jpl-test-contentbucket-hratibh1y9pa.s3.us-west-2.amazonaws.com/fa430837-6ef9-41a0-a519-2a4fcf759c37/OPERA_L3_DIST-ALERT-S1_T36UYA_20220429T152117Z_20260309T202728Z_S1A_30_v0.1.zip,https://hyp3-tibet-jpl-test-contentbucket-hratibh1y9pa.s3.us-west-2.amazonaws.com/fa430837-6ef9-41a0-a519-2a4fcf759c37/OPERA_L3_DIST-ALERT-S1_T36UYA_20220429T152117Z_20260309T202728Z_S1A_30_v0.1,s3://hyp3-tibet-jpl-test-contentbucket-hratibh1y9pa/fa430837-6ef9-41a0-a519-2a4fcf759c37/OPERA_L3_DIST-ALERT-S1_T36UYA_20220429T152117Z_20260309T202728Z_S1A_30_v0.1,https://hyp3-tibet-jpl-test-contentbucket-hratibh1y9pa.s3.us-west-2.amazonaws.com/fa430837-6ef9-41a0-a519-2a4fcf759c37/OPERA_L3_DIST-ALERT-S1_T36UYA_20220429T152117Z_20260309T202728Z_S1A_30_v0.1/OPERA_L3_DIST-ALERT-S1_T36UYA_20220429T152117Z_20260309T202728Z_S1A_30_v0.1_BROWSE.png,2026-03-09T20:07:28+00:00,1008.913,4.5,36UYA,1,7,4,none,False,transformer_optimized,high,32,-1,2022-04-29,43,2.5,4,best,none,False
130,Ukraine_War_36UYA,https://hyp3-tibet-jpl-test-contentbucket-hratibh1y9pa.s3.us-west-2.amazonaws.com/c76d92d0-800d-4860-a603-8c2c1f06bdfa/OPERA_L3_DIST-ALERT-S1_T36UYA_20220714T033925Z_20260309T202246Z_S1A_30_v0.1.zip,https://hyp3-tibet-jpl-test-contentbucket-hratibh1y9pa.s3.us-west-2.amazonaws.com/c76d92d0-800d-4860-a603-8c2c1f06bdfa/OPERA_L3_DIST-ALERT-S1_T36UYA_20220714T033925Z_20260309T202246Z_S1A_30_v0.1,s3://hyp3-tibet-jpl-test-contentbucket-hratibh1y9pa/c76d92d0-800d-4860-a603-8c2c1f06bdfa/OPERA_L3_DIST-ALERT-S1_T36UYA_20220714T033925Z_20260309T202246Z_S1A_30_v0.1,https://hyp3-tibet-jpl-test-contentbucket-hratibh1y9pa.s3.us-west-2.amazonaws.com/c76d92d0-800d-4860-a603-8c2c1f06bdfa/OPERA_L3_DIST-ALERT-S1_T36UYA_20220714T033925Z_20260309T202246Z_S1A_30_v0.1/OPERA_L3_DIST-ALERT-S1_T36UYA_20220714T033925Z_20260309T202246Z_S1A_30_v0.1_BROWSE.png,2026-03-09T20:07:28+00:00,731.438,4.5,36UYA,1,7,4,none,False,transformer_optimized,high,32,-1,2022-07-14,94,2.5,4,best,none,False
131,Ukraine_War_36UYA,https://hyp3-tibet-jpl-test-contentbucket-hratibh1y9pa.s3.us-west-2.amazonaws.com/4265f5c3-9a0a-4554-ace9-f0d734bcca1e/OPERA_L3_DIST-ALERT-S1_T36UYA_20220419T035542Z_20260309T201810Z_S1A_30_v0.1.zip,https://hyp3-tibet-jpl-test-contentbucket-hratibh1y9pa.s3.us-west-2.amazonaws.com/4265f5c3-9a0a-4554-ace9-f0d734bcca1e/OPERA_L3_DIST-ALERT-S1_T36UYA_20220419T035542Z_20260309T201810Z_S1A_30_v0.1,s3://hyp3-tibet-jpl-test-contentbucket-hratibh1y9pa/4265f5c3-9a0a-4554-ace9-f0d734bcca1e/OPERA_L3_DIST-ALERT-S1_T36UYA_20220419T035542Z_20260309T201810Z_S1A_30_v0.1,https://hyp3-tibet-jpl-test-contentbucket-hratibh1y9pa.s3.us-west-2.amazonaws.com/4265f5c3-9a0a-4554-ace9-f0d734bcca1e/OPERA_L3_DIST-ALERT-S1_T36UYA_20220419T035542Z_20260309T201810Z_S1A_30_v0.1/OPERA_L3_DIST-ALERT-S1_T36UYA_20220419T035542Z_20260309T201810Z_S1A_30_v0.1_BROWSE.png,2026-03-09T20:07:28+00:00,443.226,4.5,36UYA,1,7,4,none,False,transformer_optimized,high,32,-1,2022-04-19,65,2.5,4,best,none,False
132,Ukraine_War_36UYA,https://hyp3-tibet-jpl-test-contentbucket-hratibh1y9pa.s3.us-west-2.amazonaws.com/51284ac4-7cdc-4f2b-83c0-02d8c965b3c6/OPERA_L3_DIST-ALERT-S1_T36UYA_20230402T035547Z_20260309T202017Z_S1A_30_v0.1.zip,https://hyp3-tibet-jpl-test-contentbucket-hratibh1y9pa.s3.us-west-2.amazonaws.com/51284ac4-7cdc-4f2b-83c0-02d8c965b3c6/OPERA_L3_DIST-ALERT-S1_T36UYA_20230402T035547Z_20260309T202017Z_S1A_30_v0.1,s3://hyp3-tibet-jpl-test-contentbucket-hratibh1y9pa/51284ac4-7cdc-4f2b-83c0-02d8c965b3c6/OPERA_L3_DIST-ALERT-S1_T36UYA_20230402T035547Z_20260309T202017Z_S1A_30_v0.1,https://hyp3-tibet-jpl-test-contentbucket-hratibh1y9pa.s3.us-west-2.amazonaws.com/51284ac4-7cdc-4f2b-83c0-02d8c965b3c6/OPERA_L3_DIST-ALERT-S1_T36UYA_20230402T035547Z_20260309T202017Z_S1A_30_v0.1/OPERA_L3_DIST-ALERT-S1_T36UYA_20230402T035547Z_20260309T202017Z_S1A_30_v0.1_BROWSE.png,2026-03-09T20:07:28+00:00,570.884,4.5,36UYA,1,7,4,none,False,transformer_optimized,high,32,-1,2023-04-02,65,2.5,4,best,none,False
133,Ukraine_War_36UYA,https://hyp3-tibet-jpl-test-contentbucket-hratibh1y9pa.s3.us-west-2.amazonaws.com/6cf12972-14f0-4054-a605-86e9dbee69da/OPERA_L3_DIST-ALERT-S1_T36UYA_20220511T152118Z_20260309T202821Z_S1A_30_v0.1.zip,https://hyp3-tibet-jpl-test-contentbucket-hratibh1y9pa.s3.us-west-2.amazonaws.com/6cf12972-14f0-4054-a605-86e9dbee69da/OPERA_L3_DIST-ALERT-S1_T36UYA_20220511T152118Z_20260309T202821Z_S1A_30_v0.1,s3://hyp3-tibet-jpl-test-contentbucket-hratibh1y9pa/6cf12972-14f0-4054-a605-86e9dbee69da/OPERA_L3_DIST-ALERT-S1_T36UYA_20220511T152118Z_20260309T202821Z_S1A_30_v0.1,https://hyp3-tibet-jpl-test-contentbucket-hratibh1y9pa.s3.us-west-2.amazonaws.com/6cf12972-14f0-4054-a605-86e9dbee69da/OPERA_L3_DIST-ALERT-S1_T36UYA_20220511T152118Z_20260309T202821Z_S1A_30_v0.1/OPERA_L3_DIST-ALERT-S1_T36UYA_20220511T152118Z_20260309T202821Z_S1A_30_v0.1_BROWSE.png,2026-03-09T20:07:28+00:00,1062.236,4.5,36UYA,1,7,4,none,False,transformer_optimized,high,32,-1,2022-05-11,43,2.5,4,best,none,False
134,Ukraine_War_36UYA,https://hyp3-tibet-jpl-test-contentbucket-hratibh1y9pa.s3.us-west-2.amazonaws.com/6863c5da-d9a3-4e18-87e1-8f24b48d85ef/OPERA_L3_DIST-ALERT-S1_T36UYA_20221107T152126Z_20260309T202816Z_S1A_30_v0.1.zip,https://hyp3-tibet-jpl-test-contentbucket-hratibh1y9pa.s3.us-west-2.amazonaws.com/6863c5da-d9a3-4e18-87e1-8f24b48d85ef/OPERA_L3_DIST-ALERT-S1_T36UYA_20221107T152126Z_20260309T202816Z_S1A_30_v0.1,s3://hyp3-tibet-jpl-test-contentbucket-hratibh1y9pa/6863c5da-d9a3-4e18-87e1-8f24b48d85ef/OPERA_L3_DIST-ALERT-S1_T36UYA_20221107T152126Z_20260309T202816Z_S1A_30_v0.1,https://hyp3-tibet-jpl-test-contentbucket-hratibh1y9pa.s3.us-west-2.amazonaws.com/6863c5da-d9a3-4e18-87e1-8f24b48d85ef/OPERA_L3_DIST-ALERT-S1_T36UYA_20221107T152126Z_20260309T202816Z_S1A_30_v0.1/OPERA_L3_DIST-ALERT-S1_T36UYA_20221107T152126Z_20260309T202816Z_S1A_30_v0.1_BROWSE.png,2026-03-09T20:07:28+00:00,1055.669,4.5,36UYA,1,7,4,none,False,transformer_optimized,high,32,-1,2022-11-07,43,2.5,4,best,none,False
135,Ukraine_War_36UYA,https://hyp3-tibet-jpl-test-contentbucket-hratibh1y9pa.s3.us-west-2.amazonaws.com/9cd3bf68-8613-4e8d-bffe-5a7e993b106b/OPERA_L3_DIST-ALERT-S1_T36UYA_20230530T152125Z_20260309T202822Z_S1A_30_v0.1.zip,https://hyp3-tibet-jpl-test-contentbucket-hratibh1y9pa.s3.us-west-2.amazonaws.com/9cd3bf68-8613-4e8d-bffe-5a7e993b106b/OPERA_L3_DIST-ALERT-S1_T36UYA_20230530T152125Z_20260309T202822Z_S1A_30_v0.1,s3://hyp3-tibet-jpl-test-contentbucket-hratibh1y9pa/9cd3bf68-8613-4e8d-bffe-5a7e993b106b/OPERA_L3_DIST-ALERT-S1_T36UYA_20230530T152125Z_20260309T202822Z_S1A_30_v0.1,https://hyp3-tibet-jpl-test-contentbucket-hratibh1y9pa.s3.us-west-2.amazonaws.com/9cd3bf68-8613-4e8d-bffe-5a7e993b106b/OPERA_L3_DIST-ALERT-S1_T36UYA_20230530T152125Z_20260309T202822Z_S1A_30_v0.1/OPERA_L3_DIST-ALERT-S1_T36UYA_20230530T152125Z_20260309T202822Z_S1A_30_v0.1_BROWSE.png,2026-03-09T20:07:28+00:00,1064.871,4.5,36UYA,1,7,4,none,False,transformer_optimized,high,32,-1,2023-05-30,43,2.5,4,best,none,False
136,Ukraine_War_36UYA,https://hyp3-tibet-jpl-test-contentbucket-hratibh1y9pa.s3.us-west-2.amazonaws.com/25294eb9-31be-492c-8258-daae1b02721f/OPERA_L3_DIST-ALERT-S1_T36UYA_20220421T033920Z_20260309T202051Z_S1A_30_v0.1.zip,https://hyp3-tibet-jpl-test-contentbucket-hratibh1y9pa.s3.us-west-2.amazonaws.com/25294eb9-31be-492c-8258-daae1b02721f/OPERA_L3_DIST-ALERT-S1_T36UYA_20220421T033920Z_20260309T202051Z_S1A_30_v0.1,s3://hyp3-tibet-jpl-test-contentbucket-hratibh1y9pa/25294eb9-31be-492c-8258-daae1b02721f/OPERA_L3_DIST-ALERT-S1_T36UYA_20220421T033920Z_20260309T202051Z_S1A_30_v0.1,https://hyp3-tibet-jpl-test-contentbucket-hratibh1y9pa.s3.us-west-2.amazonaws.com/25294eb9-31be-492c-8258-daae1b02721f/OPERA_L3_DIST-ALERT-S1_T36UYA_20220421T033920Z_20260309T202051Z_S1A_30_v0.1/OPERA_L3_DIST-ALERT-S1_T36UYA_20220421T033920Z_20260309T202051Z_S1A_30_v0.1_BROWSE.png,2026-03-09T20:07:28+00:00,615.796,4.5,36UYA,1,7,4,none,False,transformer_optimized,high,32,-1,2022-04-21,94,2.5,4,best,none,False
137,Ukraine_War_36UYA,https://hyp3-tibet-jpl-test-contentbucket-hratibh1y9pa.s3.us-west-2.amazonaws.com/740d3a32-fa08-4109-bab0-8d20ab76d141/OPERA_L3_DIST-ALERT-S1_T36UYA_20220913T152936Z_20260309T202515Z_S1A_30_v0.1.zip,https://hyp3-tibet-jpl-test-contentbucket-hratibh1y9pa.s3.us-west-2.amazonaws.com/740d3a32-fa08-4109-bab0-8d20ab76d141/OPERA_L3_DIST-ALERT-S1_T36UYA_20220913T152936Z_20260309T202515Z_S1A_30_v0.1,s3://hyp3-tibet-jpl-test-contentbucket-hratibh1y9pa/740d3a32-fa08-4109-bab0-8d20ab76d141/OPERA_L3_DIST-ALERT-S1_T36UYA_20220913T152936Z_20260309T202515Z_S1A_30_v0.1,https://hyp3-tibet-jpl-test-contentbucket-hratibh1y9pa.s3.us-west-2.amazonaws.com/740d3a32-fa08-4109-bab0-8d20ab76d141/OPERA_L3_DIST-ALERT-S1_T36UYA_20220913T152936Z_20260309T202515Z_S1A_30_v0.1/OPERA_L3_DIST-ALERT-S1_T36UYA_20220913T152936Z_20260309T202515Z_S1A_30_v0.1_BROWSE.png,2026-03-09T20:07:28+00:00,873.391,4.5,36UYA,1,7,4,none,False,transformer_optimized,high,32,-1,2022-09-13,116,2.5,4,best,none,False
138,Ukraine_War_36UYA,https://hyp3-tibet-jpl-test-contentbucket-hratibh1y9pa.s3.us-west-2.amazonaws.com/691705d9-0985-496a-9a27-fdf21c0c584f/OPERA_L3_DIST-ALERT-S1_T36UYA_20220805T035549Z_20260309T202141Z_S1A_30_v0.1.zip,https://hyp3-tibet-jpl-test-contentbucket-hratibh1y9pa.s3.us-west-2.amazonaws.com/691705d9-0985-496a-9a27-fdf21c0c584f/OPERA_L3_DIST-ALERT-S1_T36UYA_20220805T035549Z_20260309T202141Z_S1A_30_v0.1,s3://hyp3-tibet-jpl-test-contentbucket-hratibh1y9pa/691705d9-0985-496a-9a27-fdf21c0c584f/OPERA_L3_DIST-ALERT-S1_T36UYA_20220805T035549Z_20260309T202141Z_S1A_30_v0.1,https://hyp3-tibet-jpl-test-contentbucket-hratibh1y9pa.s3.us-west-2.amazonaws.com/691705d9-0985-496a-9a27-fdf21c0c584f/OPERA_L3_DIST-ALERT-S1_T36UYA_20220805T035549Z_20260309T202141Z_S1A_30_v0.1/OPERA_L3_DIST-ALERT-S1_T36UYA_20220805T035549Z_20260309T202141Z_S1A_30_v0.1_BROWSE.png,2026-03-09T20:07:28+00:00,656.09,4.5,36UYA,1,7,4,none,False,transformer_optimized,high,32,-1,2022-08-05,65,2.5,4,best,none,False
139,Ukraine_War_36UYA,https://hyp3-tibet-jpl-test-contentbucket-hratibh1y9pa.s3.us-west-2.amazonaws.com/3bd6cf28-3cb6-4684-9ce3-5a21f566c637/OPERA_L3_DIST-ALERT-S1_T36UYA_20220528T152929Z_20260309T202515Z_S1A_30_v0.1.zip,https://hyp3-tibet-jpl-test-contentbucket-hratibh1y9pa.s3.us-west-2.amazonaws.com/3bd6cf28-3cb6-4684-9ce3-5a21f566c637/OPERA_L3_DIST-ALERT-S1_T36UYA_20220528T152929Z_20260309T202515Z_S1A_30_v0.1,s3://hyp3-tibet-jpl-test-contentbucket-hratibh1y9pa/3bd6cf28-3cb6-4684-9ce3-5a21f566c637/OPERA_L3_DIST-ALERT-S1_T36UYA_20220528T152929Z_20260309T202515Z_S1A_30_v0.1,https://hyp3-tibet-jpl-test-contentbucket-hratibh1y9pa.s3.us-west-2.amazonaws.com/3bd6cf28-3cb6-4684-9ce3-5a21f566c637/OPERA_L3_DIST-ALERT-S1_T36UYA_20220528T152929Z_20260309T202515Z_S1A_30_v0.1/OPERA_L3_DIST-ALERT-S1_T36UYA_20220528T152929Z_20260309T202515Z_S1A_30_v0.1_BROWSE.png,2026-03-09T20:07:28+00:00,872.833,4.5,36UYA,1,7,4,none,False,transformer_optimized,high,32,-1,2022-05-28,116,2.5,4,best,none,False
140,Ukraine_War_36UYA,https://hyp3-tibet-jpl-test-contentbucket-hratibh1y9pa.s3.us-west-2.amazonaws.com/8ca2617f-d446-42ce-844c-baee3b9e5d38/OPERA_L3_DIST-ALERT-S1_T36UYA_20220324T152116Z_20260309T202443Z_S1A_30_v0.1.zip,https://hyp3-tibet-jpl-test-contentbucket-hratibh1y9pa.s3.us-west-2.amazonaws.com/8ca2617f-d446-42ce-844c-baee3b9e5d38/OPERA_L3_DIST-ALERT-S1_T36UYA_20220324T152116Z_20260309T202443Z_S1A_30_v0.1,s3://hyp3-tibet-jpl-test-contentbucket-hratibh1y9pa/8ca2617f-d446-42ce-844c-baee3b9e5d38/OPERA_L3_DIST-ALERT-S1_T36UYA_20220324T152116Z_20260309T202443Z_S1A_30_v0.1,https://hyp3-tibet-jpl-test-contentbucket-hratibh1y9pa.s3.us-west-2.amazonaws.com/8ca2617f-d446-42ce-844c-baee3b9e5d38/OPERA_L3_DIST-ALERT-S1_T36UYA_20220324T152116Z_20260309T202443Z_S1A_30_v0.1/OPERA_L3_DIST-ALERT-S1_T36UYA_20220324T152116Z_20260309T202443Z_S1A_30_v0.1_BROWSE.png,2026-03-09T20:07:28+00:00,843.975,4.5,36UYA,1,7,4,none,False,transformer_optimized,high,32,-1,2022-03-24,43,2.5,4,best,none,False
141,Ukraine_War_36UYA,https://hyp3-tibet-jpl-test-contentbucket-hratibh1y9pa.s3.us-west-2.amazonaws.com/3874f4dd-1eee-480a-81d4-336a43743ebe/OPERA_L3_DIST-ALERT-S1_T36UYA_20230615T033928Z_20260309T202140Z_S1A_30_v0.1.zip,https://hyp3-tibet-jpl-test-contentbucket-hratibh1y9pa.s3.us-west-2.amazonaws.com/3874f4dd-1eee-480a-81d4-336a43743ebe/OPERA_L3_DIST-ALERT-S1_T36UYA_20230615T033928Z_20260309T202140Z_S1A_30_v0.1,s3://hyp3-tibet-jpl-test-contentbucket-hratibh1y9pa/3874f4dd-1eee-480a-81d4-336a43743ebe/OPERA_L3_DIST-ALERT-S1_T36UYA_20230615T033928Z_20260309T202140Z_S1A_30_v0.1,https://hyp3-tibet-jpl-test-contentbucket-hratibh1y9pa.s3.us-west-2.amazonaws.com/3874f4dd-1eee-480a-81d4-336a43743ebe/OPERA_L3_DIST-ALERT-S1_T36UYA_20230615T033928Z_20260309T202140Z_S1A_30_v0.1/OPERA_L3_DIST-ALERT-S1_T36UYA_20230615T033928Z_20260309T202140Z_S1A_30_v0.1_BROWSE.png,2026-03-09T20:07:28+00:00,661.891,4.5,36UYA,1,7,4,none,False,transformer_optimized,high,32,-1,2023-06-15,94,2.5,4,best,none,False
142,Ukraine_War_36UYA,https://hyp3-tibet-jpl-test-contentbucket-hratibh1y9pa.s3.us-west-2.amazonaws.com/dc506c02-f8bd-4615-985d-c6ceffa0d4b1/OPERA_L3_DIST-ALERT-S1_T36UYA_20221109T035551Z_20260309T201651Z_S1A_30_v0.1.zip,https://hyp3-tibet-jpl-test-contentbucket-hratibh1y9pa.s3.us-west-2.amazonaws.com/dc506c02-f8bd-4615-985d-c6ceffa0d4b1/OPERA_L3_DIST-ALERT-S1_T36UYA_20221109T035551Z_20260309T201651Z_S1A_30_v0.1,s3://hyp3-tibet-jpl-test-contentbucket-hratibh1y9pa/dc506c02-f8bd-4615-985d-c6ceffa0d4b1/OPERA_L3_DIST-ALERT-S1_T36UYA_20221109T035551Z_20260309T201651Z_S1A_30_v0.1,https://hyp3-tibet-jpl-test-contentbucket-hratibh1y9pa.s3.us-west-2.amazonaws.com/dc506c02-f8bd-4615-985d-c6ceffa0d4b1/OPERA_L3_DIST-ALERT-S1_T36UYA_20221109T035551Z_20260309T201651Z_S1A_30_v0.1/OPERA_L3_DIST-ALERT-S1_T36UYA_20221109T035551Z_20260309T201651Z_S1A_30_v0.1_BROWSE.png,2026-03-09T20:07:28+00:00,361.301,4.5,36UYA,1,7,4,none,False,transformer_optimized,high,32,-1,2022-11-09,65,2.5,4,best,none,False
143,Ukraine_War_36UYA,https://hyp3-tibet-jpl-test-contentbucket-hratibh1y9pa.s3.us-west-2.amazonaws.com/05f4d0c5-0879-4bfe-a8c6-2cdbf593c9c8/OPERA_L3_DIST-ALERT-S1_T36UYA_20221009T151326Z_20260309T201227Z_S1A_30_v0.1.zip,https://hyp3-tibet-jpl-test-contentbucket-hratibh1y9pa.s3.us-west-2.amazonaws.com/05f4d0c5-0879-4bfe-a8c6-2cdbf593c9c8/OPERA_L3_DIST-ALERT-S1_T36UYA_20221009T151326Z_20260309T201227Z_S1A_30_v0.1,s3://hyp3-tibet-jpl-test-contentbucket-hratibh1y9pa/05f4d0c5-0879-4bfe-a8c6-2cdbf593c9c8/OPERA_L3_DIST-ALERT-S1_T36UYA_20221009T151326Z_20260309T201227Z_S1A_30_v0.1,https://hyp3-tibet-jpl-test-contentbucket-hratibh1y9pa.s3.us-west-2.amazonaws.com/05f4d0c5-0879-4bfe-a8c6-2cdbf593c9c8/OPERA_L3_DIST-ALERT-S1_T36UYA_20221009T151326Z_20260309T201227Z_S1A_30_v0.1/OPERA_L3_DIST-ALERT-S1_T36UYA_20221009T151326Z_20260309T201227Z_S1A_30_v0.1_BROWSE.png,2026-03-09T20:07:28+00:00,97.427,4.5,36UYA,1,7,4,none,False,transformer_optimized,high,32,-1,2022-10-09,145,2.5,4,best,none,False
144,Ukraine_War_36UYA,https://hyp3-tibet-jpl-test-contentbucket-hratibh1y9pa.s3.us-west-2.amazonaws.com/dc442d5b-ac3c-40ea-8c3c-68f308b90112/OPERA_L3_DIST-ALERT-S1_T36UYA_20230414T035548Z_20260309T202017Z_S1A_30_v0.1.zip,https://hyp3-tibet-jpl-test-contentbucket-hratibh1y9pa.s3.us-west-2.amazonaws.com/dc442d5b-ac3c-40ea-8c3c-68f308b90112/OPERA_L3_DIST-ALERT-S1_T36UYA_20230414T035548Z_20260309T202017Z_S1A_30_v0.1,s3://hyp3-tibet-jpl-test-contentbucket-hratibh1y9pa/dc442d5b-ac3c-40ea-8c3c-68f308b90112/OPERA_L3_DIST-ALERT-S1_T36UYA_20230414T035548Z_20260309T202017Z_S1A_30_v0.1,https://hyp3-tibet-jpl-test-contentbucket-hratibh1y9pa.s3.us-west-2.amazonaws.com/dc442d5b-ac3c-40ea-8c3c-68f308b90112/OPERA_L3_DIST-ALERT-S1_T36UYA_20230414T035548Z_20260309T202017Z_S1A_30_v0.1/OPERA_L3_DIST-ALERT-S1_T36UYA_20230414T035548Z_20260309T202017Z_S1A_30_v0.1_BROWSE.png,2026-03-09T20:07:28+00:00,571.503,4.5,36UYA,1,7,4,none,False,transformer_optimized,high,32,-1,2023-04-14,65,2.5,4,best,none,False
145,Ukraine_War_36UYA,https://hyp3-tibet-jpl-test-contentbucket-hratibh1y9pa.s3.us-west-2.amazonaws.com/464b9c8e-537f-4cde-9615-88fc0ac8bee1/OPERA_L3_DIST-ALERT-S1_T36UYA_20230501T151323Z_20260309T201212Z_S1A_30_v0.1.zip,https://hyp3-tibet-jpl-test-contentbucket-hratibh1y9pa.s3.us-west-2.amazonaws.com/464b9c8e-537f-4cde-9615-88fc0ac8bee1/OPERA_L3_DIST-ALERT-S1_T36UYA_20230501T151323Z_20260309T201212Z_S1A_30_v0.1,s3://hyp3-tibet-jpl-test-contentbucket-hratibh1y9pa/464b9c8e-537f-4cde-9615-88fc0ac8bee1/OPERA_L3_DIST-ALERT-S1_T36UYA_20230501T151323Z_20260309T201212Z_S1A_30_v0.1,https://hyp3-tibet-jpl-test-contentbucket-hratibh1y9pa.s3.us-west-2.amazonaws.com/464b9c8e-537f-4cde-9615-88fc0ac8bee1/OPERA_L3_DIST-ALERT-S1_T36UYA_20230501T151323Z_20260309T201212Z_S1A_30_v0.1/OPERA_L3_DIST-ALERT-S1_T36UYA_20230501T151323Z_20260309T201212Z_S1A_30_v0.1_BROWSE.png,2026-03-09T20:07:28+00:00,82.281,4.5,36UYA,1,7,4,none,False,transformer_optimized,high,32,-1,2023-05-01,145,2.5,4,best,none,False
146,Ukraine_War_36UYA,https://hyp3-tibet-jpl-test-contentbucket-hratibh1y9pa.s3.us-west-2.amazonaws.com/c1ed8f0f-9221-451c-bccb-929df6bdcca0/OPERA_L3_DIST-ALERT-S1_T36UYA_20230223T152121Z_20260309T202435Z_S1A_30_v0.1.zip,https://hyp3-tibet-jpl-test-contentbucket-hratibh1y9pa.s3.us-west-2.amazonaws.com/c1ed8f0f-9221-451c-bccb-929df6bdcca0/OPERA_L3_DIST-ALERT-S1_T36UYA_20230223T152121Z_20260309T202435Z_S1A_30_v0.1,s3://hyp3-tibet-jpl-test-contentbucket-hratibh1y9pa/c1ed8f0f-9221-451c-bccb-929df6bdcca0/OPERA_L3_DIST-ALERT-S1_T36UYA_20230223T152121Z_20260309T202435Z_S1A_30_v0.1,https://hyp3-tibet-jpl-test-contentbucket-hratibh1y9pa.s3.us-west-2.amazonaws.com/c1ed8f0f-9221-451c-bccb-929df6bdcca0/OPERA_L3_DIST-ALERT-S1_T36UYA_20230223T152121Z_20260309T202435Z_S1A_30_v0.1/OPERA_L3_DIST-ALERT-S1_T36UYA_20230223T152121Z_20260309T202435Z_S1A_30_v0.1_BROWSE.png,2026-03-09T20:07:28+00:00,837.897,4.5,36UYA,1,7,4,none,False,transformer_optimized,high,32,-1,2023-02-23,43,2.5,4,best,none,False
147,Ukraine_War_36UYA,https://hyp3-tibet-jpl-test-contentbucket-hratibh1y9pa.s3.us-west-2.amazonaws.com/576f0d50-2bc7-4f65-afa5-3e2f0d8d6203/OPERA_L3_DIST-ALERT-S1_T36UYA_20230407T151322Z_20260309T201214Z_S1A_30_v0.1.zip,https://hyp3-tibet-jpl-test-contentbucket-hratibh1y9pa.s3.us-west-2.amazonaws.com/576f0d50-2bc7-4f65-afa5-3e2f0d8d6203/OPERA_L3_DIST-ALERT-S1_T36UYA_20230407T151322Z_20260309T201214Z_S1A_30_v0.1,s3://hyp3-tibet-jpl-test-contentbucket-hratibh1y9pa/576f0d50-2bc7-4f65-afa5-3e2f0d8d6203/OPERA_L3_DIST-ALERT-S1_T36UYA_20230407T151322Z_20260309T201214Z_S1A_30_v0.1,https://hyp3-tibet-jpl-test-contentbucket-hratibh1y9pa.s3.us-west-2.amazonaws.com/576f0d50-2bc7-4f65-afa5-3e2f0d8d6203/OPERA_L3_DIST-ALERT-S1_T36UYA_20230407T151322Z_20260309T201214Z_S1A_30_v0.1/OPERA_L3_DIST-ALERT-S1_T36UYA_20230407T151322Z_20260309T201214Z_S1A_30_v0.1_BROWSE.png,2026-03-09T20:07:28+00:00,78.268,4.5,36UYA,1,7,4,none,False,transformer_optimized,high,32,-1,2023-04-07,145,2.5,4,best,none,False
148,Ukraine_War_36UYA,https://hyp3-tibet-jpl-test-contentbucket-hratibh1y9pa.s3.us-west-2.amazonaws.com/f162d840-c6e9-44a6-ac26-88b9c01e6918/OPERA_L3_DIST-ALERT-S1_T36UYA_20220503T033920Z_20260309T201759Z_S1A_30_v0.1.zip,https://hyp3-tibet-jpl-test-contentbucket-hratibh1y9pa.s3.us-west-2.amazonaws.com/f162d840-c6e9-44a6-ac26-88b9c01e6918/OPERA_L3_DIST-ALERT-S1_T36UYA_20220503T033920Z_20260309T201759Z_S1A_30_v0.1,s3://hyp3-tibet-jpl-test-contentbucket-hratibh1y9pa/f162d840-c6e9-44a6-ac26-88b9c01e6918/OPERA_L3_DIST-ALERT-S1_T36UYA_20220503T033920Z_20260309T201759Z_S1A_30_v0.1,https://hyp3-tibet-jpl-test-contentbucket-hratibh1y9pa.s3.us-west-2.amazonaws.com/f162d840-c6e9-44a6-ac26-88b9c01e6918/OPERA_L3_DIST-ALERT-S1_T36UYA_20220503T033920Z_20260309T201759Z_S1A_30_v0.1/OPERA_L3_DIST-ALERT-S1_T36UYA_20220503T033920Z_20260309T201759Z_S1A_30_v0.1_BROWSE.png,2026-03-09T20:07:28+00:00,435.106,4.5,36UYA,1,7,4,none,False,transformer_optimized,high,32,-1,2022-05-03,94,2.5,4,best,none,False
149,Ukraine_War_36UYA,https://hyp3-tibet-jpl-test-contentbucket-hratibh1y9pa.s3.us-west-2.amazonaws.com/b243cccd-a7f8-4a31-bdf1-12bed73f2cb8/OPERA_L3_DIST-ALERT-S1_T36UYA_20220518T151318Z_20260309T201216Z_S1A_30_v0.1.zip,https://hyp3-tibet-jpl-test-contentbucket-hratibh1y9pa.s3.us-west-2.amazonaws.com/b243cccd-a7f8-4a31-bdf1-12bed73f2cb8/OPERA_L3_DIST-ALERT-S1_T36UYA_20220518T151318Z_20260309T201216Z_S1A_30_v0.1,s3://hyp3-tibet-jpl-test-contentbucket-hratibh1y9pa/b243cccd-a7f8-4a31-bdf1-12bed73f2cb8/OPERA_L3_DIST-ALERT-S1_T36UYA_20220518T151318Z_20260309T201216Z_S1A_30_v0.1,https://hyp3-tibet-jpl-test-contentbucket-hratibh1y9pa.s3.us-west-2.amazonaws.com/b243cccd-a7f8-4a31-bdf1-12bed73f2cb8/OPERA_L3_DIST-ALERT-S1_T36UYA_20220518T151318Z_20260309T201216Z_S1A_30_v0.1/OPERA_L3_DIST-ALERT-S1_T36UYA_20220518T151318Z_20260309T201216Z_S1A_30_v0.1_BROWSE.png,2026-03-09T20:07:28+00:00,79.489,4.5,36UYA,1,7,4,none,False,transformer_optimized,high,32,-1,2022-05-18,145,2.5,4,best,none,False
150,Ukraine_War_36UYA,https://hyp3-tibet-jpl-test-contentbucket-hratibh1y9pa.s3.us-west-2.amazonaws.com/8d62113a-d4d3-44a1-9a11-61bca60a4072/OPERA_L3_DIST-ALERT-S1_T36UYA_20221031T152936Z_20260309T202401Z_S1A_30_v0.1.zip,https://hyp3-tibet-jpl-test-contentbucket-hratibh1y9pa.s3.us-west-2.amazonaws.com/8d62113a-d4d3-44a1-9a11-61bca60a4072/OPERA_L3_DIST-ALERT-S1_T36UYA_20221031T152936Z_20260309T202401Z_S1A_30_v0.1,s3://hyp3-tibet-jpl-test-contentbucket-hratibh1y9pa/8d62113a-d4d3-44a1-9a11-61bca60a4072/OPERA_L3_DIST-ALERT-S1_T36UYA_20221031T152936Z_20260309T202401Z_S1A_30_v0.1,https://hyp3-tibet-jpl-test-contentbucket-hratibh1y9pa.s3.us-west-2.amazonaws.com/8d62113a-d4d3-44a1-9a11-61bca60a4072/OPERA_L3_DIST-ALERT-S1_T36UYA_20221031T152936Z_20260309T202401Z_S1A_30_v0.1/OPERA_L3_DIST-ALERT-S1_T36UYA_20221031T152936Z_20260309T202401Z_S1A_30_v0.1_BROWSE.png,2026-03-09T20:07:28+00:00,805.953,4.5,36UYA,1,7,4,none,False,transformer_optimized,high,32,-1,2022-10-31,116,2.5,4,best,none,False
151,Ukraine_War_36UYA,https://hyp3-tibet-jpl-test-contentbucket-hratibh1y9pa.s3.us-west-2.amazonaws.com/9cde1df2-eb6f-49dd-bb15-3e16dfff9181/OPERA_L3_DIST-ALERT-S1_T36UYA_20220815T152124Z_20260309T202208Z_S1A_30_v0.1.zip,https://hyp3-tibet-jpl-test-contentbucket-hratibh1y9pa.s3.us-west-2.amazonaws.com/9cde1df2-eb6f-49dd-bb15-3e16dfff9181/OPERA_L3_DIST-ALERT-S1_T36UYA_20220815T152124Z_20260309T202208Z_S1A_30_v0.1,s3://hyp3-tibet-jpl-test-contentbucket-hratibh1y9pa/9cde1df2-eb6f-49dd-bb15-3e16dfff9181/OPERA_L3_DIST-ALERT-S1_T36UYA_20220815T152124Z_20260309T202208Z_S1A_30_v0.1,https://hyp3-tibet-jpl-test-contentbucket-hratibh1y9pa.s3.us-west-2.amazonaws.com/9cde1df2-eb6f-49dd-bb15-3e16dfff9181/OPERA_L3_DIST-ALERT-S1_T36UYA_20220815T152124Z_20260309T202208Z_S1A_30_v0.1/OPERA_L3_DIST-ALERT-S1_T36UYA_20220815T152124Z_20260309T202208Z_S1A_30_v0.1_BROWSE.png,2026-03-09T20:07:28+00:00,684.685,4.5,36UYA,1,7,4,none,False,transformer_optimized,high,32,-1,2022-08-15,43,2.5,4,best,none,False
152,Ukraine_War_36UYA,https://hyp3-tibet-jpl-test-contentbucket-hratibh1y9pa.s3.us-west-2.amazonaws.com/db9a4917-ad25-4212-a62c-784a2eff8e4b/OPERA_L3_DIST-ALERT-S1_T36UYA_20230111T152932Z_20260309T202857Z_S1A_30_v0.1.zip,https://hyp3-tibet-jpl-test-contentbucket-hratibh1y9pa.s3.us-west-2.amazonaws.com/db9a4917-ad25-4212-a62c-784a2eff8e4b/OPERA_L3_DIST-ALERT-S1_T36UYA_20230111T152932Z_20260309T202857Z_S1A_30_v0.1,s3://hyp3-tibet-jpl-test-contentbucket-hratibh1y9pa/db9a4917-ad25-4212-a62c-784a2eff8e4b/OPERA_L3_DIST-ALERT-S1_T36UYA_20230111T152932Z_20260309T202857Z_S1A_30_v0.1,https://hyp3-tibet-jpl-test-contentbucket-hratibh1y9pa.s3.us-west-2.amazonaws.com/db9a4917-ad25-4212-a62c-784a2eff8e4b/OPERA_L3_DIST-ALERT-S1_T36UYA_20230111T152932Z_20260309T202857Z_S1A_30_v0.1/OPERA_L3_DIST-ALERT-S1_T36UYA_20230111T152932Z_20260309T202857Z_S1A_30_v0.1_BROWSE.png,2026-03-09T20:07:28+00:00,1101.914,4.5,36UYA,1,7,4,none,False,transformer_optimized,high,32,-1,2023-01-11,116,2.5,4,best,none,False
153,Ukraine_War_36UYA,https://hyp3-tibet-jpl-test-contentbucket-hratibh1y9pa.s3.us-west-2.amazonaws.com/261a4e00-5023-4dfb-bf72-48a080a18c54/OPERA_L3_DIST-ALERT-S1_T36UYA_20230228T152932Z_20260309T202501Z_S1A_30_v0.1.zip,https://hyp3-tibet-jpl-test-contentbucket-hratibh1y9pa.s3.us-west-2.amazonaws.com/261a4e00-5023-4dfb-bf72-48a080a18c54/OPERA_L3_DIST-ALERT-S1_T36UYA_20230228T152932Z_20260309T202501Z_S1A_30_v0.1,s3://hyp3-tibet-jpl-test-contentbucket-hratibh1y9pa/261a4e00-5023-4dfb-bf72-48a080a18c54/OPERA_L3_DIST-ALERT-S1_T36UYA_20230228T152932Z_20260309T202501Z_S1A_30_v0.1,https://hyp3-tibet-jpl-test-contentbucket-hratibh1y9pa.s3.us-west-2.amazonaws.com/261a4e00-5023-4dfb-bf72-48a080a18c54/OPERA_L3_DIST-ALERT-S1_T36UYA_20230228T152932Z_20260309T202501Z_S1A_30_v0.1/OPERA_L3_DIST-ALERT-S1_T36UYA_20230228T152932Z_20260309T202501Z_S1A_30_v0.1_BROWSE.png,2026-03-09T20:07:28+00:00,860.224,4.5,36UYA,1,7,4,none,False,transformer_optimized,high,32,-1,2023-02-28,116,2.5,4,best,none,False
154,Ukraine_War_36UYA,https://hyp3-tibet-jpl-test-contentbucket-hratibh1y9pa.s3.us-west-2.amazonaws.com/7fa4d559-688a-4cd0-b181-05a60c2d102d/OPERA_L3_DIST-ALERT-S1_T36UYA_20230125T151323Z_20260309T201213Z_S1A_30_v0.1.zip,https://hyp3-tibet-jpl-test-contentbucket-hratibh1y9pa.s3.us-west-2.amazonaws.com/7fa4d559-688a-4cd0-b181-05a60c2d102d/OPERA_L3_DIST-ALERT-S1_T36UYA_20230125T151323Z_20260309T201213Z_S1A_30_v0.1,s3://hyp3-tibet-jpl-test-contentbucket-hratibh1y9pa/7fa4d559-688a-4cd0-b181-05a60c2d102d/OPERA_L3_DIST-ALERT-S1_T36UYA_20230125T151323Z_20260309T201213Z_S1A_30_v0.1,https://hyp3-tibet-jpl-test-contentbucket-hratibh1y9pa.s3.us-west-2.amazonaws.com/7fa4d559-688a-4cd0-b181-05a60c2d102d/OPERA_L3_DIST-ALERT-S1_T36UYA_20230125T151323Z_20260309T201213Z_S1A_30_v0.1/OPERA_L3_DIST-ALERT-S1_T36UYA_20230125T151323Z_20260309T201213Z_S1A_30_v0.1_BROWSE.png,2026-03-09T20:07:28+00:00,86.267,4.5,36UYA,1,7,4,none,False,transformer_optimized,high,32,-1,2023-01-25,145,2.5,4,best,none,False
155,Ukraine_War_36UYA,https://hyp3-tibet-jpl-test-contentbucket-hratibh1y9pa.s3.us-west-2.amazonaws.com/7f1c5210-441a-4f0e-9cde-a8002c7e09d9/OPERA_L3_DIST-ALERT-S1_T36UYA_20230122T033925Z_20260309T202044Z_S1A_30_v0.1.zip,https://hyp3-tibet-jpl-test-contentbucket-hratibh1y9pa.s3.us-west-2.amazonaws.com/7f1c5210-441a-4f0e-9cde-a8002c7e09d9/OPERA_L3_DIST-ALERT-S1_T36UYA_20230122T033925Z_20260309T202044Z_S1A_30_v0.1,s3://hyp3-tibet-jpl-test-contentbucket-hratibh1y9pa/7f1c5210-441a-4f0e-9cde-a8002c7e09d9/OPERA_L3_DIST-ALERT-S1_T36UYA_20230122T033925Z_20260309T202044Z_S1A_30_v0.1,https://hyp3-tibet-jpl-test-contentbucket-hratibh1y9pa.s3.us-west-2.amazonaws.com/7f1c5210-441a-4f0e-9cde-a8002c7e09d9/OPERA_L3_DIST-ALERT-S1_T36UYA_20230122T033925Z_20260309T202044Z_S1A_30_v0.1/OPERA_L3_DIST-ALERT-S1_T36UYA_20230122T033925Z_20260309T202044Z_S1A_30_v0.1_BROWSE.png,2026-03-09T20:07:28+00:00,608.219,4.5,36UYA,1,7,4,none,False,transformer_optimized,high,32,-1,2023-01-22,94,2.5,4,best,none,False
156,Ukraine_War_36UYA,https://hyp3-tibet-jpl-test-contentbucket-hratibh1y9pa.s3.us-west-2.amazonaws.com/4d83c87c-4af4-4e88-bf81-8ac2da47cbd2/OPERA_L3_DIST-ALERT-S1_T36UYA_20221004T035551Z_20260309T201818Z_S1A_30_v0.1.zip,https://hyp3-tibet-jpl-test-contentbucket-hratibh1y9pa.s3.us-west-2.amazonaws.com/4d83c87c-4af4-4e88-bf81-8ac2da47cbd2/OPERA_L3_DIST-ALERT-S1_T36UYA_20221004T035551Z_20260309T201818Z_S1A_30_v0.1,s3://hyp3-tibet-jpl-test-contentbucket-hratibh1y9pa/4d83c87c-4af4-4e88-bf81-8ac2da47cbd2/OPERA_L3_DIST-ALERT-S1_T36UYA_20221004T035551Z_20260309T201818Z_S1A_30_v0.1,https://hyp3-tibet-jpl-test-contentbucket-hratibh1y9pa.s3.us-west-2.amazonaws.com/4d83c87c-4af4-4e88-bf81-8ac2da47cbd2/OPERA_L3_DIST-ALERT-S1_T36UYA_20221004T035551Z_20260309T201818Z_S1A_30_v0.1/OPERA_L3_DIST-ALERT-S1_T36UYA_20221004T035551Z_20260309T201818Z_S1A_30_v0.1_BROWSE.png,2026-03-09T20:07:28+00:00,444.505,4.5,36UYA,1,7,4,none,False,transformer_optimized,high,32,-1,2022-10-04,65,2.5,4,best,none,False
157,Ukraine_War_36UYA,https://hyp3-tibet-jpl-test-contentbucket-hratibh1y9pa.s3.us-west-2.amazonaws.com/955bc787-0e85-4caf-a7f2-ae3da245674c/OPERA_L3_DIST-ALERT-S1_T36UYA_20220915T151326Z_20260309T201212Z_S1A_30_v0.1.zip,https://hyp3-tibet-jpl-test-contentbucket-hratibh1y9pa.s3.us-west-2.amazonaws.com/955bc787-0e85-4caf-a7f2-ae3da245674c/OPERA_L3_DIST-ALERT-S1_T36UYA_20220915T151326Z_20260309T201212Z_S1A_30_v0.1,s3://hyp3-tibet-jpl-test-contentbucket-hratibh1y9pa/955bc787-0e85-4caf-a7f2-ae3da245674c/OPERA_L3_DIST-ALERT-S1_T36UYA_20220915T151326Z_20260309T201212Z_S1A_30_v0.1,https://hyp3-tibet-jpl-test-contentbucket-hratibh1y9pa.s3.us-west-2.amazonaws.com/955bc787-0e85-4caf-a7f2-ae3da245674c/OPERA_L3_DIST-ALERT-S1_T36UYA_20220915T151326Z_20260309T201212Z_S1A_30_v0.1/OPERA_L3_DIST-ALERT-S1_T36UYA_20220915T151326Z_20260309T201212Z_S1A_30_v0.1_BROWSE.png,2026-03-09T20:07:28+00:00,76.226,4.5,36UYA,1,7,4,none,False,transformer_optimized,high,32,-1,2022-09-15,145,2.5,4,best,none,False
158,Ukraine_War_36UYA,https://hyp3-tibet-jpl-test-contentbucket-hratibh1y9pa.s3.us-west-2.amazonaws.com/b712664a-6243-4aa9-a5b8-b5a73c70cbcd/OPERA_L3_DIST-ALERT-S1_T36UYA_20230412T152123Z_20260309T202142Z_S1A_30_v0.1.zip,https://hyp3-tibet-jpl-test-contentbucket-hratibh1y9pa.s3.us-west-2.amazonaws.com/b712664a-6243-4aa9-a5b8-b5a73c70cbcd/OPERA_L3_DIST-ALERT-S1_T36UYA_20230412T152123Z_20260309T202142Z_S1A_30_v0.1,s3://hyp3-tibet-jpl-test-contentbucket-hratibh1y9pa/b712664a-6243-4aa9-a5b8-b5a73c70cbcd/OPERA_L3_DIST-ALERT-S1_T36UYA_20230412T152123Z_20260309T202142Z_S1A_30_v0.1,https://hyp3-tibet-jpl-test-contentbucket-hratibh1y9pa.s3.us-west-2.amazonaws.com/b712664a-6243-4aa9-a5b8-b5a73c70cbcd/OPERA_L3_DIST-ALERT-S1_T36UYA_20230412T152123Z_20260309T202142Z_S1A_30_v0.1/OPERA_L3_DIST-ALERT-S1_T36UYA_20230412T152123Z_20260309T202142Z_S1A_30_v0.1_BROWSE.png,2026-03-09T20:07:28+00:00,665.683,4.5,36UYA,1,7,4,none,False,transformer_optimized,high,32,-1,2023-04-12,43,2.5,4,best,none,False
159,Ukraine_War_36UYA,https://hyp3-tibet-jpl-test-contentbucket-hratibh1y9pa.s3.us-west-2.amazonaws.com/bf2313e9-2f89-4dad-b962-85801f17334a/OPERA_L3_DIST-ALERT-S1_T36UYA_20220901T152935Z_20260309T202017Z_S1A_30_v0.1.zip,https://hyp3-tibet-jpl-test-contentbucket-hratibh1y9pa.s3.us-west-2.amazonaws.com/bf2313e9-2f89-4dad-b962-85801f17334a/OPERA_L3_DIST-ALERT-S1_T36UYA_20220901T152935Z_20260309T202017Z_S1A_30_v0.1,s3://hyp3-tibet-jpl-test-contentbucket-hratibh1y9pa/bf2313e9-2f89-4dad-b962-85801f17334a/OPERA_L3_DIST-ALERT-S1_T36UYA_20220901T152935Z_20260309T202017Z_S1A_30_v0.1,https://hyp3-tibet-jpl-test-contentbucket-hratibh1y9pa.s3.us-west-2.amazonaws.com/bf2313e9-2f89-4dad-b962-85801f17334a/OPERA_L3_DIST-ALERT-S1_T36UYA_20220901T152935Z_20260309T202017Z_S1A_30_v0.1/OPERA_L3_DIST-ALERT-S1_T36UYA_20220901T152935Z_20260309T202017Z_S1A_30_v0.1_BROWSE.png,2026-03-09T20:07:28+00:00,570.295,4.5,36UYA,1,7,4,none,False,transformer_optimized,high,32,-1,2022-09-01,116,2.5,4,best,none,False
160,Ukraine_War_36UYA,https://hyp3-tibet-jpl-test-contentbucket-hratibh1y9pa.s3.us-west-2.amazonaws.com/a9c3771b-3953-4967-9cd1-1a7f3935870c/OPERA_L3_DIST-ALERT-S1_T36UYA_20220609T152930Z_20260309T202654Z_S1A_30_v0.1.zip,https://hyp3-tibet-jpl-test-contentbucket-hratibh1y9pa.s3.us-west-2.amazonaws.com/a9c3771b-3953-4967-9cd1-1a7f3935870c/OPERA_L3_DIST-ALERT-S1_T36UYA_20220609T152930Z_20260309T202654Z_S1A_30_v0.1,s3://hyp3-tibet-jpl-test-contentbucket-hratibh1y9pa/a9c3771b-3953-4967-9cd1-1a7f3935870c/OPERA_L3_DIST-ALERT-S1_T36UYA_20220609T152930Z_20260309T202654Z_S1A_30_v0.1,https://hyp3-tibet-jpl-test-contentbucket-hratibh1y9pa.s3.us-west-2.amazonaws.com/a9c3771b-3953-4967-9cd1-1a7f3935870c/OPERA_L3_DIST-ALERT-S1_T36UYA_20220609T152930Z_20260309T202654Z_S1A_30_v0.1/OPERA_L3_DIST-ALERT-S1_T36UYA_20220609T152930Z_20260309T202654Z_S1A_30_v0.1_BROWSE.png,2026-03-09T20:07:28+00:00,981.313,4.5,36UYA,1,7,4,none,False,transformer_optimized,high,32,-1,2022-06-09,116,2.5,4,best,none,False
161,Ukraine_War_36UYA,https://hyp3-tibet-jpl-test-contentbucket-hratibh1y9pa.s3.us-west-2.amazonaws.com/b8cdf12d-3d56-4fac-8b58-1e50582b147b/OPERA_L3_DIST-ALERT-S1_T36UYA_20221230T152934Z_20260309T201956Z_S1A_30_v0.1.zip,https://hyp3-tibet-jpl-test-contentbucket-hratibh1y9pa.s3.us-west-2.amazonaws.com/b8cdf12d-3d56-4fac-8b58-1e50582b147b/OPERA_L3_DIST-ALERT-S1_T36UYA_20221230T152934Z_20260309T201956Z_S1A_30_v0.1,s3://hyp3-tibet-jpl-test-contentbucket-hratibh1y9pa/b8cdf12d-3d56-4fac-8b58-1e50582b147b/OPERA_L3_DIST-ALERT-S1_T36UYA_20221230T152934Z_20260309T201956Z_S1A_30_v0.1,https://hyp3-tibet-jpl-test-contentbucket-hratibh1y9pa.s3.us-west-2.amazonaws.com/b8cdf12d-3d56-4fac-8b58-1e50582b147b/OPERA_L3_DIST-ALERT-S1_T36UYA_20221230T152934Z_20260309T201956Z_S1A_30_v0.1/OPERA_L3_DIST-ALERT-S1_T36UYA_20221230T152934Z_20260309T201956Z_S1A_30_v0.1_BROWSE.png,2026-03-09T20:07:28+00:00,549.434,4.5,36UYA,1,7,4,none,False,transformer_optimized,high,32,-1,2022-12-30,116,2.5,4,best,none,False
162,Ukraine_War_36UYA,https://hyp3-tibet-jpl-test-contentbucket-hratibh1y9pa.s3.us-west-2.amazonaws.com/f305504a-4ad1-4055-8ea3-0623af25db9c/OPERA_L3_DIST-ALERT-S1_T36UYA_20220803T152124Z_20260309T203009Z_S1A_30_v0.1.zip,https://hyp3-tibet-jpl-test-contentbucket-hratibh1y9pa.s3.us-west-2.amazonaws.com/f305504a-4ad1-4055-8ea3-0623af25db9c/OPERA_L3_DIST-ALERT-S1_T36UYA_20220803T152124Z_20260309T203009Z_S1A_30_v0.1,s3://hyp3-tibet-jpl-test-contentbucket-hratibh1y9pa/f305504a-4ad1-4055-8ea3-0623af25db9c/OPERA_L3_DIST-ALERT-S1_T36UYA_20220803T152124Z_20260309T203009Z_S1A_30_v0.1,https://hyp3-tibet-jpl-test-contentbucket-hratibh1y9pa.s3.us-west-2.amazonaws.com/f305504a-4ad1-4055-8ea3-0623af25db9c/OPERA_L3_DIST-ALERT-S1_T36UYA_20220803T152124Z_20260309T203009Z_S1A_30_v0.1/OPERA_L3_DIST-ALERT-S1_T36UYA_20220803T152124Z_20260309T203009Z_S1A_30_v0.1_BROWSE.png,2026-03-09T20:07:28+00:00,1177.562,4.5,36UYA,1,7,4,none,False,transformer_optimized,high,32,-1,2022-08-03,43,2.5,4,best,none,False
163,Ukraine_War_36UYA,https://hyp3-tibet-jpl-test-contentbucket-hratibh1y9pa.s3.us-west-2.amazonaws.com/83aad285-53fe-4753-b9e5-dfb14e5e0e92/OPERA_L3_DIST-ALERT-S1_T36UYA_20230416T033925Z_20260309T202243Z_S1A_30_v0.1.zip,https://hyp3-tibet-jpl-test-contentbucket-hratibh1y9pa.s3.us-west-2.amazonaws.com/83aad285-53fe-4753-b9e5-dfb14e5e0e92/OPERA_L3_DIST-ALERT-S1_T36UYA_20230416T033925Z_20260309T202243Z_S1A_30_v0.1,s3://hyp3-tibet-jpl-test-contentbucket-hratibh1y9pa/83aad285-53fe-4753-b9e5-dfb14e5e0e92/OPERA_L3_DIST-ALERT-S1_T36UYA_20230416T033925Z_20260309T202243Z_S1A_30_v0.1,https://hyp3-tibet-jpl-test-contentbucket-hratibh1y9pa.s3.us-west-2.amazonaws.com/83aad285-53fe-4753-b9e5-dfb14e5e0e92/OPERA_L3_DIST-ALERT-S1_T36UYA_20230416T033925Z_20260309T202243Z_S1A_30_v0.1/OPERA_L3_DIST-ALERT-S1_T36UYA_20230416T033925Z_20260309T202243Z_S1A_30_v0.1_BROWSE.png,2026-03-09T20:07:28+00:00,721.777,4.5,36UYA,1,7,4,none,False,transformer_optimized,high,32,-1,2023-04-16,94,2.5,4,best,none,False
164,Ukraine_War_36UYA,https://hyp3-tibet-jpl-test-contentbucket-hratibh1y9pa.s3.us-west-2.amazonaws.com/d1b4c7e4-0446-486e-8adf-191fee03c3ed/OPERA_L3_DIST-ALERT-S1_T36UYA_20221225T152124Z_20260309T202251Z_S1A_30_v0.1.zip,https://hyp3-tibet-jpl-test-contentbucket-hratibh1y9pa.s3.us-west-2.amazonaws.com/d1b4c7e4-0446-486e-8adf-191fee03c3ed/OPERA_L3_DIST-ALERT-S1_T36UYA_20221225T152124Z_20260309T202251Z_S1A_30_v0.1,s3://hyp3-tibet-jpl-test-contentbucket-hratibh1y9pa/d1b4c7e4-0446-486e-8adf-191fee03c3ed/OPERA_L3_DIST-ALERT-S1_T36UYA_20221225T152124Z_20260309T202251Z_S1A_30_v0.1,https://hyp3-tibet-jpl-test-contentbucket-hratibh1y9pa.s3.us-west-2.amazonaws.com/d1b4c7e4-0446-486e-8adf-191fee03c3ed/OPERA_L3_DIST-ALERT-S1_T36UYA_20221225T152124Z_20260309T202251Z_S1A_30_v0.1/OPERA_L3_DIST-ALERT-S1_T36UYA_20221225T152124Z_20260309T202251Z_S1A_30_v0.1_BROWSE.png,2026-03-09T20:07:28+00:00,732.514,4.5,36UYA,1,7,4,none,False,transformer_optimized,high,32,-1,2022-12-25,43,2.5,4,best,none,False
165,Ukraine_War_36UYA,https://hyp3-tibet-jpl-test-contentbucket-hratibh1y9pa.s3.us-west-2.amazonaws.com/efe5b737-a3c0-40fc-8068-b8f98ab064e8/OPERA_L3_DIST-ALERT-S1_T36UYA_20220920T152125Z_20260309T203013Z_S1A_30_v0.1.zip,https://hyp3-tibet-jpl-test-contentbucket-hratibh1y9pa.s3.us-west-2.amazonaws.com/efe5b737-a3c0-40fc-8068-b8f98ab064e8/OPERA_L3_DIST-ALERT-S1_T36UYA_20220920T152125Z_20260309T203013Z_S1A_30_v0.1,s3://hyp3-tibet-jpl-test-contentbucket-hratibh1y9pa/efe5b737-a3c0-40fc-8068-b8f98ab064e8/OPERA_L3_DIST-ALERT-S1_T36UYA_20220920T152125Z_20260309T203013Z_S1A_30_v0.1,https://hyp3-tibet-jpl-test-contentbucket-hratibh1y9pa.s3.us-west-2.amazonaws.com/efe5b737-a3c0-40fc-8068-b8f98ab064e8/OPERA_L3_DIST-ALERT-S1_T36UYA_20220920T152125Z_20260309T203013Z_S1A_30_v0.1/OPERA_L3_DIST-ALERT-S1_T36UYA_20220920T152125Z_20260309T203013Z_S1A_30_v0.1_BROWSE.png,2026-03-09T20:07:28+00:00,1178.317,4.5,36UYA,1,7,4,none,False,transformer_optimized,high,32,-1,2022-09-20,43,2.5,4,best,none,False
166,Ukraine_War_36UYA,https://hyp3-tibet-jpl-test-contentbucket-hratibh1y9pa.s3.us-west-2.amazonaws.com/ef7054b6-226a-4254-92a1-dcd8020bd116/OPERA_L3_DIST-ALERT-S1_T36UYA_20230204T152932Z_20260309T202318Z_S1A_30_v0.1.zip,https://hyp3-tibet-jpl-test-contentbucket-hratibh1y9pa.s3.us-west-2.amazonaws.com/ef7054b6-226a-4254-92a1-dcd8020bd116/OPERA_L3_DIST-ALERT-S1_T36UYA_20230204T152932Z_20260309T202318Z_S1A_30_v0.1,s3://hyp3-tibet-jpl-test-contentbucket-hratibh1y9pa/ef7054b6-226a-4254-92a1-dcd8020bd116/OPERA_L3_DIST-ALERT-S1_T36UYA_20230204T152932Z_20260309T202318Z_S1A_30_v0.1,https://hyp3-tibet-jpl-test-contentbucket-hratibh1y9pa.s3.us-west-2.amazonaws.com/ef7054b6-226a-4254-92a1-dcd8020bd116/OPERA_L3_DIST-ALERT-S1_T36UYA_20230204T152932Z_20260309T202318Z_S1A_30_v0.1/OPERA_L3_DIST-ALERT-S1_T36UYA_20230204T152932Z_20260309T202318Z_S1A_30_v0.1_BROWSE.png,2026-03-09T20:07:28+00:00,767.223,4.5,36UYA,1,7,4,none,False,transformer_optimized,high,32,-1,2023-02-04,116,2.5,4,best,none,False
167,Ukraine_War_36UYA,https://hyp3-tibet-jpl-test-contentbucket-hratibh1y9pa.s3.us-west-2.amazonaws.com/f7b53b4d-12fe-4c04-a693-e7c96b1577df/OPERA_L3_DIST-ALERT-S1_T36UYA_20220407T035541Z_20260309T202201Z_S1A_30_v0.1.zip,https://hyp3-tibet-jpl-test-contentbucket-hratibh1y9pa.s3.us-west-2.amazonaws.com/f7b53b4d-12fe-4c04-a693-e7c96b1577df/OPERA_L3_DIST-ALERT-S1_T36UYA_20220407T035541Z_20260309T202201Z_S1A_30_v0.1,s3://hyp3-tibet-jpl-test-contentbucket-hratibh1y9pa/f7b53b4d-12fe-4c04-a693-e7c96b1577df/OPERA_L3_DIST-ALERT-S1_T36UYA_20220407T035541Z_20260309T202201Z_S1A_30_v0.1,https://hyp3-tibet-jpl-test-contentbucket-hratibh1y9pa.s3.us-west-2.amazonaws.com/f7b53b4d-12fe-4c04-a693-e7c96b1577df/OPERA_L3_DIST-ALERT-S1_T36UYA_20220407T035541Z_20260309T202201Z_S1A_30_v0.1/OPERA_L3_DIST-ALERT-S1_T36UYA_20220407T035541Z_20260309T202201Z_S1A_30_v0.1_BROWSE.png,2026-03-09T20:07:28+00:00,678.567,4.5,36UYA,1,7,4,none,False,transformer_optimized,high,32,-1,2022-04-07,65,2.5,4,best,none,False
168,Ukraine_War_36UYA,https://hyp3-tibet-jpl-test-contentbucket-hratibh1y9pa.s3.us-west-2.amazonaws.com/11abd42e-19e2-444a-b523-5b4096a71505/OPERA_L3_DIST-ALERT-S1_T36UYA_20220710T152122Z_20260309T202144Z_S1A_30_v0.1.zip,https://hyp3-tibet-jpl-test-contentbucket-hratibh1y9pa.s3.us-west-2.amazonaws.com/11abd42e-19e2-444a-b523-5b4096a71505/OPERA_L3_DIST-ALERT-S1_T36UYA_20220710T152122Z_20260309T202144Z_S1A_30_v0.1,s3://hyp3-tibet-jpl-test-contentbucket-hratibh1y9pa/11abd42e-19e2-444a-b523-5b4096a71505/OPERA_L3_DIST-ALERT-S1_T36UYA_20220710T152122Z_20260309T202144Z_S1A_30_v0.1,https://hyp3-tibet-jpl-test-contentbucket-hratibh1y9pa.s3.us-west-2.amazonaws.com/11abd42e-19e2-444a-b523-5b4096a71505/OPERA_L3_DIST-ALERT-S1_T36UYA_20220710T152122Z_20260309T202144Z_S1A_30_v0.1/OPERA_L3_DIST-ALERT-S1_T36UYA_20220710T152122Z_20260309T202144Z_S1A_30_v0.1_BROWSE.png,2026-03-09T20:07:28+00:00,669.597,4.5,36UYA,1,7,4,none,False,transformer_optimized,high,32,-1,2022-07-10,43,2.5,4,best,none,False
169,Ukraine_War_36UYA,https://hyp3-tibet-jpl-test-contentbucket-hratibh1y9pa.s3.us-west-2.amazonaws.com/a4b39798-f4be-4f60-a1da-dde651053196/OPERA_L3_DIST-ALERT-S1_T36UYA_20220513T035543Z_20260309T202105Z_S1A_30_v0.1.zip,https://hyp3-tibet-jpl-test-contentbucket-hratibh1y9pa.s3.us-west-2.amazonaws.com/a4b39798-f4be-4f60-a1da-dde651053196/OPERA_L3_DIST-ALERT-S1_T36UYA_20220513T035543Z_20260309T202105Z_S1A_30_v0.1,s3://hyp3-tibet-jpl-test-contentbucket-hratibh1y9pa/a4b39798-f4be-4f60-a1da-dde651053196/OPERA_L3_DIST-ALERT-S1_T36UYA_20220513T035543Z_20260309T202105Z_S1A_30_v0.1,https://hyp3-tibet-jpl-test-contentbucket-hratibh1y9pa.s3.us-west-2.amazonaws.com/a4b39798-f4be-4f60-a1da-dde651053196/OPERA_L3_DIST-ALERT-S1_T36UYA_20220513T035543Z_20260309T202105Z_S1A_30_v0.1/OPERA_L3_DIST-ALERT-S1_T36UYA_20220513T035543Z_20260309T202105Z_S1A_30_v0.1_BROWSE.png,2026-03-09T20:07:28+00:00,621.808,4.5,36UYA,1,7,4,none,False,transformer_optimized,high,32,-1,2022-05-13,65,2.5,4,best,none,False
170,Ukraine_War_36UYA,https://hyp3-tibet-jpl-test-contentbucket-hratibh1y9pa.s3.us-west-2.amazonaws.com/eaa657ec-7588-4086-80ba-2bce018d7710/OPERA_L3_DIST-ALERT-S1_T36UYA_20220827T152125Z_20260309T202338Z_S1A_30_v0.1.zip,https://hyp3-tibet-jpl-test-contentbucket-hratibh1y9pa.s3.us-west-2.amazonaws.com/eaa657ec-7588-4086-80ba-2bce018d7710/OPERA_L3_DIST-ALERT-S1_T36UYA_20220827T152125Z_20260309T202338Z_S1A_30_v0.1,s3://hyp3-tibet-jpl-test-contentbucket-hratibh1y9pa/eaa657ec-7588-4086-80ba-2bce018d7710/OPERA_L3_DIST-ALERT-S1_T36UYA_20220827T152125Z_20260309T202338Z_S1A_30_v0.1,https://hyp3-tibet-jpl-test-contentbucket-hratibh1y9pa.s3.us-west-2.amazonaws.com/eaa657ec-7588-4086-80ba-2bce018d7710/OPERA_L3_DIST-ALERT-S1_T36UYA_20220827T152125Z_20260309T202338Z_S1A_30_v0.1/OPERA_L3_DIST-ALERT-S1_T36UYA_20220827T152125Z_20260309T202338Z_S1A_30_v0.1_BROWSE.png,2026-03-09T20:07:28+00:00,784.005,4.5,36UYA,1,7,4,none,False,transformer_optimized,high,32,-1,2022-08-27,43,2.5,4,best,none,False
171,Ukraine_War_36UYA,https://hyp3-tibet-jpl-test-contentbucket-hratibh1y9pa.s3.us-west-2.amazonaws.com/adb4a03e-e971-468c-b3fc-a8e2cdd14c79/OPERA_L3_DIST-ALERT-S1_T36UYA_20230630T151326Z_20260309T201208Z_S1A_30_v0.1.zip,https://hyp3-tibet-jpl-test-contentbucket-hratibh1y9pa.s3.us-west-2.amazonaws.com/adb4a03e-e971-468c-b3fc-a8e2cdd14c79/OPERA_L3_DIST-ALERT-S1_T36UYA_20230630T151326Z_20260309T201208Z_S1A_30_v0.1,s3://hyp3-tibet-jpl-test-contentbucket-hratibh1y9pa/adb4a03e-e971-468c-b3fc-a8e2cdd14c79/OPERA_L3_DIST-ALERT-S1_T36UYA_20230630T151326Z_20260309T201208Z_S1A_30_v0.1,https://hyp3-tibet-jpl-test-contentbucket-hratibh1y9pa.s3.us-west-2.amazonaws.com/adb4a03e-e971-468c-b3fc-a8e2cdd14c79/OPERA_L3_DIST-ALERT-S1_T36UYA_20230630T151326Z_20260309T201208Z_S1A_30_v0.1/OPERA_L3_DIST-ALERT-S1_T36UYA_20230630T151326Z_20260309T201208Z_S1A_30_v0.1_BROWSE.png,2026-03-09T20:07:28+00:00,81.792,4.5,36UYA,1,7,4,none,False,transformer_optimized,high,32,-1,2023-06-30,145,2.5,4,best,none,False
172,Ukraine_War_36UYA,https://hyp3-tibet-jpl-test-contentbucket-hratibh1y9pa.s3.us-west-2.amazonaws.com/e4c5f3c5-9eaf-4c8f-a254-de0a5deb902a/OPERA_L3_DIST-ALERT-S1_T36UYA_20221026T152126Z_20260309T202558Z_S1A_30_v0.1.zip,https://hyp3-tibet-jpl-test-contentbucket-hratibh1y9pa.s3.us-west-2.amazonaws.com/e4c5f3c5-9eaf-4c8f-a254-de0a5deb902a/OPERA_L3_DIST-ALERT-S1_T36UYA_20221026T152126Z_20260309T202558Z_S1A_30_v0.1,s3://hyp3-tibet-jpl-test-contentbucket-hratibh1y9pa/e4c5f3c5-9eaf-4c8f-a254-de0a5deb902a/OPERA_L3_DIST-ALERT-S1_T36UYA_20221026T152126Z_20260309T202558Z_S1A_30_v0.1,https://hyp3-tibet-jpl-test-contentbucket-hratibh1y9pa.s3.us-west-2.amazonaws.com/e4c5f3c5-9eaf-4c8f-a254-de0a5deb902a/OPERA_L3_DIST-ALERT-S1_T36UYA_20221026T152126Z_20260309T202558Z_S1A_30_v0.1/OPERA_L3_DIST-ALERT-S1_T36UYA_20221026T152126Z_20260309T202558Z_S1A_30_v0.1_BROWSE.png,2026-03-09T20:07:28+00:00,924.8,4.5,36UYA,1,7,4,none,False,transformer_optimized,high,32,-1,2022-10-26,43,2.5,4,best,none,False
173,Ukraine_War_36UYA,https://hyp3-tibet-jpl-test-contentbucket-hratibh1y9pa.s3.us-west-2.amazonaws.com/58f8201a-1106-4ac9-9516-d8bd62af8685/OPERA_L3_DIST-ALERT-S1_T36UYA_20230331T152122Z_20260309T202435Z_S1A_30_v0.1.zip,https://hyp3-tibet-jpl-test-contentbucket-hratibh1y9pa.s3.us-west-2.amazonaws.com/58f8201a-1106-4ac9-9516-d8bd62af8685/OPERA_L3_DIST-ALERT-S1_T36UYA_20230331T152122Z_20260309T202435Z_S1A_30_v0.1,s3://hyp3-tibet-jpl-test-contentbucket-hratibh1y9pa/58f8201a-1106-4ac9-9516-d8bd62af8685/OPERA_L3_DIST-ALERT-S1_T36UYA_20230331T152122Z_20260309T202435Z_S1A_30_v0.1,https://hyp3-tibet-jpl-test-contentbucket-hratibh1y9pa.s3.us-west-2.amazonaws.com/58f8201a-1106-4ac9-9516-d8bd62af8685/OPERA_L3_DIST-ALERT-S1_T36UYA_20230331T152122Z_20260309T202435Z_S1A_30_v0.1/OPERA_L3_DIST-ALERT-S1_T36UYA_20230331T152122Z_20260309T202435Z_S1A_30_v0.1_BROWSE.png,2026-03-09T20:07:28+00:00,838.159,4.5,36UYA,1,7,4,none,False,transformer_optimized,high,32,-1,2023-03-31,43,2.5,4,best,none,False
174,Ukraine_War_36UYA,https://hyp3-tibet-jpl-test-contentbucket-hratibh1y9pa.s3.us-west-2.amazonaws.com/bc16b615-f4bc-4d40-86ef-57b2978d212f/OPERA_L3_DIST-ALERT-S1_T36UYA_20230203T033925Z_20260309T202246Z_S1A_30_v0.1.zip,https://hyp3-tibet-jpl-test-contentbucket-hratibh1y9pa.s3.us-west-2.amazonaws.com/bc16b615-f4bc-4d40-86ef-57b2978d212f/OPERA_L3_DIST-ALERT-S1_T36UYA_20230203T033925Z_20260309T202246Z_S1A_30_v0.1,s3://hyp3-tibet-jpl-test-contentbucket-hratibh1y9pa/bc16b615-f4bc-4d40-86ef-57b2978d212f/OPERA_L3_DIST-ALERT-S1_T36UYA_20230203T033925Z_20260309T202246Z_S1A_30_v0.1,https://hyp3-tibet-jpl-test-contentbucket-hratibh1y9pa.s3.us-west-2.amazonaws.com/bc16b615-f4bc-4d40-86ef-57b2978d212f/OPERA_L3_DIST-ALERT-S1_T36UYA_20230203T033925Z_20260309T202246Z_S1A_30_v0.1/OPERA_L3_DIST-ALERT-S1_T36UYA_20230203T033925Z_20260309T202246Z_S1A_30_v0.1_BROWSE.png,2026-03-09T20:07:28+00:00,725.066,4.5,36UYA,1,7,4,none,False,transformer_optimized,high,32,-1,2023-02-03,94,2.5,4,best,none,False
175,Ukraine_War_36UYA,https://hyp3-tibet-jpl-test-contentbucket-hratibh1y9pa.s3.us-west-2.amazonaws.com/f201d2c7-f868-41a7-a9ea-bcaa6329e11e/OPERA_L3_DIST-ALERT-S1_T36UYA_20230417T152932Z_20260309T202516Z_S1A_30_v0.1.zip,https://hyp3-tibet-jpl-test-contentbucket-hratibh1y9pa.s3.us-west-2.amazonaws.com/f201d2c7-f868-41a7-a9ea-bcaa6329e11e/OPERA_L3_DIST-ALERT-S1_T36UYA_20230417T152932Z_20260309T202516Z_S1A_30_v0.1,s3://hyp3-tibet-jpl-test-contentbucket-hratibh1y9pa/f201d2c7-f868-41a7-a9ea-bcaa6329e11e/OPERA_L3_DIST-ALERT-S1_T36UYA_20230417T152932Z_20260309T202516Z_S1A_30_v0.1,https://hyp3-tibet-jpl-test-contentbucket-hratibh1y9pa.s3.us-west-2.amazonaws.com/f201d2c7-f868-41a7-a9ea-bcaa6329e11e/OPERA_L3_DIST-ALERT-S1_T36UYA_20230417T152932Z_20260309T202516Z_S1A_30_v0.1/OPERA_L3_DIST-ALERT-S1_T36UYA_20230417T152932Z_20260309T202516Z_S1A_30_v0.1_BROWSE.png,2026-03-09T20:07:28+00:00,881.446,4.5,36UYA,1,7,4,none,False,transformer_optimized,high,32,-1,2023-04-17,116,2.5,4,best,none,False
176,Ukraine_War_36UYA,https://hyp3-tibet-jpl-test-contentbucket-hratibh1y9pa.s3.us-west-2.amazonaws.com/28162968-72ef-4f18-88f0-6bba043d0f62/OPERA_L3_DIST-ALERT-S1_T36UYA_20230404T033925Z_20260309T202048Z_S1A_30_v0.1.zip,https://hyp3-tibet-jpl-test-contentbucket-hratibh1y9pa.s3.us-west-2.amazonaws.com/28162968-72ef-4f18-88f0-6bba043d0f62/OPERA_L3_DIST-ALERT-S1_T36UYA_20230404T033925Z_20260309T202048Z_S1A_30_v0.1,s3://hyp3-tibet-jpl-test-contentbucket-hratibh1y9pa/28162968-72ef-4f18-88f0-6bba043d0f62/OPERA_L3_DIST-ALERT-S1_T36UYA_20230404T033925Z_20260309T202048Z_S1A_30_v0.1,https://hyp3-tibet-jpl-test-contentbucket-hratibh1y9pa.s3.us-west-2.amazonaws.com/28162968-72ef-4f18-88f0-6bba043d0f62/OPERA_L3_DIST-ALERT-S1_T36UYA_20230404T033925Z_20260309T202048Z_S1A_30_v0.1/OPERA_L3_DIST-ALERT-S1_T36UYA_20230404T033925Z_20260309T202048Z_S1A_30_v0.1_BROWSE.png,2026-03-09T20:07:28+00:00,608.861,4.5,36UYA,1,7,4,none,False,transformer_optimized,high,32,-1,2023-04-04,94,2.5,4,best,none,False
177,Ukraine_War_36UYA,https://hyp3-tibet-jpl-test-contentbucket-hratibh1y9pa.s3.us-west-2.amazonaws.com/ef322b6f-36c6-45a3-b071-7e2c86bcd41f/OPERA_L3_DIST-ALERT-S1_T36UYA_20230424T152123Z_20260309T202258Z_S1A_30_v0.1.zip,https://hyp3-tibet-jpl-test-contentbucket-hratibh1y9pa.s3.us-west-2.amazonaws.com/ef322b6f-36c6-45a3-b071-7e2c86bcd41f/OPERA_L3_DIST-ALERT-S1_T36UYA_20230424T152123Z_20260309T202258Z_S1A_30_v0.1,s3://hyp3-tibet-jpl-test-contentbucket-hratibh1y9pa/ef322b6f-36c6-45a3-b071-7e2c86bcd41f/OPERA_L3_DIST-ALERT-S1_T36UYA_20230424T152123Z_20260309T202258Z_S1A_30_v0.1,https://hyp3-tibet-jpl-test-contentbucket-hratibh1y9pa.s3.us-west-2.amazonaws.com/ef322b6f-36c6-45a3-b071-7e2c86bcd41f/OPERA_L3_DIST-ALERT-S1_T36UYA_20230424T152123Z_20260309T202258Z_S1A_30_v0.1/OPERA_L3_DIST-ALERT-S1_T36UYA_20230424T152123Z_20260309T202258Z_S1A_30_v0.1_BROWSE.png,2026-03-09T20:07:28+00:00,736.865,4.5,36UYA,1,7,4,none,False,transformer_optimized,high,32,-1,2023-04-24,43,2.5,4,best,none,False
178,Ukraine_War_36UYA,https://hyp3-tibet-jpl-test-contentbucket-hratibh1y9pa.s3.us-west-2.amazonaws.com/39df8cec-25c1-4246-b20e-54e416bf7ef5/OPERA_L3_DIST-ALERT-S1_T36UYA_20230625T035551Z_20260309T202205Z_S1A_30_v0.1.zip,https://hyp3-tibet-jpl-test-contentbucket-hratibh1y9pa.s3.us-west-2.amazonaws.com/39df8cec-25c1-4246-b20e-54e416bf7ef5/OPERA_L3_DIST-ALERT-S1_T36UYA_20230625T035551Z_20260309T202205Z_S1A_30_v0.1,s3://hyp3-tibet-jpl-test-contentbucket-hratibh1y9pa/39df8cec-25c1-4246-b20e-54e416bf7ef5/OPERA_L3_DIST-ALERT-S1_T36UYA_20230625T035551Z_20260309T202205Z_S1A_30_v0.1,https://hyp3-tibet-jpl-test-contentbucket-hratibh1y9pa.s3.us-west-2.amazonaws.com/39df8cec-25c1-4246-b20e-54e416bf7ef5/OPERA_L3_DIST-ALERT-S1_T36UYA_20230625T035551Z_20260309T202205Z_S1A_30_v0.1/OPERA_L3_DIST-ALERT-S1_T36UYA_20230625T035551Z_20260309T202205Z_S1A_30_v0.1_BROWSE.png,2026-03-09T20:07:28+00:00,681.985,4.5,36UYA,1,7,4,none,False,transformer_optimized,high,32,-1,2023-06-25,65,2.5,4,best,none,False
179,Ukraine_War_36UYA,https://hyp3-tibet-jpl-test-contentbucket-hratibh1y9pa.s3.us-west-2.amazonaws.com/d4966ff1-e787-4eb4-8007-d60115e05a56/OPERA_L3_DIST-ALERT-S1_T36UYA_20220312T152116Z_20260309T202108Z_S1A_30_v0.1.zip,https://hyp3-tibet-jpl-test-contentbucket-hratibh1y9pa.s3.us-west-2.amazonaws.com/d4966ff1-e787-4eb4-8007-d60115e05a56/OPERA_L3_DIST-ALERT-S1_T36UYA_20220312T152116Z_20260309T202108Z_S1A_30_v0.1,s3://hyp3-tibet-jpl-test-contentbucket-hratibh1y9pa/d4966ff1-e787-4eb4-8007-d60115e05a56/OPERA_L3_DIST-ALERT-S1_T36UYA_20220312T152116Z_20260309T202108Z_S1A_30_v0.1,https://hyp3-tibet-jpl-test-contentbucket-hratibh1y9pa.s3.us-west-2.amazonaws.com/d4966ff1-e787-4eb4-8007-d60115e05a56/OPERA_L3_DIST-ALERT-S1_T36UYA_20220312T152116Z_20260309T202108Z_S1A_30_v0.1/OPERA_L3_DIST-ALERT-S1_T36UYA_20220312T152116Z_20260309T202108Z_S1A_30_v0.1_BROWSE.png,2026-03-09T20:07:28+00:00,624.528,4.5,36UYA,1,7,4,none,False,transformer_optimized,high,32,-1,2022-03-12,43,2.5,4,best,none,False
180,Ukraine_War_36UYA,https://hyp3-tibet-jpl-test-contentbucket-hratibh1y9pa.s3.us-west-2.amazonaws.com/9706a111-eb7a-49e4-9ee0-7a99ac82442a/OPERA_L3_DIST-ALERT-S1_T36UYA_20230324T152932Z_20260309T202836Z_S1A_30_v0.1.zip,https://hyp3-tibet-jpl-test-contentbucket-hratibh1y9pa.s3.us-west-2.amazonaws.com/9706a111-eb7a-49e4-9ee0-7a99ac82442a/OPERA_L3_DIST-ALERT-S1_T36UYA_20230324T152932Z_20260309T202836Z_S1A_30_v0.1,s3://hyp3-tibet-jpl-test-contentbucket-hratibh1y9pa/9706a111-eb7a-49e4-9ee0-7a99ac82442a/OPERA_L3_DIST-ALERT-S1_T36UYA_20230324T152932Z_20260309T202836Z_S1A_30_v0.1,https://hyp3-tibet-jpl-test-contentbucket-hratibh1y9pa.s3.us-west-2.amazonaws.com/9706a111-eb7a-49e4-9ee0-7a99ac82442a/OPERA_L3_DIST-ALERT-S1_T36UYA_20230324T152932Z_20260309T202836Z_S1A_30_v0.1/OPERA_L3_DIST-ALERT-S1_T36UYA_20230324T152932Z_20260309T202836Z_S1A_30_v0.1_BROWSE.png,2026-03-09T20:07:28+00:00,1078.174,4.5,36UYA,1,7,4,none,False,transformer_optimized,high,32,-1,2023-03-24,116,2.5,4,best,none,False
181,Ukraine_War_36UYA,https://hyp3-tibet-jpl-test-contentbucket-hratibh1y9pa.s3.us-west-2.amazonaws.com/eab8a5d7-b64a-4ec3-9a59-55b92fbc5d71/OPERA_L3_DIST-ALERT-S1_T36UYA_20220516T152928Z_20260309T202834Z_S1A_30_v0.1.zip,https://hyp3-tibet-jpl-test-contentbucket-hratibh1y9pa.s3.us-west-2.amazonaws.com/eab8a5d7-b64a-4ec3-9a59-55b92fbc5d71/OPERA_L3_DIST-ALERT-S1_T36UYA_20220516T152928Z_20260309T202834Z_S1A_30_v0.1,s3://hyp3-tibet-jpl-test-contentbucket-hratibh1y9pa/eab8a5d7-b64a-4ec3-9a59-55b92fbc5d71/OPERA_L3_DIST-ALERT-S1_T36UYA_20220516T152928Z_20260309T202834Z_S1A_30_v0.1,https://hyp3-tibet-jpl-test-contentbucket-hratibh1y9pa.s3.us-west-2.amazonaws.com/eab8a5d7-b64a-4ec3-9a59-55b92fbc5d71/OPERA_L3_DIST-ALERT-S1_T36UYA_20220516T152928Z_20260309T202834Z_S1A_30_v0.1/OPERA_L3_DIST-ALERT-S1_T36UYA_20220516T152928Z_20260309T202834Z_S1A_30_v0.1_BROWSE.png,2026-03-09T20:07:28+00:00,1076.277,4.5,36UYA,1,7,4,none,False,transformer_optimized,high,32,-1,2022-05-16,116,2.5,4,best,none,False
182,Ukraine_War_36UYA,https://hyp3-tibet-jpl-test-contentbucket-hratibh1y9pa.s3.us-west-2.amazonaws.com/2064e2a1-fb4e-4a92-802c-a3eb6e339e60/OPERA_L3_DIST-ALERT-S1_T36UYA_20220326T035541Z_20260309T201832Z_S1A_30_v0.1.zip,https://hyp3-tibet-jpl-test-contentbucket-hratibh1y9pa.s3.us-west-2.amazonaws.com/2064e2a1-fb4e-4a92-802c-a3eb6e339e60/OPERA_L3_DIST-ALERT-S1_T36UYA_20220326T035541Z_20260309T201832Z_S1A_30_v0.1,s3://hyp3-tibet-jpl-test-contentbucket-hratibh1y9pa/2064e2a1-fb4e-4a92-802c-a3eb6e339e60/OPERA_L3_DIST-ALERT-S1_T36UYA_20220326T035541Z_20260309T201832Z_S1A_30_v0.1,https://hyp3-tibet-jpl-test-contentbucket-hratibh1y9pa.s3.us-west-2.amazonaws.com/2064e2a1-fb4e-4a92-802c-a3eb6e339e60/OPERA_L3_DIST-ALERT-S1_T36UYA_20220326T035541Z_20260309T201832Z_S1A_30_v0.1/OPERA_L3_DIST-ALERT-S1_T36UYA_20220326T035541Z_20260309T201832Z_S1A_30_v0.1_BROWSE.png,2026-03-09T20:07:28+00:00,459.852,4.5,36UYA,1,7,4,none,False,transformer_optimized,high,32,-1,2022-03-26,65,2.5,4,best,none,False
183,Ukraine_War_36UYA,https://hyp3-tibet-jpl-test-contentbucket-hratibh1y9pa.s3.us-west-2.amazonaws.com/e732edde-ba92-4388-9ef6-e228879af8a9/OPERA_L3_DIST-ALERT-S1_T36UYA_20220611T151321Z_20260309T201209Z_S1A_30_v0.1.zip,https://hyp3-tibet-jpl-test-contentbucket-hratibh1y9pa.s3.us-west-2.amazonaws.com/e732edde-ba92-4388-9ef6-e228879af8a9/OPERA_L3_DIST-ALERT-S1_T36UYA_20220611T151321Z_20260309T201209Z_S1A_30_v0.1,s3://hyp3-tibet-jpl-test-contentbucket-hratibh1y9pa/e732edde-ba92-4388-9ef6-e228879af8a9/OPERA_L3_DIST-ALERT-S1_T36UYA_20220611T151321Z_20260309T201209Z_S1A_30_v0.1,https://hyp3-tibet-jpl-test-contentbucket-hratibh1y9pa.s3.us-west-2.amazonaws.com/e732edde-ba92-4388-9ef6-e228879af8a9/OPERA_L3_DIST-ALERT-S1_T36UYA_20220611T151321Z_20260309T201209Z_S1A_30_v0.1/OPERA_L3_DIST-ALERT-S1_T36UYA_20220611T151321Z_20260309T201209Z_S1A_30_v0.1_BROWSE.png,2026-03-09T20:07:28+00:00,82.038,4.5,36UYA,1,7,4,none,False,transformer_optimized,high,32,-1,2022-06-11,145,2.5,4,best,none,False
184,Ukraine_War_36UYA,https://hyp3-tibet-jpl-test-contentbucket-hratibh1y9pa.s3.us-west-2.amazonaws.com/616cd40f-6cae-4076-8dee-5570905a14ab/OPERA_L3_DIST-ALERT-S1_T36UYA_20230705T152127Z_20260309T202507Z_S1A_30_v0.1.zip,https://hyp3-tibet-jpl-test-contentbucket-hratibh1y9pa.s3.us-west-2.amazonaws.com/616cd40f-6cae-4076-8dee-5570905a14ab/OPERA_L3_DIST-ALERT-S1_T36UYA_20230705T152127Z_20260309T202507Z_S1A_30_v0.1,s3://hyp3-tibet-jpl-test-contentbucket-hratibh1y9pa/616cd40f-6cae-4076-8dee-5570905a14ab/OPERA_L3_DIST-ALERT-S1_T36UYA_20230705T152127Z_20260309T202507Z_S1A_30_v0.1,https://hyp3-tibet-jpl-test-contentbucket-hratibh1y9pa.s3.us-west-2.amazonaws.com/616cd40f-6cae-4076-8dee-5570905a14ab/OPERA_L3_DIST-ALERT-S1_T36UYA_20230705T152127Z_20260309T202507Z_S1A_30_v0.1/OPERA_L3_DIST-ALERT-S1_T36UYA_20230705T152127Z_20260309T202507Z_S1A_30_v0.1_BROWSE.png,2026-03-09T20:07:28+00:00,866.765,4.5,36UYA,1,7,4,none,False,transformer_optimized,high,32,-1,2023-07-05,43,2.5,4,best,none,False
185,Ukraine_War_36UYA,https://hyp3-tibet-jpl-test-contentbucket-hratibh1y9pa.s3.us-west-2.amazonaws.com/3f5643c1-b173-43f3-9873-b90b76174a64/OPERA_L3_DIST-ALERT-S1_T36UYA_20220305T152926Z_20260309T202148Z_S1A_30_v0.1.zip,https://hyp3-tibet-jpl-test-contentbucket-hratibh1y9pa.s3.us-west-2.amazonaws.com/3f5643c1-b173-43f3-9873-b90b76174a64/OPERA_L3_DIST-ALERT-S1_T36UYA_20220305T152926Z_20260309T202148Z_S1A_30_v0.1,s3://hyp3-tibet-jpl-test-contentbucket-hratibh1y9pa/3f5643c1-b173-43f3-9873-b90b76174a64/OPERA_L3_DIST-ALERT-S1_T36UYA_20220305T152926Z_20260309T202148Z_S1A_30_v0.1,https://hyp3-tibet-jpl-test-contentbucket-hratibh1y9pa.s3.us-west-2.amazonaws.com/3f5643c1-b173-43f3-9873-b90b76174a64/OPERA_L3_DIST-ALERT-S1_T36UYA_20220305T152926Z_20260309T202148Z_S1A_30_v0.1/OPERA_L3_DIST-ALERT-S1_T36UYA_20220305T152926Z_20260309T202148Z_S1A_30_v0.1_BROWSE.png,2026-03-09T20:07:28+00:00,668.08,4.5,36UYA,1,7,4,none,False,transformer_optimized,high,32,-1,2022-03-05,116,2.5,4,best,none,False
186,Ukraine_War_36UYA,https://hyp3-tibet-jpl-test-contentbucket-hratibh1y9pa.s3.us-west-2.amazonaws.com/2c2b9c5e-0f1d-49af-8fc4-2507564997e2/OPERA_L3_DIST-ALERT-S1_T36UYA_20220506T151318Z_20260309T201207Z_S1A_30_v0.1.zip,https://hyp3-tibet-jpl-test-contentbucket-hratibh1y9pa.s3.us-west-2.amazonaws.com/2c2b9c5e-0f1d-49af-8fc4-2507564997e2/OPERA_L3_DIST-ALERT-S1_T36UYA_20220506T151318Z_20260309T201207Z_S1A_30_v0.1,s3://hyp3-tibet-jpl-test-contentbucket-hratibh1y9pa/2c2b9c5e-0f1d-49af-8fc4-2507564997e2/OPERA_L3_DIST-ALERT-S1_T36UYA_20220506T151318Z_20260309T201207Z_S1A_30_v0.1,https://hyp3-tibet-jpl-test-contentbucket-hratibh1y9pa.s3.us-west-2.amazonaws.com/2c2b9c5e-0f1d-49af-8fc4-2507564997e2/OPERA_L3_DIST-ALERT-S1_T36UYA_20220506T151318Z_20260309T201207Z_S1A_30_v0.1/OPERA_L3_DIST-ALERT-S1_T36UYA_20220506T151318Z_20260309T201207Z_S1A_30_v0.1_BROWSE.png,2026-03-09T20:07:28+00:00,74.703,4.5,36UYA,1,7,4,none,False,transformer_optimized,high,32,-1,2022-05-06,145,2.5,4,best,none,False
187,Ukraine_War_36UYA,https://hyp3-tibet-jpl-test-contentbucket-hratibh1y9pa.s3.us-west-2.amazonaws.com/dba25053-ec6b-4e16-a634-6b2f6e4d9c08/OPERA_L3_DIST-ALERT-S1_T36UYA_20220606T035545Z_20260309T201621Z_S1A_30_v0.1.zip,https://hyp3-tibet-jpl-test-contentbucket-hratibh1y9pa.s3.us-west-2.amazonaws.com/dba25053-ec6b-4e16-a634-6b2f6e4d9c08/OPERA_L3_DIST-ALERT-S1_T36UYA_20220606T035545Z_20260309T201621Z_S1A_30_v0.1,s3://hyp3-tibet-jpl-test-contentbucket-hratibh1y9pa/dba25053-ec6b-4e16-a634-6b2f6e4d9c08/OPERA_L3_DIST-ALERT-S1_T36UYA_20220606T035545Z_20260309T201621Z_S1A_30_v0.1,https://hyp3-tibet-jpl-test-contentbucket-hratibh1y9pa.s3.us-west-2.amazonaws.com/dba25053-ec6b-4e16-a634-6b2f6e4d9c08/OPERA_L3_DIST-ALERT-S1_T36UYA_20220606T035545Z_20260309T201621Z_S1A_30_v0.1/OPERA_L3_DIST-ALERT-S1_T36UYA_20220606T035545Z_20260309T201621Z_S1A_30_v0.1_BROWSE.png,2026-03-09T20:07:28+00:00,330.491,4.5,36UYA,1,7,4,none,False,transformer_optimized,high,32,-1,2022-06-06,65,2.5,4,best,none,False
188,Ukraine_War_36UYA,https://hyp3-tibet-jpl-test-contentbucket-hratibh1y9pa.s3.us-west-2.amazonaws.com/108951fc-4095-4aa2-a1ca-3da275449588/OPERA_L3_DIST-ALERT-S1_T36UYA_20230405T152932Z_20260309T202405Z_S1A_30_v0.1.zip,https://hyp3-tibet-jpl-test-contentbucket-hratibh1y9pa.s3.us-west-2.amazonaws.com/108951fc-4095-4aa2-a1ca-3da275449588/OPERA_L3_DIST-ALERT-S1_T36UYA_20230405T152932Z_20260309T202405Z_S1A_30_v0.1,s3://hyp3-tibet-jpl-test-contentbucket-hratibh1y9pa/108951fc-4095-4aa2-a1ca-3da275449588/OPERA_L3_DIST-ALERT-S1_T36UYA_20230405T152932Z_20260309T202405Z_S1A_30_v0.1,https://hyp3-tibet-jpl-test-contentbucket-hratibh1y9pa.s3.us-west-2.amazonaws.com/108951fc-4095-4aa2-a1ca-3da275449588/OPERA_L3_DIST-ALERT-S1_T36UYA_20230405T152932Z_20260309T202405Z_S1A_30_v0.1/OPERA_L3_DIST-ALERT-S1_T36UYA_20230405T152932Z_20260309T202405Z_S1A_30_v0.1_BROWSE.png,2026-03-09T20:07:28+00:00,808.093,4.5,36UYA,1,7,4,none,False,transformer_optimized,high,32,-1,2023-04-05,116,2.5,4,best,none,False
189,Ukraine_War_36UYA,https://hyp3-tibet-jpl-test-contentbucket-hratibh1y9pa.s3.us-west-2.amazonaws.com/8419a958-f3c6-499e-8fb2-72b780adf84d/OPERA_L3_DIST-ALERT-S1_T36UYA_20220621T152931Z_20260309T201959Z_S1A_30_v0.1.zip,https://hyp3-tibet-jpl-test-contentbucket-hratibh1y9pa.s3.us-west-2.amazonaws.com/8419a958-f3c6-499e-8fb2-72b780adf84d/OPERA_L3_DIST-ALERT-S1_T36UYA_20220621T152931Z_20260309T201959Z_S1A_30_v0.1,s3://hyp3-tibet-jpl-test-contentbucket-hratibh1y9pa/8419a958-f3c6-499e-8fb2-72b780adf84d/OPERA_L3_DIST-ALERT-S1_T36UYA_20220621T152931Z_20260309T201959Z_S1A_30_v0.1,https://hyp3-tibet-jpl-test-contentbucket-hratibh1y9pa.s3.us-west-2.amazonaws.com/8419a958-f3c6-499e-8fb2-72b780adf84d/OPERA_L3_DIST-ALERT-S1_T36UYA_20220621T152931Z_20260309T201959Z_S1A_30_v0.1/OPERA_L3_DIST-ALERT-S1_T36UYA_20220621T152931Z_20260309T201959Z_S1A_30_v0.1_BROWSE.png,2026-03-09T20:07:28+00:00,554.577,4.5,36UYA,1,7,4,none,False,transformer_optimized,high,32,-1,2022-06-21,116,2.5,4,best,none,False
190,Ukraine_War_36UYA,https://hyp3-tibet-jpl-test-contentbucket-hratibh1y9pa.s3.us-west-2.amazonaws.com/a40d2526-5edf-447b-8dc0-68120b4da609/OPERA_L3_DIST-ALERT-S1_T36UYA_20220424T151317Z_20260309T201205Z_S1A_30_v0.1.zip,https://hyp3-tibet-jpl-test-contentbucket-hratibh1y9pa.s3.us-west-2.amazonaws.com/a40d2526-5edf-447b-8dc0-68120b4da609/OPERA_L3_DIST-ALERT-S1_T36UYA_20220424T151317Z_20260309T201205Z_S1A_30_v0.1,s3://hyp3-tibet-jpl-test-contentbucket-hratibh1y9pa/a40d2526-5edf-447b-8dc0-68120b4da609/OPERA_L3_DIST-ALERT-S1_T36UYA_20220424T151317Z_20260309T201205Z_S1A_30_v0.1,https://hyp3-tibet-jpl-test-contentbucket-hratibh1y9pa.s3.us-west-2.amazonaws.com/a40d2526-5edf-447b-8dc0-68120b4da609/OPERA_L3_DIST-ALERT-S1_T36UYA_20220424T151317Z_20260309T201205Z_S1A_30_v0.1/OPERA_L3_DIST-ALERT-S1_T36UYA_20220424T151317Z_20260309T201205Z_S1A_30_v0.1_BROWSE.png,2026-03-09T20:07:28+00:00,75.264,4.5,36UYA,1,7,4,none,False,transformer_optimized,high,32,-1,2022-04-24,145,2.5,4,best,none,False
191,Ukraine_War_36UYA,https://hyp3-tibet-jpl-test-contentbucket-hratibh1y9pa.s3.us-west-2.amazonaws.com/8a9e0949-716f-4f7d-b706-35ab39f38614/OPERA_L3_DIST-ALERT-S1_T36UYA_20221006T033928Z_20260309T201930Z_S1A_30_v0.1.zip,https://hyp3-tibet-jpl-test-contentbucket-hratibh1y9pa.s3.us-west-2.amazonaws.com/8a9e0949-716f-4f7d-b706-35ab39f38614/OPERA_L3_DIST-ALERT-S1_T36UYA_20221006T033928Z_20260309T201930Z_S1A_30_v0.1,s3://hyp3-tibet-jpl-test-contentbucket-hratibh1y9pa/8a9e0949-716f-4f7d-b706-35ab39f38614/OPERA_L3_DIST-ALERT-S1_T36UYA_20221006T033928Z_20260309T201930Z_S1A_30_v0.1,https://hyp3-tibet-jpl-test-contentbucket-hratibh1y9pa.s3.us-west-2.amazonaws.com/8a9e0949-716f-4f7d-b706-35ab39f38614/OPERA_L3_DIST-ALERT-S1_T36UYA_20221006T033928Z_20260309T201930Z_S1A_30_v0.1/OPERA_L3_DIST-ALERT-S1_T36UYA_20221006T033928Z_20260309T201930Z_S1A_30_v0.1_BROWSE.png,2026-03-09T20:07:28+00:00,533.712,4.5,36UYA,1,7,4,none,False,transformer_optimized,high,32,-1,2022-10-06,94,2.5,4,best,none,False
192,Ukraine_War_36UYA,https://hyp3-tibet-jpl-test-contentbucket-hratibh1y9pa.s3.us-west-2.amazonaws.com/6b4aa7c3-7b03-4cce-a0a8-148257e99320/OPERA_L3_DIST-ALERT-S1_T36UYA_20230522T033927Z_20260309T202245Z_S1A_30_v0.1.zip,https://hyp3-tibet-jpl-test-contentbucket-hratibh1y9pa.s3.us-west-2.amazonaws.com/6b4aa7c3-7b03-4cce-a0a8-148257e99320/OPERA_L3_DIST-ALERT-S1_T36UYA_20230522T033927Z_20260309T202245Z_S1A_30_v0.1,s3://hyp3-tibet-jpl-test-contentbucket-hratibh1y9pa/6b4aa7c3-7b03-4cce-a0a8-148257e99320/OPERA_L3_DIST-ALERT-S1_T36UYA_20230522T033927Z_20260309T202245Z_S1A_30_v0.1,https://hyp3-tibet-jpl-test-contentbucket-hratibh1y9pa.s3.us-west-2.amazonaws.com/6b4aa7c3-7b03-4cce-a0a8-148257e99320/OPERA_L3_DIST-ALERT-S1_T36UYA_20230522T033927Z_20260309T202245Z_S1A_30_v0.1/OPERA_L3_DIST-ALERT-S1_T36UYA_20230522T033927Z_20260309T202245Z_S1A_30_v0.1_BROWSE.png,2026-03-09T20:07:28+00:00,602.617,4.5,36UYA,1,7,4,none,False,transformer_optimized,high,32,-1,2023-05-22,94,2.5,4,best,none,False
193,Ukraine_War_36UYA,https://hyp3-tibet-jpl-test-contentbucket-hratibh1y9pa.s3.us-west-2.amazonaws.com/ffd8eb96-c597-43b4-ae95-04816eb6f6c0/OPERA_L3_DIST-ALERT-S1_T36UYA_20230323T033924Z_20260309T202257Z_S1A_30_v0.1.zip,https://hyp3-tibet-jpl-test-contentbucket-hratibh1y9pa.s3.us-west-2.amazonaws.com/ffd8eb96-c597-43b4-ae95-04816eb6f6c0/OPERA_L3_DIST-ALERT-S1_T36UYA_20230323T033924Z_20260309T202257Z_S1A_30_v0.1,s3://hyp3-tibet-jpl-test-contentbucket-hratibh1y9pa/ffd8eb96-c597-43b4-ae95-04816eb6f6c0/OPERA_L3_DIST-ALERT-S1_T36UYA_20230323T033924Z_20260309T202257Z_S1A_30_v0.1,https://hyp3-tibet-jpl-test-contentbucket-hratibh1y9pa.s3.us-west-2.amazonaws.com/ffd8eb96-c597-43b4-ae95-04816eb6f6c0/OPERA_L3_DIST-ALERT-S1_T36UYA_20230323T033924Z_20260309T202257Z_S1A_30_v0.1/OPERA_L3_DIST-ALERT-S1_T36UYA_20230323T033924Z_20260309T202257Z_S1A_30_v0.1_BROWSE.png,2026-03-09T20:07:28+00:00,738.385,4.5,36UYA,1,7,4,none,False,transformer_optimized,high,32,-1,2023-03-23,94,2.5,4,best,none,False
194,Ukraine_War_36UYA,https://hyp3-tibet-jpl-test-contentbucket-hratibh1y9pa.s3.us-west-2.amazonaws.com/659287dc-0be7-421b-9c67-ca76bfe98459/OPERA_L3_DIST-ALERT-S1_T36UYA_20221014T152126Z_20260309T202800Z_S1A_30_v0.1.zip,https://hyp3-tibet-jpl-test-contentbucket-hratibh1y9pa.s3.us-west-2.amazonaws.com/659287dc-0be7-421b-9c67-ca76bfe98459/OPERA_L3_DIST-ALERT-S1_T36UYA_20221014T152126Z_20260309T202800Z_S1A_30_v0.1,s3://hyp3-tibet-jpl-test-contentbucket-hratibh1y9pa/659287dc-0be7-421b-9c67-ca76bfe98459/OPERA_L3_DIST-ALERT-S1_T36UYA_20221014T152126Z_20260309T202800Z_S1A_30_v0.1,https://hyp3-tibet-jpl-test-contentbucket-hratibh1y9pa.s3.us-west-2.amazonaws.com/659287dc-0be7-421b-9c67-ca76bfe98459/OPERA_L3_DIST-ALERT-S1_T36UYA_20221014T152126Z_20260309T202800Z_S1A_30_v0.1/OPERA_L3_DIST-ALERT-S1_T36UYA_20221014T152126Z_20260309T202800Z_S1A_30_v0.1_BROWSE.png,2026-03-09T20:07:28+00:00,1041.602,4.5,36UYA,1,7,4,none,False,transformer_optimized,high,32,-1,2022-10-14,43,2.5,4,best,none,False
195,Ukraine_War_36UYA,https://hyp3-tibet-jpl-test-contentbucket-hratibh1y9pa.s3.us-west-2.amazonaws.com/1481106e-1d57-4742-a3ae-da6778f6cde9/OPERA_L3_DIST-ALERT-S1_T36UYA_20221112T152935Z_20260309T202513Z_S1A_30_v0.1.zip,https://hyp3-tibet-jpl-test-contentbucket-hratibh1y9pa.s3.us-west-2.amazonaws.com/1481106e-1d57-4742-a3ae-da6778f6cde9/OPERA_L3_DIST-ALERT-S1_T36UYA_20221112T152935Z_20260309T202513Z_S1A_30_v0.1,s3://hyp3-tibet-jpl-test-contentbucket-hratibh1y9pa/1481106e-1d57-4742-a3ae-da6778f6cde9/OPERA_L3_DIST-ALERT-S1_T36UYA_20221112T152935Z_20260309T202513Z_S1A_30_v0.1,https://hyp3-tibet-jpl-test-contentbucket-hratibh1y9pa.s3.us-west-2.amazonaws.com/1481106e-1d57-4742-a3ae-da6778f6cde9/OPERA_L3_DIST-ALERT-S1_T36UYA_20221112T152935Z_20260309T202513Z_S1A_30_v0.1/OPERA_L3_DIST-ALERT-S1_T36UYA_20221112T152935Z_20260309T202513Z_S1A_30_v0.1_BROWSE.png,2026-03-09T20:07:28+00:00,745.755,4.5,36UYA,1,7,4,none,False,transformer_optimized,high,32,-1,2022-11-12,116,2.5,4,best,none,False
196,Ukraine_War_36UYA,https://hyp3-tibet-jpl-test-contentbucket-hratibh1y9pa.s3.us-west-2.amazonaws.com/47081304-21b2-4f22-bc1d-cf2573efbf65/OPERA_L3_DIST-ALERT-S1_T36UYA_20221016T035551Z_20260309T202137Z_S1A_30_v0.1.zip,https://hyp3-tibet-jpl-test-contentbucket-hratibh1y9pa.s3.us-west-2.amazonaws.com/47081304-21b2-4f22-bc1d-cf2573efbf65/OPERA_L3_DIST-ALERT-S1_T36UYA_20221016T035551Z_20260309T202137Z_S1A_30_v0.1,s3://hyp3-tibet-jpl-test-contentbucket-hratibh1y9pa/47081304-21b2-4f22-bc1d-cf2573efbf65/OPERA_L3_DIST-ALERT-S1_T36UYA_20221016T035551Z_20260309T202137Z_S1A_30_v0.1,https://hyp3-tibet-jpl-test-contentbucket-hratibh1y9pa.s3.us-west-2.amazonaws.com/47081304-21b2-4f22-bc1d-cf2573efbf65/OPERA_L3_DIST-ALERT-S1_T36UYA_20221016T035551Z_20260309T202137Z_S1A_30_v0.1/OPERA_L3_DIST-ALERT-S1_T36UYA_20221016T035551Z_20260309T202137Z_S1A_30_v0.1_BROWSE.png,2026-03-09T20:07:28+00:00,650.362,4.5,36UYA,1,7,4,none,False,transformer_optimized,high,32,-1,2022-10-16,65,2.5,4,best,none,False
197,Ukraine_War_36UYA,https://hyp3-tibet-jpl-test-contentbucket-hratibh1y9pa.s3.us-west-2.amazonaws.com/5e892cf3-c85b-4eba-ba4e-efe621d43c9a/OPERA_L3_DIST-ALERT-S1_T36UYA_20230419T151322Z_20260309T201405Z_S1A_30_v0.1.zip,https://hyp3-tibet-jpl-test-contentbucket-hratibh1y9pa.s3.us-west-2.amazonaws.com/5e892cf3-c85b-4eba-ba4e-efe621d43c9a/OPERA_L3_DIST-ALERT-S1_T36UYA_20230419T151322Z_20260309T201405Z_S1A_30_v0.1,s3://hyp3-tibet-jpl-test-contentbucket-hratibh1y9pa/5e892cf3-c85b-4eba-ba4e-efe621d43c9a/OPERA_L3_DIST-ALERT-S1_T36UYA_20230419T151322Z_20260309T201405Z_S1A_30_v0.1,https://hyp3-tibet-jpl-test-contentbucket-hratibh1y9pa.s3.us-west-2.amazonaws.com/5e892cf3-c85b-4eba-ba4e-efe621d43c9a/OPERA_L3_DIST-ALERT-S1_T36UYA_20230419T151322Z_20260309T201405Z_S1A_30_v0.1/OPERA_L3_DIST-ALERT-S1_T36UYA_20230419T151322Z_20260309T201405Z_S1A_30_v0.1_BROWSE.png,2026-03-09T20:07:28+00:00,66.795,4.5,36UYA,1,7,4,none,False,transformer_optimized,high,32,-1,2023-04-19,145,2.5,4,best,none,False
198,Ukraine_War_36UYA,https://hyp3-tibet-jpl-test-contentbucket-hratibh1y9pa.s3.us-west-2.amazonaws.com/c847450c-917a-4ae7-b9e8-dbced04f56ef/OPERA_L3_DIST-ALERT-S1_T36UYA_20220712T035547Z_20260309T202009Z_S1A_30_v0.1.zip,https://hyp3-tibet-jpl-test-contentbucket-hratibh1y9pa.s3.us-west-2.amazonaws.com/c847450c-917a-4ae7-b9e8-dbced04f56ef/OPERA_L3_DIST-ALERT-S1_T36UYA_20220712T035547Z_20260309T202009Z_S1A_30_v0.1,s3://hyp3-tibet-jpl-test-contentbucket-hratibh1y9pa/c847450c-917a-4ae7-b9e8-dbced04f56ef/OPERA_L3_DIST-ALERT-S1_T36UYA_20220712T035547Z_20260309T202009Z_S1A_30_v0.1,https://hyp3-tibet-jpl-test-contentbucket-hratibh1y9pa.s3.us-west-2.amazonaws.com/c847450c-917a-4ae7-b9e8-dbced04f56ef/OPERA_L3_DIST-ALERT-S1_T36UYA_20220712T035547Z_20260309T202009Z_S1A_30_v0.1/OPERA_L3_DIST-ALERT-S1_T36UYA_20220712T035547Z_20260309T202009Z_S1A_30_v0.1_BROWSE.png,2026-03-09T20:07:28+00:00,434.724,4.5,36UYA,1,7,4,none,False,transformer_optimized,high,32,-1,2022-07-12,65,2.5,4,best,none,False
199,Ukraine_War_36UYA,https://hyp3-tibet-jpl-test-contentbucket-hratibh1y9pa.s3.us-west-2.amazonaws.com/ec2a2a2a-03bd-4687-8fcd-ff404eca2e7c/OPERA_L3_DIST-ALERT-S1_T36UYA_20230611T152125Z_20260309T202534Z_S1A_30_v0.1.zip,https://hyp3-tibet-jpl-test-contentbucket-hratibh1y9pa.s3.us-west-2.amazonaws.com/ec2a2a2a-03bd-4687-8fcd-ff404eca2e7c/OPERA_L3_DIST-ALERT-S1_T36UYA_20230611T152125Z_20260309T202534Z_S1A_30_v0.1,s3://hyp3-tibet-jpl-test-contentbucket-hratibh1y9pa/ec2a2a2a-03bd-4687-8fcd-ff404eca2e7c/OPERA_L3_DIST-ALERT-S1_T36UYA_20230611T152125Z_20260309T202534Z_S1A_30_v0.1,https://hyp3-tibet-jpl-test-contentbucket-hratibh1y9pa.s3.us-west-2.amazonaws.com/ec2a2a2a-03bd-4687-8fcd-ff404eca2e7c/OPERA_L3_DIST-ALERT-S1_T36UYA_20230611T152125Z_20260309T202534Z_S1A_30_v0.1/OPERA_L3_DIST-ALERT-S1_T36UYA_20230611T152125Z_20260309T202534Z_S1A_30_v0.1_BROWSE.png,2026-03-09T20:07:28+00:00,894.866,4.5,36UYA,1,7,4,none,False,transformer_optimized,high,32,-1,2023-06-11,43,2.5,4,best,none,False
200,Ukraine_War_36UYA,https://hyp3-tibet-jpl-test-contentbucket-hratibh1y9pa.s3.us-west-2.amazonaws.com/476e1d93-4799-4e52-a13f-438b42855cae/OPERA_L3_DIST-ALERT-S1_T36UYA_20220616T152120Z_20260309T202736Z_S1A_30_v0.1.zip,https://hyp3-tibet-jpl-test-contentbucket-hratibh1y9pa.s3.us-west-2.amazonaws.com/476e1d93-4799-4e52-a13f-438b42855cae/OPERA_L3_DIST-ALERT-S1_T36UYA_20220616T152120Z_20260309T202736Z_S1A_30_v0.1,s3://hyp3-tibet-jpl-test-contentbucket-hratibh1y9pa/476e1d93-4799-4e52-a13f-438b42855cae/OPERA_L3_DIST-ALERT-S1_T36UYA_20220616T152120Z_20260309T202736Z_S1A_30_v0.1,https://hyp3-tibet-jpl-test-contentbucket-hratibh1y9pa.s3.us-west-2.amazonaws.com/476e1d93-4799-4e52-a13f-438b42855cae/OPERA_L3_DIST-ALERT-S1_T36UYA_20220616T152120Z_20260309T202736Z_S1A_30_v0.1/OPERA_L3_DIST-ALERT-S1_T36UYA_20220616T152120Z_20260309T202736Z_S1A_30_v0.1_BROWSE.png,2026-03-09T20:07:28+00:00,1018.624,4.5,36UYA,1,7,4,none,False,transformer_optimized,high,32,-1,2022-06-16,43,2.5,4,best,none,False
201,Ukraine_War_36UYA,https://hyp3-tibet-jpl-test-contentbucket-hratibh1y9pa.s3.us-west-2.amazonaws.com/48ffb556-58f9-4707-9554-a72ce32e15f2/OPERA_L3_DIST-ALERT-S1_T36UYA_20230513T151324Z_20260309T201214Z_S1A_30_v0.1.zip,https://hyp3-tibet-jpl-test-contentbucket-hratibh1y9pa.s3.us-west-2.amazonaws.com/48ffb556-58f9-4707-9554-a72ce32e15f2/OPERA_L3_DIST-ALERT-S1_T36UYA_20230513T151324Z_20260309T201214Z_S1A_30_v0.1,s3://hyp3-tibet-jpl-test-contentbucket-hratibh1y9pa/48ffb556-58f9-4707-9554-a72ce32e15f2/OPERA_L3_DIST-ALERT-S1_T36UYA_20230513T151324Z_20260309T201214Z_S1A_30_v0.1,https://hyp3-tibet-jpl-test-contentbucket-hratibh1y9pa.s3.us-west-2.amazonaws.com/48ffb556-58f9-4707-9554-a72ce32e15f2/OPERA_L3_DIST-ALERT-S1_T36UYA_20230513T151324Z_20260309T201214Z_S1A_30_v0.1/OPERA_L3_DIST-ALERT-S1_T36UYA_20230513T151324Z_20260309T201214Z_S1A_30_v0.1_BROWSE.png,2026-03-09T20:07:28+00:00,85.091,4.5,36UYA,1,7,4,none,False,transformer_optimized,high,32,-1,2023-05-13,145,2.5,4,best,none,False
202,Ukraine_War_36UYA,https://hyp3-tibet-jpl-test-contentbucket-hratibh1y9pa.s3.us-west-2.amazonaws.com/7ecce902-8c68-4f13-aa88-8d30ed0ccdd6/OPERA_L3_DIST-ALERT-S1_T36UYA_20220317T152926Z_20260309T202642Z_S1A_30_v0.1.zip,https://hyp3-tibet-jpl-test-contentbucket-hratibh1y9pa.s3.us-west-2.amazonaws.com/7ecce902-8c68-4f13-aa88-8d30ed0ccdd6/OPERA_L3_DIST-ALERT-S1_T36UYA_20220317T152926Z_20260309T202642Z_S1A_30_v0.1,s3://hyp3-tibet-jpl-test-contentbucket-hratibh1y9pa/7ecce902-8c68-4f13-aa88-8d30ed0ccdd6/OPERA_L3_DIST-ALERT-S1_T36UYA_20220317T152926Z_20260309T202642Z_S1A_30_v0.1,https://hyp3-tibet-jpl-test-contentbucket-hratibh1y9pa.s3.us-west-2.amazonaws.com/7ecce902-8c68-4f13-aa88-8d30ed0ccdd6/OPERA_L3_DIST-ALERT-S1_T36UYA_20220317T152926Z_20260309T202642Z_S1A_30_v0.1/OPERA_L3_DIST-ALERT-S1_T36UYA_20220317T152926Z_20260309T202642Z_S1A_30_v0.1_BROWSE.png,2026-03-09T20:07:28+00:00,967.761,4.5,36UYA,1,7,4,none,False,transformer_optimized,high,32,-1,2022-03-17,116,2.5,4,best,none,False
203,Ukraine_War_36UYA,https://hyp3-tibet-jpl-test-contentbucket-hratibh1y9pa.s3.us-west-2.amazonaws.com/0f0d8786-4e2b-47f3-b212-2d91531be046/OPERA_L3_DIST-ALERT-S1_T36UYA_20230508T035549Z_20260309T201947Z_S1A_30_v0.1.zip,https://hyp3-tibet-jpl-test-contentbucket-hratibh1y9pa.s3.us-west-2.amazonaws.com/0f0d8786-4e2b-47f3-b212-2d91531be046/OPERA_L3_DIST-ALERT-S1_T36UYA_20230508T035549Z_20260309T201947Z_S1A_30_v0.1,s3://hyp3-tibet-jpl-test-contentbucket-hratibh1y9pa/0f0d8786-4e2b-47f3-b212-2d91531be046/OPERA_L3_DIST-ALERT-S1_T36UYA_20230508T035549Z_20260309T201947Z_S1A_30_v0.1,https://hyp3-tibet-jpl-test-contentbucket-hratibh1y9pa.s3.us-west-2.amazonaws.com/0f0d8786-4e2b-47f3-b212-2d91531be046/OPERA_L3_DIST-ALERT-S1_T36UYA_20230508T035549Z_20260309T201947Z_S1A_30_v0.1/OPERA_L3_DIST-ALERT-S1_T36UYA_20230508T035549Z_20260309T201947Z_S1A_30_v0.1_BROWSE.png,2026-03-09T20:07:28+00:00,543.105,4.5,36UYA,1,7,4,none,False,transformer_optimized,high,32,-1,2023-05-08,65,2.5,4,best,none,False
204,Ukraine_War_36UYA,https://hyp3-tibet-jpl-test-contentbucket-hratibh1y9pa.s3.us-west-2.amazonaws.com/ebfadf14-51b1-4b56-8733-a79b9d8d9a3c/OPERA_L3_DIST-ALERT-S1_T36UYA_20230319T152122Z_20260309T202321Z_S1A_30_v0.1.zip,https://hyp3-tibet-jpl-test-contentbucket-hratibh1y9pa.s3.us-west-2.amazonaws.com/ebfadf14-51b1-4b56-8733-a79b9d8d9a3c/OPERA_L3_DIST-ALERT-S1_T36UYA_20230319T152122Z_20260309T202321Z_S1A_30_v0.1,s3://hyp3-tibet-jpl-test-contentbucket-hratibh1y9pa/ebfadf14-51b1-4b56-8733-a79b9d8d9a3c/OPERA_L3_DIST-ALERT-S1_T36UYA_20230319T152122Z_20260309T202321Z_S1A_30_v0.1,https://hyp3-tibet-jpl-test-contentbucket-hratibh1y9pa.s3.us-west-2.amazonaws.com/ebfadf14-51b1-4b56-8733-a79b9d8d9a3c/OPERA_L3_DIST-ALERT-S1_T36UYA_20230319T152122Z_20260309T202321Z_S1A_30_v0.1/OPERA_L3_DIST-ALERT-S1_T36UYA_20230319T152122Z_20260309T202321Z_S1A_30_v0.1_BROWSE.png,2026-03-09T20:07:28+00:00,764.581,4.5,36UYA,1,7,4,none,False,transformer_optimized,high,32,-1,2023-03-19,43,2.5,4,best,none,False
205,Ukraine_War_36UYA,https://hyp3-tibet-jpl-test-contentbucket-hratibh1y9pa.s3.us-west-2.amazonaws.com/54784f36-6e3b-463e-8c42-0b7912ea5475/OPERA_L3_DIST-ALERT-S1_T36UYA_20221114T151326Z_20260309T201212Z_S1A_30_v0.1.zip,https://hyp3-tibet-jpl-test-contentbucket-hratibh1y9pa.s3.us-west-2.amazonaws.com/54784f36-6e3b-463e-8c42-0b7912ea5475/OPERA_L3_DIST-ALERT-S1_T36UYA_20221114T151326Z_20260309T201212Z_S1A_30_v0.1,s3://hyp3-tibet-jpl-test-contentbucket-hratibh1y9pa/54784f36-6e3b-463e-8c42-0b7912ea5475/OPERA_L3_DIST-ALERT-S1_T36UYA_20221114T151326Z_20260309T201212Z_S1A_30_v0.1,https://hyp3-tibet-jpl-test-contentbucket-hratibh1y9pa.s3.us-west-2.amazonaws.com/54784f36-6e3b-463e-8c42-0b7912ea5475/OPERA_L3_DIST-ALERT-S1_T36UYA_20221114T151326Z_20260309T201212Z_S1A_30_v0.1/OPERA_L3_DIST-ALERT-S1_T36UYA_20221114T151326Z_20260309T201212Z_S1A_30_v0.1_BROWSE.png,2026-03-09T20:07:28+00:00,79.6,4.5,36UYA,1,7,4,none,False,transformer_optimized,high,32,-1,2022-11-14,145,2.5,4,best,none,False
206,Ukraine_War_36UYA,https://hyp3-tibet-jpl-test-contentbucket-hratibh1y9pa.s3.us-west-2.amazonaws.com/7280a9e4-0143-42cd-acd9-e4c68a78b16c/OPERA_L3_DIST-ALERT-S1_T36UYA_20220504T152927Z_20260309T202612Z_S1A_30_v0.1.zip,https://hyp3-tibet-jpl-test-contentbucket-hratibh1y9pa.s3.us-west-2.amazonaws.com/7280a9e4-0143-42cd-acd9-e4c68a78b16c/OPERA_L3_DIST-ALERT-S1_T36UYA_20220504T152927Z_20260309T202612Z_S1A_30_v0.1,s3://hyp3-tibet-jpl-test-contentbucket-hratibh1y9pa/7280a9e4-0143-42cd-acd9-e4c68a78b16c/OPERA_L3_DIST-ALERT-S1_T36UYA_20220504T152927Z_20260309T202612Z_S1A_30_v0.1,https://hyp3-tibet-jpl-test-contentbucket-hratibh1y9pa.s3.us-west-2.amazonaws.com/7280a9e4-0143-42cd-acd9-e4c68a78b16c/OPERA_L3_DIST-ALERT-S1_T36UYA_20220504T152927Z_20260309T202612Z_S1A_30_v0.1/OPERA_L3_DIST-ALERT-S1_T36UYA_20220504T152927Z_20260309T202612Z_S1A_30_v0.1_BROWSE.png,2026-03-09T20:07:28+00:00,939.303,4.5,36UYA,1,7,4,none,False,transformer_optimized,high,32,-1,2022-05-04,116,2.5,4,best,none,False
207,Ukraine_War_36UYA,https://hyp3-tibet-jpl-test-contentbucket-hratibh1y9pa.s3.us-west-2.amazonaws.com/01204e39-d757-4136-a54e-216e5328ed44/OPERA_L3_DIST-ALERT-S1_T36UYA_20220729T151323Z_20260309T201209Z_S1A_30_v0.1.zip,https://hyp3-tibet-jpl-test-contentbucket-hratibh1y9pa.s3.us-west-2.amazonaws.com/01204e39-d757-4136-a54e-216e5328ed44/OPERA_L3_DIST-ALERT-S1_T36UYA_20220729T151323Z_20260309T201209Z_S1A_30_v0.1,s3://hyp3-tibet-jpl-test-contentbucket-hratibh1y9pa/01204e39-d757-4136-a54e-216e5328ed44/OPERA_L3_DIST-ALERT-S1_T36UYA_20220729T151323Z_20260309T201209Z_S1A_30_v0.1,https://hyp3-tibet-jpl-test-contentbucket-hratibh1y9pa.s3.us-west-2.amazonaws.com/01204e39-d757-4136-a54e-216e5328ed44/OPERA_L3_DIST-ALERT-S1_T36UYA_20220729T151323Z_20260309T201209Z_S1A_30_v0.1/OPERA_L3_DIST-ALERT-S1_T36UYA_20220729T151323Z_20260309T201209Z_S1A_30_v0.1_BROWSE.png,2026-03-09T20:07:28+00:00,78.878,4.5,36UYA,1,7,4,none,False,transformer_optimized,high,32,-1,2022-07-29,145,2.5,4,best,none,False
208,Ukraine_War_36UYA,https://hyp3-tibet-jpl-test-contentbucket-hratibh1y9pa.s3.us-west-2.amazonaws.com/1a76b57f-b216-4bdb-bb5a-5aa1375425e2/OPERA_L3_DIST-ALERT-S1_T36UYA_20220912T033928Z_20260309T202325Z_S1A_30_v0.1.zip,https://hyp3-tibet-jpl-test-contentbucket-hratibh1y9pa.s3.us-west-2.amazonaws.com/1a76b57f-b216-4bdb-bb5a-5aa1375425e2/OPERA_L3_DIST-ALERT-S1_T36UYA_20220912T033928Z_20260309T202325Z_S1A_30_v0.1,s3://hyp3-tibet-jpl-test-contentbucket-hratibh1y9pa/1a76b57f-b216-4bdb-bb5a-5aa1375425e2/OPERA_L3_DIST-ALERT-S1_T36UYA_20220912T033928Z_20260309T202325Z_S1A_30_v0.1,https://hyp3-tibet-jpl-test-contentbucket-hratibh1y9pa.s3.us-west-2.amazonaws.com/1a76b57f-b216-4bdb-bb5a-5aa1375425e2/OPERA_L3_DIST-ALERT-S1_T36UYA_20220912T033928Z_20260309T202325Z_S1A_30_v0.1/OPERA_L3_DIST-ALERT-S1_T36UYA_20220912T033928Z_20260309T202325Z_S1A_30_v0.1_BROWSE.png,2026-03-09T20:07:28+00:00,767.998,4.5,36UYA,1,7,4,none,False,transformer_optimized,high,32,-1,2022-09-12,94,2.5,4,best,none,False
209,Ukraine_War_36UYA,https://hyp3-tibet-jpl-test-contentbucket-hratibh1y9pa.s3.us-west-2.amazonaws.com/400c65ea-74d9-49a2-ad23-27a908ce8175/OPERA_L3_DIST-ALERT-S1_T36UYA_20230106T152123Z_20260309T202348Z_S1A_30_v0.1.zip,https://hyp3-tibet-jpl-test-contentbucket-hratibh1y9pa.s3.us-west-2.amazonaws.com/400c65ea-74d9-49a2-ad23-27a908ce8175/OPERA_L3_DIST-ALERT-S1_T36UYA_20230106T152123Z_20260309T202348Z_S1A_30_v0.1,s3://hyp3-tibet-jpl-test-contentbucket-hratibh1y9pa/400c65ea-74d9-49a2-ad23-27a908ce8175/OPERA_L3_DIST-ALERT-S1_T36UYA_20230106T152123Z_20260309T202348Z_S1A_30_v0.1,https://hyp3-tibet-jpl-test-contentbucket-hratibh1y9pa.s3.us-west-2.amazonaws.com/400c65ea-74d9-49a2-ad23-27a908ce8175/OPERA_L3_DIST-ALERT-S1_T36UYA_20230106T152123Z_20260309T202348Z_S1A_30_v0.1/OPERA_L3_DIST-ALERT-S1_T36UYA_20230106T152123Z_20260309T202348Z_S1A_30_v0.1_BROWSE.png,2026-03-09T20:07:28+00:00,789.075,4.5,36UYA,1,7,4,none,False,transformer_optimized,high,32,-1,2023-01-06,43,2.5,4,best,none,False
210,Ukraine_War_36UYA,https://hyp3-tibet-jpl-test-contentbucket-hratibh1y9pa.s3.us-west-2.amazonaws.com/d8a7dfef-997c-4198-9af0-4866d1a0ebae/OPERA_L3_DIST-ALERT-S1_T36UYA_20220620T033923Z_20260309T202036Z_S1A_30_v0.1.zip,https://hyp3-tibet-jpl-test-contentbucket-hratibh1y9pa.s3.us-west-2.amazonaws.com/d8a7dfef-997c-4198-9af0-4866d1a0ebae/OPERA_L3_DIST-ALERT-S1_T36UYA_20220620T033923Z_20260309T202036Z_S1A_30_v0.1,s3://hyp3-tibet-jpl-test-contentbucket-hratibh1y9pa/d8a7dfef-997c-4198-9af0-4866d1a0ebae/OPERA_L3_DIST-ALERT-S1_T36UYA_20220620T033923Z_20260309T202036Z_S1A_30_v0.1,https://hyp3-tibet-jpl-test-contentbucket-hratibh1y9pa.s3.us-west-2.amazonaws.com/d8a7dfef-997c-4198-9af0-4866d1a0ebae/OPERA_L3_DIST-ALERT-S1_T36UYA_20220620T033923Z_20260309T202036Z_S1A_30_v0.1/OPERA_L3_DIST-ALERT-S1_T36UYA_20220620T033923Z_20260309T202036Z_S1A_30_v0.1_BROWSE.png,2026-03-09T20:07:28+00:00,592.113,4.5,36UYA,1,7,4,none,False,transformer_optimized,high,32,-1,2022-06-20,94,2.5,4,best,none,False
211,Ukraine_War_36UYA,https://hyp3-tibet-jpl-test-contentbucket-hratibh1y9pa.s3.us-west-2.amazonaws.com/8250a4bc-0c73-4513-bbfe-15ed38f54d6d/OPERA_L3_DIST-ALERT-S1_T36UYA_20230113T151323Z_20260309T201219Z_S1A_30_v0.1.zip,https://hyp3-tibet-jpl-test-contentbucket-hratibh1y9pa.s3.us-west-2.amazonaws.com/8250a4bc-0c73-4513-bbfe-15ed38f54d6d/OPERA_L3_DIST-ALERT-S1_T36UYA_20230113T151323Z_20260309T201219Z_S1A_30_v0.1,s3://hyp3-tibet-jpl-test-contentbucket-hratibh1y9pa/8250a4bc-0c73-4513-bbfe-15ed38f54d6d/OPERA_L3_DIST-ALERT-S1_T36UYA_20230113T151323Z_20260309T201219Z_S1A_30_v0.1,https://hyp3-tibet-jpl-test-contentbucket-hratibh1y9pa.s3.us-west-2.amazonaws.com/8250a4bc-0c73-4513-bbfe-15ed38f54d6d/OPERA_L3_DIST-ALERT-S1_T36UYA_20230113T151323Z_20260309T201219Z_S1A_30_v0.1/OPERA_L3_DIST-ALERT-S1_T36UYA_20230113T151323Z_20260309T201219Z_S1A_30_v0.1_BROWSE.png,2026-03-09T20:07:28+00:00,82.924,4.5,36UYA,1,7,4,none,False,transformer_optimized,high,32,-1,2023-01-13,145,2.5,4,best,none,False
212,Ukraine_War_36UYA,https://hyp3-tibet-jpl-test-contentbucket-hratibh1y9pa.s3.us-west-2.amazonaws.com/0a4efaae-9752-4f4d-adc8-9db3941dacd6/OPERA_L3_DIST-ALERT-S1_T36UYA_20220922T035550Z_20260309T201817Z_S1A_30_v0.1.zip,https://hyp3-tibet-jpl-test-contentbucket-hratibh1y9pa.s3.us-west-2.amazonaws.com/0a4efaae-9752-4f4d-adc8-9db3941dacd6/OPERA_L3_DIST-ALERT-S1_T36UYA_20220922T035550Z_20260309T201817Z_S1A_30_v0.1,s3://hyp3-tibet-jpl-test-contentbucket-hratibh1y9pa/0a4efaae-9752-4f4d-adc8-9db3941dacd6/OPERA_L3_DIST-ALERT-S1_T36UYA_20220922T035550Z_20260309T201817Z_S1A_30_v0.1,https://hyp3-tibet-jpl-test-contentbucket-hratibh1y9pa.s3.us-west-2.amazonaws.com/0a4efaae-9752-4f4d-adc8-9db3941dacd6/OPERA_L3_DIST-ALERT-S1_T36UYA_20220922T035550Z_20260309T201817Z_S1A_30_v0.1/OPERA_L3_DIST-ALERT-S1_T36UYA_20220922T035550Z_20260309T201817Z_S1A_30_v0.1_BROWSE.png,2026-03-09T20:07:28+00:00,441.703,4.5,36UYA,1,7,4,none,False,transformer_optimized,high,32,-1,2022-09-22,65,2.5,4,best,none,False
213,Ukraine_War_36UYA,https://hyp3-tibet-jpl-test-contentbucket-hratibh1y9pa.s3.us-west-2.amazonaws.com/f15c8ae7-1eea-47fe-bbc7-2927402ee8d7/OPERA_L3_DIST-ALERT-S1_T36UYA_20230628T152936Z_20260309T202032Z_S1A_30_v0.1.zip,https://hyp3-tibet-jpl-test-contentbucket-hratibh1y9pa.s3.us-west-2.amazonaws.com/f15c8ae7-1eea-47fe-bbc7-2927402ee8d7/OPERA_L3_DIST-ALERT-S1_T36UYA_20230628T152936Z_20260309T202032Z_S1A_30_v0.1,s3://hyp3-tibet-jpl-test-contentbucket-hratibh1y9pa/f15c8ae7-1eea-47fe-bbc7-2927402ee8d7/OPERA_L3_DIST-ALERT-S1_T36UYA_20230628T152936Z_20260309T202032Z_S1A_30_v0.1,https://hyp3-tibet-jpl-test-contentbucket-hratibh1y9pa.s3.us-west-2.amazonaws.com/f15c8ae7-1eea-47fe-bbc7-2927402ee8d7/OPERA_L3_DIST-ALERT-S1_T36UYA_20230628T152936Z_20260309T202032Z_S1A_30_v0.1/OPERA_L3_DIST-ALERT-S1_T36UYA_20230628T152936Z_20260309T202032Z_S1A_30_v0.1_BROWSE.png,2026-03-09T20:07:28+00:00,589.978,4.5,36UYA,1,7,4,none,False,transformer_optimized,high,32,-1,2023-06-28,116,2.5,4,best,none,False
214,Ukraine_War_36UYA,https://hyp3-tibet-jpl-test-contentbucket-hratibh1y9pa.s3.us-west-2.amazonaws.com/39c3af48-79b4-47aa-81ba-1816e5026c5d/OPERA_L3_DIST-ALERT-S1_T36UYA_20220715T152932Z_20260309T202515Z_S1A_30_v0.1.zip,https://hyp3-tibet-jpl-test-contentbucket-hratibh1y9pa.s3.us-west-2.amazonaws.com/39c3af48-79b4-47aa-81ba-1816e5026c5d/OPERA_L3_DIST-ALERT-S1_T36UYA_20220715T152932Z_20260309T202515Z_S1A_30_v0.1,s3://hyp3-tibet-jpl-test-contentbucket-hratibh1y9pa/39c3af48-79b4-47aa-81ba-1816e5026c5d/OPERA_L3_DIST-ALERT-S1_T36UYA_20220715T152932Z_20260309T202515Z_S1A_30_v0.1,https://hyp3-tibet-jpl-test-contentbucket-hratibh1y9pa.s3.us-west-2.amazonaws.com/39c3af48-79b4-47aa-81ba-1816e5026c5d/OPERA_L3_DIST-ALERT-S1_T36UYA_20220715T152932Z_20260309T202515Z_S1A_30_v0.1/OPERA_L3_DIST-ALERT-S1_T36UYA_20220715T152932Z_20260309T202515Z_S1A_30_v0.1_BROWSE.png,2026-03-09T20:07:28+00:00,873.899,4.5,36UYA,1,7,4,none,False,transformer_optimized,high,32,-1,2022-07-15,116,2.5,4,best,none,False
215,Ukraine_War_36UYA,https://hyp3-tibet-jpl-test-contentbucket-hratibh1y9pa.s3.us-west-2.amazonaws.com/f1e4047b-c305-4d1a-beba-a0821955ab3f/OPERA_L3_DIST-ALERT-S1_T36UYA_20230520T035549Z_20260309T201940Z_S1A_30_v0.1.zip,https://hyp3-tibet-jpl-test-contentbucket-hratibh1y9pa.s3.us-west-2.amazonaws.com/f1e4047b-c305-4d1a-beba-a0821955ab3f/OPERA_L3_DIST-ALERT-S1_T36UYA_20230520T035549Z_20260309T201940Z_S1A_30_v0.1,s3://hyp3-tibet-jpl-test-contentbucket-hratibh1y9pa/f1e4047b-c305-4d1a-beba-a0821955ab3f/OPERA_L3_DIST-ALERT-S1_T36UYA_20230520T035549Z_20260309T201940Z_S1A_30_v0.1,https://hyp3-tibet-jpl-test-contentbucket-hratibh1y9pa.s3.us-west-2.amazonaws.com/f1e4047b-c305-4d1a-beba-a0821955ab3f/OPERA_L3_DIST-ALERT-S1_T36UYA_20230520T035549Z_20260309T201940Z_S1A_30_v0.1/OPERA_L3_DIST-ALERT-S1_T36UYA_20230520T035549Z_20260309T201940Z_S1A_30_v0.1_BROWSE.png,2026-03-09T20:07:28+00:00,530.703,4.5,36UYA,1,7,4,none,False,transformer_optimized,high,32,-1,2023-05-20,65,2.5,4,best,none,False
216,Ukraine_War_36UYA,https://hyp3-tibet-jpl-test-contentbucket-hratibh1y9pa.s3.us-west-2.amazonaws.com/15cd7f8f-e514-4b45-918c-4903da9db1a9/OPERA_L3_DIST-ALERT-S1_T36UYA_20221126T151326Z_20260309T201228Z_S1A_30_v0.1.zip,https://hyp3-tibet-jpl-test-contentbucket-hratibh1y9pa.s3.us-west-2.amazonaws.com/15cd7f8f-e514-4b45-918c-4903da9db1a9/OPERA_L3_DIST-ALERT-S1_T36UYA_20221126T151326Z_20260309T201228Z_S1A_30_v0.1,s3://hyp3-tibet-jpl-test-contentbucket-hratibh1y9pa/15cd7f8f-e514-4b45-918c-4903da9db1a9/OPERA_L3_DIST-ALERT-S1_T36UYA_20221126T151326Z_20260309T201228Z_S1A_30_v0.1,https://hyp3-tibet-jpl-test-contentbucket-hratibh1y9pa.s3.us-west-2.amazonaws.com/15cd7f8f-e514-4b45-918c-4903da9db1a9/OPERA_L3_DIST-ALERT-S1_T36UYA_20221126T151326Z_20260309T201228Z_S1A_30_v0.1/OPERA_L3_DIST-ALERT-S1_T36UYA_20221126T151326Z_20260309T201228Z_S1A_30_v0.1_BROWSE.png,2026-03-09T20:07:28+00:00,97.525,4.5,36UYA,1,7,4,none,False,transformer_optimized,high,32,-1,2022-11-26,145,2.5,4,best,none,False
217,Ukraine_War_36UYA,https://hyp3-tibet-jpl-test-contentbucket-hratibh1y9pa.s3.us-west-2.amazonaws.com/c4068327-1089-45b7-beee-a720204619a9/OPERA_L3_DIST-ALERT-S1_T36UYA_20230201T035547Z_20260309T202156Z_S1A_30_v0.1.zip,https://hyp3-tibet-jpl-test-contentbucket-hratibh1y9pa.s3.us-west-2.amazonaws.com/c4068327-1089-45b7-beee-a720204619a9/OPERA_L3_DIST-ALERT-S1_T36UYA_20230201T035547Z_20260309T202156Z_S1A_30_v0.1,s3://hyp3-tibet-jpl-test-contentbucket-hratibh1y9pa/c4068327-1089-45b7-beee-a720204619a9/OPERA_L3_DIST-ALERT-S1_T36UYA_20230201T035547Z_20260309T202156Z_S1A_30_v0.1,https://hyp3-tibet-jpl-test-contentbucket-hratibh1y9pa.s3.us-west-2.amazonaws.com/c4068327-1089-45b7-beee-a720204619a9/OPERA_L3_DIST-ALERT-S1_T36UYA_20230201T035547Z_20260309T202156Z_S1A_30_v0.1/OPERA_L3_DIST-ALERT-S1_T36UYA_20230201T035547Z_20260309T202156Z_S1A_30_v0.1_BROWSE.png,2026-03-09T20:07:28+00:00,670.115,4.5,36UYA,1,7,4,none,False,transformer_optimized,high,32,-1,2023-02-01,65,2.5,4,best,none,False
218,Ukraine_War_36UYA,https://hyp3-tibet-jpl-test-contentbucket-hratibh1y9pa.s3.us-west-2.amazonaws.com/8af744cb-5f1a-4de4-b535-70b97b5b0b24/OPERA_L3_DIST-ALERT-S1_T36UYA_20230302T151322Z_20260309T201206Z_S1A_30_v0.1.zip,https://hyp3-tibet-jpl-test-contentbucket-hratibh1y9pa.s3.us-west-2.amazonaws.com/8af744cb-5f1a-4de4-b535-70b97b5b0b24/OPERA_L3_DIST-ALERT-S1_T36UYA_20230302T151322Z_20260309T201206Z_S1A_30_v0.1,s3://hyp3-tibet-jpl-test-contentbucket-hratibh1y9pa/8af744cb-5f1a-4de4-b535-70b97b5b0b24/OPERA_L3_DIST-ALERT-S1_T36UYA_20230302T151322Z_20260309T201206Z_S1A_30_v0.1,https://hyp3-tibet-jpl-test-contentbucket-hratibh1y9pa.s3.us-west-2.amazonaws.com/8af744cb-5f1a-4de4-b535-70b97b5b0b24/OPERA_L3_DIST-ALERT-S1_T36UYA_20230302T151322Z_20260309T201206Z_S1A_30_v0.1/OPERA_L3_DIST-ALERT-S1_T36UYA_20230302T151322Z_20260309T201206Z_S1A_30_v0.1_BROWSE.png,2026-03-09T20:07:28+00:00,78.778,4.5,36UYA,1,7,4,none,False,transformer_optimized,high,32,-1,2023-03-02,145,2.5,4,best,none,False
219,Ukraine_War_36UYA,https://hyp3-tibet-jpl-test-contentbucket-hratibh1y9pa.s3.us-west-2.amazonaws.com/e1fba780-c786-4a1d-a760-77d552b9c153/OPERA_L3_DIST-ALERT-S1_T36UYA_20230110T033925Z_20260309T201859Z_S1A_30_v0.1.zip,https://hyp3-tibet-jpl-test-contentbucket-hratibh1y9pa.s3.us-west-2.amazonaws.com/e1fba780-c786-4a1d-a760-77d552b9c153/OPERA_L3_DIST-ALERT-S1_T36UYA_20230110T033925Z_20260309T201859Z_S1A_30_v0.1,s3://hyp3-tibet-jpl-test-contentbucket-hratibh1y9pa/e1fba780-c786-4a1d-a760-77d552b9c153/OPERA_L3_DIST-ALERT-S1_T36UYA_20230110T033925Z_20260309T201859Z_S1A_30_v0.1,https://hyp3-tibet-jpl-test-contentbucket-hratibh1y9pa.s3.us-west-2.amazonaws.com/e1fba780-c786-4a1d-a760-77d552b9c153/OPERA_L3_DIST-ALERT-S1_T36UYA_20230110T033925Z_20260309T201859Z_S1A_30_v0.1/OPERA_L3_DIST-ALERT-S1_T36UYA_20230110T033925Z_20260309T201859Z_S1A_30_v0.1_BROWSE.png,2026-03-09T20:07:28+00:00,489.216,4.5,36UYA,1,7,4,none,False,transformer_optimized,high,32,-1,2023-01-10,94,2.5,4,best,none,False
220,Ukraine_War_36UYA,https://hyp3-tibet-jpl-test-contentbucket-hratibh1y9pa.s3.us-west-2.amazonaws.com/b14b07be-a848-44f1-b006-9ef7fb071881/OPERA_L3_DIST-ALERT-S1_T36UYA_20221205T033928Z_20260309T201943Z_S1A_30_v0.1.zip,https://hyp3-tibet-jpl-test-contentbucket-hratibh1y9pa.s3.us-west-2.amazonaws.com/b14b07be-a848-44f1-b006-9ef7fb071881/OPERA_L3_DIST-ALERT-S1_T36UYA_20221205T033928Z_20260309T201943Z_S1A_30_v0.1,s3://hyp3-tibet-jpl-test-contentbucket-hratibh1y9pa/b14b07be-a848-44f1-b006-9ef7fb071881/OPERA_L3_DIST-ALERT-S1_T36UYA_20221205T033928Z_20260309T201943Z_S1A_30_v0.1,https://hyp3-tibet-jpl-test-contentbucket-hratibh1y9pa.s3.us-west-2.amazonaws.com/b14b07be-a848-44f1-b006-9ef7fb071881/OPERA_L3_DIST-ALERT-S1_T36UYA_20221205T033928Z_20260309T201943Z_S1A_30_v0.1/OPERA_L3_DIST-ALERT-S1_T36UYA_20221205T033928Z_20260309T201943Z_S1A_30_v0.1_BROWSE.png,2026-03-09T20:07:28+00:00,545.774,4.5,36UYA,1,7,4,none,False,transformer_optimized,high,32,-1,2022-12-05,94,2.5,4,best,none,False
221,Ukraine_War_36UYA,https://hyp3-tibet-jpl-test-contentbucket-hratibh1y9pa.s3.us-west-2.amazonaws.com/5a33a2bb-cd4e-4a56-92ee-f8ddf919dba6/OPERA_L3_DIST-ALERT-S1_T36UYA_20220304T033918Z_20260309T201944Z_S1A_30_v0.1.zip,https://hyp3-tibet-jpl-test-contentbucket-hratibh1y9pa.s3.us-west-2.amazonaws.com/5a33a2bb-cd4e-4a56-92ee-f8ddf919dba6/OPERA_L3_DIST-ALERT-S1_T36UYA_20220304T033918Z_20260309T201944Z_S1A_30_v0.1,s3://hyp3-tibet-jpl-test-contentbucket-hratibh1y9pa/5a33a2bb-cd4e-4a56-92ee-f8ddf919dba6/OPERA_L3_DIST-ALERT-S1_T36UYA_20220304T033918Z_20260309T201944Z_S1A_30_v0.1,https://hyp3-tibet-jpl-test-contentbucket-hratibh1y9pa.s3.us-west-2.amazonaws.com/5a33a2bb-cd4e-4a56-92ee-f8ddf919dba6/OPERA_L3_DIST-ALERT-S1_T36UYA_20220304T033918Z_20260309T201944Z_S1A_30_v0.1/OPERA_L3_DIST-ALERT-S1_T36UYA_20220304T033918Z_20260309T201944Z_S1A_30_v0.1_BROWSE.png,2026-03-09T20:07:28+00:00,541.819,4.5,36UYA,1,7,4,none,False,transformer_optimized,high,32,-1,2022-03-04,94,2.5,4,best,none,False
222,Ukraine_War_36UYA,https://hyp3-tibet-jpl-test-contentbucket-hratibh1y9pa.s3.us-west-2.amazonaws.com/52e0ac4c-e58b-4315-b890-aa485886bd91/OPERA_L3_DIST-ALERT-S1_T36UYA_20230120T035547Z_20260309T201812Z_S1A_30_v0.1.zip,https://hyp3-tibet-jpl-test-contentbucket-hratibh1y9pa.s3.us-west-2.amazonaws.com/52e0ac4c-e58b-4315-b890-aa485886bd91/OPERA_L3_DIST-ALERT-S1_T36UYA_20230120T035547Z_20260309T201812Z_S1A_30_v0.1,s3://hyp3-tibet-jpl-test-contentbucket-hratibh1y9pa/52e0ac4c-e58b-4315-b890-aa485886bd91/OPERA_L3_DIST-ALERT-S1_T36UYA_20230120T035547Z_20260309T201812Z_S1A_30_v0.1,https://hyp3-tibet-jpl-test-contentbucket-hratibh1y9pa.s3.us-west-2.amazonaws.com/52e0ac4c-e58b-4315-b890-aa485886bd91/OPERA_L3_DIST-ALERT-S1_T36UYA_20230120T035547Z_20260309T201812Z_S1A_30_v0.1/OPERA_L3_DIST-ALERT-S1_T36UYA_20230120T035547Z_20260309T201812Z_S1A_30_v0.1_BROWSE.png,2026-03-09T20:07:28+00:00,440.397,4.5,36UYA,1,7,4,none,False,transformer_optimized,high,32,-1,2023-01-20,65,2.5,4,best,none,False
223,Ukraine_War_36UYA,https://hyp3-tibet-jpl-test-contentbucket-hratibh1y9pa.s3.us-west-2.amazonaws.com/0237eb95-7721-46ce-9d89-d7997089fe9a/OPERA_L3_DIST-ALERT-S1_T36UYA_20230604T152935Z_20260309T202219Z_S1A_30_v0.1.zip,https://hyp3-tibet-jpl-test-contentbucket-hratibh1y9pa.s3.us-west-2.amazonaws.com/0237eb95-7721-46ce-9d89-d7997089fe9a/OPERA_L3_DIST-ALERT-S1_T36UYA_20230604T152935Z_20260309T202219Z_S1A_30_v0.1,s3://hyp3-tibet-jpl-test-contentbucket-hratibh1y9pa/0237eb95-7721-46ce-9d89-d7997089fe9a/OPERA_L3_DIST-ALERT-S1_T36UYA_20230604T152935Z_20260309T202219Z_S1A_30_v0.1,https://hyp3-tibet-jpl-test-contentbucket-hratibh1y9pa.s3.us-west-2.amazonaws.com/0237eb95-7721-46ce-9d89-d7997089fe9a/OPERA_L3_DIST-ALERT-S1_T36UYA_20230604T152935Z_20260309T202219Z_S1A_30_v0.1/OPERA_L3_DIST-ALERT-S1_T36UYA_20230604T152935Z_20260309T202219Z_S1A_30_v0.1_BROWSE.png,2026-03-09T20:07:28+00:00,699.427,4.5,36UYA,1,7,4,none,False,transformer_optimized,high,32,-1,2023-06-04,116,2.5,4,best,none,False
224,Ukraine_War_36UYA,https://hyp3-tibet-jpl-test-contentbucket-hratibh1y9pa.s3.us-west-2.amazonaws.com/3e3a8d68-abe7-4d32-892f-377fbf5ccfa0/OPERA_L3_DIST-ALERT-S1_T36UYA_20221119T152126Z_20260309T202300Z_S1A_30_v0.1.zip,https://hyp3-tibet-jpl-test-contentbucket-hratibh1y9pa.s3.us-west-2.amazonaws.com/3e3a8d68-abe7-4d32-892f-377fbf5ccfa0/OPERA_L3_DIST-ALERT-S1_T36UYA_20221119T152126Z_20260309T202300Z_S1A_30_v0.1,s3://hyp3-tibet-jpl-test-contentbucket-hratibh1y9pa/3e3a8d68-abe7-4d32-892f-377fbf5ccfa0/OPERA_L3_DIST-ALERT-S1_T36UYA_20221119T152126Z_20260309T202300Z_S1A_30_v0.1,https://hyp3-tibet-jpl-test-contentbucket-hratibh1y9pa.s3.us-west-2.amazonaws.com/3e3a8d68-abe7-4d32-892f-377fbf5ccfa0/OPERA_L3_DIST-ALERT-S1_T36UYA_20221119T152126Z_20260309T202300Z_S1A_30_v0.1/OPERA_L3_DIST-ALERT-S1_T36UYA_20221119T152126Z_20260309T202300Z_S1A_30_v0.1_BROWSE.png,2026-03-09T20:07:28+00:00,739.755,4.5,36UYA,1,7,4,none,False,transformer_optimized,high,32,-1,2022-11-19,43,2.5,4,best,none,False
225,Ukraine_War_36UYA,https://hyp3-tibet-jpl-test-contentbucket-hratibh1y9pa.s3.us-west-2.amazonaws.com/85687ec8-a62f-488a-ad3e-69d7943c0964/OPERA_L3_DIST-ALERT-S1_T36UYA_20230311T033924Z_20260309T202029Z_S1A_30_v0.1.zip,https://hyp3-tibet-jpl-test-contentbucket-hratibh1y9pa.s3.us-west-2.amazonaws.com/85687ec8-a62f-488a-ad3e-69d7943c0964/OPERA_L3_DIST-ALERT-S1_T36UYA_20230311T033924Z_20260309T202029Z_S1A_30_v0.1,s3://hyp3-tibet-jpl-test-contentbucket-hratibh1y9pa/85687ec8-a62f-488a-ad3e-69d7943c0964/OPERA_L3_DIST-ALERT-S1_T36UYA_20230311T033924Z_20260309T202029Z_S1A_30_v0.1,https://hyp3-tibet-jpl-test-contentbucket-hratibh1y9pa.s3.us-west-2.amazonaws.com/85687ec8-a62f-488a-ad3e-69d7943c0964/OPERA_L3_DIST-ALERT-S1_T36UYA_20230311T033924Z_20260309T202029Z_S1A_30_v0.1/OPERA_L3_DIST-ALERT-S1_T36UYA_20230311T033924Z_20260309T202029Z_S1A_30_v0.1_BROWSE.png,2026-03-09T20:07:28+00:00,588.89,4.5,36UYA,1,7,4,none,False,transformer_optimized,high,32,-1,2023-03-11,94,2.5,4,best,none,False
226,Ukraine_War_36UYA,https://hyp3-tibet-jpl-test-contentbucket-hratibh1y9pa.s3.us-west-2.amazonaws.com/348e0666-46d3-4757-81a2-5a3db928224e/OPERA_L3_DIST-ALERT-S1_T36UYA_20230426T035548Z_20260309T202153Z_S1A_30_v0.1.zip,https://hyp3-tibet-jpl-test-contentbucket-hratibh1y9pa.s3.us-west-2.amazonaws.com/348e0666-46d3-4757-81a2-5a3db928224e/OPERA_L3_DIST-ALERT-S1_T36UYA_20230426T035548Z_20260309T202153Z_S1A_30_v0.1,s3://hyp3-tibet-jpl-test-contentbucket-hratibh1y9pa/348e0666-46d3-4757-81a2-5a3db928224e/OPERA_L3_DIST-ALERT-S1_T36UYA_20230426T035548Z_20260309T202153Z_S1A_30_v0.1,https://hyp3-tibet-jpl-test-contentbucket-hratibh1y9pa.s3.us-west-2.amazonaws.com/348e0666-46d3-4757-81a2-5a3db928224e/OPERA_L3_DIST-ALERT-S1_T36UYA_20230426T035548Z_20260309T202153Z_S1A_30_v0.1/OPERA_L3_DIST-ALERT-S1_T36UYA_20230426T035548Z_20260309T202153Z_S1A_30_v0.1_BROWSE.png,2026-03-09T20:07:28+00:00,667.275,4.5,36UYA,1,7,4,none,False,transformer_optimized,high,32,-1,2023-04-26,65,2.5,4,best,none,False
227,Ukraine_War_36UYA,https://hyp3-tibet-jpl-test-contentbucket-hratibh1y9pa.s3.us-west-2.amazonaws.com/ece37ac2-a233-4cae-b0f2-684ca163d879/OPERA_L3_DIST-ALERT-S1_T36UYA_20230428T033926Z_20260309T201851Z_S1A_30_v0.1.zip,https://hyp3-tibet-jpl-test-contentbucket-hratibh1y9pa.s3.us-west-2.amazonaws.com/ece37ac2-a233-4cae-b0f2-684ca163d879/OPERA_L3_DIST-ALERT-S1_T36UYA_20230428T033926Z_20260309T201851Z_S1A_30_v0.1,s3://hyp3-tibet-jpl-test-contentbucket-hratibh1y9pa/ece37ac2-a233-4cae-b0f2-684ca163d879/OPERA_L3_DIST-ALERT-S1_T36UYA_20230428T033926Z_20260309T201851Z_S1A_30_v0.1,https://hyp3-tibet-jpl-test-contentbucket-hratibh1y9pa.s3.us-west-2.amazonaws.com/ece37ac2-a233-4cae-b0f2-684ca163d879/OPERA_L3_DIST-ALERT-S1_T36UYA_20230428T033926Z_20260309T201851Z_S1A_30_v0.1/OPERA_L3_DIST-ALERT-S1_T36UYA_20230428T033926Z_20260309T201851Z_S1A_30_v0.1_BROWSE.png,2026-03-09T20:07:28+00:00,494.298,4.5,36UYA,1,7,4,none,False,transformer_optimized,high,32,-1,2023-04-28,94,2.5,4,best,none,False
228,Ukraine_War_36UYA,https://hyp3-tibet-jpl-test-contentbucket-hratibh1y9pa.s3.us-west-2.amazonaws.com/192d38f6-5e45-40ba-9c3d-57e74961f994/OPERA_L3_DIST-ALERT-S1_T36UYA_20230506T152124Z_20260309T202555Z_S1A_30_v0.1.zip,https://hyp3-tibet-jpl-test-contentbucket-hratibh1y9pa.s3.us-west-2.amazonaws.com/192d38f6-5e45-40ba-9c3d-57e74961f994/OPERA_L3_DIST-ALERT-S1_T36UYA_20230506T152124Z_20260309T202555Z_S1A_30_v0.1,s3://hyp3-tibet-jpl-test-contentbucket-hratibh1y9pa/192d38f6-5e45-40ba-9c3d-57e74961f994/OPERA_L3_DIST-ALERT-S1_T36UYA_20230506T152124Z_20260309T202555Z_S1A_30_v0.1,https://hyp3-tibet-jpl-test-contentbucket-hratibh1y9pa.s3.us-west-2.amazonaws.com/192d38f6-5e45-40ba-9c3d-57e74961f994/OPERA_L3_DIST-ALERT-S1_T36UYA_20230506T152124Z_20260309T202555Z_S1A_30_v0.1/OPERA_L3_DIST-ALERT-S1_T36UYA_20230506T152124Z_20260309T202555Z_S1A_30_v0.1_BROWSE.png,2026-03-09T20:07:28+00:00,916.779,4.5,36UYA,1,7,4,none,False,transformer_optimized,high,32,-1,2023-05-06,43,2.5,4,best,none,False
229,Ukraine_War_36UYA,https://hyp3-tibet-jpl-test-contentbucket-hratibh1y9pa.s3.us-west-2.amazonaws.com/8fc0aad0-71a3-4201-a812-e5318eb14a87/OPERA_L3_DIST-ALERT-S1_T36UYA_20221227T035549Z_20260309T201923Z_S1A_30_v0.1.zip,https://hyp3-tibet-jpl-test-contentbucket-hratibh1y9pa.s3.us-west-2.amazonaws.com/8fc0aad0-71a3-4201-a812-e5318eb14a87/OPERA_L3_DIST-ALERT-S1_T36UYA_20221227T035549Z_20260309T201923Z_S1A_30_v0.1,s3://hyp3-tibet-jpl-test-contentbucket-hratibh1y9pa/8fc0aad0-71a3-4201-a812-e5318eb14a87/OPERA_L3_DIST-ALERT-S1_T36UYA_20221227T035549Z_20260309T201923Z_S1A_30_v0.1,https://hyp3-tibet-jpl-test-contentbucket-hratibh1y9pa.s3.us-west-2.amazonaws.com/8fc0aad0-71a3-4201-a812-e5318eb14a87/OPERA_L3_DIST-ALERT-S1_T36UYA_20221227T035549Z_20260309T201923Z_S1A_30_v0.1/OPERA_L3_DIST-ALERT-S1_T36UYA_20221227T035549Z_20260309T201923Z_S1A_30_v0.1_BROWSE.png,2026-03-09T20:07:28+00:00,520.472,4.5,36UYA,1,7,4,none,False,transformer_optimized,high,32,-1,2022-12-27,65,2.5,4,best,none,False
230,Ukraine_War_36UYA,https://hyp3-tibet-jpl-test-contentbucket-hratibh1y9pa.s3.us-west-2.amazonaws.com/85d3aaf8-19fe-4992-b8f5-0c43c3a7a879/OPERA_L3_DIST-ALERT-S1_T36UYA_20220727T152933Z_20260309T202652Z_S1A_30_v0.1.zip,https://hyp3-tibet-jpl-test-contentbucket-hratibh1y9pa.s3.us-west-2.amazonaws.com/85d3aaf8-19fe-4992-b8f5-0c43c3a7a879/OPERA_L3_DIST-ALERT-S1_T36UYA_20220727T152933Z_20260309T202652Z_S1A_30_v0.1,s3://hyp3-tibet-jpl-test-contentbucket-hratibh1y9pa/85d3aaf8-19fe-4992-b8f5-0c43c3a7a879/OPERA_L3_DIST-ALERT-S1_T36UYA_20220727T152933Z_20260309T202652Z_S1A_30_v0.1,https://hyp3-tibet-jpl-test-contentbucket-hratibh1y9pa.s3.us-west-2.amazonaws.com/85d3aaf8-19fe-4992-b8f5-0c43c3a7a879/OPERA_L3_DIST-ALERT-S1_T36UYA_20220727T152933Z_20260309T202652Z_S1A_30_v0.1/OPERA_L3_DIST-ALERT-S1_T36UYA_20220727T152933Z_20260309T202652Z_S1A_30_v0.1_BROWSE.png,2026-03-09T20:07:28+00:00,983.262,4.5,36UYA,1,7,4,none,False,transformer_optimized,high,32,-1,2022-07-27,116,2.5,4,best,none,False
231,Ukraine_War_36UYA,https://hyp3-tibet-jpl-test-contentbucket-hratibh1y9pa.s3.us-west-2.amazonaws.com/4fc823a1-b5ac-4531-9810-ba6317f5355c/OPERA_L3_DIST-ALERT-S1_T36UYA_20220228T152116Z_20260309T202525Z_S1A_30_v0.1.zip,https://hyp3-tibet-jpl-test-contentbucket-hratibh1y9pa.s3.us-west-2.amazonaws.com/4fc823a1-b5ac-4531-9810-ba6317f5355c/OPERA_L3_DIST-ALERT-S1_T36UYA_20220228T152116Z_20260309T202525Z_S1A_30_v0.1,s3://hyp3-tibet-jpl-test-contentbucket-hratibh1y9pa/4fc823a1-b5ac-4531-9810-ba6317f5355c/OPERA_L3_DIST-ALERT-S1_T36UYA_20220228T152116Z_20260309T202525Z_S1A_30_v0.1,https://hyp3-tibet-jpl-test-contentbucket-hratibh1y9pa.s3.us-west-2.amazonaws.com/4fc823a1-b5ac-4531-9810-ba6317f5355c/OPERA_L3_DIST-ALERT-S1_T36UYA_20220228T152116Z_20260309T202525Z_S1A_30_v0.1/OPERA_L3_DIST-ALERT-S1_T36UYA_20220228T152116Z_20260309T202525Z_S1A_30_v0.1_BROWSE.png,2026-03-09T20:07:28+00:00,896.462,4.5,36UYA,1,7,4,none,False,transformer_optimized,high,32,-1,2022-02-28,43,2.5,4,best,none,False
232,Ukraine_War_36UYA,https://hyp3-tibet-jpl-test-contentbucket-hratibh1y9pa.s3.us-west-2.amazonaws.com/0450c19c-d959-419f-aea8-5f582ca1a8dd/OPERA_L3_DIST-ALERT-S1_T36UYA_20230510T033926Z_20260309T201647Z_S1A_30_v0.1.zip,https://hyp3-tibet-jpl-test-contentbucket-hratibh1y9pa.s3.us-west-2.amazonaws.com/0450c19c-d959-419f-aea8-5f582ca1a8dd/OPERA_L3_DIST-ALERT-S1_T36UYA_20230510T033926Z_20260309T201647Z_S1A_30_v0.1,s3://hyp3-tibet-jpl-test-contentbucket-hratibh1y9pa/0450c19c-d959-419f-aea8-5f582ca1a8dd/OPERA_L3_DIST-ALERT-S1_T36UYA_20230510T033926Z_20260309T201647Z_S1A_30_v0.1,https://hyp3-tibet-jpl-test-contentbucket-hratibh1y9pa.s3.us-west-2.amazonaws.com/0450c19c-d959-419f-aea8-5f582ca1a8dd/OPERA_L3_DIST-ALERT-S1_T36UYA_20230510T033926Z_20260309T201647Z_S1A_30_v0.1/OPERA_L3_DIST-ALERT-S1_T36UYA_20230510T033926Z_20260309T201647Z_S1A_30_v0.1_BROWSE.png,2026-03-09T20:07:28+00:00,361.247,4.5,36UYA,1,7,4,none,False,transformer_optimized,high,32,-1,2023-05-10,94,2.5,4,best,none,False
233,Ukraine_War_36UYA,https://hyp3-tibet-jpl-test-contentbucket-hratibh1y9pa.s3.us-west-2.amazonaws.com/5373437b-f69f-4e82-b392-4dab74fabe7a/OPERA_L3_DIST-ALERT-S1_T36UYA_20221121T035551Z_20260309T201837Z_S1A_30_v0.1.zip,https://hyp3-tibet-jpl-test-contentbucket-hratibh1y9pa.s3.us-west-2.amazonaws.com/5373437b-f69f-4e82-b392-4dab74fabe7a/OPERA_L3_DIST-ALERT-S1_T36UYA_20221121T035551Z_20260309T201837Z_S1A_30_v0.1,s3://hyp3-tibet-jpl-test-contentbucket-hratibh1y9pa/5373437b-f69f-4e82-b392-4dab74fabe7a/OPERA_L3_DIST-ALERT-S1_T36UYA_20221121T035551Z_20260309T201837Z_S1A_30_v0.1,https://hyp3-tibet-jpl-test-contentbucket-hratibh1y9pa.s3.us-west-2.amazonaws.com/5373437b-f69f-4e82-b392-4dab74fabe7a/OPERA_L3_DIST-ALERT-S1_T36UYA_20221121T035551Z_20260309T201837Z_S1A_30_v0.1/OPERA_L3_DIST-ALERT-S1_T36UYA_20221121T035551Z_20260309T201837Z_S1A_30_v0.1_BROWSE.png,2026-03-09T20:07:28+00:00,466.344,4.5,36UYA,1,7,4,none,False,transformer_optimized,high,32,-1,2022-11-21,65,2.5,4,best,none,False
234,Ukraine_War_36UYA,https://hyp3-tibet-jpl-test-contentbucket-hratibh1y9pa.s3.us-west-2.amazonaws.com/a48ca586-73c6-436b-be4a-c58783615dc7/OPERA_L3_DIST-ALERT-S1_T36UYA_20220703T152932Z_20260309T202908Z_S1A_30_v0.1.zip,https://hyp3-tibet-jpl-test-contentbucket-hratibh1y9pa.s3.us-west-2.amazonaws.com/a48ca586-73c6-436b-be4a-c58783615dc7/OPERA_L3_DIST-ALERT-S1_T36UYA_20220703T152932Z_20260309T202908Z_S1A_30_v0.1,s3://hyp3-tibet-jpl-test-contentbucket-hratibh1y9pa/a48ca586-73c6-436b-be4a-c58783615dc7/OPERA_L3_DIST-ALERT-S1_T36UYA_20220703T152932Z_20260309T202908Z_S1A_30_v0.1,https://hyp3-tibet-jpl-test-contentbucket-hratibh1y9pa.s3.us-west-2.amazonaws.com/a48ca586-73c6-436b-be4a-c58783615dc7/OPERA_L3_DIST-ALERT-S1_T36UYA_20220703T152932Z_20260309T202908Z_S1A_30_v0.1/OPERA_L3_DIST-ALERT-S1_T36UYA_20220703T152932Z_20260309T202908Z_S1A_30_v0.1_BROWSE.png,2026-03-09T20:07:28+00:00,1117.453,4.5,36UYA,1,7,4,none,False,transformer_optimized,high,32,-1,2022-07-03,116,2.5,4,best,none,False
235,Ukraine_War_36UYA,https://hyp3-tibet-jpl-test-contentbucket-hratibh1y9pa.s3.us-west-2.amazonaws.com/f314558f-357a-4bbf-ba69-195e85308624/OPERA_L3_DIST-ALERT-S1_T36UYA_20221208T151325Z_20260309T201209Z_S1A_30_v0.1.zip,https://hyp3-tibet-jpl-test-contentbucket-hratibh1y9pa.s3.us-west-2.amazonaws.com/f314558f-357a-4bbf-ba69-195e85308624/OPERA_L3_DIST-ALERT-S1_T36UYA_20221208T151325Z_20260309T201209Z_S1A_30_v0.1,s3://hyp3-tibet-jpl-test-contentbucket-hratibh1y9pa/f314558f-357a-4bbf-ba69-195e85308624/OPERA_L3_DIST-ALERT-S1_T36UYA_20221208T151325Z_20260309T201209Z_S1A_30_v0.1,https://hyp3-tibet-jpl-test-contentbucket-hratibh1y9pa.s3.us-west-2.amazonaws.com/f314558f-357a-4bbf-ba69-195e85308624/OPERA_L3_DIST-ALERT-S1_T36UYA_20221208T151325Z_20260309T201209Z_S1A_30_v0.1/OPERA_L3_DIST-ALERT-S1_T36UYA_20221208T151325Z_20260309T201209Z_S1A_30_v0.1_BROWSE.png,2026-03-09T20:07:28+00:00,72.41,4.5,36UYA,1,7,4,none,False,transformer_optimized,high,32,-1,2022-12-08,145,2.5,4,best,none,False
236,Ukraine_War_36UYA,https://hyp3-tibet-jpl-test-contentbucket-hratibh1y9pa.s3.us-west-2.amazonaws.com/aa5fd2d9-5ceb-4ddc-9a00-4eb4db56db6a/OPERA_L3_DIST-ALERT-S1_T36UYA_20220329T152926Z_20260309T202608Z_S1A_30_v0.1.zip,https://hyp3-tibet-jpl-test-contentbucket-hratibh1y9pa.s3.us-west-2.amazonaws.com/aa5fd2d9-5ceb-4ddc-9a00-4eb4db56db6a/OPERA_L3_DIST-ALERT-S1_T36UYA_20220329T152926Z_20260309T202608Z_S1A_30_v0.1,s3://hyp3-tibet-jpl-test-contentbucket-hratibh1y9pa/aa5fd2d9-5ceb-4ddc-9a00-4eb4db56db6a/OPERA_L3_DIST-ALERT-S1_T36UYA_20220329T152926Z_20260309T202608Z_S1A_30_v0.1,https://hyp3-tibet-jpl-test-contentbucket-hratibh1y9pa.s3.us-west-2.amazonaws.com/aa5fd2d9-5ceb-4ddc-9a00-4eb4db56db6a/OPERA_L3_DIST-ALERT-S1_T36UYA_20220329T152926Z_20260309T202608Z_S1A_30_v0.1/OPERA_L3_DIST-ALERT-S1_T36UYA_20220329T152926Z_20260309T202608Z_S1A_30_v0.1_BROWSE.png,2026-03-09T20:07:28+00:00,937.552,4.5,36UYA,1,7,4,none,False,transformer_optimized,high,32,-1,2022-03-29,116,2.5,4,best,none,False
237,Ukraine_War_36UYA,https://hyp3-tibet-jpl-test-contentbucket-hratibh1y9pa.s3.us-west-2.amazonaws.com/b5d4df50-5753-4884-98dc-36125bd0959e/OPERA_L3_DIST-ALERT-S1_T36UYA_20220808T152934Z_20260309T202748Z_S1A_30_v0.1.zip,https://hyp3-tibet-jpl-test-contentbucket-hratibh1y9pa.s3.us-west-2.amazonaws.com/b5d4df50-5753-4884-98dc-36125bd0959e/OPERA_L3_DIST-ALERT-S1_T36UYA_20220808T152934Z_20260309T202748Z_S1A_30_v0.1,s3://hyp3-tibet-jpl-test-contentbucket-hratibh1y9pa/b5d4df50-5753-4884-98dc-36125bd0959e/OPERA_L3_DIST-ALERT-S1_T36UYA_20220808T152934Z_20260309T202748Z_S1A_30_v0.1,https://hyp3-tibet-jpl-test-contentbucket-hratibh1y9pa.s3.us-west-2.amazonaws.com/b5d4df50-5753-4884-98dc-36125bd0959e/OPERA_L3_DIST-ALERT-S1_T36UYA_20220808T152934Z_20260309T202748Z_S1A_30_v0.1/OPERA_L3_DIST-ALERT-S1_T36UYA_20220808T152934Z_20260309T202748Z_S1A_30_v0.1_BROWSE.png,2026-03-09T20:07:28+00:00,1030.137,4.5,36UYA,1,7,4,none,False,transformer_optimized,high,32,-1,2022-08-08,116,2.5,4,best,none,False
238,Ukraine_War_36UYA,https://hyp3-tibet-jpl-test-contentbucket-hratibh1y9pa.s3.us-west-2.amazonaws.com/64027d9b-e8a2-4da9-9e6b-68f3c9fcfe84/OPERA_L3_DIST-ALERT-S1_T36UYA_20230314T151322Z_20260309T201205Z_S1A_30_v0.1.zip,https://hyp3-tibet-jpl-test-contentbucket-hratibh1y9pa.s3.us-west-2.amazonaws.com/64027d9b-e8a2-4da9-9e6b-68f3c9fcfe84/OPERA_L3_DIST-ALERT-S1_T36UYA_20230314T151322Z_20260309T201205Z_S1A_30_v0.1,s3://hyp3-tibet-jpl-test-contentbucket-hratibh1y9pa/64027d9b-e8a2-4da9-9e6b-68f3c9fcfe84/OPERA_L3_DIST-ALERT-S1_T36UYA_20230314T151322Z_20260309T201205Z_S1A_30_v0.1,https://hyp3-tibet-jpl-test-contentbucket-hratibh1y9pa.s3.us-west-2.amazonaws.com/64027d9b-e8a2-4da9-9e6b-68f3c9fcfe84/OPERA_L3_DIST-ALERT-S1_T36UYA_20230314T151322Z_20260309T201205Z_S1A_30_v0.1/OPERA_L3_DIST-ALERT-S1_T36UYA_20230314T151322Z_20260309T201205Z_S1A_30_v0.1_BROWSE.png,2026-03-09T20:07:28+00:00,78.336,4.5,36UYA,1,7,4,none,False,transformer_optimized,high,32,-1,2023-03-14,145,2.5,4,best,none,False
239,Ukraine_War_36UYA,https://hyp3-tibet-jpl-test-contentbucket-hratibh1y9pa.s3.us-west-2.amazonaws.com/af85b337-6250-4962-ad39-7bd3122089dc/OPERA_L3_DIST-ALERT-S1_T36UYA_20220618T035546Z_20260309T201818Z_S1A_30_v0.1.zip,https://hyp3-tibet-jpl-test-contentbucket-hratibh1y9pa.s3.us-west-2.amazonaws.com/af85b337-6250-4962-ad39-7bd3122089dc/OPERA_L3_DIST-ALERT-S1_T36UYA_20220618T035546Z_20260309T201818Z_S1A_30_v0.1,s3://hyp3-tibet-jpl-test-contentbucket-hratibh1y9pa/af85b337-6250-4962-ad39-7bd3122089dc/OPERA_L3_DIST-ALERT-S1_T36UYA_20220618T035546Z_20260309T201818Z_S1A_30_v0.1,https://hyp3-tibet-jpl-test-contentbucket-hratibh1y9pa.s3.us-west-2.amazonaws.com/af85b337-6250-4962-ad39-7bd3122089dc/OPERA_L3_DIST-ALERT-S1_T36UYA_20220618T035546Z_20260309T201818Z_S1A_30_v0.1/OPERA_L3_DIST-ALERT-S1_T36UYA_20220618T035546Z_20260309T201818Z_S1A_30_v0.1_BROWSE.png,2026-03-09T20:07:28+00:00,446.277,4.5,36UYA,1,7,4,none,False,transformer_optimized,high,32,-1,2022-06-18,65,2.5,4,best,none,False
240,Ukraine_War_36UYA,https://hyp3-tibet-jpl-test-contentbucket-hratibh1y9pa.s3.us-west-2.amazonaws.com/c774fe80-f53a-4366-a87e-c84e3634a5af/OPERA_L3_DIST-ALERT-S1_T36UYA_20220405T152116Z_20260309T201948Z_S1A_30_v0.1.zip,https://hyp3-tibet-jpl-test-contentbucket-hratibh1y9pa.s3.us-west-2.amazonaws.com/c774fe80-f53a-4366-a87e-c84e3634a5af/OPERA_L3_DIST-ALERT-S1_T36UYA_20220405T152116Z_20260309T201948Z_S1A_30_v0.1,s3://hyp3-tibet-jpl-test-contentbucket-hratibh1y9pa/c774fe80-f53a-4366-a87e-c84e3634a5af/OPERA_L3_DIST-ALERT-S1_T36UYA_20220405T152116Z_20260309T201948Z_S1A_30_v0.1,https://hyp3-tibet-jpl-test-contentbucket-hratibh1y9pa.s3.us-west-2.amazonaws.com/c774fe80-f53a-4366-a87e-c84e3634a5af/OPERA_L3_DIST-ALERT-S1_T36UYA_20220405T152116Z_20260309T201948Z_S1A_30_v0.1/OPERA_L3_DIST-ALERT-S1_T36UYA_20220405T152116Z_20260309T201948Z_S1A_30_v0.1_BROWSE.png,2026-03-09T20:07:28+00:00,563.154,4.5,36UYA,1,7,4,none,False,transformer_optimized,high,32,-1,2022-04-05,43,2.5,4,best,none,False
241,Ukraine_War_36UYA,https://hyp3-tibet-jpl-test-contentbucket-hratibh1y9pa.s3.us-west-2.amazonaws.com/7448dea9-d930-45d7-a20e-c315ebc547a2/OPERA_L3_DIST-ALERT-S1_T36UYA_20221229T033926Z_20260309T202243Z_S1A_30_v0.1.zip,https://hyp3-tibet-jpl-test-contentbucket-hratibh1y9pa.s3.us-west-2.amazonaws.com/7448dea9-d930-45d7-a20e-c315ebc547a2/OPERA_L3_DIST-ALERT-S1_T36UYA_20221229T033926Z_20260309T202243Z_S1A_30_v0.1,s3://hyp3-tibet-jpl-test-contentbucket-hratibh1y9pa/7448dea9-d930-45d7-a20e-c315ebc547a2/OPERA_L3_DIST-ALERT-S1_T36UYA_20221229T033926Z_20260309T202243Z_S1A_30_v0.1,https://hyp3-tibet-jpl-test-contentbucket-hratibh1y9pa.s3.us-west-2.amazonaws.com/7448dea9-d930-45d7-a20e-c315ebc547a2/OPERA_L3_DIST-ALERT-S1_T36UYA_20221229T033926Z_20260309T202243Z_S1A_30_v0.1/OPERA_L3_DIST-ALERT-S1_T36UYA_20221229T033926Z_20260309T202243Z_S1A_30_v0.1_BROWSE.png,2026-03-09T20:07:28+00:00,721.661,4.5,36UYA,1,7,4,none,False,transformer_optimized,high,32,-1,2022-12-29,94,2.5,4,best,none,False
242,Ukraine_War_36UYA,https://hyp3-tibet-jpl-test-contentbucket-hratibh1y9pa.s3.us-west-2.amazonaws.com/85f2db88-69b6-41a3-a9e4-22528a3b23ba/OPERA_L3_DIST-ALERT-S1_T36UYA_20230603T033927Z_20260309T202143Z_S1A_30_v0.1.zip,https://hyp3-tibet-jpl-test-contentbucket-hratibh1y9pa.s3.us-west-2.amazonaws.com/85f2db88-69b6-41a3-a9e4-22528a3b23ba/OPERA_L3_DIST-ALERT-S1_T36UYA_20230603T033927Z_20260309T202143Z_S1A_30_v0.1,s3://hyp3-tibet-jpl-test-contentbucket-hratibh1y9pa/85f2db88-69b6-41a3-a9e4-22528a3b23ba/OPERA_L3_DIST-ALERT-S1_T36UYA_20230603T033927Z_20260309T202143Z_S1A_30_v0.1,https://hyp3-tibet-jpl-test-contentbucket-hratibh1y9pa.s3.us-west-2.amazonaws.com/85f2db88-69b6-41a3-a9e4-22528a3b23ba/OPERA_L3_DIST-ALERT-S1_T36UYA_20230603T033927Z_20260309T202143Z_S1A_30_v0.1/OPERA_L3_DIST-ALERT-S1_T36UYA_20230603T033927Z_20260309T202143Z_S1A_30_v0.1_BROWSE.png,2026-03-09T20:07:28+00:00,669.009,4.5,36UYA,1,7,4,none,False,transformer_optimized,high,32,-1,2023-06-03,94,2.5,4,best,none,False
243,Ukraine_War_36UYA,https://hyp3-tibet-jpl-test-contentbucket-hratibh1y9pa.s3.us-west-2.amazonaws.com/5ff8e3aa-ae5d-4e9e-8599-94e7c88b5dc6/OPERA_L3_DIST-ALERT-S1_T36UYA_20220820T152935Z_20260309T202519Z_S1A_30_v0.1.zip,https://hyp3-tibet-jpl-test-contentbucket-hratibh1y9pa.s3.us-west-2.amazonaws.com/5ff8e3aa-ae5d-4e9e-8599-94e7c88b5dc6/OPERA_L3_DIST-ALERT-S1_T36UYA_20220820T152935Z_20260309T202519Z_S1A_30_v0.1,s3://hyp3-tibet-jpl-test-contentbucket-hratibh1y9pa/5ff8e3aa-ae5d-4e9e-8599-94e7c88b5dc6/OPERA_L3_DIST-ALERT-S1_T36UYA_20220820T152935Z_20260309T202519Z_S1A_30_v0.1,https://hyp3-tibet-jpl-test-contentbucket-hratibh1y9pa.s3.us-west-2.amazonaws.com/5ff8e3aa-ae5d-4e9e-8599-94e7c88b5dc6/OPERA_L3_DIST-ALERT-S1_T36UYA_20220820T152935Z_20260309T202519Z_S1A_30_v0.1/OPERA_L3_DIST-ALERT-S1_T36UYA_20220820T152935Z_20260309T202519Z_S1A_30_v0.1_BROWSE.png,2026-03-09T20:07:28+00:00,886.446,4.5,36UYA,1,7,4,none,False,transformer_optimized,high,32,-1,2022-08-20,116,2.5,4,best,none,False
244,Ukraine_War_36UYA,https://hyp3-tibet-jpl-test-contentbucket-hratibh1y9pa.s3.us-west-2.amazonaws.com/f494625c-4037-4a7d-b23f-6e1d74f306ff/OPERA_L3_DIST-ALERT-S1_T36UYA_20221123T033928Z_20260309T201736Z_S1A_30_v0.1.zip,https://hyp3-tibet-jpl-test-contentbucket-hratibh1y9pa.s3.us-west-2.amazonaws.com/f494625c-4037-4a7d-b23f-6e1d74f306ff/OPERA_L3_DIST-ALERT-S1_T36UYA_20221123T033928Z_20260309T201736Z_S1A_30_v0.1,s3://hyp3-tibet-jpl-test-contentbucket-hratibh1y9pa/f494625c-4037-4a7d-b23f-6e1d74f306ff/OPERA_L3_DIST-ALERT-S1_T36UYA_20221123T033928Z_20260309T201736Z_S1A_30_v0.1,https://hyp3-tibet-jpl-test-contentbucket-hratibh1y9pa.s3.us-west-2.amazonaws.com/f494625c-4037-4a7d-b23f-6e1d74f306ff/OPERA_L3_DIST-ALERT-S1_T36UYA_20221123T033928Z_20260309T201736Z_S1A_30_v0.1/OPERA_L3_DIST-ALERT-S1_T36UYA_20221123T033928Z_20260309T201736Z_S1A_30_v0.1_BROWSE.png,2026-03-09T20:07:28+00:00,416.138,4.5,36UYA,1,7,4,none,False,transformer_optimized,high,32,-1,2022-11-23,94,2.5,4,best,none,False
245,Ukraine_War_36UYA,https://hyp3-tibet-jpl-test-contentbucket-hratibh1y9pa.s3.us-west-2.amazonaws.com/5689d229-a860-450b-9216-398a178f2fb4/OPERA_L3_DIST-ALERT-S1_T36UYA_20220527T033922Z_20260309T202243Z_S1A_30_v0.1.zip,https://hyp3-tibet-jpl-test-contentbucket-hratibh1y9pa.s3.us-west-2.amazonaws.com/5689d229-a860-450b-9216-398a178f2fb4/OPERA_L3_DIST-ALERT-S1_T36UYA_20220527T033922Z_20260309T202243Z_S1A_30_v0.1,s3://hyp3-tibet-jpl-test-contentbucket-hratibh1y9pa/5689d229-a860-450b-9216-398a178f2fb4/OPERA_L3_DIST-ALERT-S1_T36UYA_20220527T033922Z_20260309T202243Z_S1A_30_v0.1,https://hyp3-tibet-jpl-test-contentbucket-hratibh1y9pa.s3.us-west-2.amazonaws.com/5689d229-a860-450b-9216-398a178f2fb4/OPERA_L3_DIST-ALERT-S1_T36UYA_20220527T033922Z_20260309T202243Z_S1A_30_v0.1/OPERA_L3_DIST-ALERT-S1_T36UYA_20220527T033922Z_20260309T202243Z_S1A_30_v0.1_BROWSE.png,2026-03-09T20:07:28+00:00,722.989,4.5,36UYA,1,7,4,none,False,transformer_optimized,high,32,-1,2022-05-27,94,2.5,4,best,none,False
246,Ukraine_War_36UYA,https://hyp3-tibet-jpl-test-contentbucket-hratibh1y9pa.s3.us-west-2.amazonaws.com/12613187-6a95-4cf2-b329-f41d4e52a984/OPERA_L3_DIST-ALERT-S1_T36UYA_20230101T151324Z_20260309T201207Z_S1A_30_v0.1.zip,https://hyp3-tibet-jpl-test-contentbucket-hratibh1y9pa.s3.us-west-2.amazonaws.com/12613187-6a95-4cf2-b329-f41d4e52a984/OPERA_L3_DIST-ALERT-S1_T36UYA_20230101T151324Z_20260309T201207Z_S1A_30_v0.1,s3://hyp3-tibet-jpl-test-contentbucket-hratibh1y9pa/12613187-6a95-4cf2-b329-f41d4e52a984/OPERA_L3_DIST-ALERT-S1_T36UYA_20230101T151324Z_20260309T201207Z_S1A_30_v0.1,https://hyp3-tibet-jpl-test-contentbucket-hratibh1y9pa.s3.us-west-2.amazonaws.com/12613187-6a95-4cf2-b329-f41d4e52a984/OPERA_L3_DIST-ALERT-S1_T36UYA_20230101T151324Z_20260309T201207Z_S1A_30_v0.1/OPERA_L3_DIST-ALERT-S1_T36UYA_20230101T151324Z_20260309T201207Z_S1A_30_v0.1_BROWSE.png,2026-03-09T20:07:28+00:00,80.521,4.5,36UYA,1,7,4,none,False,transformer_optimized,high,32,-1,2023-01-01,145,2.5,4,best,none,False
247,Ukraine_War_36UYA,https://hyp3-tibet-jpl-test-contentbucket-hratibh1y9pa.s3.us-west-2.amazonaws.com/7d0204c4-9fb1-4a78-899e-fe30683be43e/OPERA_L3_DIST-ALERT-S1_T36UYA_20220328T033919Z_20260309T202046Z_S1A_30_v0.1.zip,https://hyp3-tibet-jpl-test-contentbucket-hratibh1y9pa.s3.us-west-2.amazonaws.com/7d0204c4-9fb1-4a78-899e-fe30683be43e/OPERA_L3_DIST-ALERT-S1_T36UYA_20220328T033919Z_20260309T202046Z_S1A_30_v0.1,s3://hyp3-tibet-jpl-test-contentbucket-hratibh1y9pa/7d0204c4-9fb1-4a78-899e-fe30683be43e/OPERA_L3_DIST-ALERT-S1_T36UYA_20220328T033919Z_20260309T202046Z_S1A_30_v0.1,https://hyp3-tibet-jpl-test-contentbucket-hratibh1y9pa.s3.us-west-2.amazonaws.com/7d0204c4-9fb1-4a78-899e-fe30683be43e/OPERA_L3_DIST-ALERT-S1_T36UYA_20220328T033919Z_20260309T202046Z_S1A_30_v0.1/OPERA_L3_DIST-ALERT-S1_T36UYA_20220328T033919Z_20260309T202046Z_S1A_30_v0.1_BROWSE.png,2026-03-09T20:07:28+00:00,604.912,4.5,36UYA,1,7,4,none,False,transformer_optimized,high,32,-1,2022-03-28,94,2.5,4,best,none,False
248,Ukraine_War_36UYA,https://hyp3-tibet-jpl-test-contentbucket-hratibh1y9pa.s3.us-west-2.amazonaws.com/b25899c1-d4d9-4b93-a427-881adeffdb55/OPERA_L3_DIST-ALERT-S1_T36UYA_20230321T035547Z_20260309T201834Z_S1A_30_v0.1.zip,https://hyp3-tibet-jpl-test-contentbucket-hratibh1y9pa.s3.us-west-2.amazonaws.com/b25899c1-d4d9-4b93-a427-881adeffdb55/OPERA_L3_DIST-ALERT-S1_T36UYA_20230321T035547Z_20260309T201834Z_S1A_30_v0.1,s3://hyp3-tibet-jpl-test-contentbucket-hratibh1y9pa/b25899c1-d4d9-4b93-a427-881adeffdb55/OPERA_L3_DIST-ALERT-S1_T36UYA_20230321T035547Z_20260309T201834Z_S1A_30_v0.1,https://hyp3-tibet-jpl-test-contentbucket-hratibh1y9pa.s3.us-west-2.amazonaws.com/b25899c1-d4d9-4b93-a427-881adeffdb55/OPERA_L3_DIST-ALERT-S1_T36UYA_20230321T035547Z_20260309T201834Z_S1A_30_v0.1/OPERA_L3_DIST-ALERT-S1_T36UYA_20230321T035547Z_20260309T201834Z_S1A_30_v0.1_BROWSE.png,2026-03-09T20:07:28+00:00,462.447,4.5,36UYA,1,7,4,none,False,transformer_optimized,high,32,-1,2023-03-21,65,2.5,4,best,none,False
249,Ukraine_War_36UYA,https://hyp3-tibet-jpl-test-contentbucket-hratibh1y9pa.s3.us-west-2.amazonaws.com/553869aa-aec9-4dbf-b88e-af805511feba/OPERA_L3_DIST-ALERT-S1_T36UYA_20230213T035547Z_20260309T202051Z_S1A_30_v0.1.zip,https://hyp3-tibet-jpl-test-contentbucket-hratibh1y9pa.s3.us-west-2.amazonaws.com/553869aa-aec9-4dbf-b88e-af805511feba/OPERA_L3_DIST-ALERT-S1_T36UYA_20230213T035547Z_20260309T202051Z_S1A_30_v0.1,s3://hyp3-tibet-jpl-test-contentbucket-hratibh1y9pa/553869aa-aec9-4dbf-b88e-af805511feba/OPERA_L3_DIST-ALERT-S1_T36UYA_20230213T035547Z_20260309T202051Z_S1A_30_v0.1,https://hyp3-tibet-jpl-test-contentbucket-hratibh1y9pa.s3.us-west-2.amazonaws.com/553869aa-aec9-4dbf-b88e-af805511feba/OPERA_L3_DIST-ALERT-S1_T36UYA_20230213T035547Z_20260309T202051Z_S1A_30_v0.1/OPERA_L3_DIST-ALERT-S1_T36UYA_20230213T035547Z_20260309T202051Z_S1A_30_v0.1_BROWSE.png,2026-03-09T20:07:28+00:00,605.677,4.5,36UYA,1,7,4,none,False,transformer_optimized,high,32,-1,2023-02-13,65,2.5,4,best,none,False
250,Ukraine_War_36UYA,https://hyp3-tibet-jpl-test-contentbucket-hratibh1y9pa.s3.us-west-2.amazonaws.com/2f25bf5e-ab29-466b-aac0-598f6f8b474a/OPERA_L3_DIST-ALERT-S1_T36UYA_20221218T152934Z_20260309T202401Z_S1A_30_v0.1.zip,https://hyp3-tibet-jpl-test-contentbucket-hratibh1y9pa.s3.us-west-2.amazonaws.com/2f25bf5e-ab29-466b-aac0-598f6f8b474a/OPERA_L3_DIST-ALERT-S1_T36UYA_20221218T152934Z_20260309T202401Z_S1A_30_v0.1,s3://hyp3-tibet-jpl-test-contentbucket-hratibh1y9pa/2f25bf5e-ab29-466b-aac0-598f6f8b474a/OPERA_L3_DIST-ALERT-S1_T36UYA_20221218T152934Z_20260309T202401Z_S1A_30_v0.1,https://hyp3-tibet-jpl-test-contentbucket-hratibh1y9pa.s3.us-west-2.amazonaws.com/2f25bf5e-ab29-466b-aac0-598f6f8b474a/OPERA_L3_DIST-ALERT-S1_T36UYA_20221218T152934Z_20260309T202401Z_S1A_30_v0.1/OPERA_L3_DIST-ALERT-S1_T36UYA_20221218T152934Z_20260309T202401Z_S1A_30_v0.1_BROWSE.png,2026-03-09T20:07:28+00:00,796.046,4.5,36UYA,1,7,4,none,False,transformer_optimized,high,32,-1,2022-12-18,116,2.5,4,best,none,False
251,Ukraine_War_36UYA,https://hyp3-tibet-jpl-test-contentbucket-hratibh1y9pa.s3.us-west-2.amazonaws.com/8a9a7bca-2ccc-487c-8fe0-6ff256135c07/OPERA_L3_DIST-ALERT-S1_T36UYA_20220831T033928Z_20260309T201906Z_S1A_30_v0.1.zip,https://hyp3-tibet-jpl-test-contentbucket-hratibh1y9pa.s3.us-west-2.amazonaws.com/8a9a7bca-2ccc-487c-8fe0-6ff256135c07/OPERA_L3_DIST-ALERT-S1_T36UYA_20220831T033928Z_20260309T201906Z_S1A_30_v0.1,s3://hyp3-tibet-jpl-test-contentbucket-hratibh1y9pa/8a9a7bca-2ccc-487c-8fe0-6ff256135c07/OPERA_L3_DIST-ALERT-S1_T36UYA_20220831T033928Z_20260309T201906Z_S1A_30_v0.1,https://hyp3-tibet-jpl-test-contentbucket-hratibh1y9pa.s3.us-west-2.amazonaws.com/8a9a7bca-2ccc-487c-8fe0-6ff256135c07/OPERA_L3_DIST-ALERT-S1_T36UYA_20220831T033928Z_20260309T201906Z_S1A_30_v0.1/OPERA_L3_DIST-ALERT-S1_T36UYA_20220831T033928Z_20260309T201906Z_S1A_30_v0.1_BROWSE.png,2026-03-09T20:07:28+00:00,509.206,4.5,36UYA,1,7,4,none,False,transformer_optimized,high,32,-1,2022-08-31,94,2.5,4,best,none,False
252,Ukraine_War_36UYA,https://hyp3-tibet-jpl-test-contentbucket-hratibh1y9pa.s3.us-west-2.amazonaws.com/135da185-75be-4b47-8a3d-ba9e0f169f00/OPERA_L3_DIST-ALERT-S1_T36UYA_20220515T033921Z_20260309T202342Z_S1A_30_v0.1.zip,https://hyp3-tibet-jpl-test-contentbucket-hratibh1y9pa.s3.us-west-2.amazonaws.com/135da185-75be-4b47-8a3d-ba9e0f169f00/OPERA_L3_DIST-ALERT-S1_T36UYA_20220515T033921Z_20260309T202342Z_S1A_30_v0.1,s3://hyp3-tibet-jpl-test-contentbucket-hratibh1y9pa/135da185-75be-4b47-8a3d-ba9e0f169f00/OPERA_L3_DIST-ALERT-S1_T36UYA_20220515T033921Z_20260309T202342Z_S1A_30_v0.1,https://hyp3-tibet-jpl-test-contentbucket-hratibh1y9pa.s3.us-west-2.amazonaws.com/135da185-75be-4b47-8a3d-ba9e0f169f00/OPERA_L3_DIST-ALERT-S1_T36UYA_20220515T033921Z_20260309T202342Z_S1A_30_v0.1/OPERA_L3_DIST-ALERT-S1_T36UYA_20220515T033921Z_20260309T202342Z_S1A_30_v0.1_BROWSE.png,2026-03-09T20:07:28+00:00,788.22,4.5,36UYA,1,7,4,none,False,transformer_optimized,high,32,-1,2022-05-15,94,2.5,4,best,none,False
253,Ukraine_War_36UYA,https://hyp3-tibet-jpl-test-contentbucket-hratibh1y9pa.s3.us-west-2.amazonaws.com/003105a9-3686-487f-8f68-4beefe8c0271/OPERA_L3_DIST-ALERT-S1_T36UYA_20220608T033923Z_20260309T202046Z_S1A_30_v0.1.zip,https://hyp3-tibet-jpl-test-contentbucket-hratibh1y9pa.s3.us-west-2.amazonaws.com/003105a9-3686-487f-8f68-4beefe8c0271/OPERA_L3_DIST-ALERT-S1_T36UYA_20220608T033923Z_20260309T202046Z_S1A_30_v0.1,s3://hyp3-tibet-jpl-test-contentbucket-hratibh1y9pa/003105a9-3686-487f-8f68-4beefe8c0271/OPERA_L3_DIST-ALERT-S1_T36UYA_20220608T033923Z_20260309T202046Z_S1A_30_v0.1,https://hyp3-tibet-jpl-test-contentbucket-hratibh1y9pa.s3.us-west-2.amazonaws.com/003105a9-3686-487f-8f68-4beefe8c0271/OPERA_L3_DIST-ALERT-S1_T36UYA_20220608T033923Z_20260309T202046Z_S1A_30_v0.1/OPERA_L3_DIST-ALERT-S1_T36UYA_20220608T033923Z_20260309T202046Z_S1A_30_v0.1_BROWSE.png,2026-03-09T20:07:28+00:00,613.813,4.5,36UYA,1,7,4,none,False,transformer_optimized,high,32,-1,2022-06-08,94,2.5,4,best,none,False
254,Ukraine_War_36UYA,https://hyp3-tibet-jpl-test-contentbucket-hratibh1y9pa.s3.us-west-2.amazonaws.com/1a287afd-817c-460c-bdaf-73e4e5061965/OPERA_L3_DIST-ALERT-S1_T36UYA_20220523T152119Z_20260309T203020Z_S1A_30_v0.1.zip,https://hyp3-tibet-jpl-test-contentbucket-hratibh1y9pa.s3.us-west-2.amazonaws.com/1a287afd-817c-460c-bdaf-73e4e5061965/OPERA_L3_DIST-ALERT-S1_T36UYA_20220523T152119Z_20260309T203020Z_S1A_30_v0.1,s3://hyp3-tibet-jpl-test-contentbucket-hratibh1y9pa/1a287afd-817c-460c-bdaf-73e4e5061965/OPERA_L3_DIST-ALERT-S1_T36UYA_20220523T152119Z_20260309T203020Z_S1A_30_v0.1,https://hyp3-tibet-jpl-test-contentbucket-hratibh1y9pa.s3.us-west-2.amazonaws.com/1a287afd-817c-460c-bdaf-73e4e5061965/OPERA_L3_DIST-ALERT-S1_T36UYA_20220523T152119Z_20260309T203020Z_S1A_30_v0.1/OPERA_L3_DIST-ALERT-S1_T36UYA_20220523T152119Z_20260309T203020Z_S1A_30_v0.1_BROWSE.png,2026-03-09T20:07:28+00:00,1186.258,4.5,36UYA,1,7,4,none,False,transformer_optimized,high,32,-1,2022-05-23,43,2.5,4,best,none,False
255,Ukraine_War_36UYA,https://hyp3-tibet-jpl-test-contentbucket-hratibh1y9pa.s3.us-west-2.amazonaws.com/0db3135b-7916-4a6b-853a-1eb464275d86/OPERA_L3_DIST-ALERT-S1_T36UYA_20230130T152123Z_20260309T202524Z_S1A_30_v0.1.zip,https://hyp3-tibet-jpl-test-contentbucket-hratibh1y9pa.s3.us-west-2.amazonaws.com/0db3135b-7916-4a6b-853a-1eb464275d86/OPERA_L3_DIST-ALERT-S1_T36UYA_20230130T152123Z_20260309T202524Z_S1A_30_v0.1,s3://hyp3-tibet-jpl-test-contentbucket-hratibh1y9pa/0db3135b-7916-4a6b-853a-1eb464275d86/OPERA_L3_DIST-ALERT-S1_T36UYA_20230130T152123Z_20260309T202524Z_S1A_30_v0.1,https://hyp3-tibet-jpl-test-contentbucket-hratibh1y9pa.s3.us-west-2.amazonaws.com/0db3135b-7916-4a6b-853a-1eb464275d86/OPERA_L3_DIST-ALERT-S1_T36UYA_20230130T152123Z_20260309T202524Z_S1A_30_v0.1/OPERA_L3_DIST-ALERT-S1_T36UYA_20230130T152123Z_20260309T202524Z_S1A_30_v0.1_BROWSE.png,2026-03-09T20:07:28+00:00,888.414,4.5,36UYA,1,7,4,none,False,transformer_optimized,high,32,-1,2023-01-30,43,2.5,4,best,none,False
256,Ukraine_War_36UYA,https://hyp3-tibet-jpl-test-contentbucket-hratibh1y9pa.s3.us-west-2.amazonaws.com/e51eb329-3e35-4844-8593-f86e1c132be7/OPERA_L3_DIST-ALERT-S1_T36UYA_20220422T152927Z_20260309T202725Z_S1A_30_v0.1.zip,https://hyp3-tibet-jpl-test-contentbucket-hratibh1y9pa.s3.us-west-2.amazonaws.com/e51eb329-3e35-4844-8593-f86e1c132be7/OPERA_L3_DIST-ALERT-S1_T36UYA_20220422T152927Z_20260309T202725Z_S1A_30_v0.1,s3://hyp3-tibet-jpl-test-contentbucket-hratibh1y9pa/e51eb329-3e35-4844-8593-f86e1c132be7/OPERA_L3_DIST-ALERT-S1_T36UYA_20220422T152927Z_20260309T202725Z_S1A_30_v0.1,https://hyp3-tibet-jpl-test-contentbucket-hratibh1y9pa.s3.us-west-2.amazonaws.com/e51eb329-3e35-4844-8593-f86e1c132be7/OPERA_L3_DIST-ALERT-S1_T36UYA_20220422T152927Z_20260309T202725Z_S1A_30_v0.1/OPERA_L3_DIST-ALERT-S1_T36UYA_20220422T152927Z_20260309T202725Z_S1A_30_v0.1_BROWSE.png,2026-03-09T20:07:28+00:00,1013.533,4.5,36UYA,1,7,4,none,False,transformer_optimized,high,32,-1,2022-04-22,116,2.5,4,best,none,False
257,Ukraine_War_36UYA,https://hyp3-tibet-jpl-test-contentbucket-hratibh1y9pa.s3.us-west-2.amazonaws.com/a6a599c2-9ed4-43e7-a1ef-6da0ee4e30ac/OPERA_L3_DIST-ALERT-S1_T36UYA_20220604T152120Z_20260309T202545Z_S1A_30_v0.1.zip,https://hyp3-tibet-jpl-test-contentbucket-hratibh1y9pa.s3.us-west-2.amazonaws.com/a6a599c2-9ed4-43e7-a1ef-6da0ee4e30ac/OPERA_L3_DIST-ALERT-S1_T36UYA_20220604T152120Z_20260309T202545Z_S1A_30_v0.1,s3://hyp3-tibet-jpl-test-contentbucket-hratibh1y9pa/a6a599c2-9ed4-43e7-a1ef-6da0ee4e30ac/OPERA_L3_DIST-ALERT-S1_T36UYA_20220604T152120Z_20260309T202545Z_S1A_30_v0.1,https://hyp3-tibet-jpl-test-contentbucket-hratibh1y9pa.s3.us-west-2.amazonaws.com/a6a599c2-9ed4-43e7-a1ef-6da0ee4e30ac/OPERA_L3_DIST-ALERT-S1_T36UYA_20220604T152120Z_20260309T202545Z_S1A_30_v0.1/OPERA_L3_DIST-ALERT-S1_T36UYA_20220604T152120Z_20260309T202545Z_S1A_30_v0.1_BROWSE.png,2026-03-09T20:07:28+00:00,904.983,4.5,36UYA,1,7,4,none,False,transformer_optimized,high,32,-1,2022-06-04,43,2.5,4,best,none,False
258,Ukraine_War_36UYA,https://hyp3-tibet-jpl-test-contentbucket-hratibh1y9pa.s3.us-west-2.amazonaws.com/2716c5a0-e504-4df4-bd6d-8a97653cbbcf/OPERA_L3_DIST-ALERT-S1_T36UYA_20230307T152122Z_20260309T202707Z_S1A_30_v0.1.zip,https://hyp3-tibet-jpl-test-contentbucket-hratibh1y9pa.s3.us-west-2.amazonaws.com/2716c5a0-e504-4df4-bd6d-8a97653cbbcf/OPERA_L3_DIST-ALERT-S1_T36UYA_20230307T152122Z_20260309T202707Z_S1A_30_v0.1,s3://hyp3-tibet-jpl-test-contentbucket-hratibh1y9pa/2716c5a0-e504-4df4-bd6d-8a97653cbbcf/OPERA_L3_DIST-ALERT-S1_T36UYA_20230307T152122Z_20260309T202707Z_S1A_30_v0.1,https://hyp3-tibet-jpl-test-contentbucket-hratibh1y9pa.s3.us-west-2.amazonaws.com/2716c5a0-e504-4df4-bd6d-8a97653cbbcf/OPERA_L3_DIST-ALERT-S1_T36UYA_20230307T152122Z_20260309T202707Z_S1A_30_v0.1/OPERA_L3_DIST-ALERT-S1_T36UYA_20230307T152122Z_20260309T202707Z_S1A_30_v0.1_BROWSE.png,2026-03-09T20:07:28+00:00,985.582,4.5,36UYA,1,7,4,none,False,transformer_optimized,high,32,-1,2023-03-07,43,2.5,4,best,none,False
259,Ukraine_War_36UYA,https://hyp3-tibet-jpl-test-contentbucket-hratibh1y9pa.s3.us-west-2.amazonaws.com/4f99504d-edc5-410e-bcc0-3b78ae3d33be/OPERA_L3_DIST-ALERT-S1_T36UYA_20220628T152121Z_20260309T202302Z_S1A_30_v0.1.zip,https://hyp3-tibet-jpl-test-contentbucket-hratibh1y9pa.s3.us-west-2.amazonaws.com/4f99504d-edc5-410e-bcc0-3b78ae3d33be/OPERA_L3_DIST-ALERT-S1_T36UYA_20220628T152121Z_20260309T202302Z_S1A_30_v0.1,s3://hyp3-tibet-jpl-test-contentbucket-hratibh1y9pa/4f99504d-edc5-410e-bcc0-3b78ae3d33be/OPERA_L3_DIST-ALERT-S1_T36UYA_20220628T152121Z_20260309T202302Z_S1A_30_v0.1,https://hyp3-tibet-jpl-test-contentbucket-hratibh1y9pa.s3.us-west-2.amazonaws.com/4f99504d-edc5-410e-bcc0-3b78ae3d33be/OPERA_L3_DIST-ALERT-S1_T36UYA_20220628T152121Z_20260309T202302Z_S1A_30_v0.1/OPERA_L3_DIST-ALERT-S1_T36UYA_20220628T152121Z_20260309T202302Z_S1A_30_v0.1_BROWSE.png,2026-03-09T20:07:28+00:00,742.443,4.5,36UYA,1,7,4,none,False,transformer_optimized,high,32,-1,2022-06-28,43,2.5,4,best,none,False
260,Ukraine_War_36UYA,https://hyp3-tibet-jpl-test-contentbucket-hratibh1y9pa.s3.us-west-2.amazonaws.com/c9e462c4-0989-4caf-b643-eb1389f59693/OPERA_L3_DIST-ALERT-S1_T36UYA_20220705T151322Z_20260309T201221Z_S1A_30_v0.1.zip,https://hyp3-tibet-jpl-test-contentbucket-hratibh1y9pa.s3.us-west-2.amazonaws.com/c9e462c4-0989-4caf-b643-eb1389f59693/OPERA_L3_DIST-ALERT-S1_T36UYA_20220705T151322Z_20260309T201221Z_S1A_30_v0.1,s3://hyp3-tibet-jpl-test-contentbucket-hratibh1y9pa/c9e462c4-0989-4caf-b643-eb1389f59693/OPERA_L3_DIST-ALERT-S1_T36UYA_20220705T151322Z_20260309T201221Z_S1A_30_v0.1,https://hyp3-tibet-jpl-test-contentbucket-hratibh1y9pa.s3.us-west-2.amazonaws.com/c9e462c4-0989-4caf-b643-eb1389f59693/OPERA_L3_DIST-ALERT-S1_T36UYA_20220705T151322Z_20260309T201221Z_S1A_30_v0.1/OPERA_L3_DIST-ALERT-S1_T36UYA_20220705T151322Z_20260309T201221Z_S1A_30_v0.1_BROWSE.png,2026-03-09T20:07:28+00:00,88.264,4.5,36UYA,1,7,4,none,False,transformer_optimized,high,32,-1,2022-07-05,145,2.5,4,best,none,False
261,Ukraine_War_36UYA,https://hyp3-tibet-jpl-test-contentbucket-hratibh1y9pa.s3.us-west-2.amazonaws.com/943c207d-2363-49b3-83be-8814c2227faf/OPERA_L3_DIST-ALERT-S1_T36UYA_20221030T033929Z_20260309T202156Z_S1A_30_v0.1.zip,https://hyp3-tibet-jpl-test-contentbucket-hratibh1y9pa.s3.us-west-2.amazonaws.com/943c207d-2363-49b3-83be-8814c2227faf/OPERA_L3_DIST-ALERT-S1_T36UYA_20221030T033929Z_20260309T202156Z_S1A_30_v0.1,s3://hyp3-tibet-jpl-test-contentbucket-hratibh1y9pa/943c207d-2363-49b3-83be-8814c2227faf/OPERA_L3_DIST-ALERT-S1_T36UYA_20221030T033929Z_20260309T202156Z_S1A_30_v0.1,https://hyp3-tibet-jpl-test-contentbucket-hratibh1y9pa.s3.us-west-2.amazonaws.com/943c207d-2363-49b3-83be-8814c2227faf/OPERA_L3_DIST-ALERT-S1_T36UYA_20221030T033929Z_20260309T202156Z_S1A_30_v0.1/OPERA_L3_DIST-ALERT-S1_T36UYA_20221030T033929Z_20260309T202156Z_S1A_30_v0.1_BROWSE.png,2026-03-09T20:07:28+00:00,677.766,4.5,36UYA,1,7,4,none,False,transformer_optimized,high,32,-1,2022-10-30,94,2.5,4,best,none,False
262,Ukraine_War_36UYA,https://hyp3-tibet-jpl-test-contentbucket-hratibh1y9pa.s3.us-west-2.amazonaws.com/ba4e01ca-a533-4139-adb4-f6e0d6ffd392/OPERA_L3_DIST-ALERT-S1_T36UYA_20221217T033927Z_20260309T202054Z_S1A_30_v0.1.zip,https://hyp3-tibet-jpl-test-contentbucket-hratibh1y9pa.s3.us-west-2.amazonaws.com/ba4e01ca-a533-4139-adb4-f6e0d6ffd392/OPERA_L3_DIST-ALERT-S1_T36UYA_20221217T033927Z_20260309T202054Z_S1A_30_v0.1,s3://hyp3-tibet-jpl-test-contentbucket-hratibh1y9pa/ba4e01ca-a533-4139-adb4-f6e0d6ffd392/OPERA_L3_DIST-ALERT-S1_T36UYA_20221217T033927Z_20260309T202054Z_S1A_30_v0.1,https://hyp3-tibet-jpl-test-contentbucket-hratibh1y9pa.s3.us-west-2.amazonaws.com/ba4e01ca-a533-4139-adb4-f6e0d6ffd392/OPERA_L3_DIST-ALERT-S1_T36UYA_20221217T033927Z_20260309T202054Z_S1A_30_v0.1/OPERA_L3_DIST-ALERT-S1_T36UYA_20221217T033927Z_20260309T202054Z_S1A_30_v0.1_BROWSE.png,2026-03-09T20:07:28+00:00,619.409,4.5,36UYA,1,7,4,none,False,transformer_optimized,high,32,-1,2022-12-17,94,2.5,4,best,none,False
263,Ukraine_War_36UYA,https://hyp3-tibet-jpl-test-contentbucket-hratibh1y9pa.s3.us-west-2.amazonaws.com/49f444df-9daa-4dde-b7a1-de296e853e41/OPERA_L3_DIST-ALERT-S1_T36UYA_20221124T152936Z_20260309T202955Z_S1A_30_v0.1.zip,https://hyp3-tibet-jpl-test-contentbucket-hratibh1y9pa.s3.us-west-2.amazonaws.com/49f444df-9daa-4dde-b7a1-de296e853e41/OPERA_L3_DIST-ALERT-S1_T36UYA_20221124T152936Z_20260309T202955Z_S1A_30_v0.1,s3://hyp3-tibet-jpl-test-contentbucket-hratibh1y9pa/49f444df-9daa-4dde-b7a1-de296e853e41/OPERA_L3_DIST-ALERT-S1_T36UYA_20221124T152936Z_20260309T202955Z_S1A_30_v0.1,https://hyp3-tibet-jpl-test-contentbucket-hratibh1y9pa.s3.us-west-2.amazonaws.com/49f444df-9daa-4dde-b7a1-de296e853e41/OPERA_L3_DIST-ALERT-S1_T36UYA_20221124T152936Z_20260309T202955Z_S1A_30_v0.1/OPERA_L3_DIST-ALERT-S1_T36UYA_20221124T152936Z_20260309T202955Z_S1A_30_v0.1_BROWSE.png,2026-03-09T20:07:28+00:00,1161.412,4.5,36UYA,1,7,4,none,False,transformer_optimized,high,32,-1,2022-11-24,116,2.5,4,best,none,False
264,Ukraine_War_36UYA,https://hyp3-tibet-jpl-test-contentbucket-hratibh1y9pa.s3.us-west-2.amazonaws.com/acf68bee-ba7e-4246-994b-589bc39d4d28/OPERA_L3_DIST-ALERT-S1_T36UYA_20230429T152933Z_20260309T202558Z_S1A_30_v0.1.zip,https://hyp3-tibet-jpl-test-contentbucket-hratibh1y9pa.s3.us-west-2.amazonaws.com/acf68bee-ba7e-4246-994b-589bc39d4d28/OPERA_L3_DIST-ALERT-S1_T36UYA_20230429T152933Z_20260309T202558Z_S1A_30_v0.1,s3://hyp3-tibet-jpl-test-contentbucket-hratibh1y9pa/acf68bee-ba7e-4246-994b-589bc39d4d28/OPERA_L3_DIST-ALERT-S1_T36UYA_20230429T152933Z_20260309T202558Z_S1A_30_v0.1,https://hyp3-tibet-jpl-test-contentbucket-hratibh1y9pa.s3.us-west-2.amazonaws.com/acf68bee-ba7e-4246-994b-589bc39d4d28/OPERA_L3_DIST-ALERT-S1_T36UYA_20230429T152933Z_20260309T202558Z_S1A_30_v0.1/OPERA_L3_DIST-ALERT-S1_T36UYA_20230429T152933Z_20260309T202558Z_S1A_30_v0.1_BROWSE.png,2026-03-09T20:07:28+00:00,913.554,4.5,36UYA,1,7,4,none,False,transformer_optimized,high,32,-1,2023-04-29,116,2.5,4,best,none,False
265,Ukraine_War_36UYA,https://hyp3-tibet-jpl-test-contentbucket-hratibh1y9pa.s3.us-west-2.amazonaws.com/7b445394-6b1d-4bfc-92f7-77bbafd8160d/OPERA_L3_DIST-ALERT-S1_T36UYA_20221002T152126Z_20260309T203230Z_S1A_30_v0.1.zip,https://hyp3-tibet-jpl-test-contentbucket-hratibh1y9pa.s3.us-west-2.amazonaws.com/7b445394-6b1d-4bfc-92f7-77bbafd8160d/OPERA_L3_DIST-ALERT-S1_T36UYA_20221002T152126Z_20260309T203230Z_S1A_30_v0.1,s3://hyp3-tibet-jpl-test-contentbucket-hratibh1y9pa/7b445394-6b1d-4bfc-92f7-77bbafd8160d/OPERA_L3_DIST-ALERT-S1_T36UYA_20221002T152126Z_20260309T203230Z_S1A_30_v0.1,https://hyp3-tibet-jpl-test-contentbucket-hratibh1y9pa.s3.us-west-2.amazonaws.com/7b445394-6b1d-4bfc-92f7-77bbafd8160d/OPERA_L3_DIST-ALERT-S1_T36UYA_20221002T152126Z_20260309T203230Z_S1A_30_v0.1/OPERA_L3_DIST-ALERT-S1_T36UYA_20221002T152126Z_20260309T203230Z_S1A_30_v0.1_BROWSE.png,2026-03-09T20:07:28+00:00,1317.59,4.5,36UYA,1,7,4,none,False,transformer_optimized,high,32,-1,2022-10-02,43,2.5,4,best,none,False
266,Ukraine_War_36UYA,https://hyp3-tibet-jpl-test-contentbucket-hratibh1y9pa.s3.us-west-2.amazonaws.com/3f2ac69a-e9e0-4fd6-9519-14a16c76eedf/OPERA_L3_DIST-ALERT-S1_T36UYA_20220319T151316Z_20260309T201158Z_S1A_30_v0.1.zip,https://hyp3-tibet-jpl-test-contentbucket-hratibh1y9pa.s3.us-west-2.amazonaws.com/3f2ac69a-e9e0-4fd6-9519-14a16c76eedf/OPERA_L3_DIST-ALERT-S1_T36UYA_20220319T151316Z_20260309T201158Z_S1A_30_v0.1,s3://hyp3-tibet-jpl-test-contentbucket-hratibh1y9pa/3f2ac69a-e9e0-4fd6-9519-14a16c76eedf/OPERA_L3_DIST-ALERT-S1_T36UYA_20220319T151316Z_20260309T201158Z_S1A_30_v0.1,https://hyp3-tibet-jpl-test-contentbucket-hratibh1y9pa.s3.us-west-2.amazonaws.com/3f2ac69a-e9e0-4fd6-9519-14a16c76eedf/OPERA_L3_DIST-ALERT-S1_T36UYA_20220319T151316Z_20260309T201158Z_S1A_30_v0.1/OPERA_L3_DIST-ALERT-S1_T36UYA_20220319T151316Z_20260309T201158Z_S1A_30_v0.1_BROWSE.png,2026-03-09T20:07:28+00:00,71.002,4.5,36UYA,1,7,4,none,False,transformer_optimized,high,32,-1,2022-03-19,145,2.5,4,best,none,False
267,Ukraine_War_36UYA,https://hyp3-tibet-jpl-test-contentbucket-hratibh1y9pa.s3.us-west-2.amazonaws.com/96f06a69-9d4c-4bbe-bf44-c20d640d295a/OPERA_L3_DIST-ALERT-S1_T36UYA_20220331T151316Z_20260309T201200Z_S1A_30_v0.1.zip,https://hyp3-tibet-jpl-test-contentbucket-hratibh1y9pa.s3.us-west-2.amazonaws.com/96f06a69-9d4c-4bbe-bf44-c20d640d295a/OPERA_L3_DIST-ALERT-S1_T36UYA_20220331T151316Z_20260309T201200Z_S1A_30_v0.1,s3://hyp3-tibet-jpl-test-contentbucket-hratibh1y9pa/96f06a69-9d4c-4bbe-bf44-c20d640d295a/OPERA_L3_DIST-ALERT-S1_T36UYA_20220331T151316Z_20260309T201200Z_S1A_30_v0.1,https://hyp3-tibet-jpl-test-contentbucket-hratibh1y9pa.s3.us-west-2.amazonaws.com/96f06a69-9d4c-4bbe-bf44-c20d640d295a/OPERA_L3_DIST-ALERT-S1_T36UYA_20220331T151316Z_20260309T201200Z_S1A_30_v0.1/OPERA_L3_DIST-ALERT-S1_T36UYA_20220331T151316Z_20260309T201200Z_S1A_30_v0.1_BROWSE.png,2026-03-09T20:07:28+00:00,66.078,4.5,36UYA,1,7,4,none,False,transformer_optimized,high,32,-1,2022-03-31,145,2.5,4,best,none,False
268,Ukraine_War_36UYA,https://hyp3-tibet-jpl-test-contentbucket-hratibh1y9pa.s3.us-west-2.amazonaws.com/f3255cfe-de74-46b4-8b3f-716710e39185/OPERA_L3_DIST-ALERT-S1_T36UYA_20221111T033928Z_20260309T201810Z_S1A_30_v0.1.zip,https://hyp3-tibet-jpl-test-contentbucket-hratibh1y9pa.s3.us-west-2.amazonaws.com/f3255cfe-de74-46b4-8b3f-716710e39185/OPERA_L3_DIST-ALERT-S1_T36UYA_20221111T033928Z_20260309T201810Z_S1A_30_v0.1,s3://hyp3-tibet-jpl-test-contentbucket-hratibh1y9pa/f3255cfe-de74-46b4-8b3f-716710e39185/OPERA_L3_DIST-ALERT-S1_T36UYA_20221111T033928Z_20260309T201810Z_S1A_30_v0.1,https://hyp3-tibet-jpl-test-contentbucket-hratibh1y9pa.s3.us-west-2.amazonaws.com/f3255cfe-de74-46b4-8b3f-716710e39185/OPERA_L3_DIST-ALERT-S1_T36UYA_20221111T033928Z_20260309T201810Z_S1A_30_v0.1/OPERA_L3_DIST-ALERT-S1_T36UYA_20221111T033928Z_20260309T201810Z_S1A_30_v0.1_BROWSE.png,2026-03-09T20:07:28+00:00,454.88,4.5,36UYA,1,7,4,none,False,transformer_optimized,high,32,-1,2022-11-11,94,2.5,4,best,none,False
269,Ukraine_War_36UYA,https://hyp3-tibet-jpl-test-contentbucket-hratibh1y9pa.s3.us-west-2.amazonaws.com/10913a15-0247-412a-bdc1-cc45d8207866/OPERA_L3_DIST-ALERT-S1_T36UYA_20220501T035543Z_20260309T201805Z_S1A_30_v0.1.zip,https://hyp3-tibet-jpl-test-contentbucket-hratibh1y9pa.s3.us-west-2.amazonaws.com/10913a15-0247-412a-bdc1-cc45d8207866/OPERA_L3_DIST-ALERT-S1_T36UYA_20220501T035543Z_20260309T201805Z_S1A_30_v0.1,s3://hyp3-tibet-jpl-test-contentbucket-hratibh1y9pa/10913a15-0247-412a-bdc1-cc45d8207866/OPERA_L3_DIST-ALERT-S1_T36UYA_20220501T035543Z_20260309T201805Z_S1A_30_v0.1,https://hyp3-tibet-jpl-test-contentbucket-hratibh1y9pa.s3.us-west-2.amazonaws.com/10913a15-0247-412a-bdc1-cc45d8207866/OPERA_L3_DIST-ALERT-S1_T36UYA_20220501T035543Z_20260309T201805Z_S1A_30_v0.1/OPERA_L3_DIST-ALERT-S1_T36UYA_20220501T035543Z_20260309T201805Z_S1A_30_v0.1_BROWSE.png,2026-03-09T20:07:28+00:00,433.534,4.5,36UYA,1,7,4,none,False,transformer_optimized,high,32,-1,2022-05-01,65,2.5,4,best,none,False
270,Ukraine_War_36UYA,https://hyp3-tibet-jpl-test-contentbucket-hratibh1y9pa.s3.us-west-2.amazonaws.com/11553f4a-2a4d-403b-8c28-5dba7e171b80/OPERA_L3_DIST-ALERT-S1_T36UYA_20230616T152936Z_20260309T202749Z_S1A_30_v0.1.zip,https://hyp3-tibet-jpl-test-contentbucket-hratibh1y9pa.s3.us-west-2.amazonaws.com/11553f4a-2a4d-403b-8c28-5dba7e171b80/OPERA_L3_DIST-ALERT-S1_T36UYA_20230616T152936Z_20260309T202749Z_S1A_30_v0.1,s3://hyp3-tibet-jpl-test-contentbucket-hratibh1y9pa/11553f4a-2a4d-403b-8c28-5dba7e171b80/OPERA_L3_DIST-ALERT-S1_T36UYA_20230616T152936Z_20260309T202749Z_S1A_30_v0.1,https://hyp3-tibet-jpl-test-contentbucket-hratibh1y9pa.s3.us-west-2.amazonaws.com/11553f4a-2a4d-403b-8c28-5dba7e171b80/OPERA_L3_DIST-ALERT-S1_T36UYA_20230616T152936Z_20260309T202749Z_S1A_30_v0.1/OPERA_L3_DIST-ALERT-S1_T36UYA_20230616T152936Z_20260309T202749Z_S1A_30_v0.1_BROWSE.png,2026-03-09T20:07:28+00:00,1030.181,4.5,36UYA,1,7,4,none,False,transformer_optimized,high,32,-1,2023-06-16,116,2.5,4,best,none,False
271,Ukraine_War_36UYA,https://hyp3-tibet-jpl-test-contentbucket-hratibh1y9pa.s3.us-west-2.amazonaws.com/ce9047cf-7b77-4008-a4d8-b1a8ef147b72/OPERA_L3_DIST-ALERT-S1_T36UYA_20220314T035541Z_20260309T202057Z_S1A_30_v0.1.zip,https://hyp3-tibet-jpl-test-contentbucket-hratibh1y9pa.s3.us-west-2.amazonaws.com/ce9047cf-7b77-4008-a4d8-b1a8ef147b72/OPERA_L3_DIST-ALERT-S1_T36UYA_20220314T035541Z_20260309T202057Z_S1A_30_v0.1,s3://hyp3-tibet-jpl-test-contentbucket-hratibh1y9pa/ce9047cf-7b77-4008-a4d8-b1a8ef147b72/OPERA_L3_DIST-ALERT-S1_T36UYA_20220314T035541Z_20260309T202057Z_S1A_30_v0.1,https://hyp3-tibet-jpl-test-contentbucket-hratibh1y9pa.s3.us-west-2.amazonaws.com/ce9047cf-7b77-4008-a4d8-b1a8ef147b72/OPERA_L3_DIST-ALERT-S1_T36UYA_20220314T035541Z_20260309T202057Z_S1A_30_v0.1/OPERA_L3_DIST-ALERT-S1_T36UYA_20220314T035541Z_20260309T202057Z_S1A_30_v0.1_BROWSE.png,2026-03-09T20:07:28+00:00,614.264,4.5,36UYA,1,7,4,none,False,transformer_optimized,high,32,-1,2022-03-14,65,2.5,4,best,none,False
272,Ukraine_War_36UYA,https://hyp3-tibet-jpl-test-contentbucket-hratibh1y9pa.s3.us-west-2.amazonaws.com/82017ec7-b41a-48e8-b6ee-b6d670ba937d/OPERA_L3_DIST-ALERT-S1_T36UYA_20220722T152123Z_20260309T202520Z_S1A_30_v0.1.zip,https://hyp3-tibet-jpl-test-contentbucket-hratibh1y9pa.s3.us-west-2.amazonaws.com/82017ec7-b41a-48e8-b6ee-b6d670ba937d/OPERA_L3_DIST-ALERT-S1_T36UYA_20220722T152123Z_20260309T202520Z_S1A_30_v0.1,s3://hyp3-tibet-jpl-test-contentbucket-hratibh1y9pa/82017ec7-b41a-48e8-b6ee-b6d670ba937d/OPERA_L3_DIST-ALERT-S1_T36UYA_20220722T152123Z_20260309T202520Z_S1A_30_v0.1,https://hyp3-tibet-jpl-test-contentbucket-hratibh1y9pa.s3.us-west-2.amazonaws.com/82017ec7-b41a-48e8-b6ee-b6d670ba937d/OPERA_L3_DIST-ALERT-S1_T36UYA_20220722T152123Z_20260309T202520Z_S1A_30_v0.1/OPERA_L3_DIST-ALERT-S1_T36UYA_20220722T152123Z_20260309T202520Z_S1A_30_v0.1_BROWSE.png,2026-03-09T20:07:28+00:00,884.647,4.5,36UYA,1,7,4,none,False,transformer_optimized,high,32,-1,2022-07-22,43,2.5,4,best,none,False
273,Ukraine_War_36UYA,https://hyp3-tibet-jpl-test-contentbucket-hratibh1y9pa.s3.us-west-2.amazonaws.com/cc5bc27d-0665-42c2-8c8b-d2a45dd94dad/OPERA_L3_DIST-ALERT-S1_T36UYA_20230627T033928Z_20260309T201656Z_S1A_30_v0.1.zip,https://hyp3-tibet-jpl-test-contentbucket-hratibh1y9pa.s3.us-west-2.amazonaws.com/cc5bc27d-0665-42c2-8c8b-d2a45dd94dad/OPERA_L3_DIST-ALERT-S1_T36UYA_20230627T033928Z_20260309T201656Z_S1A_30_v0.1,s3://hyp3-tibet-jpl-test-contentbucket-hratibh1y9pa/cc5bc27d-0665-42c2-8c8b-d2a45dd94dad/OPERA_L3_DIST-ALERT-S1_T36UYA_20230627T033928Z_20260309T201656Z_S1A_30_v0.1,https://hyp3-tibet-jpl-test-contentbucket-hratibh1y9pa.s3.us-west-2.amazonaws.com/cc5bc27d-0665-42c2-8c8b-d2a45dd94dad/OPERA_L3_DIST-ALERT-S1_T36UYA_20230627T033928Z_20260309T201656Z_S1A_30_v0.1/OPERA_L3_DIST-ALERT-S1_T36UYA_20230627T033928Z_20260309T201656Z_S1A_30_v0.1_BROWSE.png,2026-03-09T20:07:28+00:00,371.01,4.5,36UYA,1,7,4,none,False,transformer_optimized,high,32,-1,2023-06-27,94,2.5,4,best,none,False
274,Ukraine_War_36UYA,https://hyp3-tibet-jpl-test-contentbucket-hratibh1y9pa.s3.us-west-2.amazonaws.com/7b59eb93-a62d-4c9b-9965-4e1818ed52fd/OPERA_L3_DIST-ALERT-S1_T36UYA_20220829T035550Z_20260309T202204Z_S1A_30_v0.1.zip,https://hyp3-tibet-jpl-test-contentbucket-hratibh1y9pa.s3.us-west-2.amazonaws.com/7b59eb93-a62d-4c9b-9965-4e1818ed52fd/OPERA_L3_DIST-ALERT-S1_T36UYA_20220829T035550Z_20260309T202204Z_S1A_30_v0.1,s3://hyp3-tibet-jpl-test-contentbucket-hratibh1y9pa/7b59eb93-a62d-4c9b-9965-4e1818ed52fd/OPERA_L3_DIST-ALERT-S1_T36UYA_20220829T035550Z_20260309T202204Z_S1A_30_v0.1,https://hyp3-tibet-jpl-test-contentbucket-hratibh1y9pa.s3.us-west-2.amazonaws.com/7b59eb93-a62d-4c9b-9965-4e1818ed52fd/OPERA_L3_DIST-ALERT-S1_T36UYA_20220829T035550Z_20260309T202204Z_S1A_30_v0.1/OPERA_L3_DIST-ALERT-S1_T36UYA_20220829T035550Z_20260309T202204Z_S1A_30_v0.1_BROWSE.png,2026-03-09T20:07:28+00:00,681.716,4.5,36UYA,1,7,4,none,False,transformer_optimized,high,32,-1,2022-08-29,65,2.5,4,best,none,False
275,Ukraine_War_36UYA,https://hyp3-tibet-jpl-test-contentbucket-hratibh1y9pa.s3.us-west-2.amazonaws.com/d060a390-e4fe-44f3-9bbe-ac89577c5bbe/OPERA_L3_DIST-ALERT-S1_T36UYA_20230511T152934Z_20260309T203122Z_S1A_30_v0.1.zip,https://hyp3-tibet-jpl-test-contentbucket-hratibh1y9pa.s3.us-west-2.amazonaws.com/d060a390-e4fe-44f3-9bbe-ac89577c5bbe/OPERA_L3_DIST-ALERT-S1_T36UYA_20230511T152934Z_20260309T203122Z_S1A_30_v0.1,s3://hyp3-tibet-jpl-test-contentbucket-hratibh1y9pa/d060a390-e4fe-44f3-9bbe-ac89577c5bbe/OPERA_L3_DIST-ALERT-S1_T36UYA_20230511T152934Z_20260309T203122Z_S1A_30_v0.1,https://hyp3-tibet-jpl-test-contentbucket-hratibh1y9pa.s3.us-west-2.amazonaws.com/d060a390-e4fe-44f3-9bbe-ac89577c5bbe/OPERA_L3_DIST-ALERT-S1_T36UYA_20230511T152934Z_20260309T203122Z_S1A_30_v0.1/OPERA_L3_DIST-ALERT-S1_T36UYA_20230511T152934Z_20260309T203122Z_S1A_30_v0.1_BROWSE.png,2026-03-09T20:07:28+00:00,1249.296,4.5,36UYA,1,7,4,none,False,transformer_optimized,high,32,-1,2023-05-11,116,2.5,4,best,none,False
276,Ukraine_War_36UYA,https://hyp3-tibet-jpl-test-contentbucket-hratibh1y9pa.s3.us-west-2.amazonaws.com/6b80b551-a585-471f-b383-626befe0261f/OPERA_L3_DIST-ALERT-S1_T36UYA_20221021T151326Z_20260309T201209Z_S1A_30_v0.1.zip,https://hyp3-tibet-jpl-test-contentbucket-hratibh1y9pa.s3.us-west-2.amazonaws.com/6b80b551-a585-471f-b383-626befe0261f/OPERA_L3_DIST-ALERT-S1_T36UYA_20221021T151326Z_20260309T201209Z_S1A_30_v0.1,s3://hyp3-tibet-jpl-test-contentbucket-hratibh1y9pa/6b80b551-a585-471f-b383-626befe0261f/OPERA_L3_DIST-ALERT-S1_T36UYA_20221021T151326Z_20260309T201209Z_S1A_30_v0.1,https://hyp3-tibet-jpl-test-contentbucket-hratibh1y9pa.s3.us-west-2.amazonaws.com/6b80b551-a585-471f-b383-626befe0261f/OPERA_L3_DIST-ALERT-S1_T36UYA_20221021T151326Z_20260309T201209Z_S1A_30_v0.1/OPERA_L3_DIST-ALERT-S1_T36UYA_20221021T151326Z_20260309T201209Z_S1A_30_v0.1_BROWSE.png,2026-03-09T20:07:28+00:00,81.653,4.5,36UYA,1,7,4,none,False,transformer_optimized,high,32,-1,2022-10-21,145,2.5,4,best,none,False
277,Ukraine_War_36UYA,https://hyp3-tibet-jpl-test-contentbucket-hratibh1y9pa.s3.us-west-2.amazonaws.com/bc83a00c-5e05-4677-af78-343cc29fd00d/OPERA_L3_DIST-ALERT-S1_T36UYA_20230601T035550Z_20260309T202001Z_S1A_30_v0.1.zip,https://hyp3-tibet-jpl-test-contentbucket-hratibh1y9pa.s3.us-west-2.amazonaws.com/bc83a00c-5e05-4677-af78-343cc29fd00d/OPERA_L3_DIST-ALERT-S1_T36UYA_20230601T035550Z_20260309T202001Z_S1A_30_v0.1,s3://hyp3-tibet-jpl-test-contentbucket-hratibh1y9pa/bc83a00c-5e05-4677-af78-343cc29fd00d/OPERA_L3_DIST-ALERT-S1_T36UYA_20230601T035550Z_20260309T202001Z_S1A_30_v0.1,https://hyp3-tibet-jpl-test-contentbucket-hratibh1y9pa.s3.us-west-2.amazonaws.com/bc83a00c-5e05-4677-af78-343cc29fd00d/OPERA_L3_DIST-ALERT-S1_T36UYA_20230601T035550Z_20260309T202001Z_S1A_30_v0.1/OPERA_L3_DIST-ALERT-S1_T36UYA_20230601T035550Z_20260309T202001Z_S1A_30_v0.1_BROWSE.png,2026-03-09T20:07:28+00:00,558.502,4.5,36UYA,1,7,4,none,False,transformer_optimized,high,32,-1,2023-06-01,65,2.5,4,best,none,False
278,Ukraine_War_36UYA,https://hyp3-tibet-jpl-test-contentbucket-hratibh1y9pa.s3.us-west-2.amazonaws.com/c3a509c7-dac8-44f0-b885-71848d4ee3a1/OPERA_L3_DIST-ALERT-S1_T36UYA_20230218T151322Z_20260309T201206Z_S1A_30_v0.1.zip,https://hyp3-tibet-jpl-test-contentbucket-hratibh1y9pa.s3.us-west-2.amazonaws.com/c3a509c7-dac8-44f0-b885-71848d4ee3a1/OPERA_L3_DIST-ALERT-S1_T36UYA_20230218T151322Z_20260309T201206Z_S1A_30_v0.1,s3://hyp3-tibet-jpl-test-contentbucket-hratibh1y9pa/c3a509c7-dac8-44f0-b885-71848d4ee3a1/OPERA_L3_DIST-ALERT-S1_T36UYA_20230218T151322Z_20260309T201206Z_S1A_30_v0.1,https://hyp3-tibet-jpl-test-contentbucket-hratibh1y9pa.s3.us-west-2.amazonaws.com/c3a509c7-dac8-44f0-b885-71848d4ee3a1/OPERA_L3_DIST-ALERT-S1_T36UYA_20230218T151322Z_20260309T201206Z_S1A_30_v0.1/OPERA_L3_DIST-ALERT-S1_T36UYA_20230218T151322Z_20260309T201206Z_S1A_30_v0.1_BROWSE.png,2026-03-09T20:07:28+00:00,79.746,4.5,36UYA,1,7,4,none,False,transformer_optimized,high,32,-1,2023-02-18,145,2.5,4,best,none,False
279,Ukraine_War_36UYA,https://hyp3-tibet-jpl-test-contentbucket-hratibh1y9pa.s3.us-west-2.amazonaws.com/7c9b1d75-7927-4342-9a22-1ab77903be0d/OPERA_L3_DIST-ALERT-S1_T36UYA_20230118T152122Z_20260309T202307Z_S1A_30_v0.1.zip,https://hyp3-tibet-jpl-test-contentbucket-hratibh1y9pa.s3.us-west-2.amazonaws.com/7c9b1d75-7927-4342-9a22-1ab77903be0d/OPERA_L3_DIST-ALERT-S1_T36UYA_20230118T152122Z_20260309T202307Z_S1A_30_v0.1,s3://hyp3-tibet-jpl-test-contentbucket-hratibh1y9pa/7c9b1d75-7927-4342-9a22-1ab77903be0d/OPERA_L3_DIST-ALERT-S1_T36UYA_20230118T152122Z_20260309T202307Z_S1A_30_v0.1,https://hyp3-tibet-jpl-test-contentbucket-hratibh1y9pa.s3.us-west-2.amazonaws.com/7c9b1d75-7927-4342-9a22-1ab77903be0d/OPERA_L3_DIST-ALERT-S1_T36UYA_20230118T152122Z_20260309T202307Z_S1A_30_v0.1/OPERA_L3_DIST-ALERT-S1_T36UYA_20230118T152122Z_20260309T202307Z_S1A_30_v0.1_BROWSE.png,2026-03-09T20:07:28+00:00,750.967,4.5,36UYA,1,7,4,none,False,transformer_optimized,high,32,-1,2023-01-18,43,2.5,4,best,none,False
280,Ukraine_War_36UYA,https://hyp3-tibet-jpl-test-contentbucket-hratibh1y9pa.s3.us-west-2.amazonaws.com/263b3e4f-c932-4cc1-abe6-58e535a2773e/OPERA_L3_DIST-ALERT-S1_T36UYA_20221018T033929Z_20260309T202155Z_S1A_30_v0.1.zip,https://hyp3-tibet-jpl-test-contentbucket-hratibh1y9pa.s3.us-west-2.amazonaws.com/263b3e4f-c932-4cc1-abe6-58e535a2773e/OPERA_L3_DIST-ALERT-S1_T36UYA_20221018T033929Z_20260309T202155Z_S1A_30_v0.1,s3://hyp3-tibet-jpl-test-contentbucket-hratibh1y9pa/263b3e4f-c932-4cc1-abe6-58e535a2773e/OPERA_L3_DIST-ALERT-S1_T36UYA_20221018T033929Z_20260309T202155Z_S1A_30_v0.1,https://hyp3-tibet-jpl-test-contentbucket-hratibh1y9pa.s3.us-west-2.amazonaws.com/263b3e4f-c932-4cc1-abe6-58e535a2773e/OPERA_L3_DIST-ALERT-S1_T36UYA_20221018T033929Z_20260309T202155Z_S1A_30_v0.1/OPERA_L3_DIST-ALERT-S1_T36UYA_20221018T033929Z_20260309T202155Z_S1A_30_v0.1_BROWSE.png,2026-03-09T20:07:28+00:00,674.642,4.5,36UYA,1,7,4,none,False,transformer_optimized,high,32,-1,2022-10-18,94,2.5,4,best,none,False
281,Ukraine_War_36UYA,https://hyp3-tibet-jpl-test-contentbucket-hratibh1y9pa.s3.us-west-2.amazonaws.com/14946efa-3162-4ade-b315-53078f9b775f/OPERA_L3_DIST-ALERT-S1_T36UYA_20230108T035548Z_20260309T202154Z_S1A_30_v0.1.zip,https://hyp3-tibet-jpl-test-contentbucket-hratibh1y9pa.s3.us-west-2.amazonaws.com/14946efa-3162-4ade-b315-53078f9b775f/OPERA_L3_DIST-ALERT-S1_T36UYA_20230108T035548Z_20260309T202154Z_S1A_30_v0.1,s3://hyp3-tibet-jpl-test-contentbucket-hratibh1y9pa/14946efa-3162-4ade-b315-53078f9b775f/OPERA_L3_DIST-ALERT-S1_T36UYA_20230108T035548Z_20260309T202154Z_S1A_30_v0.1,https://hyp3-tibet-jpl-test-contentbucket-hratibh1y9pa.s3.us-west-2.amazonaws.com/14946efa-3162-4ade-b315-53078f9b775f/OPERA_L3_DIST-ALERT-S1_T36UYA_20230108T035548Z_20260309T202154Z_S1A_30_v0.1/OPERA_L3_DIST-ALERT-S1_T36UYA_20230108T035548Z_20260309T202154Z_S1A_30_v0.1_BROWSE.png,2026-03-09T20:07:28+00:00,672.352,4.5,36UYA,1,7,4,none,False,transformer_optimized,high,32,-1,2023-01-08,65,2.5,4,best,none,False
282,Ukraine_War_36UYA,https://hyp3-tibet-jpl-test-contentbucket-hratibh1y9pa.s3.us-west-2.amazonaws.com/255a24cf-1528-4746-a93c-3a25be8c0722/OPERA_L3_DIST-ALERT-S1_T36UYA_20230211T152122Z_20260309T202712Z_S1A_30_v0.1.zip,https://hyp3-tibet-jpl-test-contentbucket-hratibh1y9pa.s3.us-west-2.amazonaws.com/255a24cf-1528-4746-a93c-3a25be8c0722/OPERA_L3_DIST-ALERT-S1_T36UYA_20230211T152122Z_20260309T202712Z_S1A_30_v0.1,s3://hyp3-tibet-jpl-test-contentbucket-hratibh1y9pa/255a24cf-1528-4746-a93c-3a25be8c0722/OPERA_L3_DIST-ALERT-S1_T36UYA_20230211T152122Z_20260309T202712Z_S1A_30_v0.1,https://hyp3-tibet-jpl-test-contentbucket-hratibh1y9pa.s3.us-west-2.amazonaws.com/255a24cf-1528-4746-a93c-3a25be8c0722/OPERA_L3_DIST-ALERT-S1_T36UYA_20230211T152122Z_20260309T202712Z_S1A_30_v0.1/OPERA_L3_DIST-ALERT-S1_T36UYA_20230211T152122Z_20260309T202712Z_S1A_30_v0.1_BROWSE.png,2026-03-09T20:07:28+00:00,991.097,4.5,36UYA,1,7,4,none,False,transformer_optimized,high,32,-1,2023-02-11,43,2.5,4,best,none,False
283,Ukraine_War_36UYA,https://hyp3-tibet-jpl-test-contentbucket-hratibh1y9pa.s3.us-west-2.amazonaws.com/8a5fff08-c6df-405c-a155-85192c61a60c/OPERA_L3_DIST-ALERT-S1_T36UYA_20230623T152126Z_20260309T202332Z_S1A_30_v0.1.zip,https://hyp3-tibet-jpl-test-contentbucket-hratibh1y9pa.s3.us-west-2.amazonaws.com/8a5fff08-c6df-405c-a155-85192c61a60c/OPERA_L3_DIST-ALERT-S1_T36UYA_20230623T152126Z_20260309T202332Z_S1A_30_v0.1,s3://hyp3-tibet-jpl-test-contentbucket-hratibh1y9pa/8a5fff08-c6df-405c-a155-85192c61a60c/OPERA_L3_DIST-ALERT-S1_T36UYA_20230623T152126Z_20260309T202332Z_S1A_30_v0.1,https://hyp3-tibet-jpl-test-contentbucket-hratibh1y9pa.s3.us-west-2.amazonaws.com/8a5fff08-c6df-405c-a155-85192c61a60c/OPERA_L3_DIST-ALERT-S1_T36UYA_20230623T152126Z_20260309T202332Z_S1A_30_v0.1/OPERA_L3_DIST-ALERT-S1_T36UYA_20230623T152126Z_20260309T202332Z_S1A_30_v0.1_BROWSE.png,2026-03-09T20:07:28+00:00,776.116,4.5,36UYA,1,7,4,none,False,transformer_optimized,high,32,-1,2023-06-23,43,2.5,4,best,none,False
284,Ukraine_War_36UYA,https://hyp3-tibet-jpl-test-contentbucket-hratibh1y9pa.s3.us-west-2.amazonaws.com/b48c5c60-7512-4994-8a66-4e5124249e18/OPERA_L3_DIST-ALERT-S1_T36UYA_20220717T151323Z_20260309T201211Z_S1A_30_v0.1.zip,https://hyp3-tibet-jpl-test-contentbucket-hratibh1y9pa.s3.us-west-2.amazonaws.com/b48c5c60-7512-4994-8a66-4e5124249e18/OPERA_L3_DIST-ALERT-S1_T36UYA_20220717T151323Z_20260309T201211Z_S1A_30_v0.1,s3://hyp3-tibet-jpl-test-contentbucket-hratibh1y9pa/b48c5c60-7512-4994-8a66-4e5124249e18/OPERA_L3_DIST-ALERT-S1_T36UYA_20220717T151323Z_20260309T201211Z_S1A_30_v0.1,https://hyp3-tibet-jpl-test-contentbucket-hratibh1y9pa.s3.us-west-2.amazonaws.com/b48c5c60-7512-4994-8a66-4e5124249e18/OPERA_L3_DIST-ALERT-S1_T36UYA_20220717T151323Z_20260309T201211Z_S1A_30_v0.1/OPERA_L3_DIST-ALERT-S1_T36UYA_20220717T151323Z_20260309T201211Z_S1A_30_v0.1_BROWSE.png,2026-03-09T20:07:28+00:00,79.486,4.5,36UYA,1,7,4,none,False,transformer_optimized,high,32,-1,2022-07-17,145,2.5,4,best,none,False
285,Ukraine_War_36UYA,https://hyp3-tibet-jpl-test-contentbucket-hratibh1y9pa.s3.us-west-2.amazonaws.com/e8025e61-8513-4112-a2e2-cd90a1c7f0b8/OPERA_L3_DIST-ALERT-S1_T36UYA_20220819T033927Z_20260309T202328Z_S1A_30_v0.1.zip,https://hyp3-tibet-jpl-test-contentbucket-hratibh1y9pa.s3.us-west-2.amazonaws.com/e8025e61-8513-4112-a2e2-cd90a1c7f0b8/OPERA_L3_DIST-ALERT-S1_T36UYA_20220819T033927Z_20260309T202328Z_S1A_30_v0.1,s3://hyp3-tibet-jpl-test-contentbucket-hratibh1y9pa/e8025e61-8513-4112-a2e2-cd90a1c7f0b8/OPERA_L3_DIST-ALERT-S1_T36UYA_20220819T033927Z_20260309T202328Z_S1A_30_v0.1,https://hyp3-tibet-jpl-test-contentbucket-hratibh1y9pa.s3.us-west-2.amazonaws.com/e8025e61-8513-4112-a2e2-cd90a1c7f0b8/OPERA_L3_DIST-ALERT-S1_T36UYA_20220819T033927Z_20260309T202328Z_S1A_30_v0.1/OPERA_L3_DIST-ALERT-S1_T36UYA_20220819T033927Z_20260309T202328Z_S1A_30_v0.1_BROWSE.png,2026-03-09T20:07:28+00:00,774.854,4.5,36UYA,1,7,4,none,False,transformer_optimized,high,32,-1,2022-08-19,94,2.5,4,best,none,False
286,Ukraine_War_36UYA,https://hyp3-tibet-jpl-test-contentbucket-hratibh1y9pa.s3.us-west-2.amazonaws.com/0a81e75f-9a90-4c42-a104-c436e01abda7/OPERA_L3_DIST-ALERT-S1_T36UYA_20220925T152935Z_20260309T201959Z_S1A_30_v0.1.zip,https://hyp3-tibet-jpl-test-contentbucket-hratibh1y9pa.s3.us-west-2.amazonaws.com/0a81e75f-9a90-4c42-a104-c436e01abda7/OPERA_L3_DIST-ALERT-S1_T36UYA_20220925T152935Z_20260309T201959Z_S1A_30_v0.1,s3://hyp3-tibet-jpl-test-contentbucket-hratibh1y9pa/0a81e75f-9a90-4c42-a104-c436e01abda7/OPERA_L3_DIST-ALERT-S1_T36UYA_20220925T152935Z_20260309T201959Z_S1A_30_v0.1,https://hyp3-tibet-jpl-test-contentbucket-hratibh1y9pa.s3.us-west-2.amazonaws.com/0a81e75f-9a90-4c42-a104-c436e01abda7/OPERA_L3_DIST-ALERT-S1_T36UYA_20220925T152935Z_20260309T201959Z_S1A_30_v0.1/OPERA_L3_DIST-ALERT-S1_T36UYA_20220925T152935Z_20260309T201959Z_S1A_30_v0.1_BROWSE.png,2026-03-09T20:07:28+00:00,555.138,4.5,36UYA,1,7,4,none,False,transformer_optimized,high,32,-1,2022-09-25,116,2.5,4,best,none,False
287,Ukraine_War_36UYA,https://hyp3-tibet-jpl-test-contentbucket-hratibh1y9pa.s3.us-west-2.amazonaws.com/5ee44da7-783c-47f9-ae2c-654c1afb1fc9/OPERA_L3_DIST-ALERT-S1_T36UYA_20230518T152124Z_20260309T202413Z_S1A_30_v0.1.zip,https://hyp3-tibet-jpl-test-contentbucket-hratibh1y9pa.s3.us-west-2.amazonaws.com/5ee44da7-783c-47f9-ae2c-654c1afb1fc9/OPERA_L3_DIST-ALERT-S1_T36UYA_20230518T152124Z_20260309T202413Z_S1A_30_v0.1,s3://hyp3-tibet-jpl-test-contentbucket-hratibh1y9pa/5ee44da7-783c-47f9-ae2c-654c1afb1fc9/OPERA_L3_DIST-ALERT-S1_T36UYA_20230518T152124Z_20260309T202413Z_S1A_30_v0.1,https://hyp3-tibet-jpl-test-contentbucket-hratibh1y9pa.s3.us-west-2.amazonaws.com/5ee44da7-783c-47f9-ae2c-654c1afb1fc9/OPERA_L3_DIST-ALERT-S1_T36UYA_20230518T152124Z_20260309T202413Z_S1A_30_v0.1/OPERA_L3_DIST-ALERT-S1_T36UYA_20230518T152124Z_20260309T202413Z_S1A_30_v0.1_BROWSE.png,2026-03-09T20:07:28+00:00,810.691,4.5,36UYA,1,7,4,none,False,transformer_optimized,high,32,-1,2023-05-18,43,2.5,4,best,none,False
288,Ukraine_War_36UYA,https://hyp3-tibet-jpl-test-contentbucket-hratibh1y9pa.s3.us-west-2.amazonaws.com/a6016d55-0027-4b59-9ab9-b6c458780378/OPERA_L3_DIST-ALERT-S1_T36UYA_20220307T151316Z_20260309T201203Z_S1A_30_v0.1.zip,https://hyp3-tibet-jpl-test-contentbucket-hratibh1y9pa.s3.us-west-2.amazonaws.com/a6016d55-0027-4b59-9ab9-b6c458780378/OPERA_L3_DIST-ALERT-S1_T36UYA_20220307T151316Z_20260309T201203Z_S1A_30_v0.1,s3://hyp3-tibet-jpl-test-contentbucket-hratibh1y9pa/a6016d55-0027-4b59-9ab9-b6c458780378/OPERA_L3_DIST-ALERT-S1_T36UYA_20220307T151316Z_20260309T201203Z_S1A_30_v0.1,https://hyp3-tibet-jpl-test-contentbucket-hratibh1y9pa.s3.us-west-2.amazonaws.com/a6016d55-0027-4b59-9ab9-b6c458780378/OPERA_L3_DIST-ALERT-S1_T36UYA_20220307T151316Z_20260309T201203Z_S1A_30_v0.1/OPERA_L3_DIST-ALERT-S1_T36UYA_20220307T151316Z_20260309T201203Z_S1A_30_v0.1_BROWSE.png,2026-03-09T20:07:28+00:00,77.246,4.5,36UYA,1,7,4,none,False,transformer_optimized,high,32,-1,2022-03-07,145,2.5,4,best,none,False
289,Ukraine_War_36UYA,https://hyp3-tibet-jpl-test-contentbucket-hratibh1y9pa.s3.us-west-2.amazonaws.com/7077caff-93ec-4fb1-b9ba-ec2127f0f92b/OPERA_L3_DIST-ALERT-S1_T36UYA_20230523T152934Z_20260309T203123Z_S1A_30_v0.1.zip,https://hyp3-tibet-jpl-test-contentbucket-hratibh1y9pa.s3.us-west-2.amazonaws.com/7077caff-93ec-4fb1-b9ba-ec2127f0f92b/OPERA_L3_DIST-ALERT-S1_T36UYA_20230523T152934Z_20260309T203123Z_S1A_30_v0.1,s3://hyp3-tibet-jpl-test-contentbucket-hratibh1y9pa/7077caff-93ec-4fb1-b9ba-ec2127f0f92b/OPERA_L3_DIST-ALERT-S1_T36UYA_20230523T152934Z_20260309T203123Z_S1A_30_v0.1,https://hyp3-tibet-jpl-test-contentbucket-hratibh1y9pa.s3.us-west-2.amazonaws.com/7077caff-93ec-4fb1-b9ba-ec2127f0f92b/OPERA_L3_DIST-ALERT-S1_T36UYA_20230523T152934Z_20260309T203123Z_S1A_30_v0.1/OPERA_L3_DIST-ALERT-S1_T36UYA_20230523T152934Z_20260309T203123Z_S1A_30_v0.1_BROWSE.png,2026-03-09T20:07:28+00:00,1251.219,4.5,36UYA,1,7,4,none,False,transformer_optimized,high,32,-1,2023-05-23,116,2.5,4,best,none,False
290,Ukraine_War_36UYA,https://hyp3-tibet-jpl-test-contentbucket-hratibh1y9pa.s3.us-west-2.amazonaws.com/3e596559-3568-4c08-b47b-cee0302e5f2c/OPERA_L3_DIST-ALERT-S1_T36UYA_20220927T151326Z_20260309T201209Z_S1A_30_v0.1.zip,https://hyp3-tibet-jpl-test-contentbucket-hratibh1y9pa.s3.us-west-2.amazonaws.com/3e596559-3568-4c08-b47b-cee0302e5f2c/OPERA_L3_DIST-ALERT-S1_T36UYA_20220927T151326Z_20260309T201209Z_S1A_30_v0.1,s3://hyp3-tibet-jpl-test-contentbucket-hratibh1y9pa/3e596559-3568-4c08-b47b-cee0302e5f2c/OPERA_L3_DIST-ALERT-S1_T36UYA_20220927T151326Z_20260309T201209Z_S1A_30_v0.1,https://hyp3-tibet-jpl-test-contentbucket-hratibh1y9pa.s3.us-west-2.amazonaws.com/3e596559-3568-4c08-b47b-cee0302e5f2c/OPERA_L3_DIST-ALERT-S1_T36UYA_20220927T151326Z_20260309T201209Z_S1A_30_v0.1/OPERA_L3_DIST-ALERT-S1_T36UYA_20220927T151326Z_20260309T201209Z_S1A_30_v0.1_BROWSE.png,2026-03-09T20:07:28+00:00,80.775,4.5,36UYA,1,7,4,none,False,transformer_optimized,high,32,-1,2022-09-27,145,2.5,4,best,none,False
291,Ukraine_War_36UYA,https://hyp3-tibet-jpl-test-contentbucket-hratibh1y9pa.s3.us-west-2.amazonaws.com/9bd24d47-e3b2-4107-8427-ef6696f9cfaa/OPERA_L3_DIST-ALERT-S1_T36UYA_20220525T035544Z_20260309T201831Z_S1A_30_v0.1.zip,https://hyp3-tibet-jpl-test-contentbucket-hratibh1y9pa.s3.us-west-2.amazonaws.com/9bd24d47-e3b2-4107-8427-ef6696f9cfaa/OPERA_L3_DIST-ALERT-S1_T36UYA_20220525T035544Z_20260309T201831Z_S1A_30_v0.1,s3://hyp3-tibet-jpl-test-contentbucket-hratibh1y9pa/9bd24d47-e3b2-4107-8427-ef6696f9cfaa/OPERA_L3_DIST-ALERT-S1_T36UYA_20220525T035544Z_20260309T201831Z_S1A_30_v0.1,https://hyp3-tibet-jpl-test-contentbucket-hratibh1y9pa.s3.us-west-2.amazonaws.com/9bd24d47-e3b2-4107-8427-ef6696f9cfaa/OPERA_L3_DIST-ALERT-S1_T36UYA_20220525T035544Z_20260309T201831Z_S1A_30_v0.1/OPERA_L3_DIST-ALERT-S1_T36UYA_20220525T035544Z_20260309T201831Z_S1A_30_v0.1_BROWSE.png,2026-03-09T20:07:28+00:00,460.32,4.5,36UYA,1,7,4,none,False,transformer_optimized,high,32,-1,2022-05-25,65,2.5,4,best,none,False
292,Ukraine_War_36UYA,https://hyp3-tibet-jpl-test-contentbucket-hratibh1y9pa.s3.us-west-2.amazonaws.com/7277155d-d85f-4f5e-87af-18da133832d7/OPERA_L3_DIST-ALERT-S1_T36UYA_20230215T033924Z_20260309T201756Z_S1A_30_v0.1.zip,https://hyp3-tibet-jpl-test-contentbucket-hratibh1y9pa.s3.us-west-2.amazonaws.com/7277155d-d85f-4f5e-87af-18da133832d7/OPERA_L3_DIST-ALERT-S1_T36UYA_20230215T033924Z_20260309T201756Z_S1A_30_v0.1,s3://hyp3-tibet-jpl-test-contentbucket-hratibh1y9pa/7277155d-d85f-4f5e-87af-18da133832d7/OPERA_L3_DIST-ALERT-S1_T36UYA_20230215T033924Z_20260309T201756Z_S1A_30_v0.1,https://hyp3-tibet-jpl-test-contentbucket-hratibh1y9pa.s3.us-west-2.amazonaws.com/7277155d-d85f-4f5e-87af-18da133832d7/OPERA_L3_DIST-ALERT-S1_T36UYA_20230215T033924Z_20260309T201756Z_S1A_30_v0.1/OPERA_L3_DIST-ALERT-S1_T36UYA_20230215T033924Z_20260309T201756Z_S1A_30_v0.1_BROWSE.png,2026-03-09T20:07:28+00:00,440.966,4.5,36UYA,1,7,4,none,False,transformer_optimized,high,32,-1,2023-02-15,94,2.5,4,best,none,False
293,Ukraine_War_36UYA,https://hyp3-tibet-jpl-test-contentbucket-hratibh1y9pa.s3.us-west-2.amazonaws.com/d5f599fc-a9bb-4f27-ab2d-9a77b6f1768c/OPERA_L3_DIST-ALERT-S1_T36UYA_20220817T035550Z_20260309T202044Z_S1A_30_v0.1.zip,https://hyp3-tibet-jpl-test-contentbucket-hratibh1y9pa.s3.us-west-2.amazonaws.com/d5f599fc-a9bb-4f27-ab2d-9a77b6f1768c/OPERA_L3_DIST-ALERT-S1_T36UYA_20220817T035550Z_20260309T202044Z_S1A_30_v0.1,s3://hyp3-tibet-jpl-test-contentbucket-hratibh1y9pa/d5f599fc-a9bb-4f27-ab2d-9a77b6f1768c/OPERA_L3_DIST-ALERT-S1_T36UYA_20220817T035550Z_20260309T202044Z_S1A_30_v0.1,https://hyp3-tibet-jpl-test-contentbucket-hratibh1y9pa.s3.us-west-2.amazonaws.com/d5f599fc-a9bb-4f27-ab2d-9a77b6f1768c/OPERA_L3_DIST-ALERT-S1_T36UYA_20220817T035550Z_20260309T202044Z_S1A_30_v0.1/OPERA_L3_DIST-ALERT-S1_T36UYA_20220817T035550Z_20260309T202044Z_S1A_30_v0.1_BROWSE.png,2026-03-09T20:07:28+00:00,598.227,4.5,36UYA,1,7,4,none,False,transformer_optimized,high,32,-1,2022-08-17,65,2.5,4,best,none,False
